/Users/mjkang/.codex/worktrees/statement-433-migration/poincare/Poincare/Statement.lean:158:2: warning: Try this: 
  letI̵

The goal is a proposition, so `let` is preferred over `letI`.
The difference between `let` and `letI` is that `letI` inlines the value.
But this is not relevant for proofs because of proof irrelevance.

Note: This linter can be disabled with `set_option linter.style.haveILetI false`
/Users/mjkang/.codex/worktrees/statement-433-migration/poincare/Poincare/Statement.lean:170:8: warning: Try this: 
  letI̵

The goal is a proposition, so `let` is preferred over `letI`.
The difference between `let` and `letI` is that `letI` inlines the value.
But this is not relevant for proofs because of proof irrelevance.

Note: This linter can be disabled with `set_option linter.style.haveILetI false`
/Users/mjkang/.codex/worktrees/statement-433-migration/poincare/Poincare/Statement.lean:203:2: warning: Try this: 
  letI̵

The goal is a proposition, so `let` is preferred over `letI`.
The difference between `let` and `letI` is that `letI` inlines the value.
But this is not relevant for proofs because of proof irrelevance.

Note: This linter can be disabled with `set_option linter.style.haveILetI false`
/Users/mjkang/.codex/worktrees/statement-433-migration/poincare/Poincare/Statement.lean:219:8: warning: Try this: 
  letI̵

The goal is a proposition, so `let` is preferred over `letI`.
The difference between `let` and `letI` is that `letI` inlines the value.
But this is not relevant for proofs because of proof irrelevance.

Note: This linter can be disabled with `set_option linter.style.haveILetI false`
/Users/mjkang/.codex/worktrees/statement-433-migration/poincare/Poincare/Statement.lean:252:4: warning: Try this: 
  letI̵

The goal is a proposition, so `let` is preferred over `letI`.
The difference between `let` and `letI` is that `letI` inlines the value.
But this is not relevant for proofs because of proof irrelevance.

Note: This linter can be disabled with `set_option linter.style.haveILetI false`
/Users/mjkang/.codex/worktrees/statement-433-migration/poincare/Poincare/Statement.lean:299:2: warning: Try this: 
  letI̵

The goal is a proposition, so `let` is preferred over `letI`.
The difference between `let` and `letI` is that `letI` inlines the value.
But this is not relevant for proofs because of proof irrelevance.

Note: This linter can be disabled with `set_option linter.style.haveILetI false`
/Users/mjkang/.codex/worktrees/statement-433-migration/poincare/Poincare/Statement.lean:968:25: error(lean.unknownIdentifier): Unknown constant `Set.Icc.convexCombo`
/Users/mjkang/.codex/worktrees/statement-433-migration/poincare/Poincare/Statement.lean:969:16: error(lean.unknownIdentifier): Unknown constant `Set.Icc.convexCombo`
/Users/mjkang/.codex/worktrees/statement-433-migration/poincare/Poincare/Statement.lean:3218:0: warning: Definition `threeSphere_stereographicOpenCoverPackage` is a proposition; use `theorem` instead of `def`

Note: This linter can be disabled with `set_option linter.defProp false`
/Users/mjkang/.codex/worktrees/statement-433-migration/poincare/Poincare/Statement.lean:3431:2: warning: Try this: 
  haveI̵

The goal is a proposition, so `have` is preferred over `haveI`.
The difference between `have` and `haveI` is that `haveI` inlines the value.
But this is not relevant for proofs because of proof irrelevance.

Note: This linter can be disabled with `set_option linter.style.haveILetI false`
/Users/mjkang/.codex/worktrees/statement-433-migration/poincare/Poincare/Statement.lean:3447:2: warning: Try this: 
  letI̵

The goal is a proposition, so `let` is preferred over `letI`.
The difference between `let` and `letI` is that `letI` inlines the value.
But this is not relevant for proofs because of proof irrelevance.

Note: This linter can be disabled with `set_option linter.style.haveILetI false`
/Users/mjkang/.codex/worktrees/statement-433-migration/poincare/Poincare/Statement.lean:3539:2: warning: Try this: 
  letI̵

The goal is a proposition, so `let` is preferred over `letI`.
The difference between `let` and `letI` is that `letI` inlines the value.
But this is not relevant for proofs because of proof irrelevance.

Note: This linter can be disabled with `set_option linter.style.haveILetI false`
/Users/mjkang/.codex/worktrees/statement-433-migration/poincare/Poincare/Statement.lean:3623:4: warning: `LocPathConnectedSpace` has been deprecated: Use `LocallyPathConnectedSpace` instead
/Users/mjkang/.codex/worktrees/statement-433-migration/poincare/Poincare/Statement.lean:3626:9: warning: `LocPathConnectedSpace` has been deprecated: Use `LocallyPathConnectedSpace` instead
/Users/mjkang/.codex/worktrees/statement-433-migration/poincare/Poincare/Statement.lean:3627:4: warning: `ChartedSpace.locPathConnectedSpace` has been deprecated: Use `ChartedSpace.locallyPathConnectedSpace` instead
/Users/mjkang/.codex/worktrees/statement-433-migration/poincare/Poincare/Statement.lean:3626:2: warning: Try this: 
  letI̵

The goal is a proposition, so `let` is preferred over `letI`.
The difference between `let` and `letI` is that `letI` inlines the value.
But this is not relevant for proofs because of proof irrelevance.

Note: This linter can be disabled with `set_option linter.style.haveILetI false`
/Users/mjkang/.codex/worktrees/statement-433-migration/poincare/Poincare/Statement.lean:3629:61: warning: `IsOpen.locPathConnectedSpace` has been deprecated: Use `IsOpen.locallyPathConnectedSpace` instead
/Users/mjkang/.codex/worktrees/statement-433-migration/poincare/Poincare/Statement.lean:3629:8: error(lean.synthInstanceFailed): failed to synthesize instance of type class
  LocallyPathConnectedSpace ThreeSphere

Hint: Type class instance resolution failures can be inspected with the `set_option trace.Meta.synthInstance true` command.
/Users/mjkang/.codex/worktrees/statement-433-migration/poincare/Poincare/Statement.lean:4132:4: warning: `LocPathConnectedSpace` has been deprecated: Use `LocallyPathConnectedSpace` instead
/Users/mjkang/.codex/worktrees/statement-433-migration/poincare/Poincare/Statement.lean:4133:76: warning: `Topology.IsOpenEmbedding.locPathConnectedSpace` has been deprecated: Use `Topology.IsOpenEmbedding.locallyPathConnectedSpace` instead
/Users/mjkang/.codex/worktrees/statement-433-migration/poincare/Poincare/Statement.lean:4229:2: warning: Try this: 
  haveI̵

The goal is a proposition, so `have` is preferred over `haveI`.
The difference between `have` and `haveI` is that `haveI` inlines the value.
But this is not relevant for proofs because of proof irrelevance.

Note: This linter can be disabled with `set_option linter.style.haveILetI false`
/Users/mjkang/.codex/worktrees/statement-433-migration/poincare/Poincare/Statement.lean:4277:2: warning: Try this: 
  haveI̵

The goal is a proposition, so `have` is preferred over `haveI`.
The difference between `have` and `haveI` is that `haveI` inlines the value.
But this is not relevant for proofs because of proof irrelevance.

Note: This linter can be disabled with `set_option linter.style.haveILetI false`
/Users/mjkang/.codex/worktrees/statement-433-migration/poincare/Poincare/Statement.lean:4515:2: warning: Try this: 
  letI̵

The goal is a proposition, so `let` is preferred over `letI`.
The difference between `let` and `letI` is that `letI` inlines the value.
But this is not relevant for proofs because of proof irrelevance.

Note: This linter can be disabled with `set_option linter.style.haveILetI false`
/Users/mjkang/.codex/worktrees/statement-433-migration/poincare/Poincare/Statement.lean:4755:2: warning: Try this: 
  letI̵

The goal is a proposition, so `let` is preferred over `letI`.
The difference between `let` and `letI` is that `letI` inlines the value.
But this is not relevant for proofs because of proof irrelevance.

Note: This linter can be disabled with `set_option linter.style.haveILetI false`
/Users/mjkang/.codex/worktrees/statement-433-migration/poincare/Poincare/Statement.lean:4970:13: warning: `Set.mem_setOf_eq` has been deprecated: Use `Set.mem_ofPred_eq` instead
/Users/mjkang/.codex/worktrees/statement-433-migration/poincare/Poincare/Statement.lean:4991:19: warning: `Set.mem_setOf_eq` has been deprecated: Use `Set.mem_ofPred_eq` instead
/Users/mjkang/.codex/worktrees/statement-433-migration/poincare/Poincare/Statement.lean:5039:2: warning: Try this: 
  letI̵

The goal is a proposition, so `let` is preferred over `letI`.
The difference between `let` and `letI` is that `letI` inlines the value.
But this is not relevant for proofs because of proof irrelevance.

Note: This linter can be disabled with `set_option linter.style.haveILetI false`
/Users/mjkang/.codex/worktrees/statement-433-migration/poincare/Poincare/Statement.lean:5055:8: warning: Try this: 
  letI̵

The goal is a proposition, so `let` is preferred over `letI`.
The difference between `let` and `letI` is that `letI` inlines the value.
But this is not relevant for proofs because of proof irrelevance.

Note: This linter can be disabled with `set_option linter.style.haveILetI false`
/Users/mjkang/.codex/worktrees/statement-433-migration/poincare/Poincare/Statement.lean:5212:2: warning: Try this: 
  letI̵

The goal is a proposition, so `let` is preferred over `letI`.
The difference between `let` and `letI` is that `letI` inlines the value.
But this is not relevant for proofs because of proof irrelevance.

Note: This linter can be disabled with `set_option linter.style.haveILetI false`
/Users/mjkang/.codex/worktrees/statement-433-migration/poincare/Poincare/Statement.lean:5228:8: warning: Try this: 
  letI̵

The goal is a proposition, so `let` is preferred over `letI`.
The difference between `let` and `letI` is that `letI` inlines the value.
But this is not relevant for proofs because of proof irrelevance.

Note: This linter can be disabled with `set_option linter.style.haveILetI false`
/Users/mjkang/.codex/worktrees/statement-433-migration/poincare/Poincare/Statement.lean:5254:8: warning: Try this: 
  letI̵

The goal is a proposition, so `let` is preferred over `letI`.
The difference between `let` and `letI` is that `letI` inlines the value.
But this is not relevant for proofs because of proof irrelevance.

Note: This linter can be disabled with `set_option linter.style.haveILetI false`
/Users/mjkang/.codex/worktrees/statement-433-migration/poincare/Poincare/Statement.lean:5571:2: warning: Try this: 
  letI̵

The goal is a proposition, so `let` is preferred over `letI`.
The difference between `let` and `letI` is that `letI` inlines the value.
But this is not relevant for proofs because of proof irrelevance.

Note: This linter can be disabled with `set_option linter.style.haveILetI false`
/Users/mjkang/.codex/worktrees/statement-433-migration/poincare/Poincare/Statement.lean:5573:2: warning: Try this: 
  letI̵

The goal is a proposition, so `let` is preferred over `letI`.
The difference between `let` and `letI` is that `letI` inlines the value.
But this is not relevant for proofs because of proof irrelevance.

Note: This linter can be disabled with `set_option linter.style.haveILetI false`
/Users/mjkang/.codex/worktrees/statement-433-migration/poincare/Poincare/Statement.lean:5590:10: warning: Try this: 
  letI̵

The goal is a proposition, so `let` is preferred over `letI`.
The difference between `let` and `letI` is that `letI` inlines the value.
But this is not relevant for proofs because of proof irrelevance.

Note: This linter can be disabled with `set_option linter.style.haveILetI false`
/Users/mjkang/.codex/worktrees/statement-433-migration/poincare/Poincare/Statement.lean:5592:10: warning: Try this: 
  letI̵

The goal is a proposition, so `let` is preferred over `letI`.
The difference between `let` and `letI` is that `letI` inlines the value.
But this is not relevant for proofs because of proof irrelevance.

Note: This linter can be disabled with `set_option linter.style.haveILetI false`
/Users/mjkang/.codex/worktrees/statement-433-migration/poincare/Poincare/Statement.lean:5873:4: warning: `LocPathConnectedSpace` has been deprecated: Use `LocallyPathConnectedSpace` instead
/Users/mjkang/.codex/worktrees/statement-433-migration/poincare/Poincare/Statement.lean:5874:2: warning: Try this: 
  letI̵

The goal is a proposition, so `let` is preferred over `letI`.
The difference between `let` and `letI` is that `letI` inlines the value.
But this is not relevant for proofs because of proof irrelevance.

Note: This linter can be disabled with `set_option linter.style.haveILetI false`
/Users/mjkang/.codex/worktrees/statement-433-migration/poincare/Poincare/Statement.lean:5875:8: warning: `ChartedSpace.locPathConnectedSpace` has been deprecated: Use `ChartedSpace.locallyPathConnectedSpace` instead
/Users/mjkang/.codex/worktrees/statement-433-migration/poincare/Poincare/Statement.lean:5881:8: warning: Try this: 
  letI̵

The goal is a proposition, so `let` is preferred over `letI`.
The difference between `let` and `letI` is that `letI` inlines the value.
But this is not relevant for proofs because of proof irrelevance.

Note: This linter can be disabled with `set_option linter.style.haveILetI false`
/Users/mjkang/.codex/worktrees/statement-433-migration/poincare/Poincare/Statement.lean:5882:14: warning: `ChartedSpace.locPathConnectedSpace` has been deprecated: Use `ChartedSpace.locallyPathConnectedSpace` instead
/Users/mjkang/.codex/worktrees/statement-433-migration/poincare/Poincare/Statement.lean:5889:2: warning: Try this: 
  letI̵

The goal is a proposition, so `let` is preferred over `letI`.
The difference between `let` and `letI` is that `letI` inlines the value.
But this is not relevant for proofs because of proof irrelevance.

Note: This linter can be disabled with `set_option linter.style.haveILetI false`
/Users/mjkang/.codex/worktrees/statement-433-migration/poincare/Poincare/Statement.lean:5896:8: warning: Try this: 
  letI̵

The goal is a proposition, so `let` is preferred over `letI`.
The difference between `let` and `letI` is that `letI` inlines the value.
But this is not relevant for proofs because of proof irrelevance.

Note: This linter can be disabled with `set_option linter.style.haveILetI false`
/Users/mjkang/.codex/worktrees/statement-433-migration/poincare/Poincare/Statement.lean:6006:17: warning: `LocPathConnectedSpace` has been deprecated: Use `LocallyPathConnectedSpace` instead
/Users/mjkang/.codex/worktrees/statement-433-migration/poincare/Poincare/Statement.lean:6037:17: warning: `LocPathConnectedSpace` has been deprecated: Use `LocallyPathConnectedSpace` instead
/Users/mjkang/.codex/worktrees/statement-433-migration/poincare/Poincare/Statement.lean:6071:17: warning: `LocPathConnectedSpace` has been deprecated: Use `LocallyPathConnectedSpace` instead
/Users/mjkang/.codex/worktrees/statement-433-migration/poincare/Poincare/Statement.lean:6099:4: warning: Try this: 
  haveI̵

The goal is a proposition, so `have` is preferred over `haveI`.
The difference between `have` and `haveI` is that `haveI` inlines the value.
But this is not relevant for proofs because of proof irrelevance.

Note: This linter can be disabled with `set_option linter.style.haveILetI false`
/Users/mjkang/.codex/worktrees/statement-433-migration/poincare/Poincare/Statement.lean:6111:4: warning: Try this: 
  letI̵

The goal is a proposition, so `let` is preferred over `letI`.
The difference between `let` and `letI` is that `letI` inlines the value.
But this is not relevant for proofs because of proof irrelevance.

Note: This linter can be disabled with `set_option linter.style.haveILetI false`
/Users/mjkang/.codex/worktrees/statement-433-migration/poincare/Poincare/Statement.lean:6234:2: warning: Try this: 
  letI̵

The goal is a proposition, so `let` is preferred over `letI`.
The difference between `let` and `letI` is that `letI` inlines the value.
But this is not relevant for proofs because of proof irrelevance.

Note: This linter can be disabled with `set_option linter.style.haveILetI false`
/Users/mjkang/.codex/worktrees/statement-433-migration/poincare/Poincare/Statement.lean:8525:2: warning: Try this: 
  letI̵

The goal is a proposition, so `let` is preferred over `letI`.
The difference between `let` and `letI` is that `letI` inlines the value.
But this is not relevant for proofs because of proof irrelevance.

Note: This linter can be disabled with `set_option linter.style.haveILetI false`
/Users/mjkang/.codex/worktrees/statement-433-migration/poincare/Poincare/Statement.lean:8611:2: warning: Try this: 
  letI̵

The goal is a proposition, so `let` is preferred over `letI`.
The difference between `let` and `letI` is that `letI` inlines the value.
But this is not relevant for proofs because of proof irrelevance.

Note: This linter can be disabled with `set_option linter.style.haveILetI false`
/Users/mjkang/.codex/worktrees/statement-433-migration/poincare/Poincare/Statement.lean:8612:2: warning: Try this: 
  letI̵

The goal is a proposition, so `let` is preferred over `letI`.
The difference between `let` and `letI` is that `letI` inlines the value.
But this is not relevant for proofs because of proof irrelevance.

Note: This linter can be disabled with `set_option linter.style.haveILetI false`
/Users/mjkang/.codex/worktrees/statement-433-migration/poincare/Poincare/Statement.lean:8623:2: warning: Try this: 
  letI̵

The goal is a proposition, so `let` is preferred over `letI`.
The difference between `let` and `letI` is that `letI` inlines the value.
But this is not relevant for proofs because of proof irrelevance.

Note: This linter can be disabled with `set_option linter.style.haveILetI false`
/Users/mjkang/.codex/worktrees/statement-433-migration/poincare/Poincare/Statement.lean:8654:2: warning: Try this: 
  letI̵

The goal is a proposition, so `let` is preferred over `letI`.
The difference between `let` and `letI` is that `letI` inlines the value.
But this is not relevant for proofs because of proof irrelevance.

Note: This linter can be disabled with `set_option linter.style.haveILetI false`
/Users/mjkang/.codex/worktrees/statement-433-migration/poincare/Poincare/Statement.lean:8656:2: warning: Try this: 
  letI̵

The goal is a proposition, so `let` is preferred over `letI`.
The difference between `let` and `letI` is that `letI` inlines the value.
But this is not relevant for proofs because of proof irrelevance.

Note: This linter can be disabled with `set_option linter.style.haveILetI false`
/Users/mjkang/.codex/worktrees/statement-433-migration/poincare/Poincare/Statement.lean:8658:2: warning: Try this: 
  letI̵

The goal is a proposition, so `let` is preferred over `letI`.
The difference between `let` and `letI` is that `letI` inlines the value.
But this is not relevant for proofs because of proof irrelevance.

Note: This linter can be disabled with `set_option linter.style.haveILetI false`
/Users/mjkang/.codex/worktrees/statement-433-migration/poincare/Poincare/Statement.lean:8771:2: warning: Try this: 
  letI̵

The goal is a proposition, so `let` is preferred over `letI`.
The difference between `let` and `letI` is that `letI` inlines the value.
But this is not relevant for proofs because of proof irrelevance.

Note: This linter can be disabled with `set_option linter.style.haveILetI false`
/Users/mjkang/.codex/worktrees/statement-433-migration/poincare/Poincare/Statement.lean:8862:2: warning: Try this: 
  letI̵

The goal is a proposition, so `let` is preferred over `letI`.
The difference between `let` and `letI` is that `letI` inlines the value.
But this is not relevant for proofs because of proof irrelevance.

Note: This linter can be disabled with `set_option linter.style.haveILetI false`
/Users/mjkang/.codex/worktrees/statement-433-migration/poincare/Poincare/Statement.lean:8924:2: warning: Try this: 
  letI̵

The goal is a proposition, so `let` is preferred over `letI`.
The difference between `let` and `letI` is that `letI` inlines the value.
But this is not relevant for proofs because of proof irrelevance.

Note: This linter can be disabled with `set_option linter.style.haveILetI false`
/Users/mjkang/.codex/worktrees/statement-433-migration/poincare/Poincare/Statement.lean:8926:2: warning: Try this: 
  letI̵

The goal is a proposition, so `let` is preferred over `letI`.
The difference between `let` and `letI` is that `letI` inlines the value.
But this is not relevant for proofs because of proof irrelevance.

Note: This linter can be disabled with `set_option linter.style.haveILetI false`
/Users/mjkang/.codex/worktrees/statement-433-migration/poincare/Poincare/Statement.lean:8928:2: warning: Try this: 
  letI̵

The goal is a proposition, so `let` is preferred over `letI`.
The difference between `let` and `letI` is that `letI` inlines the value.
But this is not relevant for proofs because of proof irrelevance.

Note: This linter can be disabled with `set_option linter.style.haveILetI false`
/Users/mjkang/.codex/worktrees/statement-433-migration/poincare/Poincare/Statement.lean:9004:2: warning: Try this: 
  letI̵

The goal is a proposition, so `let` is preferred over `letI`.
The difference between `let` and `letI` is that `letI` inlines the value.
But this is not relevant for proofs because of proof irrelevance.

Note: This linter can be disabled with `set_option linter.style.haveILetI false`
/Users/mjkang/.codex/worktrees/statement-433-migration/poincare/Poincare/Statement.lean:9016:2: warning: Try this: 
  letI̵

The goal is a proposition, so `let` is preferred over `letI`.
The difference between `let` and `letI` is that `letI` inlines the value.
But this is not relevant for proofs because of proof irrelevance.

Note: This linter can be disabled with `set_option linter.style.haveILetI false`
/Users/mjkang/.codex/worktrees/statement-433-migration/poincare/Poincare/Statement.lean:9018:2: warning: Try this: 
  letI̵

The goal is a proposition, so `let` is preferred over `letI`.
The difference between `let` and `letI` is that `letI` inlines the value.
But this is not relevant for proofs because of proof irrelevance.

Note: This linter can be disabled with `set_option linter.style.haveILetI false`
/Users/mjkang/.codex/worktrees/statement-433-migration/poincare/Poincare/Statement.lean:9030:2: warning: Try this: 
  letI̵

The goal is a proposition, so `let` is preferred over `letI`.
The difference between `let` and `letI` is that `letI` inlines the value.
But this is not relevant for proofs because of proof irrelevance.

Note: This linter can be disabled with `set_option linter.style.haveILetI false`
/Users/mjkang/.codex/worktrees/statement-433-migration/poincare/Poincare/Statement.lean:9044:2: warning: Try this: 
  letI̵

The goal is a proposition, so `let` is preferred over `letI`.
The difference between `let` and `letI` is that `letI` inlines the value.
But this is not relevant for proofs because of proof irrelevance.

Note: This linter can be disabled with `set_option linter.style.haveILetI false`
/Users/mjkang/.codex/worktrees/statement-433-migration/poincare/Poincare/Statement.lean:9056:2: warning: Try this: 
  letI̵

The goal is a proposition, so `let` is preferred over `letI`.
The difference between `let` and `letI` is that `letI` inlines the value.
But this is not relevant for proofs because of proof irrelevance.

Note: This linter can be disabled with `set_option linter.style.haveILetI false`
/Users/mjkang/.codex/worktrees/statement-433-migration/poincare/Poincare/Statement.lean:9072:2: warning: Try this: 
  letI̵

The goal is a proposition, so `let` is preferred over `letI`.
The difference between `let` and `letI` is that `letI` inlines the value.
But this is not relevant for proofs because of proof irrelevance.

Note: This linter can be disabled with `set_option linter.style.haveILetI false`
/Users/mjkang/.codex/worktrees/statement-433-migration/poincare/Poincare/Statement.lean:9138:2: warning: Try this: 
  letI̵

The goal is a proposition, so `let` is preferred over `letI`.
The difference between `let` and `letI` is that `letI` inlines the value.
But this is not relevant for proofs because of proof irrelevance.

Note: This linter can be disabled with `set_option linter.style.haveILetI false`
/Users/mjkang/.codex/worktrees/statement-433-migration/poincare/Poincare/Statement.lean:9140:2: warning: Try this: 
  letI̵

The goal is a proposition, so `let` is preferred over `letI`.
The difference between `let` and `letI` is that `letI` inlines the value.
But this is not relevant for proofs because of proof irrelevance.

Note: This linter can be disabled with `set_option linter.style.haveILetI false`
/Users/mjkang/.codex/worktrees/statement-433-migration/poincare/Poincare/Statement.lean:9142:2: warning: Try this: 
  letI̵

The goal is a proposition, so `let` is preferred over `letI`.
The difference between `let` and `letI` is that `letI` inlines the value.
But this is not relevant for proofs because of proof irrelevance.

Note: This linter can be disabled with `set_option linter.style.haveILetI false`
/Users/mjkang/.codex/worktrees/statement-433-migration/poincare/Poincare/Statement.lean:13995:2: warning: Try this: 
  letI̵

The goal is a proposition, so `let` is preferred over `letI`.
The difference between `let` and `letI` is that `letI` inlines the value.
But this is not relevant for proofs because of proof irrelevance.

Note: This linter can be disabled with `set_option linter.style.haveILetI false`
/Users/mjkang/.codex/worktrees/statement-433-migration/poincare/Poincare/Statement.lean:14039:2: warning: Try this: 
  letI̵

The goal is a proposition, so `let` is preferred over `letI`.
The difference between `let` and `letI` is that `letI` inlines the value.
But this is not relevant for proofs because of proof irrelevance.

Note: This linter can be disabled with `set_option linter.style.haveILetI false`
/Users/mjkang/.codex/worktrees/statement-433-migration/poincare/Poincare/Statement.lean:14042:2: warning: Try this: 
  letI̵

The goal is a proposition, so `let` is preferred over `letI`.
The difference between `let` and `letI` is that `letI` inlines the value.
But this is not relevant for proofs because of proof irrelevance.

Note: This linter can be disabled with `set_option linter.style.haveILetI false`
/Users/mjkang/.codex/worktrees/statement-433-migration/poincare/Poincare/Statement.lean:14045:2: warning: Try this: 
  letI̵

The goal is a proposition, so `let` is preferred over `letI`.
The difference between `let` and `letI` is that `letI` inlines the value.
But this is not relevant for proofs because of proof irrelevance.

Note: This linter can be disabled with `set_option linter.style.haveILetI false`
/Users/mjkang/.codex/worktrees/statement-433-migration/poincare/Poincare/Statement.lean:14095:2: warning: Try this: 
  letI̵

The goal is a proposition, so `let` is preferred over `letI`.
The difference between `let` and `letI` is that `letI` inlines the value.
But this is not relevant for proofs because of proof irrelevance.

Note: This linter can be disabled with `set_option linter.style.haveILetI false`
/Users/mjkang/.codex/worktrees/statement-433-migration/poincare/Poincare/Statement.lean:14138:2: warning: Try this: 
  letI̵

The goal is a proposition, so `let` is preferred over `letI`.
The difference between `let` and `letI` is that `letI` inlines the value.
But this is not relevant for proofs because of proof irrelevance.

Note: This linter can be disabled with `set_option linter.style.haveILetI false`
/Users/mjkang/.codex/worktrees/statement-433-migration/poincare/Poincare/Statement.lean:14141:2: warning: Try this: 
  letI̵

The goal is a proposition, so `let` is preferred over `letI`.
The difference between `let` and `letI` is that `letI` inlines the value.
But this is not relevant for proofs because of proof irrelevance.

Note: This linter can be disabled with `set_option linter.style.haveILetI false`
/Users/mjkang/.codex/worktrees/statement-433-migration/poincare/Poincare/Statement.lean:14144:2: warning: Try this: 
  letI̵

The goal is a proposition, so `let` is preferred over `letI`.
The difference between `let` and `letI` is that `letI` inlines the value.
But this is not relevant for proofs because of proof irrelevance.

Note: This linter can be disabled with `set_option linter.style.haveILetI false`
/Users/mjkang/.codex/worktrees/statement-433-migration/poincare/Poincare/Statement.lean:14200:2: warning: Try this: 
  letI̵

The goal is a proposition, so `let` is preferred over `letI`.
The difference between `let` and `letI` is that `letI` inlines the value.
But this is not relevant for proofs because of proof irrelevance.

Note: This linter can be disabled with `set_option linter.style.haveILetI false`
/Users/mjkang/.codex/worktrees/statement-433-migration/poincare/Poincare/Statement.lean:14203:2: warning: Try this: 
  letI̵

The goal is a proposition, so `let` is preferred over `letI`.
The difference between `let` and `letI` is that `letI` inlines the value.
But this is not relevant for proofs because of proof irrelevance.

Note: This linter can be disabled with `set_option linter.style.haveILetI false`
/Users/mjkang/.codex/worktrees/statement-433-migration/poincare/Poincare/Statement.lean:14213:2: warning: Try this: 
  letI̵

The goal is a proposition, so `let` is preferred over `letI`.
The difference between `let` and `letI` is that `letI` inlines the value.
But this is not relevant for proofs because of proof irrelevance.

Note: This linter can be disabled with `set_option linter.style.haveILetI false`
/Users/mjkang/.codex/worktrees/statement-433-migration/poincare/Poincare/Statement.lean:14307:2: warning: Try this: 
  letI̵

The goal is a proposition, so `let` is preferred over `letI`.
The difference between `let` and `letI` is that `letI` inlines the value.
But this is not relevant for proofs because of proof irrelevance.

Note: This linter can be disabled with `set_option linter.style.haveILetI false`
/Users/mjkang/.codex/worktrees/statement-433-migration/poincare/Poincare/Statement.lean:14310:2: warning: Try this: 
  letI̵

The goal is a proposition, so `let` is preferred over `letI`.
The difference between `let` and `letI` is that `letI` inlines the value.
But this is not relevant for proofs because of proof irrelevance.

Note: This linter can be disabled with `set_option linter.style.haveILetI false`
/Users/mjkang/.codex/worktrees/statement-433-migration/poincare/Poincare/Statement.lean:14320:2: warning: Try this: 
  letI̵

The goal is a proposition, so `let` is preferred over `letI`.
The difference between `let` and `letI` is that `letI` inlines the value.
But this is not relevant for proofs because of proof irrelevance.

Note: This linter can be disabled with `set_option linter.style.haveILetI false`
/Users/mjkang/.codex/worktrees/statement-433-migration/poincare/Poincare/Statement.lean:14417:2: warning: Try this: 
  letI̵

The goal is a proposition, so `let` is preferred over `letI`.
The difference between `let` and `letI` is that `letI` inlines the value.
But this is not relevant for proofs because of proof irrelevance.

Note: This linter can be disabled with `set_option linter.style.haveILetI false`
/Users/mjkang/.codex/worktrees/statement-433-migration/poincare/Poincare/Statement.lean:14420:2: warning: Try this: 
  letI̵

The goal is a proposition, so `let` is preferred over `letI`.
The difference between `let` and `letI` is that `letI` inlines the value.
But this is not relevant for proofs because of proof irrelevance.

Note: This linter can be disabled with `set_option linter.style.haveILetI false`
/Users/mjkang/.codex/worktrees/statement-433-migration/poincare/Poincare/Statement.lean:14423:2: warning: Try this: 
  letI̵

The goal is a proposition, so `let` is preferred over `letI`.
The difference between `let` and `letI` is that `letI` inlines the value.
But this is not relevant for proofs because of proof irrelevance.

Note: This linter can be disabled with `set_option linter.style.haveILetI false`
/Users/mjkang/.codex/worktrees/statement-433-migration/poincare/Poincare/Statement.lean:14474:2: warning: Try this: 
  letI̵

The goal is a proposition, so `let` is preferred over `letI`.
The difference between `let` and `letI` is that `letI` inlines the value.
But this is not relevant for proofs because of proof irrelevance.

Note: This linter can be disabled with `set_option linter.style.haveILetI false`
/Users/mjkang/.codex/worktrees/statement-433-migration/poincare/Poincare/Statement.lean:14477:2: warning: Try this: 
  letI̵

The goal is a proposition, so `let` is preferred over `letI`.
The difference between `let` and `letI` is that `letI` inlines the value.
But this is not relevant for proofs because of proof irrelevance.

Note: This linter can be disabled with `set_option linter.style.haveILetI false`
/Users/mjkang/.codex/worktrees/statement-433-migration/poincare/Poincare/Statement.lean:14480:2: warning: Try this: 
  letI̵

The goal is a proposition, so `let` is preferred over `letI`.
The difference between `let` and `letI` is that `letI` inlines the value.
But this is not relevant for proofs because of proof irrelevance.

Note: This linter can be disabled with `set_option linter.style.haveILetI false`
/Users/mjkang/.codex/worktrees/statement-433-migration/poincare/Poincare/Statement.lean:14541:2: warning: Try this: 
  letI̵

The goal is a proposition, so `let` is preferred over `letI`.
The difference between `let` and `letI` is that `letI` inlines the value.
But this is not relevant for proofs because of proof irrelevance.

Note: This linter can be disabled with `set_option linter.style.haveILetI false`
/Users/mjkang/.codex/worktrees/statement-433-migration/poincare/Poincare/Statement.lean:14544:2: warning: Try this: 
  letI̵

The goal is a proposition, so `let` is preferred over `letI`.
The difference between `let` and `letI` is that `letI` inlines the value.
But this is not relevant for proofs because of proof irrelevance.

Note: This linter can be disabled with `set_option linter.style.haveILetI false`
/Users/mjkang/.codex/worktrees/statement-433-migration/poincare/Poincare/Statement.lean:14547:2: warning: Try this: 
  letI̵

The goal is a proposition, so `let` is preferred over `letI`.
The difference between `let` and `letI` is that `letI` inlines the value.
But this is not relevant for proofs because of proof irrelevance.

Note: This linter can be disabled with `set_option linter.style.haveILetI false`
/Users/mjkang/.codex/worktrees/statement-433-migration/poincare/Poincare/Statement.lean:14612:2: warning: Try this: 
  letI̵

The goal is a proposition, so `let` is preferred over `letI`.
The difference between `let` and `letI` is that `letI` inlines the value.
But this is not relevant for proofs because of proof irrelevance.

Note: This linter can be disabled with `set_option linter.style.haveILetI false`
/Users/mjkang/.codex/worktrees/statement-433-migration/poincare/Poincare/Statement.lean:14615:2: warning: Try this: 
  letI̵

The goal is a proposition, so `let` is preferred over `letI`.
The difference between `let` and `letI` is that `letI` inlines the value.
But this is not relevant for proofs because of proof irrelevance.

Note: This linter can be disabled with `set_option linter.style.haveILetI false`
/Users/mjkang/.codex/worktrees/statement-433-migration/poincare/Poincare/Statement.lean:14618:2: warning: Try this: 
  letI̵

The goal is a proposition, so `let` is preferred over `letI`.
The difference between `let` and `letI` is that `letI` inlines the value.
But this is not relevant for proofs because of proof irrelevance.

Note: This linter can be disabled with `set_option linter.style.haveILetI false`
/Users/mjkang/.codex/worktrees/statement-433-migration/poincare/Poincare/Statement.lean:14686:2: warning: Try this: 
  letI̵

The goal is a proposition, so `let` is preferred over `letI`.
The difference between `let` and `letI` is that `letI` inlines the value.
But this is not relevant for proofs because of proof irrelevance.

Note: This linter can be disabled with `set_option linter.style.haveILetI false`
/Users/mjkang/.codex/worktrees/statement-433-migration/poincare/Poincare/Statement.lean:14689:2: warning: Try this: 
  letI̵

The goal is a proposition, so `let` is preferred over `letI`.
The difference between `let` and `letI` is that `letI` inlines the value.
But this is not relevant for proofs because of proof irrelevance.

Note: This linter can be disabled with `set_option linter.style.haveILetI false`
/Users/mjkang/.codex/worktrees/statement-433-migration/poincare/Poincare/Statement.lean:14692:2: warning: Try this: 
  letI̵

The goal is a proposition, so `let` is preferred over `letI`.
The difference between `let` and `letI` is that `letI` inlines the value.
But this is not relevant for proofs because of proof irrelevance.

Note: This linter can be disabled with `set_option linter.style.haveILetI false`
/Users/mjkang/.codex/worktrees/statement-433-migration/poincare/Poincare/Statement.lean:14755:2: warning: Try this: 
  letI̵

The goal is a proposition, so `let` is preferred over `letI`.
The difference between `let` and `letI` is that `letI` inlines the value.
But this is not relevant for proofs because of proof irrelevance.

Note: This linter can be disabled with `set_option linter.style.haveILetI false`
/Users/mjkang/.codex/worktrees/statement-433-migration/poincare/Poincare/Statement.lean:14758:2: warning: Try this: 
  letI̵

The goal is a proposition, so `let` is preferred over `letI`.
The difference between `let` and `letI` is that `letI` inlines the value.
But this is not relevant for proofs because of proof irrelevance.

Note: This linter can be disabled with `set_option linter.style.haveILetI false`
/Users/mjkang/.codex/worktrees/statement-433-migration/poincare/Poincare/Statement.lean:14761:2: warning: Try this: 
  letI̵

The goal is a proposition, so `let` is preferred over `letI`.
The difference between `let` and `letI` is that `letI` inlines the value.
But this is not relevant for proofs because of proof irrelevance.

Note: This linter can be disabled with `set_option linter.style.haveILetI false`
/Users/mjkang/.codex/worktrees/statement-433-migration/poincare/Poincare/Statement.lean:15059:2: warning: Try this: 
  letI̵

The goal is a proposition, so `let` is preferred over `letI`.
The difference between `let` and `letI` is that `letI` inlines the value.
But this is not relevant for proofs because of proof irrelevance.

Note: This linter can be disabled with `set_option linter.style.haveILetI false`
/Users/mjkang/.codex/worktrees/statement-433-migration/poincare/Poincare/Statement.lean:15062:2: warning: Try this: 
  letI̵

The goal is a proposition, so `let` is preferred over `letI`.
The difference between `let` and `letI` is that `letI` inlines the value.
But this is not relevant for proofs because of proof irrelevance.

Note: This linter can be disabled with `set_option linter.style.haveILetI false`
/Users/mjkang/.codex/worktrees/statement-433-migration/poincare/Poincare/Statement.lean:15065:2: warning: Try this: 
  letI̵

The goal is a proposition, so `let` is preferred over `letI`.
The difference between `let` and `letI` is that `letI` inlines the value.
But this is not relevant for proofs because of proof irrelevance.

Note: This linter can be disabled with `set_option linter.style.haveILetI false`
/Users/mjkang/.codex/worktrees/statement-433-migration/poincare/Poincare/Statement.lean:15100:2: warning: Try this: 
  letI̵

The goal is a proposition, so `let` is preferred over `letI`.
The difference between `let` and `letI` is that `letI` inlines the value.
But this is not relevant for proofs because of proof irrelevance.

Note: This linter can be disabled with `set_option linter.style.haveILetI false`
/Users/mjkang/.codex/worktrees/statement-433-migration/poincare/Poincare/Statement.lean:15103:2: warning: Try this: 
  letI̵

The goal is a proposition, so `let` is preferred over `letI`.
The difference between `let` and `letI` is that `letI` inlines the value.
But this is not relevant for proofs because of proof irrelevance.

Note: This linter can be disabled with `set_option linter.style.haveILetI false`
/Users/mjkang/.codex/worktrees/statement-433-migration/poincare/Poincare/Statement.lean:15106:2: warning: Try this: 
  letI̵

The goal is a proposition, so `let` is preferred over `letI`.
The difference between `let` and `letI` is that `letI` inlines the value.
But this is not relevant for proofs because of proof irrelevance.

Note: This linter can be disabled with `set_option linter.style.haveILetI false`
/Users/mjkang/.codex/worktrees/statement-433-migration/poincare/Poincare/Statement.lean:15164:2: warning: Try this: 
  letI̵

The goal is a proposition, so `let` is preferred over `letI`.
The difference between `let` and `letI` is that `letI` inlines the value.
But this is not relevant for proofs because of proof irrelevance.

Note: This linter can be disabled with `set_option linter.style.haveILetI false`
/Users/mjkang/.codex/worktrees/statement-433-migration/poincare/Poincare/Statement.lean:15167:2: warning: Try this: 
  letI̵

The goal is a proposition, so `let` is preferred over `letI`.
The difference between `let` and `letI` is that `letI` inlines the value.
But this is not relevant for proofs because of proof irrelevance.

Note: This linter can be disabled with `set_option linter.style.haveILetI false`
/Users/mjkang/.codex/worktrees/statement-433-migration/poincare/Poincare/Statement.lean:15170:2: warning: Try this: 
  letI̵

The goal is a proposition, so `let` is preferred over `letI`.
The difference between `let` and `letI` is that `letI` inlines the value.
But this is not relevant for proofs because of proof irrelevance.

Note: This linter can be disabled with `set_option linter.style.haveILetI false`
/Users/mjkang/.codex/worktrees/statement-433-migration/poincare/Poincare/Statement.lean:15232:2: warning: Try this: 
  letI̵

The goal is a proposition, so `let` is preferred over `letI`.
The difference between `let` and `letI` is that `letI` inlines the value.
But this is not relevant for proofs because of proof irrelevance.

Note: This linter can be disabled with `set_option linter.style.haveILetI false`
/Users/mjkang/.codex/worktrees/statement-433-migration/poincare/Poincare/Statement.lean:15235:2: warning: Try this: 
  letI̵

The goal is a proposition, so `let` is preferred over `letI`.
The difference between `let` and `letI` is that `letI` inlines the value.
But this is not relevant for proofs because of proof irrelevance.

Note: This linter can be disabled with `set_option linter.style.haveILetI false`
/Users/mjkang/.codex/worktrees/statement-433-migration/poincare/Poincare/Statement.lean:15238:2: warning: Try this: 
  letI̵

The goal is a proposition, so `let` is preferred over `letI`.
The difference between `let` and `letI` is that `letI` inlines the value.
But this is not relevant for proofs because of proof irrelevance.

Note: This linter can be disabled with `set_option linter.style.haveILetI false`
/Users/mjkang/.codex/worktrees/statement-433-migration/poincare/Poincare/Statement.lean:15287:2: warning: Try this: 
  letI̵

The goal is a proposition, so `let` is preferred over `letI`.
The difference between `let` and `letI` is that `letI` inlines the value.
But this is not relevant for proofs because of proof irrelevance.

Note: This linter can be disabled with `set_option linter.style.haveILetI false`
/Users/mjkang/.codex/worktrees/statement-433-migration/poincare/Poincare/Statement.lean:15290:2: warning: Try this: 
  letI̵

The goal is a proposition, so `let` is preferred over `letI`.
The difference between `let` and `letI` is that `letI` inlines the value.
But this is not relevant for proofs because of proof irrelevance.

Note: This linter can be disabled with `set_option linter.style.haveILetI false`
/Users/mjkang/.codex/worktrees/statement-433-migration/poincare/Poincare/Statement.lean:15318:2: warning: Try this: 
  letI̵

The goal is a proposition, so `let` is preferred over `letI`.
The difference between `let` and `letI` is that `letI` inlines the value.
But this is not relevant for proofs because of proof irrelevance.

Note: This linter can be disabled with `set_option linter.style.haveILetI false`
/Users/mjkang/.codex/worktrees/statement-433-migration/poincare/Poincare/Statement.lean:15321:2: warning: Try this: 
  letI̵

The goal is a proposition, so `let` is preferred over `letI`.
The difference between `let` and `letI` is that `letI` inlines the value.
But this is not relevant for proofs because of proof irrelevance.

Note: This linter can be disabled with `set_option linter.style.haveILetI false`
/Users/mjkang/.codex/worktrees/statement-433-migration/poincare/Poincare/Statement.lean:16586:2: warning: Try this: 
  letI̵

The goal is a proposition, so `let` is preferred over `letI`.
The difference between `let` and `letI` is that `letI` inlines the value.
But this is not relevant for proofs because of proof irrelevance.

Note: This linter can be disabled with `set_option linter.style.haveILetI false`
/Users/mjkang/.codex/worktrees/statement-433-migration/poincare/Poincare/Statement.lean:16589:2: warning: Try this: 
  letI̵

The goal is a proposition, so `let` is preferred over `letI`.
The difference between `let` and `letI` is that `letI` inlines the value.
But this is not relevant for proofs because of proof irrelevance.

Note: This linter can be disabled with `set_option linter.style.haveILetI false`
/Users/mjkang/.codex/worktrees/statement-433-migration/poincare/Poincare/Statement.lean:16638:2: warning: Try this: 
  letI̵

The goal is a proposition, so `let` is preferred over `letI`.
The difference between `let` and `letI` is that `letI` inlines the value.
But this is not relevant for proofs because of proof irrelevance.

Note: This linter can be disabled with `set_option linter.style.haveILetI false`
/Users/mjkang/.codex/worktrees/statement-433-migration/poincare/Poincare/Statement.lean:16641:2: warning: Try this: 
  letI̵

The goal is a proposition, so `let` is preferred over `letI`.
The difference between `let` and `letI` is that `letI` inlines the value.
But this is not relevant for proofs because of proof irrelevance.

Note: This linter can be disabled with `set_option linter.style.haveILetI false`
/Users/mjkang/.codex/worktrees/statement-433-migration/poincare/Poincare/Statement.lean:17085:2: warning: Try this: 
  letI̵

The goal is a proposition, so `let` is preferred over `letI`.
The difference between `let` and `letI` is that `letI` inlines the value.
But this is not relevant for proofs because of proof irrelevance.

Note: This linter can be disabled with `set_option linter.style.haveILetI false`
/Users/mjkang/.codex/worktrees/statement-433-migration/poincare/Poincare/Statement.lean:17088:2: warning: Try this: 
  letI̵

The goal is a proposition, so `let` is preferred over `letI`.
The difference between `let` and `letI` is that `letI` inlines the value.
But this is not relevant for proofs because of proof irrelevance.

Note: This linter can be disabled with `set_option linter.style.haveILetI false`
/Users/mjkang/.codex/worktrees/statement-433-migration/poincare/Poincare/Statement.lean:17091:2: warning: Try this: 
  letI̵

The goal is a proposition, so `let` is preferred over `letI`.
The difference between `let` and `letI` is that `letI` inlines the value.
But this is not relevant for proofs because of proof irrelevance.

Note: This linter can be disabled with `set_option linter.style.haveILetI false`
/Users/mjkang/.codex/worktrees/statement-433-migration/poincare/Poincare/Statement.lean:17167:2: warning: Try this: 
  letI̵

The goal is a proposition, so `let` is preferred over `letI`.
The difference between `let` and `letI` is that `letI` inlines the value.
But this is not relevant for proofs because of proof irrelevance.

Note: This linter can be disabled with `set_option linter.style.haveILetI false`
/Users/mjkang/.codex/worktrees/statement-433-migration/poincare/Poincare/Statement.lean:17170:2: warning: Try this: 
  letI̵

The goal is a proposition, so `let` is preferred over `letI`.
The difference between `let` and `letI` is that `letI` inlines the value.
But this is not relevant for proofs because of proof irrelevance.

Note: This linter can be disabled with `set_option linter.style.haveILetI false`
/Users/mjkang/.codex/worktrees/statement-433-migration/poincare/Poincare/Statement.lean:17173:2: warning: Try this: 
  letI̵

The goal is a proposition, so `let` is preferred over `letI`.
The difference between `let` and `letI` is that `letI` inlines the value.
But this is not relevant for proofs because of proof irrelevance.

Note: This linter can be disabled with `set_option linter.style.haveILetI false`
/Users/mjkang/.codex/worktrees/statement-433-migration/poincare/Poincare/Statement.lean:17302:2: warning: Try this: 
  letI̵

The goal is a proposition, so `let` is preferred over `letI`.
The difference between `let` and `letI` is that `letI` inlines the value.
But this is not relevant for proofs because of proof irrelevance.

Note: This linter can be disabled with `set_option linter.style.haveILetI false`
/Users/mjkang/.codex/worktrees/statement-433-migration/poincare/Poincare/Statement.lean:17305:2: warning: Try this: 
  letI̵

The goal is a proposition, so `let` is preferred over `letI`.
The difference between `let` and `letI` is that `letI` inlines the value.
But this is not relevant for proofs because of proof irrelevance.

Note: This linter can be disabled with `set_option linter.style.haveILetI false`
/Users/mjkang/.codex/worktrees/statement-433-migration/poincare/Poincare/Statement.lean:17308:2: warning: Try this: 
  letI̵

The goal is a proposition, so `let` is preferred over `letI`.
The difference between `let` and `letI` is that `letI` inlines the value.
But this is not relevant for proofs because of proof irrelevance.

Note: This linter can be disabled with `set_option linter.style.haveILetI false`
/Users/mjkang/.codex/worktrees/statement-433-migration/poincare/Poincare/Statement.lean:17808:2: warning: Try this: 
  letI̵

The goal is a proposition, so `let` is preferred over `letI`.
The difference between `let` and `letI` is that `letI` inlines the value.
But this is not relevant for proofs because of proof irrelevance.

Note: This linter can be disabled with `set_option linter.style.haveILetI false`
/Users/mjkang/.codex/worktrees/statement-433-migration/poincare/Poincare/Statement.lean:17811:2: warning: Try this: 
  letI̵

The goal is a proposition, so `let` is preferred over `letI`.
The difference between `let` and `letI` is that `letI` inlines the value.
But this is not relevant for proofs because of proof irrelevance.

Note: This linter can be disabled with `set_option linter.style.haveILetI false`
/Users/mjkang/.codex/worktrees/statement-433-migration/poincare/Poincare/Statement.lean:17814:2: warning: Try this: 
  letI̵

The goal is a proposition, so `let` is preferred over `letI`.
The difference between `let` and `letI` is that `letI` inlines the value.
But this is not relevant for proofs because of proof irrelevance.

Note: This linter can be disabled with `set_option linter.style.haveILetI false`
/Users/mjkang/.codex/worktrees/statement-433-migration/poincare/Poincare/Statement.lean:17902:2: warning: Try this: 
  letI̵

The goal is a proposition, so `let` is preferred over `letI`.
The difference between `let` and `letI` is that `letI` inlines the value.
But this is not relevant for proofs because of proof irrelevance.

Note: This linter can be disabled with `set_option linter.style.haveILetI false`
/Users/mjkang/.codex/worktrees/statement-433-migration/poincare/Poincare/Statement.lean:17905:2: warning: Try this: 
  letI̵

The goal is a proposition, so `let` is preferred over `letI`.
The difference between `let` and `letI` is that `letI` inlines the value.
But this is not relevant for proofs because of proof irrelevance.

Note: This linter can be disabled with `set_option linter.style.haveILetI false`
/Users/mjkang/.codex/worktrees/statement-433-migration/poincare/Poincare/Statement.lean:17908:2: warning: Try this: 
  letI̵

The goal is a proposition, so `let` is preferred over `letI`.
The difference between `let` and `letI` is that `letI` inlines the value.
But this is not relevant for proofs because of proof irrelevance.

Note: This linter can be disabled with `set_option linter.style.haveILetI false`
/Users/mjkang/.codex/worktrees/statement-433-migration/poincare/Poincare/Statement.lean:18126:2: warning: Try this: 
  letI̵

The goal is a proposition, so `let` is preferred over `letI`.
The difference between `let` and `letI` is that `letI` inlines the value.
But this is not relevant for proofs because of proof irrelevance.

Note: This linter can be disabled with `set_option linter.style.haveILetI false`
/Users/mjkang/.codex/worktrees/statement-433-migration/poincare/Poincare/Statement.lean:18129:2: warning: Try this: 
  letI̵

The goal is a proposition, so `let` is preferred over `letI`.
The difference between `let` and `letI` is that `letI` inlines the value.
But this is not relevant for proofs because of proof irrelevance.

Note: This linter can be disabled with `set_option linter.style.haveILetI false`
/Users/mjkang/.codex/worktrees/statement-433-migration/poincare/Poincare/Statement.lean:18132:2: warning: Try this: 
  letI̵

The goal is a proposition, so `let` is preferred over `letI`.
The difference between `let` and `letI` is that `letI` inlines the value.
But this is not relevant for proofs because of proof irrelevance.

Note: This linter can be disabled with `set_option linter.style.haveILetI false`
/Users/mjkang/.codex/worktrees/statement-433-migration/poincare/Poincare/Statement.lean:18281:2: warning: Try this: 
  letI̵

The goal is a proposition, so `let` is preferred over `letI`.
The difference between `let` and `letI` is that `letI` inlines the value.
But this is not relevant for proofs because of proof irrelevance.

Note: This linter can be disabled with `set_option linter.style.haveILetI false`
/Users/mjkang/.codex/worktrees/statement-433-migration/poincare/Poincare/Statement.lean:18284:2: warning: Try this: 
  letI̵

The goal is a proposition, so `let` is preferred over `letI`.
The difference between `let` and `letI` is that `letI` inlines the value.
But this is not relevant for proofs because of proof irrelevance.

Note: This linter can be disabled with `set_option linter.style.haveILetI false`
/Users/mjkang/.codex/worktrees/statement-433-migration/poincare/Poincare/Statement.lean:18287:2: warning: Try this: 
  letI̵

The goal is a proposition, so `let` is preferred over `letI`.
The difference between `let` and `letI` is that `letI` inlines the value.
But this is not relevant for proofs because of proof irrelevance.

Note: This linter can be disabled with `set_option linter.style.haveILetI false`
/Users/mjkang/.codex/worktrees/statement-433-migration/poincare/Poincare/Statement.lean:18439:2: warning: Try this: 
  letI̵

The goal is a proposition, so `let` is preferred over `letI`.
The difference between `let` and `letI` is that `letI` inlines the value.
But this is not relevant for proofs because of proof irrelevance.

Note: This linter can be disabled with `set_option linter.style.haveILetI false`
/Users/mjkang/.codex/worktrees/statement-433-migration/poincare/Poincare/Statement.lean:18442:2: warning: Try this: 
  letI̵

The goal is a proposition, so `let` is preferred over `letI`.
The difference between `let` and `letI` is that `letI` inlines the value.
But this is not relevant for proofs because of proof irrelevance.

Note: This linter can be disabled with `set_option linter.style.haveILetI false`
/Users/mjkang/.codex/worktrees/statement-433-migration/poincare/Poincare/Statement.lean:18445:2: warning: Try this: 
  letI̵

The goal is a proposition, so `let` is preferred over `letI`.
The difference between `let` and `letI` is that `letI` inlines the value.
But this is not relevant for proofs because of proof irrelevance.

Note: This linter can be disabled with `set_option linter.style.haveILetI false`
/Users/mjkang/.codex/worktrees/statement-433-migration/poincare/Poincare/Statement.lean:18594:2: warning: Try this: 
  letI̵

The goal is a proposition, so `let` is preferred over `letI`.
The difference between `let` and `letI` is that `letI` inlines the value.
But this is not relevant for proofs because of proof irrelevance.

Note: This linter can be disabled with `set_option linter.style.haveILetI false`
/Users/mjkang/.codex/worktrees/statement-433-migration/poincare/Poincare/Statement.lean:18597:2: warning: Try this: 
  letI̵

The goal is a proposition, so `let` is preferred over `letI`.
The difference between `let` and `letI` is that `letI` inlines the value.
But this is not relevant for proofs because of proof irrelevance.

Note: This linter can be disabled with `set_option linter.style.haveILetI false`
/Users/mjkang/.codex/worktrees/statement-433-migration/poincare/Poincare/Statement.lean:18600:2: warning: Try this: 
  letI̵

The goal is a proposition, so `let` is preferred over `letI`.
The difference between `let` and `letI` is that `letI` inlines the value.
But this is not relevant for proofs because of proof irrelevance.

Note: This linter can be disabled with `set_option linter.style.haveILetI false`
/Users/mjkang/.codex/worktrees/statement-433-migration/poincare/Poincare/Statement.lean:19028:2: warning: Try this: 
  letI̵

The goal is a proposition, so `let` is preferred over `letI`.
The difference between `let` and `letI` is that `letI` inlines the value.
But this is not relevant for proofs because of proof irrelevance.

Note: This linter can be disabled with `set_option linter.style.haveILetI false`
/Users/mjkang/.codex/worktrees/statement-433-migration/poincare/Poincare/Statement.lean:19031:2: warning: Try this: 
  letI̵

The goal is a proposition, so `let` is preferred over `letI`.
The difference between `let` and `letI` is that `letI` inlines the value.
But this is not relevant for proofs because of proof irrelevance.

Note: This linter can be disabled with `set_option linter.style.haveILetI false`
/Users/mjkang/.codex/worktrees/statement-433-migration/poincare/Poincare/Statement.lean:19034:2: warning: Try this: 
  letI̵

The goal is a proposition, so `let` is preferred over `letI`.
The difference between `let` and `letI` is that `letI` inlines the value.
But this is not relevant for proofs because of proof irrelevance.

Note: This linter can be disabled with `set_option linter.style.haveILetI false`
/Users/mjkang/.codex/worktrees/statement-433-migration/poincare/Poincare/Statement.lean:19395:2: warning: Try this: 
  letI̵

The goal is a proposition, so `let` is preferred over `letI`.
The difference between `let` and `letI` is that `letI` inlines the value.
But this is not relevant for proofs because of proof irrelevance.

Note: This linter can be disabled with `set_option linter.style.haveILetI false`
/Users/mjkang/.codex/worktrees/statement-433-migration/poincare/Poincare/Statement.lean:19398:2: warning: Try this: 
  letI̵

The goal is a proposition, so `let` is preferred over `letI`.
The difference between `let` and `letI` is that `letI` inlines the value.
But this is not relevant for proofs because of proof irrelevance.

Note: This linter can be disabled with `set_option linter.style.haveILetI false`
/Users/mjkang/.codex/worktrees/statement-433-migration/poincare/Poincare/Statement.lean:19401:2: warning: Try this: 
  letI̵

The goal is a proposition, so `let` is preferred over `letI`.
The difference between `let` and `letI` is that `letI` inlines the value.
But this is not relevant for proofs because of proof irrelevance.

Note: This linter can be disabled with `set_option linter.style.haveILetI false`
/Users/mjkang/.codex/worktrees/statement-433-migration/poincare/Poincare/Statement.lean:19908:2: warning: Try this: 
  letI̵

The goal is a proposition, so `let` is preferred over `letI`.
The difference between `let` and `letI` is that `letI` inlines the value.
But this is not relevant for proofs because of proof irrelevance.

Note: This linter can be disabled with `set_option linter.style.haveILetI false`
/Users/mjkang/.codex/worktrees/statement-433-migration/poincare/Poincare/Statement.lean:19911:2: warning: Try this: 
  letI̵

The goal is a proposition, so `let` is preferred over `letI`.
The difference between `let` and `letI` is that `letI` inlines the value.
But this is not relevant for proofs because of proof irrelevance.

Note: This linter can be disabled with `set_option linter.style.haveILetI false`
/Users/mjkang/.codex/worktrees/statement-433-migration/poincare/Poincare/Statement.lean:19914:2: warning: Try this: 
  letI̵

The goal is a proposition, so `let` is preferred over `letI`.
The difference between `let` and `letI` is that `letI` inlines the value.
But this is not relevant for proofs because of proof irrelevance.

Note: This linter can be disabled with `set_option linter.style.haveILetI false`
/Users/mjkang/.codex/worktrees/statement-433-migration/poincare/Poincare/Statement.lean:20222:2: warning: Try this: 
  letI̵

The goal is a proposition, so `let` is preferred over `letI`.
The difference between `let` and `letI` is that `letI` inlines the value.
But this is not relevant for proofs because of proof irrelevance.

Note: This linter can be disabled with `set_option linter.style.haveILetI false`
/Users/mjkang/.codex/worktrees/statement-433-migration/poincare/Poincare/Statement.lean:20225:2: warning: Try this: 
  letI̵

The goal is a proposition, so `let` is preferred over `letI`.
The difference between `let` and `letI` is that `letI` inlines the value.
But this is not relevant for proofs because of proof irrelevance.

Note: This linter can be disabled with `set_option linter.style.haveILetI false`
/Users/mjkang/.codex/worktrees/statement-433-migration/poincare/Poincare/Statement.lean:20228:2: warning: Try this: 
  letI̵

The goal is a proposition, so `let` is preferred over `letI`.
The difference between `let` and `letI` is that `letI` inlines the value.
But this is not relevant for proofs because of proof irrelevance.

Note: This linter can be disabled with `set_option linter.style.haveILetI false`
/Users/mjkang/.codex/worktrees/statement-433-migration/poincare/Poincare/Statement.lean:21711:2: warning: Try this: 
  letI̵

The goal is a proposition, so `let` is preferred over `letI`.
The difference between `let` and `letI` is that `letI` inlines the value.
But this is not relevant for proofs because of proof irrelevance.

Note: This linter can be disabled with `set_option linter.style.haveILetI false`
/Users/mjkang/.codex/worktrees/statement-433-migration/poincare/Poincare/Statement.lean:21714:2: warning: Try this: 
  letI̵

The goal is a proposition, so `let` is preferred over `letI`.
The difference between `let` and `letI` is that `letI` inlines the value.
But this is not relevant for proofs because of proof irrelevance.

Note: This linter can be disabled with `set_option linter.style.haveILetI false`
/Users/mjkang/.codex/worktrees/statement-433-migration/poincare/Poincare/Statement.lean:21717:2: warning: Try this: 
  letI̵

The goal is a proposition, so `let` is preferred over `letI`.
The difference between `let` and `letI` is that `letI` inlines the value.
But this is not relevant for proofs because of proof irrelevance.

Note: This linter can be disabled with `set_option linter.style.haveILetI false`
/Users/mjkang/.codex/worktrees/statement-433-migration/poincare/Poincare/Statement.lean:22088:2: warning: Try this: 
  letI̵

The goal is a proposition, so `let` is preferred over `letI`.
The difference between `let` and `letI` is that `letI` inlines the value.
But this is not relevant for proofs because of proof irrelevance.

Note: This linter can be disabled with `set_option linter.style.haveILetI false`
/Users/mjkang/.codex/worktrees/statement-433-migration/poincare/Poincare/Statement.lean:22091:2: warning: Try this: 
  letI̵

The goal is a proposition, so `let` is preferred over `letI`.
The difference between `let` and `letI` is that `letI` inlines the value.
But this is not relevant for proofs because of proof irrelevance.

Note: This linter can be disabled with `set_option linter.style.haveILetI false`
/Users/mjkang/.codex/worktrees/statement-433-migration/poincare/Poincare/Statement.lean:22094:2: warning: Try this: 
  letI̵

The goal is a proposition, so `let` is preferred over `letI`.
The difference between `let` and `letI` is that `letI` inlines the value.
But this is not relevant for proofs because of proof irrelevance.

Note: This linter can be disabled with `set_option linter.style.haveILetI false`
/Users/mjkang/.codex/worktrees/statement-433-migration/poincare/Poincare/Statement.lean:22523:2: warning: Try this: 
  letI̵

The goal is a proposition, so `let` is preferred over `letI`.
The difference between `let` and `letI` is that `letI` inlines the value.
But this is not relevant for proofs because of proof irrelevance.

Note: This linter can be disabled with `set_option linter.style.haveILetI false`
/Users/mjkang/.codex/worktrees/statement-433-migration/poincare/Poincare/Statement.lean:22526:2: warning: Try this: 
  letI̵

The goal is a proposition, so `let` is preferred over `letI`.
The difference between `let` and `letI` is that `letI` inlines the value.
But this is not relevant for proofs because of proof irrelevance.

Note: This linter can be disabled with `set_option linter.style.haveILetI false`
/Users/mjkang/.codex/worktrees/statement-433-migration/poincare/Poincare/Statement.lean:22529:2: warning: Try this: 
  letI̵

The goal is a proposition, so `let` is preferred over `letI`.
The difference between `let` and `letI` is that `letI` inlines the value.
But this is not relevant for proofs because of proof irrelevance.

Note: This linter can be disabled with `set_option linter.style.haveILetI false`
/Users/mjkang/.codex/worktrees/statement-433-migration/poincare/Poincare/Statement.lean:23018:2: warning: Try this: 
  letI̵

The goal is a proposition, so `let` is preferred over `letI`.
The difference between `let` and `letI` is that `letI` inlines the value.
But this is not relevant for proofs because of proof irrelevance.

Note: This linter can be disabled with `set_option linter.style.haveILetI false`
/Users/mjkang/.codex/worktrees/statement-433-migration/poincare/Poincare/Statement.lean:23021:2: warning: Try this: 
  letI̵

The goal is a proposition, so `let` is preferred over `letI`.
The difference between `let` and `letI` is that `letI` inlines the value.
But this is not relevant for proofs because of proof irrelevance.

Note: This linter can be disabled with `set_option linter.style.haveILetI false`
/Users/mjkang/.codex/worktrees/statement-433-migration/poincare/Poincare/Statement.lean:23024:2: warning: Try this: 
  letI̵

The goal is a proposition, so `let` is preferred over `letI`.
The difference between `let` and `letI` is that `letI` inlines the value.
But this is not relevant for proofs because of proof irrelevance.

Note: This linter can be disabled with `set_option linter.style.haveILetI false`
/Users/mjkang/.codex/worktrees/statement-433-migration/poincare/Poincare/Statement.lean:23461:2: warning: Try this: 
  letI̵

The goal is a proposition, so `let` is preferred over `letI`.
The difference between `let` and `letI` is that `letI` inlines the value.
But this is not relevant for proofs because of proof irrelevance.

Note: This linter can be disabled with `set_option linter.style.haveILetI false`
/Users/mjkang/.codex/worktrees/statement-433-migration/poincare/Poincare/Statement.lean:23464:2: warning: Try this: 
  letI̵

The goal is a proposition, so `let` is preferred over `letI`.
The difference between `let` and `letI` is that `letI` inlines the value.
But this is not relevant for proofs because of proof irrelevance.

Note: This linter can be disabled with `set_option linter.style.haveILetI false`
/Users/mjkang/.codex/worktrees/statement-433-migration/poincare/Poincare/Statement.lean:23467:2: warning: Try this: 
  letI̵

The goal is a proposition, so `let` is preferred over `letI`.
The difference between `let` and `letI` is that `letI` inlines the value.
But this is not relevant for proofs because of proof irrelevance.

Note: This linter can be disabled with `set_option linter.style.haveILetI false`
/Users/mjkang/.codex/worktrees/statement-433-migration/poincare/Poincare/Statement.lean:23961:2: warning: Try this: 
  letI̵

The goal is a proposition, so `let` is preferred over `letI`.
The difference between `let` and `letI` is that `letI` inlines the value.
But this is not relevant for proofs because of proof irrelevance.

Note: This linter can be disabled with `set_option linter.style.haveILetI false`
/Users/mjkang/.codex/worktrees/statement-433-migration/poincare/Poincare/Statement.lean:23964:2: warning: Try this: 
  letI̵

The goal is a proposition, so `let` is preferred over `letI`.
The difference between `let` and `letI` is that `letI` inlines the value.
But this is not relevant for proofs because of proof irrelevance.

Note: This linter can be disabled with `set_option linter.style.haveILetI false`
/Users/mjkang/.codex/worktrees/statement-433-migration/poincare/Poincare/Statement.lean:23967:2: warning: Try this: 
  letI̵

The goal is a proposition, so `let` is preferred over `letI`.
The difference between `let` and `letI` is that `letI` inlines the value.
But this is not relevant for proofs because of proof irrelevance.

Note: This linter can be disabled with `set_option linter.style.haveILetI false`
/Users/mjkang/.codex/worktrees/statement-433-migration/poincare/Poincare/Statement.lean:24101:2: warning: Try this: 
  letI̵

The goal is a proposition, so `let` is preferred over `letI`.
The difference between `let` and `letI` is that `letI` inlines the value.
But this is not relevant for proofs because of proof irrelevance.

Note: This linter can be disabled with `set_option linter.style.haveILetI false`
/Users/mjkang/.codex/worktrees/statement-433-migration/poincare/Poincare/Statement.lean:24104:2: warning: Try this: 
  letI̵

The goal is a proposition, so `let` is preferred over `letI`.
The difference between `let` and `letI` is that `letI` inlines the value.
But this is not relevant for proofs because of proof irrelevance.

Note: This linter can be disabled with `set_option linter.style.haveILetI false`
/Users/mjkang/.codex/worktrees/statement-433-migration/poincare/Poincare/Statement.lean:24107:2: warning: Try this: 
  letI̵

The goal is a proposition, so `let` is preferred over `letI`.
The difference between `let` and `letI` is that `letI` inlines the value.
But this is not relevant for proofs because of proof irrelevance.

Note: This linter can be disabled with `set_option linter.style.haveILetI false`
/Users/mjkang/.codex/worktrees/statement-433-migration/poincare/Poincare/Statement.lean:24408:2: warning: Try this: 
  letI̵

The goal is a proposition, so `let` is preferred over `letI`.
The difference between `let` and `letI` is that `letI` inlines the value.
But this is not relevant for proofs because of proof irrelevance.

Note: This linter can be disabled with `set_option linter.style.haveILetI false`
/Users/mjkang/.codex/worktrees/statement-433-migration/poincare/Poincare/Statement.lean:24411:2: warning: Try this: 
  letI̵

The goal is a proposition, so `let` is preferred over `letI`.
The difference between `let` and `letI` is that `letI` inlines the value.
But this is not relevant for proofs because of proof irrelevance.

Note: This linter can be disabled with `set_option linter.style.haveILetI false`
/Users/mjkang/.codex/worktrees/statement-433-migration/poincare/Poincare/Statement.lean:24414:2: warning: Try this: 
  letI̵

The goal is a proposition, so `let` is preferred over `letI`.
The difference between `let` and `letI` is that `letI` inlines the value.
But this is not relevant for proofs because of proof irrelevance.

Note: This linter can be disabled with `set_option linter.style.haveILetI false`
/Users/mjkang/.codex/worktrees/statement-433-migration/poincare/Poincare/Statement.lean:24720:2: warning: Try this: 
  letI̵

The goal is a proposition, so `let` is preferred over `letI`.
The difference between `let` and `letI` is that `letI` inlines the value.
But this is not relevant for proofs because of proof irrelevance.

Note: This linter can be disabled with `set_option linter.style.haveILetI false`
/Users/mjkang/.codex/worktrees/statement-433-migration/poincare/Poincare/Statement.lean:24723:2: warning: Try this: 
  letI̵

The goal is a proposition, so `let` is preferred over `letI`.
The difference between `let` and `letI` is that `letI` inlines the value.
But this is not relevant for proofs because of proof irrelevance.

Note: This linter can be disabled with `set_option linter.style.haveILetI false`
/Users/mjkang/.codex/worktrees/statement-433-migration/poincare/Poincare/Statement.lean:24726:2: warning: Try this: 
  letI̵

The goal is a proposition, so `let` is preferred over `letI`.
The difference between `let` and `letI` is that `letI` inlines the value.
But this is not relevant for proofs because of proof irrelevance.

Note: This linter can be disabled with `set_option linter.style.haveILetI false`
/Users/mjkang/.codex/worktrees/statement-433-migration/poincare/Poincare/Statement.lean:25067:2: warning: Try this: 
  letI̵

The goal is a proposition, so `let` is preferred over `letI`.
The difference between `let` and `letI` is that `letI` inlines the value.
But this is not relevant for proofs because of proof irrelevance.

Note: This linter can be disabled with `set_option linter.style.haveILetI false`
/Users/mjkang/.codex/worktrees/statement-433-migration/poincare/Poincare/Statement.lean:25070:2: warning: Try this: 
  letI̵

The goal is a proposition, so `let` is preferred over `letI`.
The difference between `let` and `letI` is that `letI` inlines the value.
But this is not relevant for proofs because of proof irrelevance.

Note: This linter can be disabled with `set_option linter.style.haveILetI false`
/Users/mjkang/.codex/worktrees/statement-433-migration/poincare/Poincare/Statement.lean:25073:2: warning: Try this: 
  letI̵

The goal is a proposition, so `let` is preferred over `letI`.
The difference between `let` and `letI` is that `letI` inlines the value.
But this is not relevant for proofs because of proof irrelevance.

Note: This linter can be disabled with `set_option linter.style.haveILetI false`
/Users/mjkang/.codex/worktrees/statement-433-migration/poincare/Poincare/Statement.lean:25424:2: warning: Try this: 
  letI̵

The goal is a proposition, so `let` is preferred over `letI`.
The difference between `let` and `letI` is that `letI` inlines the value.
But this is not relevant for proofs because of proof irrelevance.

Note: This linter can be disabled with `set_option linter.style.haveILetI false`
/Users/mjkang/.codex/worktrees/statement-433-migration/poincare/Poincare/Statement.lean:25427:2: warning: Try this: 
  letI̵

The goal is a proposition, so `let` is preferred over `letI`.
The difference between `let` and `letI` is that `letI` inlines the value.
But this is not relevant for proofs because of proof irrelevance.

Note: This linter can be disabled with `set_option linter.style.haveILetI false`
/Users/mjkang/.codex/worktrees/statement-433-migration/poincare/Poincare/Statement.lean:25430:2: warning: Try this: 
  letI̵

The goal is a proposition, so `let` is preferred over `letI`.
The difference between `let` and `letI` is that `letI` inlines the value.
But this is not relevant for proofs because of proof irrelevance.

Note: This linter can be disabled with `set_option linter.style.haveILetI false`
/Users/mjkang/.codex/worktrees/statement-433-migration/poincare/Poincare/Statement.lean:25961:2: warning: Try this: 
  letI̵

The goal is a proposition, so `let` is preferred over `letI`.
The difference between `let` and `letI` is that `letI` inlines the value.
But this is not relevant for proofs because of proof irrelevance.

Note: This linter can be disabled with `set_option linter.style.haveILetI false`
/Users/mjkang/.codex/worktrees/statement-433-migration/poincare/Poincare/Statement.lean:25964:2: warning: Try this: 
  letI̵

The goal is a proposition, so `let` is preferred over `letI`.
The difference between `let` and `letI` is that `letI` inlines the value.
But this is not relevant for proofs because of proof irrelevance.

Note: This linter can be disabled with `set_option linter.style.haveILetI false`
/Users/mjkang/.codex/worktrees/statement-433-migration/poincare/Poincare/Statement.lean:25967:2: warning: Try this: 
  letI̵

The goal is a proposition, so `let` is preferred over `letI`.
The difference between `let` and `letI` is that `letI` inlines the value.
But this is not relevant for proofs because of proof irrelevance.

Note: This linter can be disabled with `set_option linter.style.haveILetI false`
/Users/mjkang/.codex/worktrees/statement-433-migration/poincare/Poincare/Statement.lean:26161:2: warning: Try this: 
  letI̵

The goal is a proposition, so `let` is preferred over `letI`.
The difference between `let` and `letI` is that `letI` inlines the value.
But this is not relevant for proofs because of proof irrelevance.

Note: This linter can be disabled with `set_option linter.style.haveILetI false`
/Users/mjkang/.codex/worktrees/statement-433-migration/poincare/Poincare/Statement.lean:26164:2: warning: Try this: 
  letI̵

The goal is a proposition, so `let` is preferred over `letI`.
The difference between `let` and `letI` is that `letI` inlines the value.
But this is not relevant for proofs because of proof irrelevance.

Note: This linter can be disabled with `set_option linter.style.haveILetI false`
/Users/mjkang/.codex/worktrees/statement-433-migration/poincare/Poincare/Statement.lean:26167:2: warning: Try this: 
  letI̵

The goal is a proposition, so `let` is preferred over `letI`.
The difference between `let` and `letI` is that `letI` inlines the value.
But this is not relevant for proofs because of proof irrelevance.

Note: This linter can be disabled with `set_option linter.style.haveILetI false`
/Users/mjkang/.codex/worktrees/statement-433-migration/poincare/Poincare/Statement.lean:26692:2: warning: Try this: 
  letI̵

The goal is a proposition, so `let` is preferred over `letI`.
The difference between `let` and `letI` is that `letI` inlines the value.
But this is not relevant for proofs because of proof irrelevance.

Note: This linter can be disabled with `set_option linter.style.haveILetI false`
/Users/mjkang/.codex/worktrees/statement-433-migration/poincare/Poincare/Statement.lean:26695:2: warning: Try this: 
  letI̵

The goal is a proposition, so `let` is preferred over `letI`.
The difference between `let` and `letI` is that `letI` inlines the value.
But this is not relevant for proofs because of proof irrelevance.

Note: This linter can be disabled with `set_option linter.style.haveILetI false`
/Users/mjkang/.codex/worktrees/statement-433-migration/poincare/Poincare/Statement.lean:26698:2: warning: Try this: 
  letI̵

The goal is a proposition, so `let` is preferred over `letI`.
The difference between `let` and `letI` is that `letI` inlines the value.
But this is not relevant for proofs because of proof irrelevance.

Note: This linter can be disabled with `set_option linter.style.haveILetI false`
/Users/mjkang/.codex/worktrees/statement-433-migration/poincare/Poincare/Statement.lean:26875:2: warning: Try this: 
  letI̵

The goal is a proposition, so `let` is preferred over `letI`.
The difference between `let` and `letI` is that `letI` inlines the value.
But this is not relevant for proofs because of proof irrelevance.

Note: This linter can be disabled with `set_option linter.style.haveILetI false`
/Users/mjkang/.codex/worktrees/statement-433-migration/poincare/Poincare/Statement.lean:26878:2: warning: Try this: 
  letI̵

The goal is a proposition, so `let` is preferred over `letI`.
The difference between `let` and `letI` is that `letI` inlines the value.
But this is not relevant for proofs because of proof irrelevance.

Note: This linter can be disabled with `set_option linter.style.haveILetI false`
/Users/mjkang/.codex/worktrees/statement-433-migration/poincare/Poincare/Statement.lean:26881:2: warning: Try this: 
  letI̵

The goal is a proposition, so `let` is preferred over `letI`.
The difference between `let` and `letI` is that `letI` inlines the value.
But this is not relevant for proofs because of proof irrelevance.

Note: This linter can be disabled with `set_option linter.style.haveILetI false`
/Users/mjkang/.codex/worktrees/statement-433-migration/poincare/Poincare/Statement.lean:27150:2: warning: Try this: 
  letI̵

The goal is a proposition, so `let` is preferred over `letI`.
The difference between `let` and `letI` is that `letI` inlines the value.
But this is not relevant for proofs because of proof irrelevance.

Note: This linter can be disabled with `set_option linter.style.haveILetI false`
/Users/mjkang/.codex/worktrees/statement-433-migration/poincare/Poincare/Statement.lean:27153:2: warning: Try this: 
  letI̵

The goal is a proposition, so `let` is preferred over `letI`.
The difference between `let` and `letI` is that `letI` inlines the value.
But this is not relevant for proofs because of proof irrelevance.

Note: This linter can be disabled with `set_option linter.style.haveILetI false`
/Users/mjkang/.codex/worktrees/statement-433-migration/poincare/Poincare/Statement.lean:27156:2: warning: Try this: 
  letI̵

The goal is a proposition, so `let` is preferred over `letI`.
The difference between `let` and `letI` is that `letI` inlines the value.
But this is not relevant for proofs because of proof irrelevance.

Note: This linter can be disabled with `set_option linter.style.haveILetI false`
/Users/mjkang/.codex/worktrees/statement-433-migration/poincare/Poincare/Statement.lean:32578:2: warning: Try this: 
  letI̵

The goal is a proposition, so `let` is preferred over `letI`.
The difference between `let` and `letI` is that `letI` inlines the value.
But this is not relevant for proofs because of proof irrelevance.

Note: This linter can be disabled with `set_option linter.style.haveILetI false`
/Users/mjkang/.codex/worktrees/statement-433-migration/poincare/Poincare/Statement.lean:32580:2: warning: Try this: 
  letI̵

The goal is a proposition, so `let` is preferred over `letI`.
The difference between `let` and `letI` is that `letI` inlines the value.
But this is not relevant for proofs because of proof irrelevance.

Note: This linter can be disabled with `set_option linter.style.haveILetI false`
/Users/mjkang/.codex/worktrees/statement-433-migration/poincare/Poincare/Statement.lean:32582:2: warning: Try this: 
  letI̵

The goal is a proposition, so `let` is preferred over `letI`.
The difference between `let` and `letI` is that `letI` inlines the value.
But this is not relevant for proofs because of proof irrelevance.

Note: This linter can be disabled with `set_option linter.style.haveILetI false`
/Users/mjkang/.codex/worktrees/statement-433-migration/poincare/Poincare/Statement.lean:32639:2: warning: Try this: 
  letI̵

The goal is a proposition, so `let` is preferred over `letI`.
The difference between `let` and `letI` is that `letI` inlines the value.
But this is not relevant for proofs because of proof irrelevance.

Note: This linter can be disabled with `set_option linter.style.haveILetI false`
/Users/mjkang/.codex/worktrees/statement-433-migration/poincare/Poincare/Statement.lean:32641:2: warning: Try this: 
  letI̵

The goal is a proposition, so `let` is preferred over `letI`.
The difference between `let` and `letI` is that `letI` inlines the value.
But this is not relevant for proofs because of proof irrelevance.

Note: This linter can be disabled with `set_option linter.style.haveILetI false`
/Users/mjkang/.codex/worktrees/statement-433-migration/poincare/Poincare/Statement.lean:32643:2: warning: Try this: 
  letI̵

The goal is a proposition, so `let` is preferred over `letI`.
The difference between `let` and `letI` is that `letI` inlines the value.
But this is not relevant for proofs because of proof irrelevance.

Note: This linter can be disabled with `set_option linter.style.haveILetI false`
/Users/mjkang/.codex/worktrees/statement-433-migration/poincare/Poincare/Statement.lean:32689:2: warning: Try this: 
  letI̵

The goal is a proposition, so `let` is preferred over `letI`.
The difference between `let` and `letI` is that `letI` inlines the value.
But this is not relevant for proofs because of proof irrelevance.

Note: This linter can be disabled with `set_option linter.style.haveILetI false`
/Users/mjkang/.codex/worktrees/statement-433-migration/poincare/Poincare/Statement.lean:32691:2: warning: Try this: 
  letI̵

The goal is a proposition, so `let` is preferred over `letI`.
The difference between `let` and `letI` is that `letI` inlines the value.
But this is not relevant for proofs because of proof irrelevance.

Note: This linter can be disabled with `set_option linter.style.haveILetI false`
/Users/mjkang/.codex/worktrees/statement-433-migration/poincare/Poincare/Statement.lean:32693:2: warning: Try this: 
  letI̵

The goal is a proposition, so `let` is preferred over `letI`.
The difference between `let` and `letI` is that `letI` inlines the value.
But this is not relevant for proofs because of proof irrelevance.

Note: This linter can be disabled with `set_option linter.style.haveILetI false`
/Users/mjkang/.codex/worktrees/statement-433-migration/poincare/Poincare/Statement.lean:32772:2: warning: Try this: 
  letI̵

The goal is a proposition, so `let` is preferred over `letI`.
The difference between `let` and `letI` is that `letI` inlines the value.
But this is not relevant for proofs because of proof irrelevance.

Note: This linter can be disabled with `set_option linter.style.haveILetI false`
/Users/mjkang/.codex/worktrees/statement-433-migration/poincare/Poincare/Statement.lean:32774:2: warning: Try this: 
  letI̵

The goal is a proposition, so `let` is preferred over `letI`.
The difference between `let` and `letI` is that `letI` inlines the value.
But this is not relevant for proofs because of proof irrelevance.

Note: This linter can be disabled with `set_option linter.style.haveILetI false`
/Users/mjkang/.codex/worktrees/statement-433-migration/poincare/Poincare/Statement.lean:32776:2: warning: Try this: 
  letI̵

The goal is a proposition, so `let` is preferred over `letI`.
The difference between `let` and `letI` is that `letI` inlines the value.
But this is not relevant for proofs because of proof irrelevance.

Note: This linter can be disabled with `set_option linter.style.haveILetI false`
/Users/mjkang/.codex/worktrees/statement-433-migration/poincare/Poincare/Statement.lean:43661:2: warning: Try this: 
  letI̵

The goal is a proposition, so `let` is preferred over `letI`.
The difference between `let` and `letI` is that `letI` inlines the value.
But this is not relevant for proofs because of proof irrelevance.

Note: This linter can be disabled with `set_option linter.style.haveILetI false`
/Users/mjkang/.codex/worktrees/statement-433-migration/poincare/Poincare/Statement.lean:43663:2: warning: Try this: 
  letI̵

The goal is a proposition, so `let` is preferred over `letI`.
The difference between `let` and `letI` is that `letI` inlines the value.
But this is not relevant for proofs because of proof irrelevance.

Note: This linter can be disabled with `set_option linter.style.haveILetI false`
/Users/mjkang/.codex/worktrees/statement-433-migration/poincare/Poincare/Statement.lean:43665:2: warning: Try this: 
  letI̵

The goal is a proposition, so `let` is preferred over `letI`.
The difference between `let` and `letI` is that `letI` inlines the value.
But this is not relevant for proofs because of proof irrelevance.

Note: This linter can be disabled with `set_option linter.style.haveILetI false`
/Users/mjkang/.codex/worktrees/statement-433-migration/poincare/Poincare/Statement.lean:43733:2: warning: Try this: 
  letI̵

The goal is a proposition, so `let` is preferred over `letI`.
The difference between `let` and `letI` is that `letI` inlines the value.
But this is not relevant for proofs because of proof irrelevance.

Note: This linter can be disabled with `set_option linter.style.haveILetI false`
/Users/mjkang/.codex/worktrees/statement-433-migration/poincare/Poincare/Statement.lean:43734:2: warning: Try this: 
  letI̵

The goal is a proposition, so `let` is preferred over `letI`.
The difference between `let` and `letI` is that `letI` inlines the value.
But this is not relevant for proofs because of proof irrelevance.

Note: This linter can be disabled with `set_option linter.style.haveILetI false`
/Users/mjkang/.codex/worktrees/statement-433-migration/poincare/Poincare/Statement.lean:43735:2: warning: Try this: 
  letI̵

The goal is a proposition, so `let` is preferred over `letI`.
The difference between `let` and `letI` is that `letI` inlines the value.
But this is not relevant for proofs because of proof irrelevance.

Note: This linter can be disabled with `set_option linter.style.haveILetI false`
/Users/mjkang/.codex/worktrees/statement-433-migration/poincare/Poincare/Statement.lean:44056:2: warning: Try this: 
  letI̵

The goal is a proposition, so `let` is preferred over `letI`.
The difference between `let` and `letI` is that `letI` inlines the value.
But this is not relevant for proofs because of proof irrelevance.

Note: This linter can be disabled with `set_option linter.style.haveILetI false`
/Users/mjkang/.codex/worktrees/statement-433-migration/poincare/Poincare/Statement.lean:44081:2: warning: Try this: 
  letI̵

The goal is a proposition, so `let` is preferred over `letI`.
The difference between `let` and `letI` is that `letI` inlines the value.
But this is not relevant for proofs because of proof irrelevance.

Note: This linter can be disabled with `set_option linter.style.haveILetI false`
/Users/mjkang/.codex/worktrees/statement-433-migration/poincare/Poincare/Statement.lean:44174:2: warning: Try this: 
  letI̵

The goal is a proposition, so `let` is preferred over `letI`.
The difference between `let` and `letI` is that `letI` inlines the value.
But this is not relevant for proofs because of proof irrelevance.

Note: This linter can be disabled with `set_option linter.style.haveILetI false`
/Users/mjkang/.codex/worktrees/statement-433-migration/poincare/Poincare/Statement.lean:44204:17: warning: `LocPathConnectedSpace` has been deprecated: Use `LocallyPathConnectedSpace` instead
/Users/mjkang/.codex/worktrees/statement-433-migration/poincare/Poincare/Statement.lean:44207:2: warning: Try this: 
  letI̵

The goal is a proposition, so `let` is preferred over `letI`.
The difference between `let` and `letI` is that `letI` inlines the value.
But this is not relevant for proofs because of proof irrelevance.

Note: This linter can be disabled with `set_option linter.style.haveILetI false`
/Users/mjkang/.codex/worktrees/statement-433-migration/poincare/Poincare/Statement.lean:44239:2: warning: Try this: 
  letI̵

The goal is a proposition, so `let` is preferred over `letI`.
The difference between `let` and `letI` is that `letI` inlines the value.
But this is not relevant for proofs because of proof irrelevance.

Note: This linter can be disabled with `set_option linter.style.haveILetI false`
/Users/mjkang/.codex/worktrees/statement-433-migration/poincare/Poincare/Statement.lean:44298:17: warning: `LocPathConnectedSpace` has been deprecated: Use `LocallyPathConnectedSpace` instead
/Users/mjkang/.codex/worktrees/statement-433-migration/poincare/Poincare/Statement.lean:44301:2: warning: Try this: 
  letI̵

The goal is a proposition, so `let` is preferred over `letI`.
The difference between `let` and `letI` is that `letI` inlines the value.
But this is not relevant for proofs because of proof irrelevance.

Note: This linter can be disabled with `set_option linter.style.haveILetI false`
/Users/mjkang/.codex/worktrees/statement-433-migration/poincare/Poincare/Statement.lean:44331:17: warning: `LocPathConnectedSpace` has been deprecated: Use `LocallyPathConnectedSpace` instead
/Users/mjkang/.codex/worktrees/statement-433-migration/poincare/Poincare/Statement.lean:44370:4: warning: Try this: 
  letI̵

The goal is a proposition, so `let` is preferred over `letI`.
The difference between `let` and `letI` is that `letI` inlines the value.
But this is not relevant for proofs because of proof irrelevance.

Note: This linter can be disabled with `set_option linter.style.haveILetI false`
/Users/mjkang/.codex/worktrees/statement-433-migration/poincare/Poincare/Statement.lean:44387:10: warning: Try this: 
  letI̵

The goal is a proposition, so `let` is preferred over `letI`.
The difference between `let` and `letI` is that `letI` inlines the value.
But this is not relevant for proofs because of proof irrelevance.

Note: This linter can be disabled with `set_option linter.style.haveILetI false`
/Users/mjkang/.codex/worktrees/statement-433-migration/poincare/Poincare/Statement.lean:44430:17: warning: `LocPathConnectedSpace` has been deprecated: Use `LocallyPathConnectedSpace` instead
/Users/mjkang/.codex/worktrees/statement-433-migration/poincare/Poincare/Statement.lean:44439:4: warning: Try this: 
  letI̵

The goal is a proposition, so `let` is preferred over `letI`.
The difference between `let` and `letI` is that `letI` inlines the value.
But this is not relevant for proofs because of proof irrelevance.

Note: This linter can be disabled with `set_option linter.style.haveILetI false`
/Users/mjkang/.codex/worktrees/statement-433-migration/poincare/Poincare/Statement.lean:44456:10: warning: Try this: 
  letI̵

The goal is a proposition, so `let` is preferred over `letI`.
The difference between `let` and `letI` is that `letI` inlines the value.
But this is not relevant for proofs because of proof irrelevance.

Note: This linter can be disabled with `set_option linter.style.haveILetI false`
/Users/mjkang/.codex/worktrees/statement-433-migration/poincare/Poincare/Statement.lean:44472:17: warning: `LocPathConnectedSpace` has been deprecated: Use `LocallyPathConnectedSpace` instead
/Users/mjkang/.codex/worktrees/statement-433-migration/poincare/Poincare/Statement.lean:44580:2: warning: Try this: 
  letI̵

The goal is a proposition, so `let` is preferred over `letI`.
The difference between `let` and `letI` is that `letI` inlines the value.
But this is not relevant for proofs because of proof irrelevance.

Note: This linter can be disabled with `set_option linter.style.haveILetI false`
/Users/mjkang/.codex/worktrees/statement-433-migration/poincare/Poincare/Statement.lean:45007:2: warning: Try this: 
  letI̵

The goal is a proposition, so `let` is preferred over `letI`.
The difference between `let` and `letI` is that `letI` inlines the value.
But this is not relevant for proofs because of proof irrelevance.

Note: This linter can be disabled with `set_option linter.style.haveILetI false`
/Users/mjkang/.codex/worktrees/statement-433-migration/poincare/Poincare/Statement.lean:45025:10: warning: Try this: 
  letI̵

The goal is a proposition, so `let` is preferred over `letI`.
The difference between `let` and `letI` is that `letI` inlines the value.
But this is not relevant for proofs because of proof irrelevance.

Note: This linter can be disabled with `set_option linter.style.haveILetI false`
/Users/mjkang/.codex/worktrees/statement-433-migration/poincare/Poincare/Statement.lean:45141:10: warning: Try this: 
  letI̵

The goal is a proposition, so `let` is preferred over `letI`.
The difference between `let` and `letI` is that `letI` inlines the value.
But this is not relevant for proofs because of proof irrelevance.

Note: This linter can be disabled with `set_option linter.style.haveILetI false`
/Users/mjkang/.codex/worktrees/statement-433-migration/poincare/Poincare/Statement.lean:45177:2: warning: Try this: 
  letI̵

The goal is a proposition, so `let` is preferred over `letI`.
The difference between `let` and `letI` is that `letI` inlines the value.
But this is not relevant for proofs because of proof irrelevance.

Note: This linter can be disabled with `set_option linter.style.haveILetI false`
/Users/mjkang/.codex/worktrees/statement-433-migration/poincare/Poincare/Statement.lean:45338:10: warning: Try this: 
  letI̵

The goal is a proposition, so `let` is preferred over `letI`.
The difference between `let` and `letI` is that `letI` inlines the value.
But this is not relevant for proofs because of proof irrelevance.

Note: This linter can be disabled with `set_option linter.style.haveILetI false`
/Users/mjkang/.codex/worktrees/statement-433-migration/poincare/Poincare/Statement.lean:45378:2: warning: Try this: 
  letI̵

The goal is a proposition, so `let` is preferred over `letI`.
The difference between `let` and `letI` is that `letI` inlines the value.
But this is not relevant for proofs because of proof irrelevance.

Note: This linter can be disabled with `set_option linter.style.haveILetI false`
/Users/mjkang/.codex/worktrees/statement-433-migration/poincare/Poincare/Statement.lean:45395:10: warning: Try this: 
  letI̵

The goal is a proposition, so `let` is preferred over `letI`.
The difference between `let` and `letI` is that `letI` inlines the value.
But this is not relevant for proofs because of proof irrelevance.

Note: This linter can be disabled with `set_option linter.style.haveILetI false`
/Users/mjkang/.codex/worktrees/statement-433-migration/poincare/Poincare/Statement.lean:45884:17: warning: `LocPathConnectedSpace` has been deprecated: Use `LocallyPathConnectedSpace` instead
/Users/mjkang/.codex/worktrees/statement-433-migration/poincare/Poincare/Statement.lean:46104:2: warning: Try this: 
  letI̵

The goal is a proposition, so `let` is preferred over `letI`.
The difference between `let` and `letI` is that `letI` inlines the value.
But this is not relevant for proofs because of proof irrelevance.

Note: This linter can be disabled with `set_option linter.style.haveILetI false`
/Users/mjkang/.codex/worktrees/statement-433-migration/poincare/Poincare/Statement.lean:46114:2: warning: Try this: 
  letI̵

The goal is a proposition, so `let` is preferred over `letI`.
The difference between `let` and `letI` is that `letI` inlines the value.
But this is not relevant for proofs because of proof irrelevance.

Note: This linter can be disabled with `set_option linter.style.haveILetI false`
/Users/mjkang/.codex/worktrees/statement-433-migration/poincare/Poincare/Statement.lean:46125:2: warning: Try this: 
  letI̵

The goal is a proposition, so `let` is preferred over `letI`.
The difference between `let` and `letI` is that `letI` inlines the value.
But this is not relevant for proofs because of proof irrelevance.

Note: This linter can be disabled with `set_option linter.style.haveILetI false`
/Users/mjkang/.codex/worktrees/statement-433-migration/poincare/Poincare/Statement.lean:46136:2: warning: Try this: 
  letI̵

The goal is a proposition, so `let` is preferred over `letI`.
The difference between `let` and `letI` is that `letI` inlines the value.
But this is not relevant for proofs because of proof irrelevance.

Note: This linter can be disabled with `set_option linter.style.haveILetI false`
/Users/mjkang/.codex/worktrees/statement-433-migration/poincare/Poincare/Statement.lean:46146:2: warning: Try this: 
  letI̵

The goal is a proposition, so `let` is preferred over `letI`.
The difference between `let` and `letI` is that `letI` inlines the value.
But this is not relevant for proofs because of proof irrelevance.

Note: This linter can be disabled with `set_option linter.style.haveILetI false`
/Users/mjkang/.codex/worktrees/statement-433-migration/poincare/Poincare/Statement.lean:46928:2: warning: Try this: 
  letI̵

The goal is a proposition, so `let` is preferred over `letI`.
The difference between `let` and `letI` is that `letI` inlines the value.
But this is not relevant for proofs because of proof irrelevance.

Note: This linter can be disabled with `set_option linter.style.haveILetI false`
/Users/mjkang/.codex/worktrees/statement-433-migration/poincare/Poincare/Statement.lean:46970:17: warning: `LocPathConnectedSpace` has been deprecated: Use `LocallyPathConnectedSpace` instead
/Users/mjkang/.codex/worktrees/statement-433-migration/poincare/Poincare/Statement.lean:46973:2: warning: Try this: 
  letI̵

The goal is a proposition, so `let` is preferred over `letI`.
The difference between `let` and `letI` is that `letI` inlines the value.
But this is not relevant for proofs because of proof irrelevance.

Note: This linter can be disabled with `set_option linter.style.haveILetI false`
/Users/mjkang/.codex/worktrees/statement-433-migration/poincare/Poincare/Statement.lean:47017:2: warning: Try this: 
  letI̵

The goal is a proposition, so `let` is preferred over `letI`.
The difference between `let` and `letI` is that `letI` inlines the value.
But this is not relevant for proofs because of proof irrelevance.

Note: This linter can be disabled with `set_option linter.style.haveILetI false`
/Users/mjkang/.codex/worktrees/statement-433-migration/poincare/Poincare/Statement.lean:47071:17: warning: `LocPathConnectedSpace` has been deprecated: Use `LocallyPathConnectedSpace` instead
/Users/mjkang/.codex/worktrees/statement-433-migration/poincare/Poincare/Statement.lean:47074:2: warning: Try this: 
  letI̵

The goal is a proposition, so `let` is preferred over `letI`.
The difference between `let` and `letI` is that `letI` inlines the value.
But this is not relevant for proofs because of proof irrelevance.

Note: This linter can be disabled with `set_option linter.style.haveILetI false`
/Users/mjkang/.codex/worktrees/statement-433-migration/poincare/Poincare/Statement.lean:47130:2: warning: Try this: 
  letI̵

The goal is a proposition, so `let` is preferred over `letI`.
The difference between `let` and `letI` is that `letI` inlines the value.
But this is not relevant for proofs because of proof irrelevance.

Note: This linter can be disabled with `set_option linter.style.haveILetI false`
/Users/mjkang/.codex/worktrees/statement-433-migration/poincare/Poincare/Statement.lean:47197:17: warning: `LocPathConnectedSpace` has been deprecated: Use `LocallyPathConnectedSpace` instead
/Users/mjkang/.codex/worktrees/statement-433-migration/poincare/Poincare/Statement.lean:47200:2: warning: Try this: 
  letI̵

The goal is a proposition, so `let` is preferred over `letI`.
The difference between `let` and `letI` is that `letI` inlines the value.
But this is not relevant for proofs because of proof irrelevance.

Note: This linter can be disabled with `set_option linter.style.haveILetI false`
/Users/mjkang/.codex/worktrees/statement-433-migration/poincare/Poincare/Statement.lean:47270:2: warning: Try this: 
  letI̵

The goal is a proposition, so `let` is preferred over `letI`.
The difference between `let` and `letI` is that `letI` inlines the value.
But this is not relevant for proofs because of proof irrelevance.

Note: This linter can be disabled with `set_option linter.style.haveILetI false`
/Users/mjkang/.codex/worktrees/statement-433-migration/poincare/Poincare/Statement.lean:47317:17: warning: `LocPathConnectedSpace` has been deprecated: Use `LocallyPathConnectedSpace` instead
/Users/mjkang/.codex/worktrees/statement-433-migration/poincare/Poincare/Statement.lean:47320:2: warning: Try this: 
  letI̵

The goal is a proposition, so `let` is preferred over `letI`.
The difference between `let` and `letI` is that `letI` inlines the value.
But this is not relevant for proofs because of proof irrelevance.

Note: This linter can be disabled with `set_option linter.style.haveILetI false`
/Users/mjkang/.codex/worktrees/statement-433-migration/poincare/Poincare/Statement.lean:47489:17: warning: `LocPathConnectedSpace` has been deprecated: Use `LocallyPathConnectedSpace` instead
/Users/mjkang/.codex/worktrees/statement-433-migration/poincare/Poincare/Statement.lean:47583:2: warning: Try this: 
  letI̵

The goal is a proposition, so `let` is preferred over `letI`.
The difference between `let` and `letI` is that `letI` inlines the value.
But this is not relevant for proofs because of proof irrelevance.

Note: This linter can be disabled with `set_option linter.style.haveILetI false`
/Users/mjkang/.codex/worktrees/statement-433-migration/poincare/Poincare/Statement.lean:47663:17: warning: `LocPathConnectedSpace` has been deprecated: Use `LocallyPathConnectedSpace` instead
/Users/mjkang/.codex/worktrees/statement-433-migration/poincare/Poincare/Statement.lean:47666:2: warning: Try this: 
  letI̵

The goal is a proposition, so `let` is preferred over `letI`.
The difference between `let` and `letI` is that `letI` inlines the value.
But this is not relevant for proofs because of proof irrelevance.

Note: This linter can be disabled with `set_option linter.style.haveILetI false`
/Users/mjkang/.codex/worktrees/statement-433-migration/poincare/Poincare/Statement.lean:47747:2: warning: Try this: 
  letI̵

The goal is a proposition, so `let` is preferred over `letI`.
The difference between `let` and `letI` is that `letI` inlines the value.
But this is not relevant for proofs because of proof irrelevance.

Note: This linter can be disabled with `set_option linter.style.haveILetI false`
/Users/mjkang/.codex/worktrees/statement-433-migration/poincare/Poincare/Statement.lean:47815:17: warning: `LocPathConnectedSpace` has been deprecated: Use `LocallyPathConnectedSpace` instead
/Users/mjkang/.codex/worktrees/statement-433-migration/poincare/Poincare/Statement.lean:47818:2: warning: Try this: 
  letI̵

The goal is a proposition, so `let` is preferred over `letI`.
The difference between `let` and `letI` is that `letI` inlines the value.
But this is not relevant for proofs because of proof irrelevance.

Note: This linter can be disabled with `set_option linter.style.haveILetI false`
