AXIOM_CONTRACT_OK: Poincare.geodesicFlowField
AXIOM_CONTRACT_OK: Poincare.geodesicFlowField_apply
AXIOM_CONTRACT_OK: Poincare.contDiffAt_geodesicFlowField
AXIOM_CONTRACT_OK: Poincare.contDiff_geodesicFlowField
AXIOM_CONTRACT_OK: Poincare.exists_geodesicFlowField_solution_of_contDiffAt
AXIOM_CONTRACT_OK: Poincare.exists_geodesicFlowField_solution
AXIOM_CONTRACT_OK: Poincare.exists_geodesicFlowField_solution_of_contDiff
AXIOM_CONTRACT_OK: Poincare.geodesicFlowField_eventuallyEq_of_lipschitz
AXIOM_CONTRACT_OK: Poincare.geodesicFlowField_eventuallyEq_of_contDiffAt
AXIOM_CONTRACT_OK: Poincare.geodesic_position_hasDerivAt
AXIOM_CONTRACT_OK: Poincare.geodesic_velocity_hasDerivAt
AXIOM_CONTRACT_OK: Poincare.geodesic_components_hasDerivAt
harness/v2/state/upstream-verification-20260930/geodesic-433-task-a01/OriginalFrozenProbe.lean:60:54: warning: The '⋯' token is used by the pretty printer to indicate omitted terms, and it should not be used directly. It logs this warning and then elaborates like '_'.

The presence of '⋯' in pretty printing output is controlled by the 'pp.maxSteps', 'pp.deepTerms' and 'pp.proofs' options. These options can be further adjusted using 'pp.deepTerms.threshold' and 'pp.proofs.threshold'. If this '⋯' was copied from the Infoview, the hover there for the original '⋯' explains which of these options led to the omission.
harness/v2/state/upstream-verification-20260930/geodesic-433-task-a01/OriginalFrozenProbe.lean:83:90: warning: The '⋯' token is used by the pretty printer to indicate omitted terms, and it should not be used directly. It logs this warning and then elaborates like '_'.

The presence of '⋯' in pretty printing output is controlled by the 'pp.maxSteps', 'pp.deepTerms' and 'pp.proofs' options. These options can be further adjusted using 'pp.deepTerms.threshold' and 'pp.proofs.threshold'. If this '⋯' was copied from the Infoview, the hover there for the original '⋯' explains which of these options led to the omission.
harness/v2/state/upstream-verification-20260930/geodesic-433-task-a01/OriginalFrozenProbe.lean:111:41: warning: The '⋯' token is used by the pretty printer to indicate omitted terms, and it should not be used directly. It logs this warning and then elaborates like '_'.

The presence of '⋯' in pretty printing output is controlled by the 'pp.maxSteps', 'pp.deepTerms' and 'pp.proofs' options. These options can be further adjusted using 'pp.deepTerms.threshold' and 'pp.proofs.threshold'. If this '⋯' was copied from the Infoview, the hover there for the original '⋯' explains which of these options led to the omission.
harness/v2/state/upstream-verification-20260930/geodesic-433-task-a01/OriginalFrozenProbe.lean:111:45: warning: The '⋯' token is used by the pretty printer to indicate omitted terms, and it should not be used directly. It logs this warning and then elaborates like '_'.

The presence of '⋯' in pretty printing output is controlled by the 'pp.maxSteps', 'pp.deepTerms' and 'pp.proofs' options. These options can be further adjusted using 'pp.deepTerms.threshold' and 'pp.proofs.threshold'. If this '⋯' was copied from the Infoview, the hover there for the original '⋯' explains which of these options led to the omission.
harness/v2/state/upstream-verification-20260930/geodesic-433-task-a01/OriginalFrozenProbe.lean:112:28: warning: The '⋯' token is used by the pretty printer to indicate omitted terms, and it should not be used directly. It logs this warning and then elaborates like '_'.

The presence of '⋯' in pretty printing output is controlled by the 'pp.maxSteps', 'pp.deepTerms' and 'pp.proofs' options. These options can be further adjusted using 'pp.deepTerms.threshold' and 'pp.proofs.threshold'. If this '⋯' was copied from the Infoview, the hover there for the original '⋯' explains which of these options led to the omission.
harness/v2/state/upstream-verification-20260930/geodesic-433-task-a01/OriginalFrozenProbe.lean:342:0: error: unresolved metavariables in frozen type for Poincare.geodesicFlowField
harness/v2/state/upstream-verification-20260930/geodesic-433-task-a01/OriginalFrozenProbe.lean:60:51: warning: The '⋯' token is used by the pretty printer to indicate omitted terms, and it should not be used directly. It logs this warning and then elaborates like '_'.

The presence of '⋯' in pretty printing output is controlled by the 'pp.maxSteps', 'pp.deepTerms' and 'pp.proofs' options. These options can be further adjusted using 'pp.deepTerms.threshold' and 'pp.proofs.threshold'. If this '⋯' was copied from the Infoview, the hover there for the original '⋯' explains which of these options led to the omission.
harness/v2/state/upstream-verification-20260930/geodesic-433-task-a01/OriginalFrozenProbe.lean:83:87: warning: The '⋯' token is used by the pretty printer to indicate omitted terms, and it should not be used directly. It logs this warning and then elaborates like '_'.

The presence of '⋯' in pretty printing output is controlled by the 'pp.maxSteps', 'pp.deepTerms' and 'pp.proofs' options. These options can be further adjusted using 'pp.deepTerms.threshold' and 'pp.proofs.threshold'. If this '⋯' was copied from the Infoview, the hover there for the original '⋯' explains which of these options led to the omission.
harness/v2/state/upstream-verification-20260930/geodesic-433-task-a01/OriginalFrozenProbe.lean:111:38: warning: The '⋯' token is used by the pretty printer to indicate omitted terms, and it should not be used directly. It logs this warning and then elaborates like '_'.

The presence of '⋯' in pretty printing output is controlled by the 'pp.maxSteps', 'pp.deepTerms' and 'pp.proofs' options. These options can be further adjusted using 'pp.deepTerms.threshold' and 'pp.proofs.threshold'. If this '⋯' was copied from the Infoview, the hover there for the original '⋯' explains which of these options led to the omission.
harness/v2/state/upstream-verification-20260930/geodesic-433-task-a01/OriginalFrozenProbe.lean:111:42: warning: The '⋯' token is used by the pretty printer to indicate omitted terms, and it should not be used directly. It logs this warning and then elaborates like '_'.

The presence of '⋯' in pretty printing output is controlled by the 'pp.maxSteps', 'pp.deepTerms' and 'pp.proofs' options. These options can be further adjusted using 'pp.deepTerms.threshold' and 'pp.proofs.threshold'. If this '⋯' was copied from the Infoview, the hover there for the original '⋯' explains which of these options led to the omission.
harness/v2/state/upstream-verification-20260930/geodesic-433-task-a01/OriginalFrozenProbe.lean:112:25: warning: The '⋯' token is used by the pretty printer to indicate omitted terms, and it should not be used directly. It logs this warning and then elaborates like '_'.

The presence of '⋯' in pretty printing output is controlled by the 'pp.maxSteps', 'pp.deepTerms' and 'pp.proofs' options. These options can be further adjusted using 'pp.deepTerms.threshold' and 'pp.proofs.threshold'. If this '⋯' was copied from the Infoview, the hover there for the original '⋯' explains which of these options led to the omission.
harness/v2/state/upstream-verification-20260930/geodesic-433-task-a01/OriginalFrozenProbe.lean:223:10: warning: The '⋯' token is used by the pretty printer to indicate omitted terms, and it should not be used directly. It logs this warning and then elaborates like '_'.

The presence of '⋯' in pretty printing output is controlled by the 'pp.maxSteps', 'pp.deepTerms' and 'pp.proofs' options. These options can be further adjusted using 'pp.deepTerms.threshold' and 'pp.proofs.threshold'. If this '⋯' was copied from the Infoview, the hover there for the original '⋯' explains which of these options led to the omission.
harness/v2/state/upstream-verification-20260930/geodesic-433-task-a01/OriginalFrozenProbe.lean:244:36: warning: The '⋯' token is used by the pretty printer to indicate omitted terms, and it should not be used directly. It logs this warning and then elaborates like '_'.

The presence of '⋯' in pretty printing output is controlled by the 'pp.maxSteps', 'pp.deepTerms' and 'pp.proofs' options. These options can be further adjusted using 'pp.deepTerms.threshold' and 'pp.proofs.threshold'. If this '⋯' was copied from the Infoview, the hover there for the original '⋯' explains which of these options led to the omission.
harness/v2/state/upstream-verification-20260930/geodesic-433-task-a01/OriginalFrozenProbe.lean:271:40: warning: The '⋯' token is used by the pretty printer to indicate omitted terms, and it should not be used directly. It logs this warning and then elaborates like '_'.

The presence of '⋯' in pretty printing output is controlled by the 'pp.maxSteps', 'pp.deepTerms' and 'pp.proofs' options. These options can be further adjusted using 'pp.deepTerms.threshold' and 'pp.proofs.threshold'. If this '⋯' was copied from the Infoview, the hover there for the original '⋯' explains which of these options led to the omission.
harness/v2/state/upstream-verification-20260930/geodesic-433-task-a01/OriginalFrozenProbe.lean:271:44: warning: The '⋯' token is used by the pretty printer to indicate omitted terms, and it should not be used directly. It logs this warning and then elaborates like '_'.

The presence of '⋯' in pretty printing output is controlled by the 'pp.maxSteps', 'pp.deepTerms' and 'pp.proofs' options. These options can be further adjusted using 'pp.deepTerms.threshold' and 'pp.proofs.threshold'. If this '⋯' was copied from the Infoview, the hover there for the original '⋯' explains which of these options led to the omission.
harness/v2/state/upstream-verification-20260930/geodesic-433-task-a01/OriginalFrozenProbe.lean:272:54: warning: The '⋯' token is used by the pretty printer to indicate omitted terms, and it should not be used directly. It logs this warning and then elaborates like '_'.

The presence of '⋯' in pretty printing output is controlled by the 'pp.maxSteps', 'pp.deepTerms' and 'pp.proofs' options. These options can be further adjusted using 'pp.deepTerms.threshold' and 'pp.proofs.threshold'. If this '⋯' was copied from the Infoview, the hover there for the original '⋯' explains which of these options led to the omission.
harness/v2/state/upstream-verification-20260930/geodesic-433-task-a01/OriginalFrozenProbe.lean:347:177333: warning: The '⋯' token is used by the pretty printer to indicate omitted terms, and it should not be used directly. It logs this warning and then elaborates like '_'.

The presence of '⋯' in pretty printing output is controlled by the 'pp.maxSteps', 'pp.deepTerms' and 'pp.proofs' options. These options can be further adjusted using 'pp.deepTerms.threshold' and 'pp.proofs.threshold'. If this '⋯' was copied from the Infoview, the hover there for the original '⋯' explains which of these options led to the omission.
harness/v2/state/upstream-verification-20260930/geodesic-433-task-a01/OriginalFrozenProbe.lean:347:1050: warning: The '⋯' token is used by the pretty printer to indicate omitted terms, and it should not be used directly. It logs this warning and then elaborates like '_'.

The presence of '⋯' in pretty printing output is controlled by the 'pp.maxSteps', 'pp.deepTerms' and 'pp.proofs' options. These options can be further adjusted using 'pp.deepTerms.threshold' and 'pp.proofs.threshold'. If this '⋯' was copied from the Infoview, the hover there for the original '⋯' explains which of these options led to the omission.
harness/v2/state/upstream-verification-20260930/geodesic-433-task-a01/OriginalFrozenProbe.lean:347:2243: warning: The '⋯' token is used by the pretty printer to indicate omitted terms, and it should not be used directly. It logs this warning and then elaborates like '_'.

The presence of '⋯' in pretty printing output is controlled by the 'pp.maxSteps', 'pp.deepTerms' and 'pp.proofs' options. These options can be further adjusted using 'pp.deepTerms.threshold' and 'pp.proofs.threshold'. If this '⋯' was copied from the Infoview, the hover there for the original '⋯' explains which of these options led to the omission.
harness/v2/state/upstream-verification-20260930/geodesic-433-task-a01/OriginalFrozenProbe.lean:347:2247: warning: The '⋯' token is used by the pretty printer to indicate omitted terms, and it should not be used directly. It logs this warning and then elaborates like '_'.

The presence of '⋯' in pretty printing output is controlled by the 'pp.maxSteps', 'pp.deepTerms' and 'pp.proofs' options. These options can be further adjusted using 'pp.deepTerms.threshold' and 'pp.proofs.threshold'. If this '⋯' was copied from the Infoview, the hover there for the original '⋯' explains which of these options led to the omission.
harness/v2/state/upstream-verification-20260930/geodesic-433-task-a01/OriginalFrozenProbe.lean:347:2328: warning: The '⋯' token is used by the pretty printer to indicate omitted terms, and it should not be used directly. It logs this warning and then elaborates like '_'.

The presence of '⋯' in pretty printing output is controlled by the 'pp.maxSteps', 'pp.deepTerms' and 'pp.proofs' options. These options can be further adjusted using 'pp.deepTerms.threshold' and 'pp.proofs.threshold'. If this '⋯' was copied from the Infoview, the hover there for the original '⋯' explains which of these options led to the omission.
FROZEN_CONTRACT_OK: Poincare.geodesicFlowField_apply
harness/v2/state/upstream-verification-20260930/geodesic-433-task-a01/OriginalFrozenProbe.lean:60:51: warning: The '⋯' token is used by the pretty printer to indicate omitted terms, and it should not be used directly. It logs this warning and then elaborates like '_'.

The presence of '⋯' in pretty printing output is controlled by the 'pp.maxSteps', 'pp.deepTerms' and 'pp.proofs' options. These options can be further adjusted using 'pp.deepTerms.threshold' and 'pp.proofs.threshold'. If this '⋯' was copied from the Infoview, the hover there for the original '⋯' explains which of these options led to the omission.
harness/v2/state/upstream-verification-20260930/geodesic-433-task-a01/OriginalFrozenProbe.lean:83:87: warning: The '⋯' token is used by the pretty printer to indicate omitted terms, and it should not be used directly. It logs this warning and then elaborates like '_'.

The presence of '⋯' in pretty printing output is controlled by the 'pp.maxSteps', 'pp.deepTerms' and 'pp.proofs' options. These options can be further adjusted using 'pp.deepTerms.threshold' and 'pp.proofs.threshold'. If this '⋯' was copied from the Infoview, the hover there for the original '⋯' explains which of these options led to the omission.
harness/v2/state/upstream-verification-20260930/geodesic-433-task-a01/OriginalFrozenProbe.lean:111:38: warning: The '⋯' token is used by the pretty printer to indicate omitted terms, and it should not be used directly. It logs this warning and then elaborates like '_'.

The presence of '⋯' in pretty printing output is controlled by the 'pp.maxSteps', 'pp.deepTerms' and 'pp.proofs' options. These options can be further adjusted using 'pp.deepTerms.threshold' and 'pp.proofs.threshold'. If this '⋯' was copied from the Infoview, the hover there for the original '⋯' explains which of these options led to the omission.
harness/v2/state/upstream-verification-20260930/geodesic-433-task-a01/OriginalFrozenProbe.lean:111:42: warning: The '⋯' token is used by the pretty printer to indicate omitted terms, and it should not be used directly. It logs this warning and then elaborates like '_'.

The presence of '⋯' in pretty printing output is controlled by the 'pp.maxSteps', 'pp.deepTerms' and 'pp.proofs' options. These options can be further adjusted using 'pp.deepTerms.threshold' and 'pp.proofs.threshold'. If this '⋯' was copied from the Infoview, the hover there for the original '⋯' explains which of these options led to the omission.
harness/v2/state/upstream-verification-20260930/geodesic-433-task-a01/OriginalFrozenProbe.lean:112:25: warning: The '⋯' token is used by the pretty printer to indicate omitted terms, and it should not be used directly. It logs this warning and then elaborates like '_'.

The presence of '⋯' in pretty printing output is controlled by the 'pp.maxSteps', 'pp.deepTerms' and 'pp.proofs' options. These options can be further adjusted using 'pp.deepTerms.threshold' and 'pp.proofs.threshold'. If this '⋯' was copied from the Infoview, the hover there for the original '⋯' explains which of these options led to the omission.
harness/v2/state/upstream-verification-20260930/geodesic-433-task-a01/OriginalFrozenProbe.lean:168:27: warning: The '⋯' token is used by the pretty printer to indicate omitted terms, and it should not be used directly. It logs this warning and then elaborates like '_'.

The presence of '⋯' in pretty printing output is controlled by the 'pp.maxSteps', 'pp.deepTerms' and 'pp.proofs' options. These options can be further adjusted using 'pp.deepTerms.threshold' and 'pp.proofs.threshold'. If this '⋯' was copied from the Infoview, the hover there for the original '⋯' explains which of these options led to the omission.
harness/v2/state/upstream-verification-20260930/geodesic-433-task-a01/OriginalFrozenProbe.lean:192:15: warning: The '⋯' token is used by the pretty printer to indicate omitted terms, and it should not be used directly. It logs this warning and then elaborates like '_'.

The presence of '⋯' in pretty printing output is controlled by the 'pp.maxSteps', 'pp.deepTerms' and 'pp.proofs' options. These options can be further adjusted using 'pp.deepTerms.threshold' and 'pp.proofs.threshold'. If this '⋯' was copied from the Infoview, the hover there for the original '⋯' explains which of these options led to the omission.
harness/v2/state/upstream-verification-20260930/geodesic-433-task-a01/OriginalFrozenProbe.lean:217:15: warning: The '⋯' token is used by the pretty printer to indicate omitted terms, and it should not be used directly. It logs this warning and then elaborates like '_'.

The presence of '⋯' in pretty printing output is controlled by the 'pp.maxSteps', 'pp.deepTerms' and 'pp.proofs' options. These options can be further adjusted using 'pp.deepTerms.threshold' and 'pp.proofs.threshold'. If this '⋯' was copied from the Infoview, the hover there for the original '⋯' explains which of these options led to the omission.
harness/v2/state/upstream-verification-20260930/geodesic-433-task-a01/OriginalFrozenProbe.lean:217:19: warning: The '⋯' token is used by the pretty printer to indicate omitted terms, and it should not be used directly. It logs this warning and then elaborates like '_'.

The presence of '⋯' in pretty printing output is controlled by the 'pp.maxSteps', 'pp.deepTerms' and 'pp.proofs' options. These options can be further adjusted using 'pp.deepTerms.threshold' and 'pp.proofs.threshold'. If this '⋯' was copied from the Infoview, the hover there for the original '⋯' explains which of these options led to the omission.
harness/v2/state/upstream-verification-20260930/geodesic-433-task-a01/OriginalFrozenProbe.lean:220:17: warning: The '⋯' token is used by the pretty printer to indicate omitted terms, and it should not be used directly. It logs this warning and then elaborates like '_'.

The presence of '⋯' in pretty printing output is controlled by the 'pp.maxSteps', 'pp.deepTerms' and 'pp.proofs' options. These options can be further adjusted using 'pp.deepTerms.threshold' and 'pp.proofs.threshold'. If this '⋯' was copied from the Infoview, the hover there for the original '⋯' explains which of these options led to the omission.
harness/v2/state/upstream-verification-20260930/geodesic-433-task-a01/OriginalFrozenProbe.lean:251:2: warning: The '⋯' token is used by the pretty printer to indicate omitted terms, and it should not be used directly. It logs this warning and then elaborates like '_'.

The presence of '⋯' in pretty printing output is controlled by the 'pp.maxSteps', 'pp.deepTerms' and 'pp.proofs' options. These options can be further adjusted using 'pp.deepTerms.threshold' and 'pp.proofs.threshold'. If this '⋯' was copied from the Infoview, the hover there for the original '⋯' explains which of these options led to the omission.
harness/v2/state/upstream-verification-20260930/geodesic-433-task-a01/OriginalFrozenProbe.lean:264:12: warning: The '⋯' token is used by the pretty printer to indicate omitted terms, and it should not be used directly. It logs this warning and then elaborates like '_'.

The presence of '⋯' in pretty printing output is controlled by the 'pp.maxSteps', 'pp.deepTerms' and 'pp.proofs' options. These options can be further adjusted using 'pp.deepTerms.threshold' and 'pp.proofs.threshold'. If this '⋯' was copied from the Infoview, the hover there for the original '⋯' explains which of these options led to the omission.
harness/v2/state/upstream-verification-20260930/geodesic-433-task-a01/OriginalFrozenProbe.lean:268:28: warning: The '⋯' token is used by the pretty printer to indicate omitted terms, and it should not be used directly. It logs this warning and then elaborates like '_'.

The presence of '⋯' in pretty printing output is controlled by the 'pp.maxSteps', 'pp.deepTerms' and 'pp.proofs' options. These options can be further adjusted using 'pp.deepTerms.threshold' and 'pp.proofs.threshold'. If this '⋯' was copied from the Infoview, the hover there for the original '⋯' explains which of these options led to the omission.
harness/v2/state/upstream-verification-20260930/geodesic-433-task-a01/OriginalFrozenProbe.lean:269:59: warning: The '⋯' token is used by the pretty printer to indicate omitted terms, and it should not be used directly. It logs this warning and then elaborates like '_'.

The presence of '⋯' in pretty printing output is controlled by the 'pp.maxSteps', 'pp.deepTerms' and 'pp.proofs' options. These options can be further adjusted using 'pp.deepTerms.threshold' and 'pp.proofs.threshold'. If this '⋯' was copied from the Infoview, the hover there for the original '⋯' explains which of these options led to the omission.
harness/v2/state/upstream-verification-20260930/geodesic-433-task-a01/OriginalFrozenProbe.lean:305:7: warning: The '⋯' token is used by the pretty printer to indicate omitted terms, and it should not be used directly. It logs this warning and then elaborates like '_'.

The presence of '⋯' in pretty printing output is controlled by the 'pp.maxSteps', 'pp.deepTerms' and 'pp.proofs' options. These options can be further adjusted using 'pp.deepTerms.threshold' and 'pp.proofs.threshold'. If this '⋯' was copied from the Infoview, the hover there for the original '⋯' explains which of these options led to the omission.
harness/v2/state/upstream-verification-20260930/geodesic-433-task-a01/OriginalFrozenProbe.lean:318:6: warning: The '⋯' token is used by the pretty printer to indicate omitted terms, and it should not be used directly. It logs this warning and then elaborates like '_'.

The presence of '⋯' in pretty printing output is controlled by the 'pp.maxSteps', 'pp.deepTerms' and 'pp.proofs' options. These options can be further adjusted using 'pp.deepTerms.threshold' and 'pp.proofs.threshold'. If this '⋯' was copied from the Infoview, the hover there for the original '⋯' explains which of these options led to the omission.
harness/v2/state/upstream-verification-20260930/geodesic-433-task-a01/OriginalFrozenProbe.lean:322:32: warning: The '⋯' token is used by the pretty printer to indicate omitted terms, and it should not be used directly. It logs this warning and then elaborates like '_'.

The presence of '⋯' in pretty printing output is controlled by the 'pp.maxSteps', 'pp.deepTerms' and 'pp.proofs' options. These options can be further adjusted using 'pp.deepTerms.threshold' and 'pp.proofs.threshold'. If this '⋯' was copied from the Infoview, the hover there for the original '⋯' explains which of these options led to the omission.
harness/v2/state/upstream-verification-20260930/geodesic-433-task-a01/OriginalFrozenProbe.lean:324:45: warning: The '⋯' token is used by the pretty printer to indicate omitted terms, and it should not be used directly. It logs this warning and then elaborates like '_'.

The presence of '⋯' in pretty printing output is controlled by the 'pp.maxSteps', 'pp.deepTerms' and 'pp.proofs' options. These options can be further adjusted using 'pp.deepTerms.threshold' and 'pp.proofs.threshold'. If this '⋯' was copied from the Infoview, the hover there for the original '⋯' explains which of these options led to the omission.
harness/v2/state/upstream-verification-20260930/geodesic-433-task-a01/OriginalFrozenProbe.lean:336:10: warning: The '⋯' token is used by the pretty printer to indicate omitted terms, and it should not be used directly. It logs this warning and then elaborates like '_'.

The presence of '⋯' in pretty printing output is controlled by the 'pp.maxSteps', 'pp.deepTerms' and 'pp.proofs' options. These options can be further adjusted using 'pp.deepTerms.threshold' and 'pp.proofs.threshold'. If this '⋯' was copied from the Infoview, the hover there for the original '⋯' explains which of these options led to the omission.
harness/v2/state/upstream-verification-20260930/geodesic-433-task-a01/OriginalFrozenProbe.lean:339:43: warning: The '⋯' token is used by the pretty printer to indicate omitted terms, and it should not be used directly. It logs this warning and then elaborates like '_'.

The presence of '⋯' in pretty printing output is controlled by the 'pp.maxSteps', 'pp.deepTerms' and 'pp.proofs' options. These options can be further adjusted using 'pp.deepTerms.threshold' and 'pp.proofs.threshold'. If this '⋯' was copied from the Infoview, the hover there for the original '⋯' explains which of these options led to the omission.
harness/v2/state/upstream-verification-20260930/geodesic-433-task-a01/OriginalFrozenProbe.lean:339:48: warning: The '⋯' token is used by the pretty printer to indicate omitted terms, and it should not be used directly. It logs this warning and then elaborates like '_'.

The presence of '⋯' in pretty printing output is controlled by the 'pp.maxSteps', 'pp.deepTerms' and 'pp.proofs' options. These options can be further adjusted using 'pp.deepTerms.threshold' and 'pp.proofs.threshold'. If this '⋯' was copied from the Infoview, the hover there for the original '⋯' explains which of these options led to the omission.
harness/v2/state/upstream-verification-20260930/geodesic-433-task-a01/OriginalFrozenProbe.lean:376:0: error: unresolved metavariables in frozen type for Poincare.contDiffAt_geodesicFlowField
harness/v2/state/upstream-verification-20260930/geodesic-433-task-a01/OriginalFrozenProbe.lean:60:51: warning: The '⋯' token is used by the pretty printer to indicate omitted terms, and it should not be used directly. It logs this warning and then elaborates like '_'.

The presence of '⋯' in pretty printing output is controlled by the 'pp.maxSteps', 'pp.deepTerms' and 'pp.proofs' options. These options can be further adjusted using 'pp.deepTerms.threshold' and 'pp.proofs.threshold'. If this '⋯' was copied from the Infoview, the hover there for the original '⋯' explains which of these options led to the omission.
harness/v2/state/upstream-verification-20260930/geodesic-433-task-a01/OriginalFrozenProbe.lean:83:87: warning: The '⋯' token is used by the pretty printer to indicate omitted terms, and it should not be used directly. It logs this warning and then elaborates like '_'.

The presence of '⋯' in pretty printing output is controlled by the 'pp.maxSteps', 'pp.deepTerms' and 'pp.proofs' options. These options can be further adjusted using 'pp.deepTerms.threshold' and 'pp.proofs.threshold'. If this '⋯' was copied from the Infoview, the hover there for the original '⋯' explains which of these options led to the omission.
harness/v2/state/upstream-verification-20260930/geodesic-433-task-a01/OriginalFrozenProbe.lean:111:38: warning: The '⋯' token is used by the pretty printer to indicate omitted terms, and it should not be used directly. It logs this warning and then elaborates like '_'.

The presence of '⋯' in pretty printing output is controlled by the 'pp.maxSteps', 'pp.deepTerms' and 'pp.proofs' options. These options can be further adjusted using 'pp.deepTerms.threshold' and 'pp.proofs.threshold'. If this '⋯' was copied from the Infoview, the hover there for the original '⋯' explains which of these options led to the omission.
harness/v2/state/upstream-verification-20260930/geodesic-433-task-a01/OriginalFrozenProbe.lean:111:42: warning: The '⋯' token is used by the pretty printer to indicate omitted terms, and it should not be used directly. It logs this warning and then elaborates like '_'.

The presence of '⋯' in pretty printing output is controlled by the 'pp.maxSteps', 'pp.deepTerms' and 'pp.proofs' options. These options can be further adjusted using 'pp.deepTerms.threshold' and 'pp.proofs.threshold'. If this '⋯' was copied from the Infoview, the hover there for the original '⋯' explains which of these options led to the omission.
harness/v2/state/upstream-verification-20260930/geodesic-433-task-a01/OriginalFrozenProbe.lean:112:25: warning: The '⋯' token is used by the pretty printer to indicate omitted terms, and it should not be used directly. It logs this warning and then elaborates like '_'.

The presence of '⋯' in pretty printing output is controlled by the 'pp.maxSteps', 'pp.deepTerms' and 'pp.proofs' options. These options can be further adjusted using 'pp.deepTerms.threshold' and 'pp.proofs.threshold'. If this '⋯' was copied from the Infoview, the hover there for the original '⋯' explains which of these options led to the omission.
harness/v2/state/upstream-verification-20260930/geodesic-433-task-a01/OriginalFrozenProbe.lean:167:94: warning: The '⋯' token is used by the pretty printer to indicate omitted terms, and it should not be used directly. It logs this warning and then elaborates like '_'.

The presence of '⋯' in pretty printing output is controlled by the 'pp.maxSteps', 'pp.deepTerms' and 'pp.proofs' options. These options can be further adjusted using 'pp.deepTerms.threshold' and 'pp.proofs.threshold'. If this '⋯' was copied from the Infoview, the hover there for the original '⋯' explains which of these options led to the omission.
harness/v2/state/upstream-verification-20260930/geodesic-433-task-a01/OriginalFrozenProbe.lean:191:19: warning: The '⋯' token is used by the pretty printer to indicate omitted terms, and it should not be used directly. It logs this warning and then elaborates like '_'.

The presence of '⋯' in pretty printing output is controlled by the 'pp.maxSteps', 'pp.deepTerms' and 'pp.proofs' options. These options can be further adjusted using 'pp.deepTerms.threshold' and 'pp.proofs.threshold'. If this '⋯' was copied from the Infoview, the hover there for the original '⋯' explains which of these options led to the omission.
harness/v2/state/upstream-verification-20260930/geodesic-433-task-a01/OriginalFrozenProbe.lean:216:46: warning: The '⋯' token is used by the pretty printer to indicate omitted terms, and it should not be used directly. It logs this warning and then elaborates like '_'.

The presence of '⋯' in pretty printing output is controlled by the 'pp.maxSteps', 'pp.deepTerms' and 'pp.proofs' options. These options can be further adjusted using 'pp.deepTerms.threshold' and 'pp.proofs.threshold'. If this '⋯' was copied from the Infoview, the hover there for the original '⋯' explains which of these options led to the omission.
harness/v2/state/upstream-verification-20260930/geodesic-433-task-a01/OriginalFrozenProbe.lean:216:50: warning: The '⋯' token is used by the pretty printer to indicate omitted terms, and it should not be used directly. It logs this warning and then elaborates like '_'.

The presence of '⋯' in pretty printing output is controlled by the 'pp.maxSteps', 'pp.deepTerms' and 'pp.proofs' options. These options can be further adjusted using 'pp.deepTerms.threshold' and 'pp.proofs.threshold'. If this '⋯' was copied from the Infoview, the hover there for the original '⋯' explains which of these options led to the omission.
harness/v2/state/upstream-verification-20260930/geodesic-433-task-a01/OriginalFrozenProbe.lean:219:21: warning: The '⋯' token is used by the pretty printer to indicate omitted terms, and it should not be used directly. It logs this warning and then elaborates like '_'.

The presence of '⋯' in pretty printing output is controlled by the 'pp.maxSteps', 'pp.deepTerms' and 'pp.proofs' options. These options can be further adjusted using 'pp.deepTerms.threshold' and 'pp.proofs.threshold'. If this '⋯' was copied from the Infoview, the hover there for the original '⋯' explains which of these options led to the omission.
harness/v2/state/upstream-verification-20260930/geodesic-433-task-a01/OriginalFrozenProbe.lean:249:55: warning: The '⋯' token is used by the pretty printer to indicate omitted terms, and it should not be used directly. It logs this warning and then elaborates like '_'.

The presence of '⋯' in pretty printing output is controlled by the 'pp.maxSteps', 'pp.deepTerms' and 'pp.proofs' options. These options can be further adjusted using 'pp.deepTerms.threshold' and 'pp.proofs.threshold'. If this '⋯' was copied from the Infoview, the hover there for the original '⋯' explains which of these options led to the omission.
harness/v2/state/upstream-verification-20260930/geodesic-433-task-a01/OriginalFrozenProbe.lean:263:9: warning: The '⋯' token is used by the pretty printer to indicate omitted terms, and it should not be used directly. It logs this warning and then elaborates like '_'.

The presence of '⋯' in pretty printing output is controlled by the 'pp.maxSteps', 'pp.deepTerms' and 'pp.proofs' options. These options can be further adjusted using 'pp.deepTerms.threshold' and 'pp.proofs.threshold'. If this '⋯' was copied from the Infoview, the hover there for the original '⋯' explains which of these options led to the omission.
harness/v2/state/upstream-verification-20260930/geodesic-433-task-a01/OriginalFrozenProbe.lean:267:31: warning: The '⋯' token is used by the pretty printer to indicate omitted terms, and it should not be used directly. It logs this warning and then elaborates like '_'.

The presence of '⋯' in pretty printing output is controlled by the 'pp.maxSteps', 'pp.deepTerms' and 'pp.proofs' options. These options can be further adjusted using 'pp.deepTerms.threshold' and 'pp.proofs.threshold'. If this '⋯' was copied from the Infoview, the hover there for the original '⋯' explains which of these options led to the omission.
harness/v2/state/upstream-verification-20260930/geodesic-433-task-a01/OriginalFrozenProbe.lean:269:28: warning: The '⋯' token is used by the pretty printer to indicate omitted terms, and it should not be used directly. It logs this warning and then elaborates like '_'.

The presence of '⋯' in pretty printing output is controlled by the 'pp.maxSteps', 'pp.deepTerms' and 'pp.proofs' options. These options can be further adjusted using 'pp.deepTerms.threshold' and 'pp.proofs.threshold'. If this '⋯' was copied from the Infoview, the hover there for the original '⋯' explains which of these options led to the omission.
harness/v2/state/upstream-verification-20260930/geodesic-433-task-a01/OriginalFrozenProbe.lean:304:41: warning: The '⋯' token is used by the pretty printer to indicate omitted terms, and it should not be used directly. It logs this warning and then elaborates like '_'.

The presence of '⋯' in pretty printing output is controlled by the 'pp.maxSteps', 'pp.deepTerms' and 'pp.proofs' options. These options can be further adjusted using 'pp.deepTerms.threshold' and 'pp.proofs.threshold'. If this '⋯' was copied from the Infoview, the hover there for the original '⋯' explains which of these options led to the omission.
harness/v2/state/upstream-verification-20260930/geodesic-433-task-a01/OriginalFrozenProbe.lean:317:15: warning: The '⋯' token is used by the pretty printer to indicate omitted terms, and it should not be used directly. It logs this warning and then elaborates like '_'.

The presence of '⋯' in pretty printing output is controlled by the 'pp.maxSteps', 'pp.deepTerms' and 'pp.proofs' options. These options can be further adjusted using 'pp.deepTerms.threshold' and 'pp.proofs.threshold'. If this '⋯' was copied from the Infoview, the hover there for the original '⋯' explains which of these options led to the omission.
harness/v2/state/upstream-verification-20260930/geodesic-433-task-a01/OriginalFrozenProbe.lean:322:1: warning: The '⋯' token is used by the pretty printer to indicate omitted terms, and it should not be used directly. It logs this warning and then elaborates like '_'.

The presence of '⋯' in pretty printing output is controlled by the 'pp.maxSteps', 'pp.deepTerms' and 'pp.proofs' options. These options can be further adjusted using 'pp.deepTerms.threshold' and 'pp.proofs.threshold'. If this '⋯' was copied from the Infoview, the hover there for the original '⋯' explains which of these options led to the omission.
harness/v2/state/upstream-verification-20260930/geodesic-433-task-a01/OriginalFrozenProbe.lean:324:14: warning: The '⋯' token is used by the pretty printer to indicate omitted terms, and it should not be used directly. It logs this warning and then elaborates like '_'.

The presence of '⋯' in pretty printing output is controlled by the 'pp.maxSteps', 'pp.deepTerms' and 'pp.proofs' options. These options can be further adjusted using 'pp.deepTerms.threshold' and 'pp.proofs.threshold'. If this '⋯' was copied from the Infoview, the hover there for the original '⋯' explains which of these options led to the omission.
harness/v2/state/upstream-verification-20260930/geodesic-433-task-a01/OriginalFrozenProbe.lean:335:75: warning: The '⋯' token is used by the pretty printer to indicate omitted terms, and it should not be used directly. It logs this warning and then elaborates like '_'.

The presence of '⋯' in pretty printing output is controlled by the 'pp.maxSteps', 'pp.deepTerms' and 'pp.proofs' options. These options can be further adjusted using 'pp.deepTerms.threshold' and 'pp.proofs.threshold'. If this '⋯' was copied from the Infoview, the hover there for the original '⋯' explains which of these options led to the omission.
harness/v2/state/upstream-verification-20260930/geodesic-433-task-a01/OriginalFrozenProbe.lean:339:12: warning: The '⋯' token is used by the pretty printer to indicate omitted terms, and it should not be used directly. It logs this warning and then elaborates like '_'.

The presence of '⋯' in pretty printing output is controlled by the 'pp.maxSteps', 'pp.deepTerms' and 'pp.proofs' options. These options can be further adjusted using 'pp.deepTerms.threshold' and 'pp.proofs.threshold'. If this '⋯' was copied from the Infoview, the hover there for the original '⋯' explains which of these options led to the omission.
harness/v2/state/upstream-verification-20260930/geodesic-433-task-a01/OriginalFrozenProbe.lean:339:17: warning: The '⋯' token is used by the pretty printer to indicate omitted terms, and it should not be used directly. It logs this warning and then elaborates like '_'.

The presence of '⋯' in pretty printing output is controlled by the 'pp.maxSteps', 'pp.deepTerms' and 'pp.proofs' options. These options can be further adjusted using 'pp.deepTerms.threshold' and 'pp.proofs.threshold'. If this '⋯' was copied from the Infoview, the hover there for the original '⋯' explains which of these options led to the omission.
harness/v2/state/upstream-verification-20260930/geodesic-433-task-a01/OriginalFrozenProbe.lean:393:0: error: unresolved metavariables in frozen type for Poincare.contDiff_geodesicFlowField
harness/v2/state/upstream-verification-20260930/geodesic-433-task-a01/OriginalFrozenProbe.lean:65:15: warning: The '⋯' token is used by the pretty printer to indicate omitted terms, and it should not be used directly. It logs this warning and then elaborates like '_'.

The presence of '⋯' in pretty printing output is controlled by the 'pp.maxSteps', 'pp.deepTerms' and 'pp.proofs' options. These options can be further adjusted using 'pp.deepTerms.threshold' and 'pp.proofs.threshold'. If this '⋯' was copied from the Infoview, the hover there for the original '⋯' explains which of these options led to the omission.
harness/v2/state/upstream-verification-20260930/geodesic-433-task-a01/OriginalFrozenProbe.lean:88:2: warning: The '⋯' token is used by the pretty printer to indicate omitted terms, and it should not be used directly. It logs this warning and then elaborates like '_'.

The presence of '⋯' in pretty printing output is controlled by the 'pp.maxSteps', 'pp.deepTerms' and 'pp.proofs' options. These options can be further adjusted using 'pp.deepTerms.threshold' and 'pp.proofs.threshold'. If this '⋯' was copied from the Infoview, the hover there for the original '⋯' explains which of these options led to the omission.
harness/v2/state/upstream-verification-20260930/geodesic-433-task-a01/OriginalFrozenProbe.lean:115:11: warning: The '⋯' token is used by the pretty printer to indicate omitted terms, and it should not be used directly. It logs this warning and then elaborates like '_'.

The presence of '⋯' in pretty printing output is controlled by the 'pp.maxSteps', 'pp.deepTerms' and 'pp.proofs' options. These options can be further adjusted using 'pp.deepTerms.threshold' and 'pp.proofs.threshold'. If this '⋯' was copied from the Infoview, the hover there for the original '⋯' explains which of these options led to the omission.
harness/v2/state/upstream-verification-20260930/geodesic-433-task-a01/OriginalFrozenProbe.lean:115:15: warning: The '⋯' token is used by the pretty printer to indicate omitted terms, and it should not be used directly. It logs this warning and then elaborates like '_'.

The presence of '⋯' in pretty printing output is controlled by the 'pp.maxSteps', 'pp.deepTerms' and 'pp.proofs' options. These options can be further adjusted using 'pp.deepTerms.threshold' and 'pp.proofs.threshold'. If this '⋯' was copied from the Infoview, the hover there for the original '⋯' explains which of these options led to the omission.
harness/v2/state/upstream-verification-20260930/geodesic-433-task-a01/OriginalFrozenProbe.lean:116:38: warning: The '⋯' token is used by the pretty printer to indicate omitted terms, and it should not be used directly. It logs this warning and then elaborates like '_'.

The presence of '⋯' in pretty printing output is controlled by the 'pp.maxSteps', 'pp.deepTerms' and 'pp.proofs' options. These options can be further adjusted using 'pp.deepTerms.threshold' and 'pp.proofs.threshold'. If this '⋯' was copied from the Infoview, the hover there for the original '⋯' explains which of these options led to the omission.
harness/v2/state/upstream-verification-20260930/geodesic-433-task-a01/OriginalFrozenProbe.lean:186:1: warning: The '⋯' token is used by the pretty printer to indicate omitted terms, and it should not be used directly. It logs this warning and then elaborates like '_'.

The presence of '⋯' in pretty printing output is controlled by the 'pp.maxSteps', 'pp.deepTerms' and 'pp.proofs' options. These options can be further adjusted using 'pp.deepTerms.threshold' and 'pp.proofs.threshold'. If this '⋯' was copied from the Infoview, the hover there for the original '⋯' explains which of these options led to the omission.
harness/v2/state/upstream-verification-20260930/geodesic-433-task-a01/OriginalFrozenProbe.lean:410:0: error: unresolved metavariables in frozen type for Poincare.exists_geodesicFlowField_solution_of_contDiffAt
harness/v2/state/upstream-verification-20260930/geodesic-433-task-a01/OriginalFrozenProbe.lean:65:15: warning: The '⋯' token is used by the pretty printer to indicate omitted terms, and it should not be used directly. It logs this warning and then elaborates like '_'.

The presence of '⋯' in pretty printing output is controlled by the 'pp.maxSteps', 'pp.deepTerms' and 'pp.proofs' options. These options can be further adjusted using 'pp.deepTerms.threshold' and 'pp.proofs.threshold'. If this '⋯' was copied from the Infoview, the hover there for the original '⋯' explains which of these options led to the omission.
harness/v2/state/upstream-verification-20260930/geodesic-433-task-a01/OriginalFrozenProbe.lean:88:2: warning: The '⋯' token is used by the pretty printer to indicate omitted terms, and it should not be used directly. It logs this warning and then elaborates like '_'.

The presence of '⋯' in pretty printing output is controlled by the 'pp.maxSteps', 'pp.deepTerms' and 'pp.proofs' options. These options can be further adjusted using 'pp.deepTerms.threshold' and 'pp.proofs.threshold'. If this '⋯' was copied from the Infoview, the hover there for the original '⋯' explains which of these options led to the omission.
harness/v2/state/upstream-verification-20260930/geodesic-433-task-a01/OriginalFrozenProbe.lean:115:11: warning: The '⋯' token is used by the pretty printer to indicate omitted terms, and it should not be used directly. It logs this warning and then elaborates like '_'.

The presence of '⋯' in pretty printing output is controlled by the 'pp.maxSteps', 'pp.deepTerms' and 'pp.proofs' options. These options can be further adjusted using 'pp.deepTerms.threshold' and 'pp.proofs.threshold'. If this '⋯' was copied from the Infoview, the hover there for the original '⋯' explains which of these options led to the omission.
harness/v2/state/upstream-verification-20260930/geodesic-433-task-a01/OriginalFrozenProbe.lean:115:15: warning: The '⋯' token is used by the pretty printer to indicate omitted terms, and it should not be used directly. It logs this warning and then elaborates like '_'.

The presence of '⋯' in pretty printing output is controlled by the 'pp.maxSteps', 'pp.deepTerms' and 'pp.proofs' options. These options can be further adjusted using 'pp.deepTerms.threshold' and 'pp.proofs.threshold'. If this '⋯' was copied from the Infoview, the hover there for the original '⋯' explains which of these options led to the omission.
harness/v2/state/upstream-verification-20260930/geodesic-433-task-a01/OriginalFrozenProbe.lean:116:38: warning: The '⋯' token is used by the pretty printer to indicate omitted terms, and it should not be used directly. It logs this warning and then elaborates like '_'.

The presence of '⋯' in pretty printing output is controlled by the 'pp.maxSteps', 'pp.deepTerms' and 'pp.proofs' options. These options can be further adjusted using 'pp.deepTerms.threshold' and 'pp.proofs.threshold'. If this '⋯' was copied from the Infoview, the hover there for the original '⋯' explains which of these options led to the omission.
harness/v2/state/upstream-verification-20260930/geodesic-433-task-a01/OriginalFrozenProbe.lean:172:40: warning: The '⋯' token is used by the pretty printer to indicate omitted terms, and it should not be used directly. It logs this warning and then elaborates like '_'.

The presence of '⋯' in pretty printing output is controlled by the 'pp.maxSteps', 'pp.deepTerms' and 'pp.proofs' options. These options can be further adjusted using 'pp.deepTerms.threshold' and 'pp.proofs.threshold'. If this '⋯' was copied from the Infoview, the hover there for the original '⋯' explains which of these options led to the omission.
harness/v2/state/upstream-verification-20260930/geodesic-433-task-a01/OriginalFrozenProbe.lean:195:49: warning: The '⋯' token is used by the pretty printer to indicate omitted terms, and it should not be used directly. It logs this warning and then elaborates like '_'.

The presence of '⋯' in pretty printing output is controlled by the 'pp.maxSteps', 'pp.deepTerms' and 'pp.proofs' options. These options can be further adjusted using 'pp.deepTerms.threshold' and 'pp.proofs.threshold'. If this '⋯' was copied from the Infoview, the hover there for the original '⋯' explains which of these options led to the omission.
harness/v2/state/upstream-verification-20260930/geodesic-433-task-a01/OriginalFrozenProbe.lean:221:50: warning: The '⋯' token is used by the pretty printer to indicate omitted terms, and it should not be used directly. It logs this warning and then elaborates like '_'.

The presence of '⋯' in pretty printing output is controlled by the 'pp.maxSteps', 'pp.deepTerms' and 'pp.proofs' options. These options can be further adjusted using 'pp.deepTerms.threshold' and 'pp.proofs.threshold'. If this '⋯' was copied from the Infoview, the hover there for the original '⋯' explains which of these options led to the omission.
harness/v2/state/upstream-verification-20260930/geodesic-433-task-a01/OriginalFrozenProbe.lean:221:54: warning: The '⋯' token is used by the pretty printer to indicate omitted terms, and it should not be used directly. It logs this warning and then elaborates like '_'.

The presence of '⋯' in pretty printing output is controlled by the 'pp.maxSteps', 'pp.deepTerms' and 'pp.proofs' options. These options can be further adjusted using 'pp.deepTerms.threshold' and 'pp.proofs.threshold'. If this '⋯' was copied from the Infoview, the hover there for the original '⋯' explains which of these options led to the omission.
harness/v2/state/upstream-verification-20260930/geodesic-433-task-a01/OriginalFrozenProbe.lean:223:51: warning: The '⋯' token is used by the pretty printer to indicate omitted terms, and it should not be used directly. It logs this warning and then elaborates like '_'.

The presence of '⋯' in pretty printing output is controlled by the 'pp.maxSteps', 'pp.deepTerms' and 'pp.proofs' options. These options can be further adjusted using 'pp.deepTerms.threshold' and 'pp.proofs.threshold'. If this '⋯' was copied from the Infoview, the hover there for the original '⋯' explains which of these options led to the omission.
harness/v2/state/upstream-verification-20260930/geodesic-433-task-a01/OriginalFrozenProbe.lean:254:17: warning: The '⋯' token is used by the pretty printer to indicate omitted terms, and it should not be used directly. It logs this warning and then elaborates like '_'.

The presence of '⋯' in pretty printing output is controlled by the 'pp.maxSteps', 'pp.deepTerms' and 'pp.proofs' options. These options can be further adjusted using 'pp.deepTerms.threshold' and 'pp.proofs.threshold'. If this '⋯' was copied from the Infoview, the hover there for the original '⋯' explains which of these options led to the omission.
harness/v2/state/upstream-verification-20260930/geodesic-433-task-a01/OriginalFrozenProbe.lean:269:13: warning: The '⋯' token is used by the pretty printer to indicate omitted terms, and it should not be used directly. It logs this warning and then elaborates like '_'.

The presence of '⋯' in pretty printing output is controlled by the 'pp.maxSteps', 'pp.deepTerms' and 'pp.proofs' options. These options can be further adjusted using 'pp.deepTerms.threshold' and 'pp.proofs.threshold'. If this '⋯' was copied from the Infoview, the hover there for the original '⋯' explains which of these options led to the omission.
harness/v2/state/upstream-verification-20260930/geodesic-433-task-a01/OriginalFrozenProbe.lean:271:54: warning: The '⋯' token is used by the pretty printer to indicate omitted terms, and it should not be used directly. It logs this warning and then elaborates like '_'.

The presence of '⋯' in pretty printing output is controlled by the 'pp.maxSteps', 'pp.deepTerms' and 'pp.proofs' options. These options can be further adjusted using 'pp.deepTerms.threshold' and 'pp.proofs.threshold'. If this '⋯' was copied from the Infoview, the hover there for the original '⋯' explains which of these options led to the omission.
harness/v2/state/upstream-verification-20260930/geodesic-433-task-a01/OriginalFrozenProbe.lean:273:3: warning: The '⋯' token is used by the pretty printer to indicate omitted terms, and it should not be used directly. It logs this warning and then elaborates like '_'.

The presence of '⋯' in pretty printing output is controlled by the 'pp.maxSteps', 'pp.deepTerms' and 'pp.proofs' options. These options can be further adjusted using 'pp.deepTerms.threshold' and 'pp.proofs.threshold'. If this '⋯' was copied from the Infoview, the hover there for the original '⋯' explains which of these options led to the omission.
harness/v2/state/upstream-verification-20260930/geodesic-433-task-a01/OriginalFrozenProbe.lean:308:10: warning: The '⋯' token is used by the pretty printer to indicate omitted terms, and it should not be used directly. It logs this warning and then elaborates like '_'.

The presence of '⋯' in pretty printing output is controlled by the 'pp.maxSteps', 'pp.deepTerms' and 'pp.proofs' options. These options can be further adjusted using 'pp.deepTerms.threshold' and 'pp.proofs.threshold'. If this '⋯' was copied from the Infoview, the hover there for the original '⋯' explains which of these options led to the omission.
harness/v2/state/upstream-verification-20260930/geodesic-433-task-a01/OriginalFrozenProbe.lean:323:33: warning: The '⋯' token is used by the pretty printer to indicate omitted terms, and it should not be used directly. It logs this warning and then elaborates like '_'.

The presence of '⋯' in pretty printing output is controlled by the 'pp.maxSteps', 'pp.deepTerms' and 'pp.proofs' options. These options can be further adjusted using 'pp.deepTerms.threshold' and 'pp.proofs.threshold'. If this '⋯' was copied from the Infoview, the hover there for the original '⋯' explains which of these options led to the omission.
harness/v2/state/upstream-verification-20260930/geodesic-433-task-a01/OriginalFrozenProbe.lean:326:35: warning: The '⋯' token is used by the pretty printer to indicate omitted terms, and it should not be used directly. It logs this warning and then elaborates like '_'.

The presence of '⋯' in pretty printing output is controlled by the 'pp.maxSteps', 'pp.deepTerms' and 'pp.proofs' options. These options can be further adjusted using 'pp.deepTerms.threshold' and 'pp.proofs.threshold'. If this '⋯' was copied from the Infoview, the hover there for the original '⋯' explains which of these options led to the omission.
harness/v2/state/upstream-verification-20260930/geodesic-433-task-a01/OriginalFrozenProbe.lean:328:0: warning: The '⋯' token is used by the pretty printer to indicate omitted terms, and it should not be used directly. It logs this warning and then elaborates like '_'.

The presence of '⋯' in pretty printing output is controlled by the 'pp.maxSteps', 'pp.deepTerms' and 'pp.proofs' options. These options can be further adjusted using 'pp.deepTerms.threshold' and 'pp.proofs.threshold'. If this '⋯' was copied from the Infoview, the hover there for the original '⋯' explains which of these options led to the omission.
harness/v2/state/upstream-verification-20260930/geodesic-433-task-a01/OriginalFrozenProbe.lean:340:21: warning: The '⋯' token is used by the pretty printer to indicate omitted terms, and it should not be used directly. It logs this warning and then elaborates like '_'.

The presence of '⋯' in pretty printing output is controlled by the 'pp.maxSteps', 'pp.deepTerms' and 'pp.proofs' options. These options can be further adjusted using 'pp.deepTerms.threshold' and 'pp.proofs.threshold'. If this '⋯' was copied from the Infoview, the hover there for the original '⋯' explains which of these options led to the omission.
harness/v2/state/upstream-verification-20260930/geodesic-433-task-a01/OriginalFrozenProbe.lean:343:57: warning: The '⋯' token is used by the pretty printer to indicate omitted terms, and it should not be used directly. It logs this warning and then elaborates like '_'.

The presence of '⋯' in pretty printing output is controlled by the 'pp.maxSteps', 'pp.deepTerms' and 'pp.proofs' options. These options can be further adjusted using 'pp.deepTerms.threshold' and 'pp.proofs.threshold'. If this '⋯' was copied from the Infoview, the hover there for the original '⋯' explains which of these options led to the omission.
harness/v2/state/upstream-verification-20260930/geodesic-433-task-a01/OriginalFrozenProbe.lean:344:0: warning: The '⋯' token is used by the pretty printer to indicate omitted terms, and it should not be used directly. It logs this warning and then elaborates like '_'.

The presence of '⋯' in pretty printing output is controlled by the 'pp.maxSteps', 'pp.deepTerms' and 'pp.proofs' options. These options can be further adjusted using 'pp.deepTerms.threshold' and 'pp.proofs.threshold'. If this '⋯' was copied from the Infoview, the hover there for the original '⋯' explains which of these options led to the omission.
harness/v2/state/upstream-verification-20260930/geodesic-433-task-a01/OriginalFrozenProbe.lean:347:1968: warning: The '⋯' token is used by the pretty printer to indicate omitted terms, and it should not be used directly. It logs this warning and then elaborates like '_'.

The presence of '⋯' in pretty printing output is controlled by the 'pp.maxSteps', 'pp.deepTerms' and 'pp.proofs' options. These options can be further adjusted using 'pp.deepTerms.threshold' and 'pp.proofs.threshold'. If this '⋯' was copied from the Infoview, the hover there for the original '⋯' explains which of these options led to the omission.
harness/v2/state/upstream-verification-20260930/geodesic-433-task-a01/OriginalFrozenProbe.lean:427:0: error: unresolved metavariables in frozen type for Poincare.exists_geodesicFlowField_solution
harness/v2/state/upstream-verification-20260930/geodesic-433-task-a01/OriginalFrozenProbe.lean:65:15: warning: The '⋯' token is used by the pretty printer to indicate omitted terms, and it should not be used directly. It logs this warning and then elaborates like '_'.

The presence of '⋯' in pretty printing output is controlled by the 'pp.maxSteps', 'pp.deepTerms' and 'pp.proofs' options. These options can be further adjusted using 'pp.deepTerms.threshold' and 'pp.proofs.threshold'. If this '⋯' was copied from the Infoview, the hover there for the original '⋯' explains which of these options led to the omission.
harness/v2/state/upstream-verification-20260930/geodesic-433-task-a01/OriginalFrozenProbe.lean:88:2: warning: The '⋯' token is used by the pretty printer to indicate omitted terms, and it should not be used directly. It logs this warning and then elaborates like '_'.

The presence of '⋯' in pretty printing output is controlled by the 'pp.maxSteps', 'pp.deepTerms' and 'pp.proofs' options. These options can be further adjusted using 'pp.deepTerms.threshold' and 'pp.proofs.threshold'. If this '⋯' was copied from the Infoview, the hover there for the original '⋯' explains which of these options led to the omission.
harness/v2/state/upstream-verification-20260930/geodesic-433-task-a01/OriginalFrozenProbe.lean:115:11: warning: The '⋯' token is used by the pretty printer to indicate omitted terms, and it should not be used directly. It logs this warning and then elaborates like '_'.

The presence of '⋯' in pretty printing output is controlled by the 'pp.maxSteps', 'pp.deepTerms' and 'pp.proofs' options. These options can be further adjusted using 'pp.deepTerms.threshold' and 'pp.proofs.threshold'. If this '⋯' was copied from the Infoview, the hover there for the original '⋯' explains which of these options led to the omission.
harness/v2/state/upstream-verification-20260930/geodesic-433-task-a01/OriginalFrozenProbe.lean:115:15: warning: The '⋯' token is used by the pretty printer to indicate omitted terms, and it should not be used directly. It logs this warning and then elaborates like '_'.

The presence of '⋯' in pretty printing output is controlled by the 'pp.maxSteps', 'pp.deepTerms' and 'pp.proofs' options. These options can be further adjusted using 'pp.deepTerms.threshold' and 'pp.proofs.threshold'. If this '⋯' was copied from the Infoview, the hover there for the original '⋯' explains which of these options led to the omission.
harness/v2/state/upstream-verification-20260930/geodesic-433-task-a01/OriginalFrozenProbe.lean:116:38: warning: The '⋯' token is used by the pretty printer to indicate omitted terms, and it should not be used directly. It logs this warning and then elaborates like '_'.

The presence of '⋯' in pretty printing output is controlled by the 'pp.maxSteps', 'pp.deepTerms' and 'pp.proofs' options. These options can be further adjusted using 'pp.deepTerms.threshold' and 'pp.proofs.threshold'. If this '⋯' was copied from the Infoview, the hover there for the original '⋯' explains which of these options led to the omission.
harness/v2/state/upstream-verification-20260930/geodesic-433-task-a01/OriginalFrozenProbe.lean:172:9: warning: The '⋯' token is used by the pretty printer to indicate omitted terms, and it should not be used directly. It logs this warning and then elaborates like '_'.

The presence of '⋯' in pretty printing output is controlled by the 'pp.maxSteps', 'pp.deepTerms' and 'pp.proofs' options. These options can be further adjusted using 'pp.deepTerms.threshold' and 'pp.proofs.threshold'. If this '⋯' was copied from the Infoview, the hover there for the original '⋯' explains which of these options led to the omission.
harness/v2/state/upstream-verification-20260930/geodesic-433-task-a01/OriginalFrozenProbe.lean:195:18: warning: The '⋯' token is used by the pretty printer to indicate omitted terms, and it should not be used directly. It logs this warning and then elaborates like '_'.

The presence of '⋯' in pretty printing output is controlled by the 'pp.maxSteps', 'pp.deepTerms' and 'pp.proofs' options. These options can be further adjusted using 'pp.deepTerms.threshold' and 'pp.proofs.threshold'. If this '⋯' was copied from the Infoview, the hover there for the original '⋯' explains which of these options led to the omission.
harness/v2/state/upstream-verification-20260930/geodesic-433-task-a01/OriginalFrozenProbe.lean:221:19: warning: The '⋯' token is used by the pretty printer to indicate omitted terms, and it should not be used directly. It logs this warning and then elaborates like '_'.

The presence of '⋯' in pretty printing output is controlled by the 'pp.maxSteps', 'pp.deepTerms' and 'pp.proofs' options. These options can be further adjusted using 'pp.deepTerms.threshold' and 'pp.proofs.threshold'. If this '⋯' was copied from the Infoview, the hover there for the original '⋯' explains which of these options led to the omission.
harness/v2/state/upstream-verification-20260930/geodesic-433-task-a01/OriginalFrozenProbe.lean:221:23: warning: The '⋯' token is used by the pretty printer to indicate omitted terms, and it should not be used directly. It logs this warning and then elaborates like '_'.

The presence of '⋯' in pretty printing output is controlled by the 'pp.maxSteps', 'pp.deepTerms' and 'pp.proofs' options. These options can be further adjusted using 'pp.deepTerms.threshold' and 'pp.proofs.threshold'. If this '⋯' was copied from the Infoview, the hover there for the original '⋯' explains which of these options led to the omission.
harness/v2/state/upstream-verification-20260930/geodesic-433-task-a01/OriginalFrozenProbe.lean:223:20: warning: The '⋯' token is used by the pretty printer to indicate omitted terms, and it should not be used directly. It logs this warning and then elaborates like '_'.

The presence of '⋯' in pretty printing output is controlled by the 'pp.maxSteps', 'pp.deepTerms' and 'pp.proofs' options. These options can be further adjusted using 'pp.deepTerms.threshold' and 'pp.proofs.threshold'. If this '⋯' was copied from the Infoview, the hover there for the original '⋯' explains which of these options led to the omission.
harness/v2/state/upstream-verification-20260930/geodesic-433-task-a01/OriginalFrozenProbe.lean:253:19: warning: The '⋯' token is used by the pretty printer to indicate omitted terms, and it should not be used directly. It logs this warning and then elaborates like '_'.

The presence of '⋯' in pretty printing output is controlled by the 'pp.maxSteps', 'pp.deepTerms' and 'pp.proofs' options. These options can be further adjusted using 'pp.deepTerms.threshold' and 'pp.proofs.threshold'. If this '⋯' was copied from the Infoview, the hover there for the original '⋯' explains which of these options led to the omission.
harness/v2/state/upstream-verification-20260930/geodesic-433-task-a01/OriginalFrozenProbe.lean:268:33: warning: The '⋯' token is used by the pretty printer to indicate omitted terms, and it should not be used directly. It logs this warning and then elaborates like '_'.

The presence of '⋯' in pretty printing output is controlled by the 'pp.maxSteps', 'pp.deepTerms' and 'pp.proofs' options. These options can be further adjusted using 'pp.deepTerms.threshold' and 'pp.proofs.threshold'. If this '⋯' was copied from the Infoview, the hover there for the original '⋯' explains which of these options led to the omission.
harness/v2/state/upstream-verification-20260930/geodesic-433-task-a01/OriginalFrozenProbe.lean:271:23: warning: The '⋯' token is used by the pretty printer to indicate omitted terms, and it should not be used directly. It logs this warning and then elaborates like '_'.

The presence of '⋯' in pretty printing output is controlled by the 'pp.maxSteps', 'pp.deepTerms' and 'pp.proofs' options. These options can be further adjusted using 'pp.deepTerms.threshold' and 'pp.proofs.threshold'. If this '⋯' was copied from the Infoview, the hover there for the original '⋯' explains which of these options led to the omission.
harness/v2/state/upstream-verification-20260930/geodesic-433-task-a01/OriginalFrozenProbe.lean:272:34: warning: The '⋯' token is used by the pretty printer to indicate omitted terms, and it should not be used directly. It logs this warning and then elaborates like '_'.

The presence of '⋯' in pretty printing output is controlled by the 'pp.maxSteps', 'pp.deepTerms' and 'pp.proofs' options. These options can be further adjusted using 'pp.deepTerms.threshold' and 'pp.proofs.threshold'. If this '⋯' was copied from the Infoview, the hover there for the original '⋯' explains which of these options led to the omission.
harness/v2/state/upstream-verification-20260930/geodesic-433-task-a01/OriginalFrozenProbe.lean:307:75: warning: The '⋯' token is used by the pretty printer to indicate omitted terms, and it should not be used directly. It logs this warning and then elaborates like '_'.

The presence of '⋯' in pretty printing output is controlled by the 'pp.maxSteps', 'pp.deepTerms' and 'pp.proofs' options. These options can be further adjusted using 'pp.deepTerms.threshold' and 'pp.proofs.threshold'. If this '⋯' was copied from the Infoview, the hover there for the original '⋯' explains which of these options led to the omission.
harness/v2/state/upstream-verification-20260930/geodesic-433-task-a01/OriginalFrozenProbe.lean:323:2: warning: The '⋯' token is used by the pretty printer to indicate omitted terms, and it should not be used directly. It logs this warning and then elaborates like '_'.

The presence of '⋯' in pretty printing output is controlled by the 'pp.maxSteps', 'pp.deepTerms' and 'pp.proofs' options. These options can be further adjusted using 'pp.deepTerms.threshold' and 'pp.proofs.threshold'. If this '⋯' was copied from the Infoview, the hover there for the original '⋯' explains which of these options led to the omission.
harness/v2/state/upstream-verification-20260930/geodesic-433-task-a01/OriginalFrozenProbe.lean:326:4: warning: The '⋯' token is used by the pretty printer to indicate omitted terms, and it should not be used directly. It logs this warning and then elaborates like '_'.

The presence of '⋯' in pretty printing output is controlled by the 'pp.maxSteps', 'pp.deepTerms' and 'pp.proofs' options. These options can be further adjusted using 'pp.deepTerms.threshold' and 'pp.proofs.threshold'. If this '⋯' was copied from the Infoview, the hover there for the original '⋯' explains which of these options led to the omission.
harness/v2/state/upstream-verification-20260930/geodesic-433-task-a01/OriginalFrozenProbe.lean:327:40: warning: The '⋯' token is used by the pretty printer to indicate omitted terms, and it should not be used directly. It logs this warning and then elaborates like '_'.

The presence of '⋯' in pretty printing output is controlled by the 'pp.maxSteps', 'pp.deepTerms' and 'pp.proofs' options. These options can be further adjusted using 'pp.deepTerms.threshold' and 'pp.proofs.threshold'. If this '⋯' was copied from the Infoview, the hover there for the original '⋯' explains which of these options led to the omission.
harness/v2/state/upstream-verification-20260930/geodesic-433-task-a01/OriginalFrozenProbe.lean:339:48: warning: The '⋯' token is used by the pretty printer to indicate omitted terms, and it should not be used directly. It logs this warning and then elaborates like '_'.

The presence of '⋯' in pretty printing output is controlled by the 'pp.maxSteps', 'pp.deepTerms' and 'pp.proofs' options. These options can be further adjusted using 'pp.deepTerms.threshold' and 'pp.proofs.threshold'. If this '⋯' was copied from the Infoview, the hover there for the original '⋯' explains which of these options led to the omission.
harness/v2/state/upstream-verification-20260930/geodesic-433-task-a01/OriginalFrozenProbe.lean:343:26: warning: The '⋯' token is used by the pretty printer to indicate omitted terms, and it should not be used directly. It logs this warning and then elaborates like '_'.

The presence of '⋯' in pretty printing output is controlled by the 'pp.maxSteps', 'pp.deepTerms' and 'pp.proofs' options. These options can be further adjusted using 'pp.deepTerms.threshold' and 'pp.proofs.threshold'. If this '⋯' was copied from the Infoview, the hover there for the original '⋯' explains which of these options led to the omission.
harness/v2/state/upstream-verification-20260930/geodesic-433-task-a01/OriginalFrozenProbe.lean:343:31: warning: The '⋯' token is used by the pretty printer to indicate omitted terms, and it should not be used directly. It logs this warning and then elaborates like '_'.

The presence of '⋯' in pretty printing output is controlled by the 'pp.maxSteps', 'pp.deepTerms' and 'pp.proofs' options. These options can be further adjusted using 'pp.deepTerms.threshold' and 'pp.proofs.threshold'. If this '⋯' was copied from the Infoview, the hover there for the original '⋯' explains which of these options led to the omission.
harness/v2/state/upstream-verification-20260930/geodesic-433-task-a01/OriginalFrozenProbe.lean:347:1939: warning: The '⋯' token is used by the pretty printer to indicate omitted terms, and it should not be used directly. It logs this warning and then elaborates like '_'.

The presence of '⋯' in pretty printing output is controlled by the 'pp.maxSteps', 'pp.deepTerms' and 'pp.proofs' options. These options can be further adjusted using 'pp.deepTerms.threshold' and 'pp.proofs.threshold'. If this '⋯' was copied from the Infoview, the hover there for the original '⋯' explains which of these options led to the omission.
harness/v2/state/upstream-verification-20260930/geodesic-433-task-a01/OriginalFrozenProbe.lean:444:0: error: unresolved metavariables in frozen type for Poincare.exists_geodesicFlowField_solution_of_contDiff
harness/v2/state/upstream-verification-20260930/geodesic-433-task-a01/OriginalFrozenProbe.lean:60:51: warning: The '⋯' token is used by the pretty printer to indicate omitted terms, and it should not be used directly. It logs this warning and then elaborates like '_'.

The presence of '⋯' in pretty printing output is controlled by the 'pp.maxSteps', 'pp.deepTerms' and 'pp.proofs' options. These options can be further adjusted using 'pp.deepTerms.threshold' and 'pp.proofs.threshold'. If this '⋯' was copied from the Infoview, the hover there for the original '⋯' explains which of these options led to the omission.
harness/v2/state/upstream-verification-20260930/geodesic-433-task-a01/OriginalFrozenProbe.lean:83:87: warning: The '⋯' token is used by the pretty printer to indicate omitted terms, and it should not be used directly. It logs this warning and then elaborates like '_'.

The presence of '⋯' in pretty printing output is controlled by the 'pp.maxSteps', 'pp.deepTerms' and 'pp.proofs' options. These options can be further adjusted using 'pp.deepTerms.threshold' and 'pp.proofs.threshold'. If this '⋯' was copied from the Infoview, the hover there for the original '⋯' explains which of these options led to the omission.
harness/v2/state/upstream-verification-20260930/geodesic-433-task-a01/OriginalFrozenProbe.lean:111:38: warning: The '⋯' token is used by the pretty printer to indicate omitted terms, and it should not be used directly. It logs this warning and then elaborates like '_'.

The presence of '⋯' in pretty printing output is controlled by the 'pp.maxSteps', 'pp.deepTerms' and 'pp.proofs' options. These options can be further adjusted using 'pp.deepTerms.threshold' and 'pp.proofs.threshold'. If this '⋯' was copied from the Infoview, the hover there for the original '⋯' explains which of these options led to the omission.
harness/v2/state/upstream-verification-20260930/geodesic-433-task-a01/OriginalFrozenProbe.lean:111:42: warning: The '⋯' token is used by the pretty printer to indicate omitted terms, and it should not be used directly. It logs this warning and then elaborates like '_'.

The presence of '⋯' in pretty printing output is controlled by the 'pp.maxSteps', 'pp.deepTerms' and 'pp.proofs' options. These options can be further adjusted using 'pp.deepTerms.threshold' and 'pp.proofs.threshold'. If this '⋯' was copied from the Infoview, the hover there for the original '⋯' explains which of these options led to the omission.
harness/v2/state/upstream-verification-20260930/geodesic-433-task-a01/OriginalFrozenProbe.lean:112:25: warning: The '⋯' token is used by the pretty printer to indicate omitted terms, and it should not be used directly. It logs this warning and then elaborates like '_'.

The presence of '⋯' in pretty printing output is controlled by the 'pp.maxSteps', 'pp.deepTerms' and 'pp.proofs' options. These options can be further adjusted using 'pp.deepTerms.threshold' and 'pp.proofs.threshold'. If this '⋯' was copied from the Infoview, the hover there for the original '⋯' explains which of these options led to the omission.
harness/v2/state/upstream-verification-20260930/geodesic-433-task-a01/OriginalFrozenProbe.lean:171:45: warning: The '⋯' token is used by the pretty printer to indicate omitted terms, and it should not be used directly. It logs this warning and then elaborates like '_'.

The presence of '⋯' in pretty printing output is controlled by the 'pp.maxSteps', 'pp.deepTerms' and 'pp.proofs' options. These options can be further adjusted using 'pp.deepTerms.threshold' and 'pp.proofs.threshold'. If this '⋯' was copied from the Infoview, the hover there for the original '⋯' explains which of these options led to the omission.
harness/v2/state/upstream-verification-20260930/geodesic-433-task-a01/OriginalFrozenProbe.lean:215:16: warning: The '⋯' token is used by the pretty printer to indicate omitted terms, and it should not be used directly. It logs this warning and then elaborates like '_'.

The presence of '⋯' in pretty printing output is controlled by the 'pp.maxSteps', 'pp.deepTerms' and 'pp.proofs' options. These options can be further adjusted using 'pp.deepTerms.threshold' and 'pp.proofs.threshold'. If this '⋯' was copied from the Infoview, the hover there for the original '⋯' explains which of these options led to the omission.
harness/v2/state/upstream-verification-20260930/geodesic-433-task-a01/OriginalFrozenProbe.lean:461:0: error: unresolved metavariables in frozen type for Poincare.geodesicFlowField_eventuallyEq_of_lipschitz
harness/v2/state/upstream-verification-20260930/geodesic-433-task-a01/OriginalFrozenProbe.lean:60:51: warning: The '⋯' token is used by the pretty printer to indicate omitted terms, and it should not be used directly. It logs this warning and then elaborates like '_'.

The presence of '⋯' in pretty printing output is controlled by the 'pp.maxSteps', 'pp.deepTerms' and 'pp.proofs' options. These options can be further adjusted using 'pp.deepTerms.threshold' and 'pp.proofs.threshold'. If this '⋯' was copied from the Infoview, the hover there for the original '⋯' explains which of these options led to the omission.
harness/v2/state/upstream-verification-20260930/geodesic-433-task-a01/OriginalFrozenProbe.lean:83:87: warning: The '⋯' token is used by the pretty printer to indicate omitted terms, and it should not be used directly. It logs this warning and then elaborates like '_'.

The presence of '⋯' in pretty printing output is controlled by the 'pp.maxSteps', 'pp.deepTerms' and 'pp.proofs' options. These options can be further adjusted using 'pp.deepTerms.threshold' and 'pp.proofs.threshold'. If this '⋯' was copied from the Infoview, the hover there for the original '⋯' explains which of these options led to the omission.
harness/v2/state/upstream-verification-20260930/geodesic-433-task-a01/OriginalFrozenProbe.lean:111:38: warning: The '⋯' token is used by the pretty printer to indicate omitted terms, and it should not be used directly. It logs this warning and then elaborates like '_'.

The presence of '⋯' in pretty printing output is controlled by the 'pp.maxSteps', 'pp.deepTerms' and 'pp.proofs' options. These options can be further adjusted using 'pp.deepTerms.threshold' and 'pp.proofs.threshold'. If this '⋯' was copied from the Infoview, the hover there for the original '⋯' explains which of these options led to the omission.
harness/v2/state/upstream-verification-20260930/geodesic-433-task-a01/OriginalFrozenProbe.lean:111:42: warning: The '⋯' token is used by the pretty printer to indicate omitted terms, and it should not be used directly. It logs this warning and then elaborates like '_'.

The presence of '⋯' in pretty printing output is controlled by the 'pp.maxSteps', 'pp.deepTerms' and 'pp.proofs' options. These options can be further adjusted using 'pp.deepTerms.threshold' and 'pp.proofs.threshold'. If this '⋯' was copied from the Infoview, the hover there for the original '⋯' explains which of these options led to the omission.
harness/v2/state/upstream-verification-20260930/geodesic-433-task-a01/OriginalFrozenProbe.lean:112:25: warning: The '⋯' token is used by the pretty printer to indicate omitted terms, and it should not be used directly. It logs this warning and then elaborates like '_'.

The presence of '⋯' in pretty printing output is controlled by the 'pp.maxSteps', 'pp.deepTerms' and 'pp.proofs' options. These options can be further adjusted using 'pp.deepTerms.threshold' and 'pp.proofs.threshold'. If this '⋯' was copied from the Infoview, the hover there for the original '⋯' explains which of these options led to the omission.
harness/v2/state/upstream-verification-20260930/geodesic-433-task-a01/OriginalFrozenProbe.lean:177:25: warning: The '⋯' token is used by the pretty printer to indicate omitted terms, and it should not be used directly. It logs this warning and then elaborates like '_'.

The presence of '⋯' in pretty printing output is controlled by the 'pp.maxSteps', 'pp.deepTerms' and 'pp.proofs' options. These options can be further adjusted using 'pp.deepTerms.threshold' and 'pp.proofs.threshold'. If this '⋯' was copied from the Infoview, the hover there for the original '⋯' explains which of these options led to the omission.
harness/v2/state/upstream-verification-20260930/geodesic-433-task-a01/OriginalFrozenProbe.lean:217:13: warning: The '⋯' token is used by the pretty printer to indicate omitted terms, and it should not be used directly. It logs this warning and then elaborates like '_'.

The presence of '⋯' in pretty printing output is controlled by the 'pp.maxSteps', 'pp.deepTerms' and 'pp.proofs' options. These options can be further adjusted using 'pp.deepTerms.threshold' and 'pp.proofs.threshold'. If this '⋯' was copied from the Infoview, the hover there for the original '⋯' explains which of these options led to the omission.
harness/v2/state/upstream-verification-20260930/geodesic-433-task-a01/OriginalFrozenProbe.lean:478:0: error: unresolved metavariables in frozen type for Poincare.geodesicFlowField_eventuallyEq_of_contDiffAt
harness/v2/state/upstream-verification-20260930/geodesic-433-task-a01/OriginalFrozenProbe.lean:60:51: warning: The '⋯' token is used by the pretty printer to indicate omitted terms, and it should not be used directly. It logs this warning and then elaborates like '_'.

The presence of '⋯' in pretty printing output is controlled by the 'pp.maxSteps', 'pp.deepTerms' and 'pp.proofs' options. These options can be further adjusted using 'pp.deepTerms.threshold' and 'pp.proofs.threshold'. If this '⋯' was copied from the Infoview, the hover there for the original '⋯' explains which of these options led to the omission.
harness/v2/state/upstream-verification-20260930/geodesic-433-task-a01/OriginalFrozenProbe.lean:83:87: warning: The '⋯' token is used by the pretty printer to indicate omitted terms, and it should not be used directly. It logs this warning and then elaborates like '_'.

The presence of '⋯' in pretty printing output is controlled by the 'pp.maxSteps', 'pp.deepTerms' and 'pp.proofs' options. These options can be further adjusted using 'pp.deepTerms.threshold' and 'pp.proofs.threshold'. If this '⋯' was copied from the Infoview, the hover there for the original '⋯' explains which of these options led to the omission.
harness/v2/state/upstream-verification-20260930/geodesic-433-task-a01/OriginalFrozenProbe.lean:111:38: warning: The '⋯' token is used by the pretty printer to indicate omitted terms, and it should not be used directly. It logs this warning and then elaborates like '_'.

The presence of '⋯' in pretty printing output is controlled by the 'pp.maxSteps', 'pp.deepTerms' and 'pp.proofs' options. These options can be further adjusted using 'pp.deepTerms.threshold' and 'pp.proofs.threshold'. If this '⋯' was copied from the Infoview, the hover there for the original '⋯' explains which of these options led to the omission.
harness/v2/state/upstream-verification-20260930/geodesic-433-task-a01/OriginalFrozenProbe.lean:111:42: warning: The '⋯' token is used by the pretty printer to indicate omitted terms, and it should not be used directly. It logs this warning and then elaborates like '_'.

The presence of '⋯' in pretty printing output is controlled by the 'pp.maxSteps', 'pp.deepTerms' and 'pp.proofs' options. These options can be further adjusted using 'pp.deepTerms.threshold' and 'pp.proofs.threshold'. If this '⋯' was copied from the Infoview, the hover there for the original '⋯' explains which of these options led to the omission.
harness/v2/state/upstream-verification-20260930/geodesic-433-task-a01/OriginalFrozenProbe.lean:112:25: warning: The '⋯' token is used by the pretty printer to indicate omitted terms, and it should not be used directly. It logs this warning and then elaborates like '_'.

The presence of '⋯' in pretty printing output is controlled by the 'pp.maxSteps', 'pp.deepTerms' and 'pp.proofs' options. These options can be further adjusted using 'pp.deepTerms.threshold' and 'pp.proofs.threshold'. If this '⋯' was copied from the Infoview, the hover there for the original '⋯' explains which of these options led to the omission.
harness/v2/state/upstream-verification-20260930/geodesic-433-task-a01/OriginalFrozenProbe.lean:146:7: warning: The '⋯' token is used by the pretty printer to indicate omitted terms, and it should not be used directly. It logs this warning and then elaborates like '_'.

The presence of '⋯' in pretty printing output is controlled by the 'pp.maxSteps', 'pp.deepTerms' and 'pp.proofs' options. These options can be further adjusted using 'pp.deepTerms.threshold' and 'pp.proofs.threshold'. If this '⋯' was copied from the Infoview, the hover there for the original '⋯' explains which of these options led to the omission.
harness/v2/state/upstream-verification-20260930/geodesic-433-task-a01/OriginalFrozenProbe.lean:159:28: warning: The '⋯' token is used by the pretty printer to indicate omitted terms, and it should not be used directly. It logs this warning and then elaborates like '_'.

The presence of '⋯' in pretty printing output is controlled by the 'pp.maxSteps', 'pp.deepTerms' and 'pp.proofs' options. These options can be further adjusted using 'pp.deepTerms.threshold' and 'pp.proofs.threshold'. If this '⋯' was copied from the Infoview, the hover there for the original '⋯' explains which of these options led to the omission.
harness/v2/state/upstream-verification-20260930/geodesic-433-task-a01/OriginalFrozenProbe.lean:495:0: error: unresolved metavariables in frozen type for Poincare.geodesic_position_hasDerivAt
harness/v2/state/upstream-verification-20260930/geodesic-433-task-a01/OriginalFrozenProbe.lean:60:51: warning: The '⋯' token is used by the pretty printer to indicate omitted terms, and it should not be used directly. It logs this warning and then elaborates like '_'.

The presence of '⋯' in pretty printing output is controlled by the 'pp.maxSteps', 'pp.deepTerms' and 'pp.proofs' options. These options can be further adjusted using 'pp.deepTerms.threshold' and 'pp.proofs.threshold'. If this '⋯' was copied from the Infoview, the hover there for the original '⋯' explains which of these options led to the omission.
harness/v2/state/upstream-verification-20260930/geodesic-433-task-a01/OriginalFrozenProbe.lean:83:87: warning: The '⋯' token is used by the pretty printer to indicate omitted terms, and it should not be used directly. It logs this warning and then elaborates like '_'.

The presence of '⋯' in pretty printing output is controlled by the 'pp.maxSteps', 'pp.deepTerms' and 'pp.proofs' options. These options can be further adjusted using 'pp.deepTerms.threshold' and 'pp.proofs.threshold'. If this '⋯' was copied from the Infoview, the hover there for the original '⋯' explains which of these options led to the omission.
harness/v2/state/upstream-verification-20260930/geodesic-433-task-a01/OriginalFrozenProbe.lean:111:38: warning: The '⋯' token is used by the pretty printer to indicate omitted terms, and it should not be used directly. It logs this warning and then elaborates like '_'.

The presence of '⋯' in pretty printing output is controlled by the 'pp.maxSteps', 'pp.deepTerms' and 'pp.proofs' options. These options can be further adjusted using 'pp.deepTerms.threshold' and 'pp.proofs.threshold'. If this '⋯' was copied from the Infoview, the hover there for the original '⋯' explains which of these options led to the omission.
harness/v2/state/upstream-verification-20260930/geodesic-433-task-a01/OriginalFrozenProbe.lean:111:42: warning: The '⋯' token is used by the pretty printer to indicate omitted terms, and it should not be used directly. It logs this warning and then elaborates like '_'.

The presence of '⋯' in pretty printing output is controlled by the 'pp.maxSteps', 'pp.deepTerms' and 'pp.proofs' options. These options can be further adjusted using 'pp.deepTerms.threshold' and 'pp.proofs.threshold'. If this '⋯' was copied from the Infoview, the hover there for the original '⋯' explains which of these options led to the omission.
harness/v2/state/upstream-verification-20260930/geodesic-433-task-a01/OriginalFrozenProbe.lean:112:25: warning: The '⋯' token is used by the pretty printer to indicate omitted terms, and it should not be used directly. It logs this warning and then elaborates like '_'.

The presence of '⋯' in pretty printing output is controlled by the 'pp.maxSteps', 'pp.deepTerms' and 'pp.proofs' options. These options can be further adjusted using 'pp.deepTerms.threshold' and 'pp.proofs.threshold'. If this '⋯' was copied from the Infoview, the hover there for the original '⋯' explains which of these options led to the omission.
harness/v2/state/upstream-verification-20260930/geodesic-433-task-a01/OriginalFrozenProbe.lean:146:9: warning: The '⋯' token is used by the pretty printer to indicate omitted terms, and it should not be used directly. It logs this warning and then elaborates like '_'.

The presence of '⋯' in pretty printing output is controlled by the 'pp.maxSteps', 'pp.deepTerms' and 'pp.proofs' options. These options can be further adjusted using 'pp.deepTerms.threshold' and 'pp.proofs.threshold'. If this '⋯' was copied from the Infoview, the hover there for the original '⋯' explains which of these options led to the omission.
harness/v2/state/upstream-verification-20260930/geodesic-433-task-a01/OriginalFrozenProbe.lean:159:34: warning: The '⋯' token is used by the pretty printer to indicate omitted terms, and it should not be used directly. It logs this warning and then elaborates like '_'.

The presence of '⋯' in pretty printing output is controlled by the 'pp.maxSteps', 'pp.deepTerms' and 'pp.proofs' options. These options can be further adjusted using 'pp.deepTerms.threshold' and 'pp.proofs.threshold'. If this '⋯' was copied from the Infoview, the hover there for the original '⋯' explains which of these options led to the omission.
harness/v2/state/upstream-verification-20260930/geodesic-433-task-a01/OriginalFrozenProbe.lean:266:15: warning: The '⋯' token is used by the pretty printer to indicate omitted terms, and it should not be used directly. It logs this warning and then elaborates like '_'.

The presence of '⋯' in pretty printing output is controlled by the 'pp.maxSteps', 'pp.deepTerms' and 'pp.proofs' options. These options can be further adjusted using 'pp.deepTerms.threshold' and 'pp.proofs.threshold'. If this '⋯' was copied from the Infoview, the hover there for the original '⋯' explains which of these options led to the omission.
harness/v2/state/upstream-verification-20260930/geodesic-433-task-a01/OriginalFrozenProbe.lean:287:20: warning: The '⋯' token is used by the pretty printer to indicate omitted terms, and it should not be used directly. It logs this warning and then elaborates like '_'.

The presence of '⋯' in pretty printing output is controlled by the 'pp.maxSteps', 'pp.deepTerms' and 'pp.proofs' options. These options can be further adjusted using 'pp.deepTerms.threshold' and 'pp.proofs.threshold'. If this '⋯' was copied from the Infoview, the hover there for the original '⋯' explains which of these options led to the omission.
harness/v2/state/upstream-verification-20260930/geodesic-433-task-a01/OriginalFrozenProbe.lean:314:32: warning: The '⋯' token is used by the pretty printer to indicate omitted terms, and it should not be used directly. It logs this warning and then elaborates like '_'.

The presence of '⋯' in pretty printing output is controlled by the 'pp.maxSteps', 'pp.deepTerms' and 'pp.proofs' options. These options can be further adjusted using 'pp.deepTerms.threshold' and 'pp.proofs.threshold'. If this '⋯' was copied from the Infoview, the hover there for the original '⋯' explains which of these options led to the omission.
harness/v2/state/upstream-verification-20260930/geodesic-433-task-a01/OriginalFrozenProbe.lean:314:36: warning: The '⋯' token is used by the pretty printer to indicate omitted terms, and it should not be used directly. It logs this warning and then elaborates like '_'.

The presence of '⋯' in pretty printing output is controlled by the 'pp.maxSteps', 'pp.deepTerms' and 'pp.proofs' options. These options can be further adjusted using 'pp.deepTerms.threshold' and 'pp.proofs.threshold'. If this '⋯' was copied from the Infoview, the hover there for the original '⋯' explains which of these options led to the omission.
harness/v2/state/upstream-verification-20260930/geodesic-433-task-a01/OriginalFrozenProbe.lean:316:178746: warning: The '⋯' token is used by the pretty printer to indicate omitted terms, and it should not be used directly. It logs this warning and then elaborates like '_'.

The presence of '⋯' in pretty printing output is controlled by the 'pp.maxSteps', 'pp.deepTerms' and 'pp.proofs' options. These options can be further adjusted using 'pp.deepTerms.threshold' and 'pp.proofs.threshold'. If this '⋯' was copied from the Infoview, the hover there for the original '⋯' explains which of these options led to the omission.
harness/v2/state/upstream-verification-20260930/geodesic-433-task-a01/OriginalFrozenProbe.lean:347:1992: warning: The '⋯' token is used by the pretty printer to indicate omitted terms, and it should not be used directly. It logs this warning and then elaborates like '_'.

The presence of '⋯' in pretty printing output is controlled by the 'pp.maxSteps', 'pp.deepTerms' and 'pp.proofs' options. These options can be further adjusted using 'pp.deepTerms.threshold' and 'pp.proofs.threshold'. If this '⋯' was copied from the Infoview, the hover there for the original '⋯' explains which of these options led to the omission.
harness/v2/state/upstream-verification-20260930/geodesic-433-task-a01/OriginalFrozenProbe.lean:347:2997: warning: The '⋯' token is used by the pretty printer to indicate omitted terms, and it should not be used directly. It logs this warning and then elaborates like '_'.

The presence of '⋯' in pretty printing output is controlled by the 'pp.maxSteps', 'pp.deepTerms' and 'pp.proofs' options. These options can be further adjusted using 'pp.deepTerms.threshold' and 'pp.proofs.threshold'. If this '⋯' was copied from the Infoview, the hover there for the original '⋯' explains which of these options led to the omission.
harness/v2/state/upstream-verification-20260930/geodesic-433-task-a01/OriginalFrozenProbe.lean:347:4188: warning: The '⋯' token is used by the pretty printer to indicate omitted terms, and it should not be used directly. It logs this warning and then elaborates like '_'.

The presence of '⋯' in pretty printing output is controlled by the 'pp.maxSteps', 'pp.deepTerms' and 'pp.proofs' options. These options can be further adjusted using 'pp.deepTerms.threshold' and 'pp.proofs.threshold'. If this '⋯' was copied from the Infoview, the hover there for the original '⋯' explains which of these options led to the omission.
harness/v2/state/upstream-verification-20260930/geodesic-433-task-a01/OriginalFrozenProbe.lean:347:4192: warning: The '⋯' token is used by the pretty printer to indicate omitted terms, and it should not be used directly. It logs this warning and then elaborates like '_'.

The presence of '⋯' in pretty printing output is controlled by the 'pp.maxSteps', 'pp.deepTerms' and 'pp.proofs' options. These options can be further adjusted using 'pp.deepTerms.threshold' and 'pp.proofs.threshold'. If this '⋯' was copied from the Infoview, the hover there for the original '⋯' explains which of these options led to the omission.
harness/v2/state/upstream-verification-20260930/geodesic-433-task-a01/OriginalFrozenProbe.lean:347:4273: warning: The '⋯' token is used by the pretty printer to indicate omitted terms, and it should not be used directly. It logs this warning and then elaborates like '_'.

The presence of '⋯' in pretty printing output is controlled by the 'pp.maxSteps', 'pp.deepTerms' and 'pp.proofs' options. These options can be further adjusted using 'pp.deepTerms.threshold' and 'pp.proofs.threshold'. If this '⋯' was copied from the Infoview, the hover there for the original '⋯' explains which of these options led to the omission.
harness/v2/state/upstream-verification-20260930/geodesic-433-task-a01/OriginalFrozenProbe.lean:512:0: error: unresolved metavariables in frozen type for Poincare.geodesic_velocity_hasDerivAt
harness/v2/state/upstream-verification-20260930/geodesic-433-task-a01/OriginalFrozenProbe.lean:60:51: warning: The '⋯' token is used by the pretty printer to indicate omitted terms, and it should not be used directly. It logs this warning and then elaborates like '_'.

The presence of '⋯' in pretty printing output is controlled by the 'pp.maxSteps', 'pp.deepTerms' and 'pp.proofs' options. These options can be further adjusted using 'pp.deepTerms.threshold' and 'pp.proofs.threshold'. If this '⋯' was copied from the Infoview, the hover there for the original '⋯' explains which of these options led to the omission.
harness/v2/state/upstream-verification-20260930/geodesic-433-task-a01/OriginalFrozenProbe.lean:83:87: warning: The '⋯' token is used by the pretty printer to indicate omitted terms, and it should not be used directly. It logs this warning and then elaborates like '_'.

The presence of '⋯' in pretty printing output is controlled by the 'pp.maxSteps', 'pp.deepTerms' and 'pp.proofs' options. These options can be further adjusted using 'pp.deepTerms.threshold' and 'pp.proofs.threshold'. If this '⋯' was copied from the Infoview, the hover there for the original '⋯' explains which of these options led to the omission.
harness/v2/state/upstream-verification-20260930/geodesic-433-task-a01/OriginalFrozenProbe.lean:111:38: warning: The '⋯' token is used by the pretty printer to indicate omitted terms, and it should not be used directly. It logs this warning and then elaborates like '_'.

The presence of '⋯' in pretty printing output is controlled by the 'pp.maxSteps', 'pp.deepTerms' and 'pp.proofs' options. These options can be further adjusted using 'pp.deepTerms.threshold' and 'pp.proofs.threshold'. If this '⋯' was copied from the Infoview, the hover there for the original '⋯' explains which of these options led to the omission.
harness/v2/state/upstream-verification-20260930/geodesic-433-task-a01/OriginalFrozenProbe.lean:111:42: warning: The '⋯' token is used by the pretty printer to indicate omitted terms, and it should not be used directly. It logs this warning and then elaborates like '_'.

The presence of '⋯' in pretty printing output is controlled by the 'pp.maxSteps', 'pp.deepTerms' and 'pp.proofs' options. These options can be further adjusted using 'pp.deepTerms.threshold' and 'pp.proofs.threshold'. If this '⋯' was copied from the Infoview, the hover there for the original '⋯' explains which of these options led to the omission.
harness/v2/state/upstream-verification-20260930/geodesic-433-task-a01/OriginalFrozenProbe.lean:112:25: warning: The '⋯' token is used by the pretty printer to indicate omitted terms, and it should not be used directly. It logs this warning and then elaborates like '_'.

The presence of '⋯' in pretty printing output is controlled by the 'pp.maxSteps', 'pp.deepTerms' and 'pp.proofs' options. These options can be further adjusted using 'pp.deepTerms.threshold' and 'pp.proofs.threshold'. If this '⋯' was copied from the Infoview, the hover there for the original '⋯' explains which of these options led to the omission.
harness/v2/state/upstream-verification-20260930/geodesic-433-task-a01/OriginalFrozenProbe.lean:148:20: warning: The '⋯' token is used by the pretty printer to indicate omitted terms, and it should not be used directly. It logs this warning and then elaborates like '_'.

The presence of '⋯' in pretty printing output is controlled by the 'pp.maxSteps', 'pp.deepTerms' and 'pp.proofs' options. These options can be further adjusted using 'pp.deepTerms.threshold' and 'pp.proofs.threshold'. If this '⋯' was copied from the Infoview, the hover there for the original '⋯' explains which of these options led to the omission.
harness/v2/state/upstream-verification-20260930/geodesic-433-task-a01/OriginalFrozenProbe.lean:164:29: warning: The '⋯' token is used by the pretty printer to indicate omitted terms, and it should not be used directly. It logs this warning and then elaborates like '_'.

The presence of '⋯' in pretty printing output is controlled by the 'pp.maxSteps', 'pp.deepTerms' and 'pp.proofs' options. These options can be further adjusted using 'pp.deepTerms.threshold' and 'pp.proofs.threshold'. If this '⋯' was copied from the Infoview, the hover there for the original '⋯' explains which of these options led to the omission.
harness/v2/state/upstream-verification-20260930/geodesic-433-task-a01/OriginalFrozenProbe.lean:178:28: warning: The '⋯' token is used by the pretty printer to indicate omitted terms, and it should not be used directly. It logs this warning and then elaborates like '_'.

The presence of '⋯' in pretty printing output is controlled by the 'pp.maxSteps', 'pp.deepTerms' and 'pp.proofs' options. These options can be further adjusted using 'pp.deepTerms.threshold' and 'pp.proofs.threshold'. If this '⋯' was copied from the Infoview, the hover there for the original '⋯' explains which of these options led to the omission.
harness/v2/state/upstream-verification-20260930/geodesic-433-task-a01/OriginalFrozenProbe.lean:286:7: warning: The '⋯' token is used by the pretty printer to indicate omitted terms, and it should not be used directly. It logs this warning and then elaborates like '_'.

The presence of '⋯' in pretty printing output is controlled by the 'pp.maxSteps', 'pp.deepTerms' and 'pp.proofs' options. These options can be further adjusted using 'pp.deepTerms.threshold' and 'pp.proofs.threshold'. If this '⋯' was copied from the Infoview, the hover there for the original '⋯' explains which of these options led to the omission.
harness/v2/state/upstream-verification-20260930/geodesic-433-task-a01/OriginalFrozenProbe.lean:308:20: warning: The '⋯' token is used by the pretty printer to indicate omitted terms, and it should not be used directly. It logs this warning and then elaborates like '_'.

The presence of '⋯' in pretty printing output is controlled by the 'pp.maxSteps', 'pp.deepTerms' and 'pp.proofs' options. These options can be further adjusted using 'pp.deepTerms.threshold' and 'pp.proofs.threshold'. If this '⋯' was copied from the Infoview, the hover there for the original '⋯' explains which of these options led to the omission.
harness/v2/state/upstream-verification-20260930/geodesic-433-task-a01/OriginalFrozenProbe.lean:335:65: warning: The '⋯' token is used by the pretty printer to indicate omitted terms, and it should not be used directly. It logs this warning and then elaborates like '_'.

The presence of '⋯' in pretty printing output is controlled by the 'pp.maxSteps', 'pp.deepTerms' and 'pp.proofs' options. These options can be further adjusted using 'pp.deepTerms.threshold' and 'pp.proofs.threshold'. If this '⋯' was copied from the Infoview, the hover there for the original '⋯' explains which of these options led to the omission.
harness/v2/state/upstream-verification-20260930/geodesic-433-task-a01/OriginalFrozenProbe.lean:335:69: warning: The '⋯' token is used by the pretty printer to indicate omitted terms, and it should not be used directly. It logs this warning and then elaborates like '_'.

The presence of '⋯' in pretty printing output is controlled by the 'pp.maxSteps', 'pp.deepTerms' and 'pp.proofs' options. These options can be further adjusted using 'pp.deepTerms.threshold' and 'pp.proofs.threshold'. If this '⋯' was copied from the Infoview, the hover there for the original '⋯' explains which of these options led to the omission.
harness/v2/state/upstream-verification-20260930/geodesic-433-task-a01/OriginalFrozenProbe.lean:337:15: warning: The '⋯' token is used by the pretty printer to indicate omitted terms, and it should not be used directly. It logs this warning and then elaborates like '_'.

The presence of '⋯' in pretty printing output is controlled by the 'pp.maxSteps', 'pp.deepTerms' and 'pp.proofs' options. These options can be further adjusted using 'pp.deepTerms.threshold' and 'pp.proofs.threshold'. If this '⋯' was copied from the Infoview, the hover there for the original '⋯' explains which of these options led to the omission.
harness/v2/state/upstream-verification-20260930/geodesic-433-task-a01/OriginalFrozenProbe.lean:347:2927: warning: The '⋯' token is used by the pretty printer to indicate omitted terms, and it should not be used directly. It logs this warning and then elaborates like '_'.

The presence of '⋯' in pretty printing output is controlled by the 'pp.maxSteps', 'pp.deepTerms' and 'pp.proofs' options. These options can be further adjusted using 'pp.deepTerms.threshold' and 'pp.proofs.threshold'. If this '⋯' was copied from the Infoview, the hover there for the original '⋯' explains which of these options led to the omission.
harness/v2/state/upstream-verification-20260930/geodesic-433-task-a01/OriginalFrozenProbe.lean:347:3932: warning: The '⋯' token is used by the pretty printer to indicate omitted terms, and it should not be used directly. It logs this warning and then elaborates like '_'.

The presence of '⋯' in pretty printing output is controlled by the 'pp.maxSteps', 'pp.deepTerms' and 'pp.proofs' options. These options can be further adjusted using 'pp.deepTerms.threshold' and 'pp.proofs.threshold'. If this '⋯' was copied from the Infoview, the hover there for the original '⋯' explains which of these options led to the omission.
harness/v2/state/upstream-verification-20260930/geodesic-433-task-a01/OriginalFrozenProbe.lean:352:4: warning: The '⋯' token is used by the pretty printer to indicate omitted terms, and it should not be used directly. It logs this warning and then elaborates like '_'.

The presence of '⋯' in pretty printing output is controlled by the 'pp.maxSteps', 'pp.deepTerms' and 'pp.proofs' options. These options can be further adjusted using 'pp.deepTerms.threshold' and 'pp.proofs.threshold'. If this '⋯' was copied from the Infoview, the hover there for the original '⋯' explains which of these options led to the omission.
harness/v2/state/upstream-verification-20260930/geodesic-433-task-a01/OriginalFrozenProbe.lean:352:8: warning: The '⋯' token is used by the pretty printer to indicate omitted terms, and it should not be used directly. It logs this warning and then elaborates like '_'.

The presence of '⋯' in pretty printing output is controlled by the 'pp.maxSteps', 'pp.deepTerms' and 'pp.proofs' options. These options can be further adjusted using 'pp.deepTerms.threshold' and 'pp.proofs.threshold'. If this '⋯' was copied from the Infoview, the hover there for the original '⋯' explains which of these options led to the omission.
harness/v2/state/upstream-verification-20260930/geodesic-433-task-a01/OriginalFrozenProbe.lean:353:44: warning: The '⋯' token is used by the pretty printer to indicate omitted terms, and it should not be used directly. It logs this warning and then elaborates like '_'.

The presence of '⋯' in pretty printing output is controlled by the 'pp.maxSteps', 'pp.deepTerms' and 'pp.proofs' options. These options can be further adjusted using 'pp.deepTerms.threshold' and 'pp.proofs.threshold'. If this '⋯' was copied from the Infoview, the hover there for the original '⋯' explains which of these options led to the omission.
harness/v2/state/upstream-verification-20260930/geodesic-433-task-a01/OriginalFrozenProbe.lean:529:0: error: unresolved metavariables in frozen type for Poincare.geodesic_components_hasDerivAt
