✔ [2282/2284] Built DifferentialGeometry.Topology.PiecewiseLinear.Polytope (2.8s)
✔ [2283/2341] Built DifferentialGeometry.Topology.PiecewiseLinear.PiecewiseAffine (2.0s)
✔ [2387/2392] Built DifferentialGeometry.Topology.Manifold.PartialAtlas (1.4s)
✔ [2388/2392] Built DifferentialGeometry.Topology.PiecewiseLinear.Groupoid (1.6s)
✔ [2389/2392] Built DifferentialGeometry.Topology.PiecewiseLinear.Manifold (1.7s)
✔ [2390/2392] Built DifferentialGeometry.Topology.PiecewiseLinear.Approximation (1.5s)
✔ [2391/2405] Built DifferentialGeometry.Topology.PiecewiseLinear.ApproximationManifold (1.8s)
✔ [2402/2407] Built DifferentialGeometry.Topology.PiecewiseLinear.Polyhedra (2.0s)
✔ [2403/2413] Built DifferentialGeometry.Topology.PiecewiseLinear.Barycentric (1.9s)
✔ [2405/2413] Built DifferentialGeometry.Topology.PiecewiseLinear.Star (1.6s)
✔ [2406/2413] Built DifferentialGeometry.Topology.SimplicialComplex.MaximalFace (1.3s)
✔ [2407/2414] Built DifferentialGeometry.Topology.SimplicialComplex.Incidence (1.4s)
✔ [2408/2415] Built DifferentialGeometry.Topology.SimplicialComplex.GeometricLink (1.2s)
✔ [2409/2417] Built DifferentialGeometry.Topology.PiecewiseLinear.Polyhedron (1.9s)
✔ [2410/2417] Built DifferentialGeometry.Topology.PiecewiseLinear.PLHomeomorph (1.7s)
✔ [2411/2417] Built DifferentialGeometry.Topology.PiecewiseLinear.SimplicialMap (1.9s)
✔ [2413/2417] Built DifferentialGeometry.Topology.PiecewiseLinear.SimplexBall (1.0s)
✔ [2414/2422] Built DifferentialGeometry.Topology.PiecewiseLinear.Cone (2.4s)
✔ [2415/2422] Built DifferentialGeometry.Topology.PiecewiseLinear.SimplexBoundary (2.9s)
✔ [2416/2422] Built DifferentialGeometry.Topology.PiecewiseLinear.ConeComplex (2.1s)
✔ [2417/2422] Built DifferentialGeometry.Topology.PiecewiseLinear.Subdivision (1.5s)
✔ [2418/2427] Built DifferentialGeometry.Topology.PiecewiseLinear.Derived (2.1s)
✔ [2419/2427] Built DifferentialGeometry.Topology.PiecewiseLinear.SimplicialImage (1.7s)
✔ [2420/2427] Built DifferentialGeometry.Topology.PiecewiseLinear.Arrangement (2.0s)
✔ [2421/2434] Built DifferentialGeometry.Topology.PiecewiseLinear.RadialProjection (2.2s)
✔ [2422/2434] Built DifferentialGeometry.Topology.PiecewiseLinear.CellComplex (2.9s)
✔ [2423/2434] Built DifferentialGeometry.Topology.PiecewiseLinear.ConeBase (1.9s)
✔ [2424/2435] Built DifferentialGeometry.Topology.PiecewiseLinear.LinkSubdivision (1.7s)
✔ [2425/2435] Built DifferentialGeometry.Topology.PiecewiseLinear.Triangulation (1.8s)
✔ [2426/2435] Built DifferentialGeometry.Topology.PiecewiseLinear.LinkEuclidean (2.0s)
✔ [2427/2436] Built DifferentialGeometry.Topology.PiecewiseLinear.PiecewiseAffineSimplicial (1.7s)
✔ [2428/2438] Built DifferentialGeometry.Topology.PiecewiseLinear.PLImage (2.1s)
✔ [2429/2438] Built DifferentialGeometry.Topology.PiecewiseLinear.ConeExtension (2.2s)
✔ [2430/2438] Built DifferentialGeometry.Topology.PiecewiseLinear.PLPiece (2.2s)
✔ [2431/2438] Built DifferentialGeometry.Topology.PiecewiseLinear.RelativeDerived (2.7s)
✔ [2432/2438] Built DifferentialGeometry.Topology.PiecewiseLinear.StdSimplexCone (1.7s)
✔ [2433/2441] Built DifferentialGeometry.Topology.PiecewiseLinear.Gluing (4.0s)
✔ [2434/2444] Built DifferentialGeometry.Topology.PiecewiseLinear.OpenStar (1.9s)
✔ [2435/2444] Built DifferentialGeometry.Topology.SimplicialComplex.GeometricCompactness (1.3s)
✔ [2436/2444] Built DifferentialGeometry.Topology.PiecewiseLinear.StdChart (1.8s)
✔ [2437/2444] Built DifferentialGeometry.Topology.PiecewiseLinear.Mesh (2.0s)
✔ [2438/2444] Built DifferentialGeometry.Topology.PiecewiseLinear.VertexChart (2.2s)
✔ [2439/2444] Built DifferentialGeometry.Topology.PiecewiseLinear.Subcomplex (1.8s)
✔ [2440/2444] Built DifferentialGeometry.Topology.PiecewiseLinear.RegularNeighborhood (1.6s)
✔ [2441/2445] Built DifferentialGeometry.Topology.PiecewiseLinear.CombinatorialZero (1.0s)
✔ [2442/2445] Built DifferentialGeometry.Topology.PiecewiseLinear.SubdivisionTransport (2.0s)
✔ [2443/2445] Built DifferentialGeometry.Topology.PiecewiseLinear.FaceLink (1.7s)
✔ [2444/2446] Built DifferentialGeometry.Topology.PiecewiseLinear.IsomorphicSubdivision (1.8s)
✔ [2445/2483] Built DifferentialGeometry.Topology.PiecewiseLinear.LinkRadial (1.8s)
✔ [2617/2621] Built DifferentialGeometry.Topology.SimplicialComplex.OrderedSimplicialSet (1.4s)
✔ [2619/2632] Built DifferentialGeometry.Topology.SimplicialComplex.OrderedMaps (1.3s)
✔ [2629/2632] Built DifferentialGeometry.Topology.Simplex.VertexMap (1.5s)
✔ [2630/2632] Built DifferentialGeometry.Topology.SimplicialSet.MaximalCell (1.4s)
✔ [2631/2697] Built DifferentialGeometry.Topology.SimplicialComplex.OrderedCellAttachment (1.4s)
✔ [2706/2708] Built DifferentialGeometry.Topology.Simplex.VertexHomeomorphism (1.4s)
✔ [2707/2716] Built DifferentialGeometry.Topology.SimplicialComplex.GeometricRealizationMap (1.8s)
✔ [2711/2716] Built DifferentialGeometry.Topology.Simplex.BoundaryRetraction (1.6s)
✔ [2712/2716] Built DifferentialGeometry.Topology.Simplex.Reindex (1.4s)
✔ [2713/2717] Built DifferentialGeometry.Topology.Simplex.VertexFaces (1.4s)
✔ [2714/2719] Built DifferentialGeometry.Topology.SimplicialComplex.GeometricFaceBoundary (1.4s)
✔ [2716/2733] Built DifferentialGeometry.Topology.SimplicialComplex.GeometricFaceHomeomorphism (1.4s)
✔ [2806/2813] Built DifferentialGeometry.Topology.Category.TopCat.ClosedCover (1.2s)
✔ [2807/2813] Built DifferentialGeometry.Topology.SimplicialComplex.GeometricInclusion (1.5s)
✔ [2808/2813] Built DifferentialGeometry.Topology.Homology.SmallChains (2.3s)
✔ [2809/2813] Built DifferentialGeometry.Topology.SimplicialComplex.FiniteFaceInduction (1.2s)
✔ [2810/2815] Built DifferentialGeometry.Topology.Homology.SmallChains.Subspace (2.0s)
✔ [2811/2815] Built DifferentialGeometry.Topology.SimplicialSet.BoundaryRealization (1.8s)
✔ [2812/2815] Built DifferentialGeometry.Topology.SimplicialSet.FiniteCellInduction (1.2s)
✔ [2813/2817] Built DifferentialGeometry.Topology.SimplicialComplex.OrderedGeometricCell (1.7s)
✔ [2814/2819] Built DifferentialGeometry.Topology.SimplicialComplex.EmptyRealization (1.4s)
✔ [2815/2819] Built DifferentialGeometry.Topology.Category.TopCat.PushoutClosedEmbedding (1.2s)
✔ [2816/2820] Built DifferentialGeometry.Topology.Category.TopCat.PushoutInjectivity (1.1s)
✔ [2817/2820] Built DifferentialGeometry.Topology.SimplicialSet.Compactness (1.4s)
✔ [2818/2820] Built DifferentialGeometry.Topology.SimplicialComplex.EulerCharacteristic (1.2s)
✔ [2819/2823] Built DifferentialGeometry.Topology.SimplicialComplex.GeometricRealizationHomeomorphism (1.6s)
✔ [2820/2823] Built DifferentialGeometry.Topology.Simplex.Face (1.3s)
✔ [2821/2823] Built DifferentialGeometry.Topology.Simplex.ULift (1.3s)
✔ [2822/2824] Built DifferentialGeometry.Topology.SimplicialSet.BoundaryHomeomorphism (1.7s)
✔ [2823/2862] Built DifferentialGeometry.Topology.Simplex.Attachment (1.8s)
✔ [2859/2862] Built DifferentialGeometry.Topology.Homology.Algebra.EulerCharacteristic (1.7s)
✔ [2860/2863] Built DifferentialGeometry.Topology.Homology.Algebra.ExactSequenceEuler (1.9s)
✔ [2861/2880] Built DifferentialGeometry.Topology.Homology.Algebra.FiniteType (1.5s)
✔ [2875/2883] Built DifferentialGeometry.Topology.Homology.EulerCharacteristic (3.1s)
✔ [2877/2886] Built DifferentialGeometry.Topology.Homology.Relative (2.8s)
✔ [2882/2886] Built DifferentialGeometry.Topology.Homology.Algebra.CokernelHomotopy (1.9s)
✔ [2883/2886] Built DifferentialGeometry.Topology.Homology.Relative.Map (2.4s)
✔ [2884/2886] Built DifferentialGeometry.Topology.Homology.Algebra.LocallyNilpotent (1.4s)
✔ [2885/2896] Built DifferentialGeometry.Topology.Homology.Algebra.EventualImage (1.4s)
✔ [2886/2896] Built DifferentialGeometry.Topology.Homology.Subdivision.AffineSimplex (1.7s)
✔ [2887/2896] Built DifferentialGeometry.Topology.Homology.Subdivision.Cone (1.7s)
✔ [2888/2896] Built DifferentialGeometry.Topology.Homology.Subdivision.Barycentric (1.7s)
✔ [2889/2897] Built DifferentialGeometry.Topology.Homology.Subdivision.Homotopy (2.1s)
✔ [2890/2897] Built DifferentialGeometry.Topology.Homology.Subdivision.Naturality (2.4s)
✔ [2891/2898] Built DifferentialGeometry.Topology.Homology.Subdivision.Support (2.8s)
✔ [2892/2898] Built DifferentialGeometry.Topology.Homology.Subdivision.Restriction (3.2s)
✔ [2893/2898] Built DifferentialGeometry.Topology.Homology.Subdivision.AffinePieces (1.7s)
✔ [2894/2902] Built DifferentialGeometry.Topology.Homology.Subdivision.Universal (2.8s)
✔ [2895/2906] Built DifferentialGeometry.Topology.Homology.Subdivision.Singular (2.0s)
✔ [2897/2906] Built DifferentialGeometry.Topology.Homology.Subdivision.UniversalGeometry (1.0s)
✔ [2898/2906] Built DifferentialGeometry.Topology.Homology.Subdivision.SingularSupport (2.1s)
✔ [2900/2906] Built DifferentialGeometry.Topology.Homology.SmallChains.Compactness (1.9s)
✔ [2901/2908] Built DifferentialGeometry.Topology.Homology.Subdivision.Mesh (1.8s)
✔ [2902/2909] Built DifferentialGeometry.Topology.Homology.Subdivision.MeshChains (1.8s)
✔ [2904/2912] Built DifferentialGeometry.Topology.Homology.Subdivision.SimplexSmallness (2.3s)
✔ [2905/2912] Built DifferentialGeometry.Topology.Homology.Algebra.PushoutExact (1.2s)
✔ [2906/2917] Built DifferentialGeometry.Topology.SimplicialSet.ChainColimits (1.4s)
✔ [2907/2917] Built DifferentialGeometry.Topology.Homology.Subdivision.EventualSmallness (1.9s)
✔ [2909/2917] Built DifferentialGeometry.Topology.Homology.Algebra.CokernelQuasiIso (1.2s)
✔ [2910/2917] Built DifferentialGeometry.Topology.Homology.SmallChains.QuasiIso (1.0s)
✔ [2911/2917] Built DifferentialGeometry.Topology.SimplicialSet.UnionChains (1.6s)
✔ [2912/2917] Built DifferentialGeometry.Topology.Homology.SmallChains.Union (1.8s)
✔ [2913/2920] Built DifferentialGeometry.Topology.Homology.Relative.Excision (2.9s)
✔ [2914/2920] Built DifferentialGeometry.Topology.Simplex.RelativeHomology (2.1s)
✔ [2916/2926] Built DifferentialGeometry.Topology.Simplex.AttachmentRelativeHomology (2.2s)
✔ [2918/2927] Built DifferentialGeometry.Topology.SimplicialSet.CellAttachment (1.0s)
✔ [2924/2928] Built DifferentialGeometry.Topology.Homology.Algebra.QuasiIsoMiddle (1.3s)
✔ [2925/2928] Built DifferentialGeometry.Topology.SimplicialSet.RealizationHomology (2.4s)
✔ [2927/2937] Built DifferentialGeometry.Topology.SimplicialSet.RelativeRealization (2.3s)
✔ [2935/2939] Built DifferentialGeometry.Topology.SimplicialSet.RealizationCellInduction (1.0s)
✔ [2937/2960] Built DifferentialGeometry.Topology.SimplicialSet.FiniteRealizationHomology (1.8s)
✔ [2950/2960] Built DifferentialGeometry.Topology.SimplicialComplex.LinkCounting (1.3s)
✔ [2952/2969] Built DifferentialGeometry.Topology.SimplicialComplex.BoundaryCounting (1.4s)
✔ [2953/2969] Built DifferentialGeometry.Topology.SimplicialComplex.Simplex (1.4s)
✔ [2955/2970] Built DifferentialGeometry.Topology.PiecewiseLinear.StarComplex (1.9s)
✔ [2956/2970] Built DifferentialGeometry.Topology.PiecewiseLinear.SimplexComplex (2.1s)
✔ [2957/2970] Built DifferentialGeometry.Topology.PiecewiseLinear.LinkHalfSpace (4.5s)
✔ [2958/2970] Built DifferentialGeometry.Topology.SimplicialSet.EulerCharacteristic (1.8s)
✔ [2959/2970] Built DifferentialGeometry.Topology.PiecewiseLinear.SimplexAvoiding (2.2s)
✔ [2960/2972] Built DifferentialGeometry.Topology.SimplicialSet.RealizationEulerCharacteristic (1.8s)
✔ [2961/2972] Built DifferentialGeometry.Topology.PiecewiseLinear.StellarSphere (2.2s)
✔ [2962/2972] Built DifferentialGeometry.Topology.SimplicialComplex.OrderedRealizationEuler (1.8s)
✔ [2963/2973] Built DifferentialGeometry.Topology.PiecewiseLinear.Join (2.8s)
✔ [2964/2975] Built DifferentialGeometry.Topology.SimplicialComplex.GeometricEulerCharacteristic (1.7s)
✔ [2965/2975] Built DifferentialGeometry.Topology.PiecewiseLinear.JoinInternal (2.1s)
✔ [2966/2979] Built DifferentialGeometry.Topology.PiecewiseLinear.JoinStandard (4.2s)
✔ [2967/2979] Built DifferentialGeometry.Topology.PiecewiseLinear.PLBallSphere (2.1s)
✔ [2968/2980] Built DifferentialGeometry.Topology.PiecewiseLinear.JoinTransport (1.9s)
✔ [2969/2980] Built DifferentialGeometry.Topology.PiecewiseLinear.StarAvoiding (2.0s)
✔ [2970/2980] Built DifferentialGeometry.Topology.PiecewiseLinear.SimplexLink (2.1s)
✔ [2971/2980] Built DifferentialGeometry.Topology.PiecewiseLinear.JoinInvariance (2.9s)
✔ [2972/2980] Built DifferentialGeometry.Topology.PiecewiseLinear.PieceRestrict (1.9s)
✔ [2973/2985] Built DifferentialGeometry.Topology.PiecewiseLinear.BallSphereLink (2.3s)
✔ [2974/2985] Built DifferentialGeometry.Topology.PiecewiseLinear.StarJoin (2.1s)
✔ [2975/2985] Built DifferentialGeometry.Topology.PiecewiseLinear.LinkDimension (2.3s)
✔ [2976/2985] Built DifferentialGeometry.Topology.PiecewiseLinear.ManifoldWithBoundary (2.1s)
✔ [2977/2985] Built DifferentialGeometry.Topology.PiecewiseLinear.ChartPiece (1.9s)
✔ [2978/2985] Built DifferentialGeometry.Topology.PiecewiseLinear.BoundaryFaces (2.1s)
✔ [2979/2985] Built DifferentialGeometry.Topology.PiecewiseLinear.PolyhedronIn (1.0s)
✔ [2980/2985] Built DifferentialGeometry.Topology.PiecewiseLinear.ManifoldSubdivision (2.1s)
✔ [2981/2985] Built DifferentialGeometry.Topology.PiecewiseLinear.PieceTransition (2.1s)
✔ [2982/2990] Built DifferentialGeometry.Topology.PiecewiseLinear.ManifoldInvariance (1.0s)
✔ [2983/2990] Built DifferentialGeometry.Topology.PiecewiseLinear.PolyhedralManifold (2.0s)
✔ [2984/2990] Built DifferentialGeometry.Topology.PiecewiseLinear.RelativeSubdivision (1.9s)
✔ [2985/2990] Built DifferentialGeometry.Topology.PiecewiseLinear.LocallyFinitePieceTower (2.5s)
✔ [2986/2991] Built DifferentialGeometry.Topology.PiecewiseLinear.RelativeGluing (2.0s)
✔ [2987/2992] Built DifferentialGeometry.Topology.PiecewiseLinear.ChartGlue (2.4s)
✔ [2988/2992] Built DifferentialGeometry.Topology.PiecewiseLinear.DerivedNeighborhood (1.9s)
✔ [2989/2994] Built DifferentialGeometry.Topology.PiecewiseLinear.TriangulationExistence (1.8s)
✔ [2990/2994] Built DifferentialGeometry.Topology.PiecewiseLinear.DerivedWeights (2.3s)
✔ [2991/2994] Built DifferentialGeometry.Topology.PiecewiseLinear.Combinatorial (2.4s)
✔ [2992/2996] Built DifferentialGeometry.Topology.PiecewiseLinear.UpperLink (2.6s)
✔ [2993/2999] Built DifferentialGeometry.Topology.PiecewiseLinear.DerivedNeighborhoodLink (2.2s)
✔ [2994/3001] Built DifferentialGeometry.Topology.PiecewiseLinear.FaceNeighborhoodBall (3.5s)
✔ [2995/3001] Built DifferentialGeometry.Topology.PiecewiseLinear.JoinBall (2.1s)
✔ [2996/3002] Built DifferentialGeometry.Topology.PiecewiseLinear.FaceNeighborhoodLink (2.2s)
✔ [2997/3002] Built DifferentialGeometry.Topology.PiecewiseLinear.DerivedNeighborhoodManifold (2.2s)
✔ [2998/3002] Built DifferentialGeometry.Topology.PiecewiseLinear.PieceTransport (2.1s)
✔ [2999/3002] Built DifferentialGeometry.Topology.PiecewiseLinear.LocalManifold (2.5s)
✔ [3000/3003] Built DifferentialGeometry.Topology.PiecewiseLinear.Exhaustion (2.3s)
✔ [3001/3007] Built DifferentialGeometry.Topology.PiecewiseLinear.ExhaustionGeneral (2.3s)
✔ [3002/3007] Built DifferentialGeometry.Topology.PiecewiseLinear.RelativeDerivedNeighborhood (2.2s)
✔ [3003/3007] Built DifferentialGeometry.Topology.PiecewiseLinear.RelativeMesh (1.8s)
✔ [3004/3007] Built DifferentialGeometry.Topology.PiecewiseLinear.RelativePieceNeighborhood (2.4s)
✔ [3005/3007] Built DifferentialGeometry.Topology.PiecewiseLinear.RelativeExhaustion (2.8s)
✔ [3006/3023] Built DifferentialGeometry.Topology.PiecewiseLinear.LocallyFinitePieceTowerExistence (2.4s)
✔ [3020/3023] Built DifferentialGeometry.External.CanonicalTopology.Topology.Homology.Integral (1.8s)
✔ [3021/3023] Built DifferentialGeometry.External.ClassificationOfSurfaces.Moise.Brouwer (2.6s)
✔ [3022/3025] Built DifferentialGeometry.External.CanonicalTopology.Topology.Homology.Homotopy (1.7s)
✔ [3024/3053] Built DifferentialGeometry.External.CanonicalTopology.Topology.Homology.RadialHomotopy (1.9s)
✔ [3168/3170] Built DifferentialGeometry.External.CanonicalTopology.Topology.Homology.SpherePuncture (2.2s)
✔ [3169/3178] Built DifferentialGeometry.External.CanonicalTopology.Topology.Homology.OneDimensionalSphere (2.1s)
✔ [3170/3181] Built DifferentialGeometry.External.CanonicalTopology.Topology.Homology.Relative (2.0s)
✔ [3172/3189] Built DifferentialGeometry.External.CanonicalTopology.Topology.Homology.SimplexBasis (1.8s)
✔ [3173/3192] Built DifferentialGeometry.External.CanonicalTopology.Topology.Homology.SimplexBoundary (1.9s)
✔ [3174/3192] Built DifferentialGeometry.External.CanonicalTopology.Topology.Homology.Augmentation (1.7s)
✔ [3175/3194] Built DifferentialGeometry.External.CanonicalTopology.Topology.Homology.SimplexMaps (1.6s)
✔ [3176/3194] Built DifferentialGeometry.External.CanonicalTopology.Topology.Homology.ChainsIn (1.7s)
✔ [3177/3194] Built DifferentialGeometry.External.CanonicalTopology.Topology.Homology.AffineSimplex (1.7s)
✔ [3178/3194] Built DifferentialGeometry.External.CanonicalTopology.Topology.Homology.ChainSupport (1.6s)
✔ [3179/3194] Built DifferentialGeometry.External.CanonicalTopology.Topology.Homology.AffineChains (1.7s)
✔ [3180/3200] Built DifferentialGeometry.External.CanonicalTopology.Topology.Homology.AffineCones (1.8s)
✔ [3181/3203] Built DifferentialGeometry.External.CanonicalTopology.Topology.Homology.AffineCarriers (1.7s)
✔ [3182/3203] Built DifferentialGeometry.External.CanonicalTopology.Topology.Homology.RelativeMaps (1.7s)
✔ [3183/3205] Built DifferentialGeometry.External.CanonicalTopology.Topology.Homology.AffineZeroCone (1.7s)
✔ [3184/3205] Built DifferentialGeometry.External.CanonicalTopology.Topology.Homology.AffineSubdivision (1.8s)
✔ [3185/3205] Built DifferentialGeometry.External.CanonicalTopology.Topology.Homology.SmallChains (1.6s)
✔ [3186/3205] Built DifferentialGeometry.External.CanonicalTopology.Topology.Homology.SubdivisionBoundary (2.0s)
✔ [3187/3205] Built DifferentialGeometry.External.CanonicalTopology.Topology.Homology.SubdivisionHomotopy (1.9s)
✔ [3188/3205] Built DifferentialGeometry.External.CanonicalTopology.Topology.Homology.SubdivisionHomotopyIdentity (2.3s)
✔ [3189/3214] Built DifferentialGeometry.External.CanonicalTopology.Topology.Homology.AffineNaturality (1.8s)
✔ [3190/3216] Built DifferentialGeometry.External.CanonicalTopology.Topology.Homology.SubdivisionNaturality (1.8s)
✔ [3191/3216] Built DifferentialGeometry.External.CanonicalTopology.Topology.Homology.LiftedSimplex (1.8s)
✔ [3192/3218] Built DifferentialGeometry.External.CanonicalTopology.Topology.Homology.BarycenterBounds (1.7s)
✔ [3193/3218] Built DifferentialGeometry.External.CanonicalTopology.Topology.Homology.CarrierRestriction (1.6s)
✔ [3194/3218] Built DifferentialGeometry.External.CanonicalTopology.Topology.Homology.SubdivisionHomotopyNaturality (1.8s)
✔ [3195/3218] Built DifferentialGeometry.External.CanonicalTopology.Topology.Homology.AffineMesh (1.6s)
✔ [3196/3218] Built DifferentialGeometry.External.CanonicalTopology.Topology.Homology.SmallComplex (1.6s)
✔ [3197/3218] Built DifferentialGeometry.External.CanonicalTopology.Topology.Homology.SimplexEvaluation (1.9s)
✔ [3198/3224] Built DifferentialGeometry.External.CanonicalTopology.Topology.Homology.CarrierMaps (1.7s)
✔ [3199/3224] Built DifferentialGeometry.External.CanonicalTopology.Topology.Homology.MeshBoundary (1.8s)
✔ [3200/3226] Built DifferentialGeometry.External.CanonicalTopology.Topology.Homology.SingularSubdivision (1.0s)
✔ [3201/3226] Built DifferentialGeometry.External.CanonicalTopology.Topology.Homology.LiftedFaces (1.9s)
✔ [3202/3230] Built DifferentialGeometry.External.CanonicalTopology.Topology.Homology.ModuleHomologyClasses (1.5s)
✔ [3203/3230] Built DifferentialGeometry.External.CanonicalTopology.Topology.Homology.SubdivisionMesh (1.8s)
✔ [3204/3230] Built DifferentialGeometry.External.CanonicalTopology.Topology.Homology.SubspaceCarriers (1.7s)
✔ [3205/3230] Built DifferentialGeometry.External.CanonicalTopology.Topology.Homology.SimplexPushFaces (1.7s)
✔ [3206/3230] Built DifferentialGeometry.External.CanonicalTopology.Topology.Homology.ModuleHomologyMaps (1.4s)
✔ [3207/3230] Built DifferentialGeometry.External.CanonicalTopology.Topology.Homology.ChainCokernelElements (1.5s)
✔ [3208/3230] Built DifferentialGeometry.External.CanonicalTopology.Topology.Homology.MeshIteration (1.7s)
✔ [3209/3230] Built DifferentialGeometry.External.CanonicalTopology.Topology.Homology.UniversalSubdivisionFaces (2.0s)
✔ [3210/3230] Built DifferentialGeometry.External.CanonicalTopology.Topology.Homology.ModuleHomologyCriterion (1.4s)
✔ [3211/3230] Built DifferentialGeometry.External.CanonicalTopology.Topology.Homology.UniversalHomotopyBoundary (2.4s)
✔ [3212/3238] Built DifferentialGeometry.External.CanonicalTopology.Topology.Homology.SingularSubdivisionBoundary (1.8s)
✔ [3213/3238] Built DifferentialGeometry.External.CanonicalTopology.Topology.Homology.SingularSubdivisionHomotopy (1.8s)
✔ [3214/3238] Built DifferentialGeometry.External.CanonicalTopology.Topology.Homology.Cycles (1.7s)
✔ [3215/3241] Built DifferentialGeometry.External.CanonicalTopology.Topology.Homology.SingularSubdivisionNaturality (1.8s)
✔ [3216/3241] Built DifferentialGeometry.External.CanonicalTopology.Topology.Homology.PathChains (1.7s)
✔ [3217/3241] Built DifferentialGeometry.External.CanonicalTopology.Topology.Homology.SubdivisionCarriers (1.8s)
✔ [3218/3241] Built DifferentialGeometry.External.CanonicalTopology.Topology.Homology.ZeroChainClasses (1.8s)
✔ [3219/3241] Built DifferentialGeometry.External.CanonicalTopology.Topology.Homology.SubdivisionAffineAgreement (1.9s)
✔ [3220/3242] Built DifferentialGeometry.External.CanonicalTopology.Topology.Homology.ZeroHomologyMaps (1.6s)
✔ [3221/3243] Built DifferentialGeometry.External.CanonicalTopology.Topology.Homology.SingularSubdivisionIteration (1.8s)
✔ [3222/3243] Built DifferentialGeometry.External.CanonicalTopology.Topology.Homology.TotallyDisconnectedZero (1.7s)
✔ [3223/3243] Built DifferentialGeometry.External.CanonicalTopology.Topology.Homology.ConnectedZeroHomology (1.7s)
✔ [3225/3243] Built DifferentialGeometry.External.CanonicalTopology.Topology.Homology.UniversalSubdivisionIteration (1.9s)
✔ [3226/3243] Built DifferentialGeometry.External.CanonicalTopology.Topology.Homology.SubdivisionIterationHomotopy (1.0s)
✔ [3228/3243] Built DifferentialGeometry.External.CanonicalTopology.Topology.Homology.ZeroAugmentation (1.7s)
✔ [3229/3246] Built DifferentialGeometry.External.CanonicalTopology.Topology.Homology.FineAffineImages (1.9s)
✔ [3230/3246] Built DifferentialGeometry.External.CanonicalTopology.Topology.Homology.ReducedZero (1.7s)
✔ [3231/3247] Built DifferentialGeometry.External.CanonicalTopology.Topology.Homology.SubdivisionSmallness (1.0s)
✔ [3233/3256] Built DifferentialGeometry.External.CanonicalTopology.Topology.Homology.SmallCycles (1.8s)
✔ [3235/3256] Built DifferentialGeometry.External.CanonicalTopology.Topology.Homology.SmallHomology (1.8s)
✔ [3239/3256] Built DifferentialGeometry.External.CanonicalTopology.Topology.Homology.TwoPointReducedZero (1.0s)
✔ [3240/3256] Built DifferentialGeometry.External.CanonicalTopology.Topology.Homology.SmallSubspaceInclusion (1.7s)
✔ [3242/3256] Built DifferentialGeometry.External.CanonicalTopology.Topology.Homology.SmallRelative (1.7s)
✔ [3244/3256] Built DifferentialGeometry.External.CanonicalTopology.Topology.Homology.TwoSetSmallChains (1.7s)
✔ [3246/3259] Built DifferentialGeometry.External.CanonicalTopology.Topology.Homology.ExcisionQuotient (1.8s)
✔ [3248/3260] Built DifferentialGeometry.External.CanonicalTopology.Topology.Homology.OpenExcision (1.7s)
✔ [3250/3262] Built DifferentialGeometry.External.CanonicalTopology.Topology.Homology.ContractiblePair (1.6s)
✔ [3253/3262] Built DifferentialGeometry.External.CanonicalTopology.Topology.Homology.ContractiblePairOne (1.6s)
✔ [3256/3262] Built DifferentialGeometry.External.CanonicalTopology.Topology.Homology.ContractibleCoverOne (1.6s)
✔ [3257/3267] Built DifferentialGeometry.External.CanonicalTopology.Topology.Homology.SphereHomologyShift (2.0s)
✔ [3259/3272] Built DifferentialGeometry.External.CanonicalTopology.Topology.Homology.SphereHomologyOne (2.0s)
✔ [3261/3272] Built DifferentialGeometry.External.CanonicalTopology.Topology.Homology.SphereRank (1.9s)
✔ [3264/3272] Built DifferentialGeometry.External.CanonicalTopology.Topology.Homology.SphereTopHomology (2.0s)
✔ [3267/3284] Built DifferentialGeometry.Topology.FixedPoint.NoRetraction (2.2s)
✔ [3485/3494] Built DifferentialGeometry.Topology.PiecewiseLinear.BoundaryInvariance (2.2s)
✔ [3486/3494] Built DifferentialGeometry.Topology.PiecewiseLinear.BoundaryOfBall (2.2s)
✔ [3488/3496] Built DifferentialGeometry.Topology.PiecewiseLinear.PolyhedralBoundary (1.9s)
✔ [3490/3499] Built DifferentialGeometry.Topology.PiecewiseLinear.DualCells (2.5s)
✔ [3492/3499] Built DifferentialGeometry.Topology.PiecewiseLinear.StarIntersection (1.0s)
✔ [3494/3501] Built DifferentialGeometry.External.ClassificationOfSurfaces.Topology.InvarianceOfDomain (5.6s)
✔ [3495/3501] Built DifferentialGeometry.Topology.Simplex.BallCoordinates (1.8s)
✔ [3496/3501] Built DifferentialGeometry.Topology.FixedPoint.Brouwer (1.9s)
✔ [3498/3507] Built DifferentialGeometry.Topology.InvarianceOfDomainManifold (2.1s)
✔ [3500/3507] Built DifferentialGeometry.Topology.PiecewiseLinear.FrontierBoundary (2.5s)
✔ [3505/3507] Built DifferentialGeometry.Topology.PiecewiseLinear.Transition361 (2.3s)
✔ [3506/3510] Built DifferentialGeometry.Topology.PiecewiseLinear.Endgame (1.9s)
✔ [3507/3513] Built DifferentialGeometry.Topology.PiecewiseLinear.SimplexBoundaryImage (1.9s)
✔ [3508/3513] Built DifferentialGeometry.Topology.PiecewiseLinear.BoundaryExtension (1.0s)
✔ [3509/3513] Built DifferentialGeometry.Topology.PiecewiseLinear.GeneratedSubcomplex (1.7s)
✔ [3510/3513] Built DifferentialGeometry.Topology.PiecewiseLinear.BallFrontier (2.6s)
✔ [3511/3513] Built DifferentialGeometry.Topology.PiecewiseLinear.SubcomplexComplement (1.9s)
✔ [3512/3514] Built DifferentialGeometry.Topology.PiecewiseLinear.DerivedNeighborhoodCells (2.3s)
✔ [3513/3531] Built DifferentialGeometry.Topology.PiecewiseLinear.PLHomeomorphTopology (1.9s)
✔ [3525/3531] Built DifferentialGeometry.Topology.PiecewiseLinear.PLPath (2.5s)
✔ [3528/3531] Built DifferentialGeometry.Topology.Combinatorics.BranchUpdates (1.0s)
✔ [3529/3531] Built DifferentialGeometry.Topology.Frontier (1.1s)
✔ [3530/3535] Built DifferentialGeometry.Topology.Connected.Frontier (1.1s)
✔ [3531/3535] Built DifferentialGeometry.External.Schoenflies.Plane (2.0s)
✔ [3532/3535] Built DifferentialGeometry.External.Schoenflies.UniformBound (1.7s)
✔ [3533/3536] Built DifferentialGeometry.External.Schoenflies.Direction (2.2s)
✔ [3534/3538] Built DifferentialGeometry.External.Schoenflies.Strip (3.2s)
✔ [3535/3539] Built DifferentialGeometry.External.Schoenflies.SegmentCut (2.1s)
✔ [3536/3541] Built DifferentialGeometry.External.Schoenflies.SegmentOrder (2.1s)
✔ [3537/3541] Built DifferentialGeometry.External.Schoenflies.Square (2.2s)
✔ [3538/3541] Built DifferentialGeometry.External.Schoenflies.Subdivide (1.9s)
✔ [3539/3543] Built DifferentialGeometry.External.Schoenflies.PolyPath (1.9s)
✔ [3540/3545] Built DifferentialGeometry.External.Schoenflies.Parity (2.9s)
✔ [3541/3545] Built DifferentialGeometry.External.Schoenflies.Curve (2.0s)
✔ [3542/3546] Built DifferentialGeometry.External.Schoenflies.Concatenate (2.0s)
✔ [3543/3548] Built DifferentialGeometry.External.Schoenflies.Polygonal (1.9s)
✔ [3544/3548] Built DifferentialGeometry.External.Schoenflies.StripConstants (2.1s)
✔ [3545/3548] Built DifferentialGeometry.External.Schoenflies.PolygonBridge (2.2s)
✔ [3546/3550] Built DifferentialGeometry.External.Schoenflies.StripConnected (2.3s)
✔ [3547/3552] Built DifferentialGeometry.External.Schoenflies.StripLocal (3.6s)
✔ [3548/3553] Built DifferentialGeometry.External.Schoenflies.Topology (1.7s)
✔ [3549/3553] Built DifferentialGeometry.External.Schoenflies.Bounded (1.7s)
✔ [3550/3553] Built DifferentialGeometry.External.Schoenflies.CrosscutCells (1.9s)
✔ [3551/3553] Built DifferentialGeometry.External.Schoenflies.ModelCurve (2.2s)
✔ [3552/3554] Built DifferentialGeometry.External.Schoenflies.PolygonalJordan (2.5s)
✔ [3553/3561] Built DifferentialGeometry.External.Schoenflies.SegmentMeet (1.7s)
✔ [3556/3565] Built DifferentialGeometry.External.Schoenflies.Graph.Degree (1.2s)
✔ [3558/3566] Built DifferentialGeometry.External.Schoenflies.Graph.Drawing (1.7s)
✔ [3559/3568] Built DifferentialGeometry.External.Schoenflies.Graph.Walk (1.3s)
✔ [3560/3568] Built DifferentialGeometry.External.Schoenflies.Overlay (1.8s)
✔ [3561/3568] Built DifferentialGeometry.External.Schoenflies.SquareMover (2.6s)
✔ [3562/3568] Built DifferentialGeometry.External.Schoenflies.Graph.Cycle (1.2s)
✔ [3563/3568] Built DifferentialGeometry.External.Schoenflies.Graph.OuterFace (1.9s)
✔ [3564/3571] Built DifferentialGeometry.External.Schoenflies.OverlayGraph (2.0s)
✔ [3565/3571] Built DifferentialGeometry.External.Schoenflies.Graph.CycleJordan (1.8s)
✔ [3567/3571] Built DifferentialGeometry.External.Schoenflies.Graph.TwoConnected (1.3s)
✔ [3568/3573] Built DifferentialGeometry.External.Schoenflies.SimpleArc (2.0s)
✔ [3569/3573] Built DifferentialGeometry.External.Schoenflies.CombinatorialInvariance (1.9s)
✔ [3570/3573] Built DifferentialGeometry.External.Schoenflies.ArcComplementPrep (3.5s)
✔ [3571/3573] Built DifferentialGeometry.External.Schoenflies.Subarc (2.1s)
✔ [3572/3573] Built DifferentialGeometry.External.Schoenflies.Graph.VertexSquares (2.2s)
✔ [3573/3579] Built DifferentialGeometry.External.Schoenflies.Graph.Component (1.3s)
✔ [3574/3579] Built DifferentialGeometry.External.Schoenflies.Graph.PathGraph (1.2s)
✔ [3575/3579] Built DifferentialGeometry.External.Schoenflies.Graph.Tree (1.4s)
✔ [3576/3579] Built DifferentialGeometry.External.Schoenflies.Graph.Ear (1.6s)
✔ [3577/3581] Built DifferentialGeometry.External.Schoenflies.Graph.RelativeEar (1.8s)
✔ [3578/3584] Built DifferentialGeometry.External.Schoenflies.FaceCycles (2.1s)
✔ [3579/3584] Built DifferentialGeometry.External.Schoenflies.ParitySplitting (2.2s)
✔ [3580/3584] Built DifferentialGeometry.External.Schoenflies.TwoArcs (1.9s)
✔ [3581/3589] Built DifferentialGeometry.External.Schoenflies.PolygonalCrosscut (2.4s)
✔ [3582/3591] Built DifferentialGeometry.External.Schoenflies.Realization (4.2s)
✔ [3583/3591] Built DifferentialGeometry.External.Schoenflies.PrePolygonSep (1.0s)
✔ [3584/3592] Built DifferentialGeometry.External.Schoenflies.FaceCyclesProof (2.1s)
✔ [3585/3596] Built DifferentialGeometry.External.Schoenflies.PrePolygonArc (2.0s)
✔ [3586/3596] Built DifferentialGeometry.External.Schoenflies.Accessible (2.1s)
✔ [3587/3596] Built DifferentialGeometry.External.Schoenflies.FaceCyclesLand (2.2s)
✔ [3588/3596] Built DifferentialGeometry.External.Schoenflies.LocallyPolygonal (1.0s)
✔ [3589/3596] Built DifferentialGeometry.External.Schoenflies.OuterChain (2.1s)
✔ [3590/3598] Built DifferentialGeometry.External.Schoenflies.AccessibleJoin (1.8s)
✔ [3591/3598] Built DifferentialGeometry.External.Schoenflies.CrosscutEncloses (2.1s)
✔ [3592/3600] Built DifferentialGeometry.External.Schoenflies.CrosscutExists (2.1s)
✔ [3593/3600] Built DifferentialGeometry.External.Schoenflies.CrosscutAtMostTwo (3.0s)
✔ [3594/3600] Built DifferentialGeometry.External.Schoenflies.OuterChainClosed (1.7s)
✔ [3595/3600] Built DifferentialGeometry.External.Schoenflies.GeneralCrosscut (2.2s)
✔ [3596/3600] Built DifferentialGeometry.External.Schoenflies.ArcCollars (4.1s)
✔ [3597/3600] Built DifferentialGeometry.External.Schoenflies.ArcComplement (2.9s)
✔ [3598/3600] Built DifferentialGeometry.External.Schoenflies.PolyArcRealize (2.0s)
✔ [3599/3601] Built DifferentialGeometry.External.Schoenflies.SquareCycle (3.1s)
✔ [3600/3614] Built DifferentialGeometry.External.Schoenflies.Graph.K33 (2.2s)
✔ [3601/3614] Built DifferentialGeometry.External.Schoenflies.PolygonalCarrier (1.7s)
✔ [3602/3614] Built DifferentialGeometry.External.Schoenflies.AlternatingCrosscuts (1.8s)
✔ [3603/3614] Built DifferentialGeometry.External.Schoenflies.PolyLocal (1.0s)
✔ [3604/3614] Built DifferentialGeometry.External.Schoenflies.Graph.Redrawing (2.8s)
✔ [3605/3614] Built DifferentialGeometry.External.Schoenflies.Graph.K33Planar (2.0s)
✔ [3606/3614] Built DifferentialGeometry.External.Schoenflies.Graph.K33Closed (2.9s)
✔ [3607/3614] Built DifferentialGeometry.External.Schoenflies.Graph.K33Land (2.0s)
✔ [3608/3614] Built DifferentialGeometry.External.Schoenflies.JordanSeparates (3.3s)
✔ [3609/3614] Built DifferentialGeometry.External.Schoenflies.Jordan (2.6s)
✔ [3610/3617] Built DifferentialGeometry.External.Schoenflies.JordanClosed (1.7s)
✔ [3611/3617] Built DifferentialGeometry.Topology.PiecewiseLinear.PLMap (1.8s)
✔ [3612/3618] Built DifferentialGeometry.Topology.PlanarJordan.Regions (2.0s)
✔ [3613/3618] Built DifferentialGeometry.Topology.Pasting (1.3s)
✔ [3614/3618] Built DifferentialGeometry.Topology.PiecewiseLinear.PolygonalSchoenflies (8.9s)
✔ [3615/3618] Built DifferentialGeometry.Analysis.Calculus.Interpolation.LipschitzSelection (2.2s)
✔ [3616/3621] Built DifferentialGeometry.Topology.PiecewiseLinear.Pasting (1.8s)
✔ [3617/3626] Built DifferentialGeometry.Topology.PiecewiseLinear.BallInterior (2.1s)
✔ [3620/3628] Built DifferentialGeometry.Topology.PiecewiseLinear.PLHomeomorphOpen (1.8s)
✔ [3621/3628] Built DifferentialGeometry.Topology.PiecewiseLinear.TriangleDeletion (1.8s)
✔ [3622/3628] Built DifferentialGeometry.Topology.PiecewiseLinear.GeneralPosition (10s)
✔ [3623/3628] Built DifferentialGeometry.Topology.PiecewiseLinear.SingularGeneralPosition (6.6s)
✔ [3624/3628] Built DifferentialGeometry.Topology.PiecewiseLinear.FaceStarBoundary (2.1s)
✔ [3625/3628] Built DifferentialGeometry.Topology.PiecewiseLinear.FaceStarTransport (2.1s)
✔ [3626/3628] Built DifferentialGeometry.Topology.PiecewiseLinear.BoundaryTraceTransport (2.1s)
✔ [3627/3635] Built DifferentialGeometry.Topology.PiecewiseLinear.FaceStarTrace (2.5s)
✔ [3628/3635] Built DifferentialGeometry.External.ClassificationOfSurfaces.Moise.GeometricTriangulation (1.8s)
✔ [3629/3637] Built DifferentialGeometry.External.ClassificationOfSurfaces.Moise.PlaneComplex (5.4s)
✔ [3630/3638] Built DifferentialGeometry.External.ClassificationOfSurfaces.Moise.LineSubdivision (9.7s)
✔ [3631/3642] Built DifferentialGeometry.External.ClassificationOfSurfaces.Moise.AmbientHomeomorph (2.0s)
✔ [3633/3642] Built DifferentialGeometry.External.ClassificationOfSurfaces.Moise.ElementaryMove (5.4s)
✔ [3635/3642] Built DifferentialGeometry.External.ClassificationOfSurfaces.Moise.ThinKiteMove (4.1s)
✔ [3636/3643] Built DifferentialGeometry.External.ClassificationOfSurfaces.Moise.FreeTriangle (3.2s)
✔ [3638/3643] Built DifferentialGeometry.External.ClassificationOfSurfaces.Moise.FreeTriangleMove (3.1s)
✔ [3639/3643] Built DifferentialGeometry.External.ClassificationOfSurfaces.Moise.CommonSubdivision (3.0s)
✔ [3640/3649] Built DifferentialGeometry.External.ClassificationOfSurfaces.Moise.ConeExtension (3.0s)
✔ [3641/3651] Built DifferentialGeometry.External.ClassificationOfSurfaces.Moise.FinitePLHomeomorph (2.3s)
✔ [3643/3653] Built DifferentialGeometry.External.ClassificationOfSurfaces.Moise.PLMoves (2.3s)
✔ [3646/3658] Built DifferentialGeometry.Topology.PiecewiseLinear.SimplexFrontier (1.8s)
✔ [3648/3658] Built DifferentialGeometry.Topology.PiecewiseLinear.AmbientExtension (2.4s)
✔ [3649/3658] Built DifferentialGeometry.External.ClassificationOfSurfaces.Moise.PolygonalJordan (7.0s)
✔ [3650/3659] Built DifferentialGeometry.External.ClassificationOfSurfaces.Moise.PolygonalPolyhedron (2.5s)
✔ [3651/3659] Built DifferentialGeometry.External.ClassificationOfSurfaces.Moise.PolygonalCrosscut (3.5s)
✔ [3652/3659] Built DifferentialGeometry.Topology.PiecewiseLinear.AffineImageTransport (1.8s)
✔ [3653/3662] Built DifferentialGeometry.External.ClassificationOfSurfaces.Moise.PolygonalSchoenflies (3.9s)
✔ [3654/3662] Built DifferentialGeometry.Topology.PiecewiseLinear.RelativeThinKite (2.6s)
✔ [3655/3662] Built DifferentialGeometry.Topology.PiecewiseLinear.PlanarSchoenflies (49s)
✔ [3656/3662] Built DifferentialGeometry.Topology.PiecewiseLinear.PlanarSubcomplex (3.5s)
✔ [3657/3664] Built DifferentialGeometry.Topology.PiecewiseLinear.PlanarRelativeDeletion (2.2s)
✔ [3658/3664] Built DifferentialGeometry.Topology.PiecewiseLinear.PLHomeomorphGluing (1.8s)
✔ [3659/3665] Built DifferentialGeometry.Topology.PiecewiseLinear.PlanarFreeFace (3.2s)
✔ [3660/3665] Built DifferentialGeometry.Topology.PiecewiseLinear.ConeAmbientExtension (2.1s)
✔ [3661/3665] Built DifferentialGeometry.Topology.PiecewiseLinear.PlanarRelativeSubcomplex (2.7s)
✔ [3662/3665] Built DifferentialGeometry.Topology.PiecewiseLinear.FreeFaceTransport (2.5s)
✔ [3663/3669] Built DifferentialGeometry.Topology.PiecewiseLinear.ConeIntersection (1.9s)
✔ [3664/3669] Built DifferentialGeometry.Topology.PiecewiseLinear.PlanarChartDeletion (2.6s)
✔ [3665/3670] Built DifferentialGeometry.Topology.PiecewiseLinear.ConeHalfSpace (1.0s)
✔ [3666/3672] Built DifferentialGeometry.Topology.PiecewiseLinear.SimplexCorner (3.4s)
✔ [3667/3674] Built DifferentialGeometry.Topology.PiecewiseLinear.ConeIsotopy (2.3s)
✔ [3668/3674] Built DifferentialGeometry.Topology.PiecewiseLinear.SimplexCornerFrontier (2.0s)
✔ [3669/3676] Built DifferentialGeometry.Topology.PiecewiseLinear.PushProperty (1.8s)
✔ [3670/3676] Built DifferentialGeometry.Topology.PiecewiseLinear.SimplexAffine (1.9s)
✔ [3671/3676] Built DifferentialGeometry.Topology.PiecewiseLinear.SimplexCornerExtension (1.0s)
✔ [3672/3676] Built DifferentialGeometry.Topology.PiecewiseLinear.SimplexPush (2.3s)
✔ [3673/3680] Built DifferentialGeometry.Topology.PiecewiseLinear.TriangleSubcomplex (2.0s)
✔ [3674/3683] Built DifferentialGeometry.Topology.PiecewiseLinear.SimplexCornerChart (2.5s)
✔ [3675/3683] Built DifferentialGeometry.Topology.PiecewiseLinear.StarSubdivision (1.8s)
✔ [3676/3683] Built DifferentialGeometry.Topology.PiecewiseLinear.SimplexDiskDeletion (2.5s)
✔ [3677/3683] Built DifferentialGeometry.Topology.PiecewiseLinear.SimplexFacetComplement (1.9s)
✔ [3678/3686] Built DifferentialGeometry.Topology.PiecewiseLinear.PlanarDiskSubdivision (2.2s)
✔ [3679/3689] Built DifferentialGeometry.Topology.PiecewiseLinear.SimplexDiskStraightening (2.6s)
✔ [3680/3689] Built DifferentialGeometry.Topology.PiecewiseLinear.ConeBoundary (2.4s)
✔ [3681/3689] Built DifferentialGeometry.Topology.PiecewiseLinear.TetrahedronPush (2.1s)
✔ [3682/3689] Built DifferentialGeometry.Topology.PiecewiseLinear.BoundaryFacets (1.9s)
✔ [3683/3689] Built DifferentialGeometry.Topology.PiecewiseLinear.SimplexBallPair (2.5s)
✔ [3684/3689] Built DifferentialGeometry.Topology.PiecewiseLinear.SphericalDiskComplement (2.4s)
✔ [3685/3697] Built DifferentialGeometry.Topology.PiecewiseLinear.SphericalDiskExtension (2.2s)
✔ [3686/3697] Built DifferentialGeometry.Topology.Connected.Dense (1.1s)
✔ [3687/3697] Built DifferentialGeometry.Topology.PiecewiseLinear.BallGluing (2.6s)
✔ [3688/3697] Built DifferentialGeometry.Topology.PiecewiseLinear.ConePairExtension (2.0s)
✔ [3689/3697] Built DifferentialGeometry.Topology.PiecewiseLinear.BallDensity (2.5s)
✔ [3690/3697] Built DifferentialGeometry.Topology.PiecewiseLinear.SubcomplexBallGluing (2.0s)
✔ [3691/3699] Built DifferentialGeometry.Topology.PiecewiseLinear.PlanarDiskUnion (2.6s)
✔ [3692/3699] Built DifferentialGeometry.Topology.PiecewiseLinear.DerivedNeighborhoodAttachments (2.8s)
✔ [3693/3699] Built DifferentialGeometry.Topology.PiecewiseLinear.DiskUnion (2.8s)
✔ [3694/3699] Built DifferentialGeometry.Topology.PiecewiseLinear.CircleArcs (3.1s)
✔ [3695/3699] Built DifferentialGeometry.Topology.PiecewiseLinear.BoundaryDerivedNeighborhood (3.4s)
✔ [3696/3699] Built DifferentialGeometry.Topology.PiecewiseLinear.BallGluingTwo (2.9s)
✔ [3697/3699] Built DifferentialGeometry.Topology.PiecewiseLinear.DerivedCellCone (3.5s)
✔ [3698/3736] Built DifferentialGeometry.Topology.PiecewiseLinear.ArcCellTrace (2.5s)
✔ [3731/3736] Built DifferentialGeometry.Topology.PiecewiseLinear.CollarInwardMap (2.3s)
✔ [3732/3736] Built DifferentialGeometry.Topology.PiecewiseLinear.BallChain (2.5s)
✔ [3733/3736] Built DifferentialGeometry.Topology.PiecewiseLinear.ArcDerivedNeighborhood (2.5s)
✔ [3734/3739] Built DifferentialGeometry.Topology.PiecewiseLinear.ArcChainCells (2.5s)
✔ [3735/3739] Built DifferentialGeometry.Topology.PiecewiseLinear.ArcCellBoundaryExample (2.3s)
✔ [3736/3740] Built DifferentialGeometry.Topology.PiecewiseLinear.Product (1.7s)
✔ [3737/3744] Built DifferentialGeometry.Topology.PiecewiseLinear.Prism (3.6s)
✔ [3738/3744] Built DifferentialGeometry.Topology.PiecewiseLinear.ArcSubset (2.2s)
✔ [3739/3744] Built DifferentialGeometry.Topology.PiecewiseLinear.PrismBoundary (2.3s)
✔ [3740/3744] Built DifferentialGeometry.Topology.Connected.FiniteComponents (1.1s)
✔ [3741/3744] Built DifferentialGeometry.Topology.PiecewiseLinear.ArcDecomposition (2.1s)
✔ [3742/3747] Built DifferentialGeometry.Topology.PiecewiseLinear.PrismDisk (3.3s)
✔ [3743/3747] Built DifferentialGeometry.Topology.PiecewiseLinear.CollarGluing (2.3s)
✔ [3744/3747] Built DifferentialGeometry.Analysis.Convex.CompactFrontier (1.9s)
✔ [3745/3751] Built DifferentialGeometry.Topology.PiecewiseLinear.ConvexCone (1.9s)
✔ [3746/3751] Built DifferentialGeometry.Topology.PiecewiseLinear.BoundaryBall (2.2s)
✔ [3747/3751] Built DifferentialGeometry.Topology.PiecewiseLinear.SphereInclusion (2.1s)
✔ [3748/3752] Built DifferentialGeometry.Topology.PiecewiseLinear.SphereBallInclusion (2.1s)
✔ [3749/3753] Built DifferentialGeometry.Topology.PiecewiseLinear.BoundaryMonotonicity (2.0s)
✔ [3750/3759] Built DifferentialGeometry.Topology.PiecewiseLinear.FreeTriangleFaces (1.0s)
✔ [3751/3759] Built DifferentialGeometry.Topology.PiecewiseLinear.BoundaryBallTransport (2.3s)
✔ [3752/3759] Built DifferentialGeometry.Topology.PiecewiseLinear.SimplexDerivedNeighborhood (2.7s)
✔ [3753/3759] Built DifferentialGeometry.Topology.PiecewiseLinear.SurfaceSplitDerivedCellBase (2.5s)
✔ [3754/3759] Built DifferentialGeometry.Topology.PiecewiseLinear.FreeTriangleNeighborhood (3.5s)
✔ [3755/3759] Built DifferentialGeometry.Topology.PiecewiseLinear.DiskDerivedNeighborhood (2.3s)
✔ [3756/3761] Built DifferentialGeometry.Topology.PiecewiseLinear.BoundaryDiskPush (2.1s)
✔ [3757/3762] Built DifferentialGeometry.Topology.PiecewiseLinear.DiskCollar (2.2s)
✔ [3758/3762] Built DifferentialGeometry.External.Schoenflies.MatchedArc (2.1s)
✔ [3759/3765] Built DifferentialGeometry.Topology.PiecewiseLinear.BoundaryDiskNeighborhood (2.2s)
✔ [3760/3765] Built DifferentialGeometry.Topology.PlanarJordan.ArcGap (1.7s)
✔ [3761/3767] Built DifferentialGeometry.Topology.PiecewiseLinear.PolygonalArc (1.7s)
✔ [3762/3767] Built DifferentialGeometry.Topology.PlanarJordan.CompactRegion (1.6s)
✔ [3763/3767] Built DifferentialGeometry.Topology.PiecewiseLinear.SubcomplexComplementLink (1.9s)
✔ [3764/3767] Built DifferentialGeometry.Topology.PiecewiseLinear.DiskCrosscut (2.2s)
✔ [3765/3767] Built DifferentialGeometry.Topology.PiecewiseLinear.PlanarDiskComplement (2.3s)
✔ [3766/3772] Built DifferentialGeometry.Topology.PiecewiseLinear.ManifoldComplement (2.1s)
✔ [3767/3774] Built DifferentialGeometry.Topology.PiecewiseLinear.ManifoldConnectivity (2.3s)
✔ [3768/3776] Built DifferentialGeometry.Topology.PiecewiseLinear.ManifoldFaces (16s)
✔ [3769/3778] Built DifferentialGeometry.Topology.PiecewiseLinear.BoundaryComplement (2.5s)
✔ [3770/3778] Built DifferentialGeometry.Topology.PiecewiseLinear.DualCellDecomposition (86s)
✔ [3771/3778] Built DifferentialGeometry.Topology.PiecewiseLinear.BoundaryDiskPersistence (2.0s)
✔ [3772/3778] Built DifferentialGeometry.Topology.PiecewiseLinear.ManifoldSubcomplexBoundary (2.7s)
✔ [3773/3780] Built DifferentialGeometry.Topology.PiecewiseLinear.ClosedStarNeighborhood (10s)
✔ [3774/3780] Built DifferentialGeometry.Topology.PiecewiseLinear.CollarBoundary (2.3s)
✔ [3775/3782] Built DifferentialGeometry.Topology.PiecewiseLinear.CollarExtension (2.7s)
✔ [3776/3782] Built DifferentialGeometry.Topology.PiecewiseLinear.BallComplement (12s)
✔ [3777/3783] Built DifferentialGeometry.Topology.PiecewiseLinear.SurfaceCollar (2.4s)
✔ [3778/3783] Built DifferentialGeometry.Topology.PiecewiseLinear.PolyhedralSeparation (1.9s)
✔ [3779/3784] Built DifferentialGeometry.Topology.PiecewiseLinear.CollarSectorPolyhedron (30s)
✔ [3780/3784] Built DifferentialGeometry.Topology.PiecewiseLinear.CollarNeighborhood (2.3s)
✔ [3781/3784] Built DifferentialGeometry.Topology.PiecewiseLinear.ChartComplexPiece (1.7s)
✔ [3782/3784] Built DifferentialGeometry.Topology.PiecewiseLinear.CompactEmbeddingApproximation (2.7s)
✔ [3783/3786] Built DifferentialGeometry.Topology.PiecewiseLinear.BoundaryInwardPush (47s)
✔ [3784/3788] Built DifferentialGeometry.Topology.PiecewiseLinear.LocallyFiniteApproximation (2.3s)
✔ [3785/3789] Built DifferentialGeometry.Topology.PiecewiseLinear.CompactRelativeApproximation (3.0s)
✔ [3786/3795] Built DifferentialGeometry.Topology.PiecewiseLinear.MapApproximation (3.2s)
✔ [3787/3795] Built DifferentialGeometry.Topology.PiecewiseLinear.PieceMap (1.5s)
✔ [3788/3795] Built DifferentialGeometry.Topology.PiecewiseLinear.ManifoldApproximation (2.5s)
✔ [3789/3795] Built DifferentialGeometry.Topology.PiecewiseLinear.LocallyPolyhedral (10s)
✔ [3790/3795] Built DifferentialGeometry.Topology.PiecewiseLinear.StageTransport (2.2s)
✔ [3791/3795] Built DifferentialGeometry.Topology.PiecewiseLinear.ControlledInwardPush (2.7s)
✔ [3792/3799] Built DifferentialGeometry.Topology.PiecewiseLinear.TaperedInwardPush (8.2s)
✔ [3793/3801] Built DifferentialGeometry.Topology.PiecewiseLinear.InwardPushComposition (1.9s)
✔ [3794/3801] Built DifferentialGeometry.Topology.PiecewiseLinear.CombinatorialPiece (1.7s)
✔ [3795/3804] Built DifferentialGeometry.Topology.PiecewiseLinear.InwardPushStages (2.4s)
✔ [3796/3804] Built DifferentialGeometry.Topology.PiecewiseLinear.PolyhedralBallTopology (5.8s)
✔ [3797/3804] Built DifferentialGeometry.Topology.PiecewiseLinear.TaperedInwardPushFixing (1.9s)
✔ [3798/3804] Built DifferentialGeometry.Topology.PiecewiseLinear.LocallyFiniteCollar (2.4s)
✔ [3799/3804] Built DifferentialGeometry.Topology.PiecewiseLinear.LocallyFiniteLocalModel (62s)
✔ [3800/3804] Built DifferentialGeometry.Topology.PiecewiseLinear.LocallyFiniteBoundaryExhaustion (2.2s)
✔ [3801/3804] Built DifferentialGeometry.Topology.PiecewiseLinear.StageInwardPushFrame (2.1s)
✔ [3802/3804] Built DifferentialGeometry.Topology.PiecewiseLinear.StageInwardPush (5.2s)
✔ [3803/3806] Built DifferentialGeometry.Topology.PiecewiseLinear.LocallyFiniteInwardPush (47s)
✔ [3804/3806] Built DifferentialGeometry.Topology.Connected.TwoComponentPartition (969ms)
✔ [3805/3811] Built DifferentialGeometry.Topology.Connected.FinitePartition (908ms)
✔ [3807/3811] Built DifferentialGeometry.Topology.PiecewiseLinear.ManifoldSubspace (2.1s)
✔ [3808/3815] Built DifferentialGeometry.Topology.PiecewiseLinear.HeightIndex (2.6s)
✔ [3810/3815] Built DifferentialGeometry.Topology.SimplicialComplex.EdgeGraph (2.4s)
✔ [3811/3815] Built DifferentialGeometry.Topology.PiecewiseLinear.FiniteGraphCircles (3.6s)
✔ [3812/3815] Built DifferentialGeometry.Topology.PiecewiseLinear.FiberCoordinates (110s)
✔ [3813/3815] Built DifferentialGeometry.Topology.PiecewiseLinear.CurveInclusion (1.9s)
✔ [3814/3824] Built DifferentialGeometry.Topology.PiecewiseLinear.CirclePartition (2.0s)
✔ [3821/3824] Built DifferentialGeometry.Topology.FundamentalGroup.BasepointChange (1.6s)
✔ [3822/3825] Built DifferentialGeometry.Topology.PiecewiseLinear.PolygonalCycles (5.7s)
✔ [3823/3825] Built DifferentialGeometry.Topology.PiecewiseLinear.LevelPolygons (1.0s)
✔ [3824/3828] Built DifferentialGeometry.Topology.Homotopy.SquareBoundary (1.4s)
✔ [3825/3830] Built DifferentialGeometry.External.CanonicalTopology.Topology.LoopSpace.Basic (1.6s)
✔ [3826/3830] Built DifferentialGeometry.External.CanonicalTopology.Topology.LoopSpace.BasedCircle (249s)
✔ [3827/3831] Built DifferentialGeometry.Topology.LoopSpace.Rotation (1.5s)
✔ [3828/3833] Built DifferentialGeometry.Topology.LoopSpace.FreeHomotopyInjection (1.2s)
✔ [3829/3833] Built DifferentialGeometry.Topology.LoopSpace.FreeHomotopySurjection (1.3s)
✔ [3830/3833] Built DifferentialGeometry.Topology.FundamentalGroup.HomotopyEquiv (1.5s)
✔ [3831/3836] Built DifferentialGeometry.Topology.Homotopy.DeformationRetract (120s)
✔ [3832/3836] Built DifferentialGeometry.Topology.PiecewiseLinear.DerivedNeighborhoodRetraction (2.4s)
✔ [3833/3839] Built DifferentialGeometry.Topology.PiecewiseLinear.RelativeSimplexRefinement (1.8s)
✔ [3834/3839] Built DifferentialGeometry.Topology.PiecewiseLinear.RelativeSimplexTriangulation (2.5s)
✔ [3835/3839] Built DifferentialGeometry.Topology.PiecewiseLinear.EulerPolyhedra (91s)
✔ [3836/3840] Built DifferentialGeometry.Topology.PiecewiseLinear.LoopTheorem.SingularCell (2.6s)
✔ [3837/3843] Built DifferentialGeometry.Topology.PiecewiseLinear.SphereSchoenflies (2.0s)
✔ [3838/3843] Built DifferentialGeometry.Topology.PiecewiseLinear.AffineOrientation (20s)
✔ [3839/3843] Built DifferentialGeometry.Topology.PiecewiseLinear.LoopTheorem.SurfaceNeighborhood (2.1s)
✔ [3840/3845] Built DifferentialGeometry.Topology.SphereSeparation.PermutationDeletion (1.2s)
✔ [3841/3845] Built DifferentialGeometry.Topology.PiecewiseLinear.Orientation (272s)
✔ [3842/3845] Built DifferentialGeometry.Topology.PiecewiseLinear.PolyhedronLocalConnectedness (1.8s)
✔ [3843/3847] Built DifferentialGeometry.Topology.PiecewiseLinear.LoopTheorem.LemmaThree (219s)
✔ [3844/3847] Built DifferentialGeometry.Topology.PiecewiseLinear.ComponentComplex (1.9s)
✔ [3845/3847] Built DifferentialGeometry.Topology.PiecewiseLinear.SolidTorus (1.4s)
✔ [3846/3851] Built DifferentialGeometry.Topology.PiecewiseLinear.CombinatorialSolidTorus (1.8s)
✔ [3849/3851] Built DifferentialGeometry.Topology.Connected.TwoSided (1.4s)
✔ [3850/3857] Built DifferentialGeometry.Topology.Connected.Separation (3.0s)
✔ [3851/3858] Built DifferentialGeometry.Topology.PiecewiseLinear.AmbientPointMove (4.4s)
✔ [3852/3858] Built DifferentialGeometry.Topology.PiecewiseLinear.PlanarDiskMove (3.7s)
✔ [3854/3860] Built DifferentialGeometry.Topology.PiecewiseLinear.DiskInteriorMove (2.9s)
✔ [3855/3862] Built DifferentialGeometry.Topology.PiecewiseLinear.SphericalDiskPair (2.3s)
✔ [3856/3862] Built DifferentialGeometry.Topology.PiecewiseLinear.PieceInclusion (1.6s)
✔ [3857/3866] Built DifferentialGeometry.Topology.PiecewiseLinear.PrismDiskPair (1.8s)
✔ [3858/3866] Built DifferentialGeometry.Topology.SimplicialComplex.ConnectedSpace (1.5s)
✔ [3859/3868] Built DifferentialGeometry.Topology.PiecewiseLinear.PieceParametrization (4.8s)
✔ [3860/3868] Built DifferentialGeometry.Topology.PiecewiseLinear.CylindricalDiagram (2.1s)
✔ [3861/3868] Built DifferentialGeometry.Topology.PiecewiseLinear.SimplicialApproximation (1.9s)
✔ [3862/3868] Built DifferentialGeometry.Topology.PiecewiseLinear.PolyhedralGraph (78s)
✔ [3863/3868] Built DifferentialGeometry.Topology.PiecewiseLinear.MoiseChain (2.3s)
✔ [3864/3870] Built DifferentialGeometry.Topology.PiecewiseLinear.SkeletonReduction (2.5s)
✔ [3865/3872] Built DifferentialGeometry.Topology.PiecewiseLinear.OpenSourceReduction (17s)
✔ [3866/3872] Built DifferentialGeometry.Topology.PiecewiseLinear.Moise352InwardPushProof (1.8s)
✔ [3868/3872] Built DifferentialGeometry.Topology.Manifold.Homeomorph.Transport (1.6s)
✔ [3869/3872] Built DifferentialGeometry.Topology.PiecewiseLinear.Moise352OfOpen (2.2s)
✔ [3870/3874] Built DifferentialGeometry.Topology.PiecewiseLinear.ChartGluing (3.0s)
✔ [3871/3874] Built DifferentialGeometry.Topology.PiecewiseLinear.Smoothing (1.5s)
✔ [3872/3874] Built DifferentialGeometry.Topology.PiecewiseLinear.BallRegularClosed (1.9s)
✔ [3873/3875] Built DifferentialGeometry.Topology.PiecewiseLinear.BallStarring (2.3s)
✔ [3874/3883] Built DifferentialGeometry.Topology.Attachment.Defs (27s)
✔ [3878/3883] Built DifferentialGeometry.Topology.Attachment.Basic (1.5s)
✔ [3879/3883] Built DifferentialGeometry.Topology.PiecewiseLinear.SubcomplexNhdsWithin (1.6s)
✔ [3880/3885] Built DifferentialGeometry.Topology.PiecewiseLinear.CellMapTriangulation (7.8s)
✔ [3881/3885] Built DifferentialGeometry.Topology.PiecewiseLinear.CellAttachment (1.8s)
✔ [3882/3885] Built DifferentialGeometry.Topology.PiecewiseLinear.SphereGluing (1.7s)
✔ [3883/3885] Built DifferentialGeometry.Topology.PiecewiseLinear.BoundaryComplexPLCellAttachmentZero (2.4s)
✔ [3884/3887] Built DifferentialGeometry.Topology.PiecewiseLinear.RelativeBoundaryGluing (29s)
✔ [3885/3889] Built DifferentialGeometry.Topology.Simplex.NormedBall (1.5s)
✔ [3886/3890] Built DifferentialGeometry.Topology.Cell.Coordinates (1.5s)
✔ [3887/3890] Built DifferentialGeometry.Topology.Handle.Defs (1.8s)
✔ [3888/3890] Built DifferentialGeometry.Topology.Handle.SmoothStage (1.7s)
✔ [3889/3902] Built DifferentialGeometry.Topology.Handle.Manifold (93s)
✔ [3899/3905] Built DifferentialGeometry.Topology.Attachment.Homeomorph (36s)
✔ [3900/3905] Built DifferentialGeometry.Topology.LocalDegree.SphereSuspension.RadialExtension (1.4s)
✔ [3901/3905] Built DifferentialGeometry.Topology.Manifold.ClosedBall (1.9s)
✔ [3902/3905] Built DifferentialGeometry.Topology.Homeomorph.SphereExtension (1.7s)
✔ [3903/3905] Built DifferentialGeometry.Topology.PiecewiseLinear.IsSmoothHandleStageAdjunctionZero (2.1s)
✔ [3904/3906] Built DifferentialGeometry.Topology.Attachment.CellExtension (43s)
✔ [3905/3943] Built DifferentialGeometry.Topology.Manifold.BoundaryCollar.Conormal (1.8s)
✔ [3941/3943] Built DifferentialGeometry.Topology.Manifold.BoundaryCollar.DefiningFunction (2.4s)
✔ [3942/3945] Built DifferentialGeometry.Geometry.Boundary.Model.Basic (44s)
✔ [3943/3945] Built DifferentialGeometry.Geometry.Boundary.Manifold.Basic (2.1s)
✔ [3944/3950] Built DifferentialGeometry.Bundle.TangentSpace (2.3s)
✔ [3948/3950] Built DifferentialGeometry.Analysis.FiniteDimensional.Coercivity (45s)
✔ [3949/3960] Built DifferentialGeometry.Bundle.Hom (15s)
✔ [4109/4115] Built DifferentialGeometry.Geometry.Metric.Basic (1.7s)
✔ [4111/4118] Built DifferentialGeometry.Tensor.Coordinates.ModelBasis (1.6s)
✔ [4112/4119] Built DifferentialGeometry.Geometry.Coordinates.Frame.Chart (2.5s)
✔ [4114/4120] Built DifferentialGeometry.Geometry.Metric.Coordinates.ChartGram (2.5s)
✔ [4116/4121] Built DifferentialGeometry.Analysis.Integration.Measure.Chart.Density (1.9s)
✔ [4117/4121] Built DifferentialGeometry.Geometry.Coordinates.Fields.Scalar (1.6s)
✔ [4118/4121] Built DifferentialGeometry.Geometry.Boundary.Metric.Induced (6.2s)
✔ [4119/4121] Built DifferentialGeometry.Geometry.Coordinates.Fields.Vector (2.2s)
✔ [4120/4123] Built DifferentialGeometry.Geometry.Boundary.Metric.GramMatrix (3.1s)
✔ [4121/4123] Built DifferentialGeometry.Tensor.Coordinates.PartialDerivative (1.5s)
✔ [4122/4134] Built DifferentialGeometry.Analysis.Calculus.ContDiff.Support (1.4s)
✔ [4130/4134] Built DifferentialGeometry.Tensor.BilinearForm (1.7s)
✔ [4131/4137] Built DifferentialGeometry.Bundle.PartialMfderiv.Basic (3.0s)
✔ [4133/4140] Built DifferentialGeometry.Geometry.Operator.DirectionalDerivative (3.0s)
✔ [4134/4140] Built DifferentialGeometry.Analysis.Calculus.AnalyticTransfer (2.6s)
✔ [4135/4142] Built DifferentialGeometry.Tensor.Multilinear.Composition (2.4s)
✔ [4136/4142] Built DifferentialGeometry.Geometry.Operator.Gradient.Basic (5.2s)
✔ [4137/4152] Built DifferentialGeometry.Tensor.Multilinear.Smoothness.LinearIsometry (1.7s)
✔ [4138/4152] Built DifferentialGeometry.Tensor.Alternating.Composition (6.7s)
✔ [4139/4152] Built DifferentialGeometry.Tensor.Multilinear.Bundle.Defs (3.4s)
✔ [4140/4152] Built DifferentialGeometry.Tensor.Multilinear.Curry.Basic (2.3s)
✔ [4141/4152] Built DifferentialGeometry.Tensor.Multilinear.Bundle.Basis (2.6s)
✔ [4142/4152] Built DifferentialGeometry.Tensor.Multilinear.Bundle.Fiber (4.4s)
✔ [4143/4152] Built DifferentialGeometry.Tensor.RSTensor.Defs (8.9s)
✔ [4144/4153] Built DifferentialGeometry.Geometry.Boundary.Normal.Outward (10s)
✔ [4145/4155] Built DifferentialGeometry.Geometry.Boundary.Orientation (2.6s)
✔ [4147/4158] Built DifferentialGeometry.Geometry.Boundary.Model.EuclideanHalfSpace (7.2s)
✔ [4148/4158] Built DifferentialGeometry.Analysis.Calculus.Inverse.ContinuousLinearMapNeumann (1.7s)
✔ [4149/4158] Built DifferentialGeometry.Topology.Manifold.BoundaryCollar.Tangent (2.5s)
✔ [4150/4158] Built DifferentialGeometry.Analysis.Calculus.Inverse.LocalInverse (1.7s)
✔ [4151/4158] Built DifferentialGeometry.Topology.Manifold.InverseFunctionTheorem.Basic (2.3s)
✔ [4152/4158] Built DifferentialGeometry.Topology.Manifold.BoundaryCollar.Coorientation (2.1s)
✔ [4153/4158] Built DifferentialGeometry.Topology.Manifold.InverseFunction (1.8s)
✔ [4154/4164] Built DifferentialGeometry.Topology.Manifold.BoundaryCollar.InwardField (2.7s)
✔ [4155/4164] Built DifferentialGeometry.Topology.Manifold.BoundaryCollar.FlowBox (2.1s)
✔ [4156/4164] Built DifferentialGeometry.Topology.Manifold.BoundaryCollar.UnitSpeedField (2.7s)
✔ [4158/4166] Built DifferentialGeometry.Topology.Manifold.Boundary.DefiningFunction (2.4s)
✔ [4165/4171] Built DifferentialGeometry.Topology.Manifold.BoundaryCollar.PositiveFlowBox (2.1s)
✔ [4205/4208] Built DifferentialGeometry.Analysis.ODE.Flow.IntegralCurveTransport (2.4s)
✔ [4206/4208] Built DifferentialGeometry.Analysis.ODE.TimeDependentFlow.DiffeomorphismFamily.ManifoldIntegralFlow (2.2s)
✔ [4207/4211] Built DifferentialGeometry.Analysis.ODE.TimeDependentFlow.Regularity.IntegralCurveFromJointC1 (2.1s)
✔ [4208/4211] Built DifferentialGeometry.Analysis.ODE.TimeDependentFlow.ChartLocalExistence.ChartLocalPicard (2.7s)
✔ [4209/4211] Built DifferentialGeometry.Analysis.ODE.TimeDependentFlow.ChartLocalExistence.UniformExistence (2.1s)
✔ [4210/4227] Built DifferentialGeometry.Analysis.ODE.TimeDependentFlow.ChartLocalExistence.Selection (1.9s)
✔ [4211/4235] Built DifferentialGeometry.Analysis.ODE.Flow.LinearODE.Variational (2.7s)
✔ [4213/4237] Built DifferentialGeometry.Analysis.ODE.Flow.Defs (2.6s)
✔ [4215/4237] Built DifferentialGeometry.Analysis.ODE.Flow.C1Regularity.VariationalSolutionOperator (2.6s)
✔ [4216/4237] Built DifferentialGeometry.Analysis.ODE.TimeDependentFlow.SmoothInSpace.VariationalODE.ChartGlue (1.0s)
✔ [4217/4237] Built DifferentialGeometry.Analysis.ODE.Flow.C1Regularity.FrechetDerivative (5.4s)
✔ [4218/4245] Built DifferentialGeometry.Analysis.ODE.Flow.C1Regularity.JointFrechetDerivative (4.9s)
✔ [4219/4245] Built DifferentialGeometry.Analysis.ODE.Flow.C1Regularity.ContDiffOnOne (5.1s)
✔ [4220/4245] Built DifferentialGeometry.Analysis.ODE.TimeDependentFlow.ChartLocalExistence.ChartOverlapUniqueness (2.4s)
✔ [4221/4245] Built DifferentialGeometry.Analysis.ODE.Flow.HigherRegularity.FiniteOrder (2.7s)
✔ [4222/4246] Built DifferentialGeometry.Analysis.ODE.TimeDependentFlow.Bijective.ChartCoverBijective (2.1s)
✔ [4223/4246] Built DifferentialGeometry.Analysis.ODE.Flow.HigherRegularity.Variational.FiniteOrder (6.7s)
✔ [4224/4246] Built DifferentialGeometry.Analysis.ODE.TimeDependentFlow.Bijective.UniformBijective (2.0s)
✔ [4225/4246] Built DifferentialGeometry.Analysis.Calculus.SmoothExtension.BorelHalfLine.Basic (2.2s)
✔ [4226/4248] Built DifferentialGeometry.Analysis.ODE.Flow.HigherRegularity.Variational.OrbitComparison (2.7s)
✔ [4227/4248] Built DifferentialGeometry.Analysis.ODE.Flow.HigherRegularity.Variational.FirstOrderSmoothness (4.8s)
✔ [4228/4248] Built DifferentialGeometry.Analysis.Calculus.IteratedDerivative.DirectionalJets (3.4s)
✔ [4229/4249] Built DifferentialGeometry.Analysis.ODE.Flow.HigherRegularity.Variational.CoproductDerivative (8.1s)
✔ [4230/4249] Built DifferentialGeometry.Analysis.Calculus.SmoothExtension.JetGluing.ProductMatching (3.2s)
✔ [4231/4255] Built DifferentialGeometry.Analysis.ODE.Flow.HigherRegularity.Variational.FirstOrderExistence (2.6s)
✔ [4233/4258] Built DifferentialGeometry.Analysis.ODE.Flow.HigherRegularity.Variational.SuccessorExistence (6.8s)
✔ [4236/4258] Built DifferentialGeometry.Analysis.ODE.Flow.HigherRegularity.Variational.ZerothOrderExistence (5.8s)
✔ [4238/4260] Built DifferentialGeometry.Topology.Manifold.BoundaryCollar.ChartField (2.2s)
✔ [4239/4261] Built DifferentialGeometry.Analysis.ODE.Flow.HigherRegularity.Variational.LinearMapSmoothness (2.6s)
✔ [4240/4261] Built DifferentialGeometry.Topology.Manifold.BoundaryCollar.CurveUniqueness (2.6s)
✔ [4241/4261] Built DifferentialGeometry.Topology.Manifold.BoundaryCollar.NormalCoordinates (2.3s)
✔ [4242/4261] Built DifferentialGeometry.Topology.Manifold.PartialDiffeomorph.SmoothInverse (1.7s)
✔ [4243/4261] Built DifferentialGeometry.Analysis.Calculus.SmoothExtension.BorelHalfLine.Parametric (7.5s)
✔ [4244/4261] Built DifferentialGeometry.Analysis.ODE.Flow.LinearODE.Solution (2.8s)
✔ [4245/4262] Built DifferentialGeometry.Topology.Manifold.BoundaryCollar.FlowEmbedding (2.6s)
✔ [4246/4262] Built DifferentialGeometry.Topology.Manifold.BoundaryCollar.Extension (1.0s)
✔ [4247/4265] Built DifferentialGeometry.Analysis.ODE.Flow.LinearODE.GlobalExistence (4.5s)
✔ [4248/4265] Built DifferentialGeometry.Topology.Manifold.Boundary.SmoothMap (97s)
✔ [4249/4265] Built DifferentialGeometry.Analysis.ODE.Flow.LinearODE.Continuity (4.7s)
✔ [4251/4265] Built DifferentialGeometry.Analysis.ODE.Flow.LinearODE.Inhomogeneous (4.1s)
✔ [4252/4268] Built DifferentialGeometry.Topology.Manifold.BoundaryCollar.ProductLift (103s)
✔ [4253/4269] Built DifferentialGeometry.Analysis.ODE.Flow.LinearODE.Parametric (114s)
✔ [4254/4271] Built DifferentialGeometry.Analysis.ODE.Flow.HigherRegularity.InfiniteOrder (3.5s)
✔ [4255/4271] Built DifferentialGeometry.Topology.Compactness.Strip (1.2s)
✔ [4256/4273] Built DifferentialGeometry.Analysis.ODE.TimeDependentFlow.SmoothInSpace.VariationalODE.BanachIC (3.7s)
✔ [4257/4273] Built DifferentialGeometry.Topology.Manifold.Diffeomorph.Restriction (3.9s)
✔ [4258/4274] Built DifferentialGeometry.Analysis.ODE.TimeDependentFlow.SmoothInSpace.Basic (2.6s)
✔ [4259/4274] Built DifferentialGeometry.Topology.Manifold.IntegralCurve.ScalarRate (3.3s)
✔ [4260/4276] Built DifferentialGeometry.Analysis.ODE.TimeDependentFlow.DiffeomorphismFamily.Hartman (1.8s)
✔ [4261/4276] Built DifferentialGeometry.Topology.Compactness.Nonvanishing (1.1s)
✔ [4262/4277] Built DifferentialGeometry.Analysis.ODE.TimeDependentFlow.DiffeomorphismFamily.ManifoldFlowFamily (2.2s)
✔ [4263/4277] Built DifferentialGeometry.Topology.Manifold.Interval.ShorterStrip (24s)
✔ [4264/4277] Built DifferentialGeometry.Analysis.ODE.TimeDependentFlow.SmoothDependence.Manifold (2.8s)
✔ [4265/4277] Built DifferentialGeometry.Topology.Manifold.ImmersionDifferential (1.6s)
✔ [4266/4279] Built DifferentialGeometry.Analysis.ODE.Flow.CompactSupport (8.5s)
✔ [4267/4279] Built DifferentialGeometry.Topology.Manifold.BoundaryCollar.LocalFlow (4.6s)
✔ [4268/4279] Built DifferentialGeometry.Topology.Manifold.BoundaryCollar.EuclideanFlow (3.2s)
✔ [4269/4282] Built DifferentialGeometry.Topology.Manifold.InverseFunction.ContDiffOn (3.7s)
✔ [4270/4282] Built DifferentialGeometry.Topology.Manifold.BoundaryCollar.ManifoldLocalFlow (32s)
✔ [4271/4282] Built DifferentialGeometry.Topology.Manifold.BoundaryCollar.HalfSpaceFlowBox (1.8s)
✔ [4272/4282] Built DifferentialGeometry.Topology.Manifold.SphereRadialExtension (1.9s)
✔ [4273/4282] Built DifferentialGeometry.Topology.Manifold.OpenEmbedding (2.7s)
✔ [4274/4282] Built DifferentialGeometry.Topology.Manifold.BoundaryCollar.UniformInwardFlow (4.9s)
✔ [4275/4286] Built DifferentialGeometry.Topology.Manifold.BoundaryCollar.FlowInverse (4.5s)
✔ [4276/4286] Built DifferentialGeometry.Topology.Manifold.SphereDirection (96s)
✔ [4277/4286] Built DifferentialGeometry.Topology.Manifold.BoundaryCollar.FlowDiffeomorph (2.1s)
✔ [4278/4287] Built DifferentialGeometry.Topology.Manifold.Attachment.AdjunctionInjectivity (1.5s)
✔ [4279/4287] Built DifferentialGeometry.Topology.Manifold.BoundaryCollar.Diffeomorph (2.6s)
✔ [4280/4287] Built DifferentialGeometry.Topology.Manifold.Attachment.AdjunctionSeparation (4.4s)
✔ [4281/4287] Built DifferentialGeometry.Topology.Embedding.Diffeomorph (1.6s)
✔ [4282/4287] Built DifferentialGeometry.Topology.Manifold.BoundaryCollar.Height (2.2s)
✔ [4283/4287] Built DifferentialGeometry.Topology.PiecewiseLinear.SmoothCapAttachment (27s)
✔ [4284/4287] Built DifferentialGeometry.Topology.Manifold.Boundary.DefiningCollar (2.3s)
✔ [4285/4287] Built DifferentialGeometry.Topology.PiecewiseLinear.SmoothBoundarySphereCollar (280s)
✔ [4286/4289] Built DifferentialGeometry.Topology.PiecewiseLinear.IsSmoothHandleStageAdjunctionThree (2.5s)
✔ [4287/4289] Built DifferentialGeometry.Analysis.Calculus.Periodic.Affine (1.4s)
✔ [4288/4291] Built DifferentialGeometry.Topology.Homeomorph.AffinePeriodic (1.7s)
✔ [4290/4304] Built DifferentialGeometry.Topology.LoopSpace.HomeomorphismLift (1.6s)
✔ [4293/4306] Built DifferentialGeometry.Topology.LoopSpace.Lipschitz (79s)
✔ [4294/4306] Built DifferentialGeometry.Topology.Homeomorph.SphereFamilyExtension (3.2s)
✔ [4295/4306] Built DifferentialGeometry.Analysis.Calculus.Periodic.Smoothing (2.1s)
✔ [4296/4306] Built DifferentialGeometry.Topology.PiecewiseLinear.CylinderSideExtension (25s)
✔ [4297/4306] Built DifferentialGeometry.Analysis.Calculus.Periodic.SmoothingFamilies (1.7s)
✔ [4298/4306] Built DifferentialGeometry.Topology.LoopSpace.UniformSmoothing (1.0s)
✔ [4299/4306] Built DifferentialGeometry.Topology.LoopSpace.PeriodicDescent (7.6s)
✔ [4300/4310] Built DifferentialGeometry.Topology.LoopSpace.AffineLift (1.6s)
✔ [4301/4310] Built DifferentialGeometry.Topology.LoopSpace.HomeomorphismOrientation (1.6s)
✔ [4302/4310] Built DifferentialGeometry.Topology.Manifold.CornerRounding (2.1s)
✔ [4303/4310] Built DifferentialGeometry.Topology.LoopSpace.CircleLiftOrientation (109s)
✔ [4304/4310] Built DifferentialGeometry.Topology.Manifold.RoundedStrip (1.9s)
✔ [4305/4310] Built DifferentialGeometry.Topology.Homeomorph.CircleIsotopy (1.9s)
✔ [4306/4310] Built DifferentialGeometry.Topology.Manifold.RoundedCylinder (2.6s)
✔ [4307/4312] Built DifferentialGeometry.Topology.Homeomorph.PlanarSphereExtension (104s)
✔ [4308/4318] Built DifferentialGeometry.Topology.PiecewiseLinear.PrismAnnulusChart (2.3s)
✔ [4309/4318] Built DifferentialGeometry.Topology.PiecewiseLinear.CylinderEndExtension (3.0s)
✔ [4310/4318] Built DifferentialGeometry.Topology.PiecewiseLinear.ConcaveCornerMap (24s)
✔ [4311/4318] Built DifferentialGeometry.Topology.PiecewiseLinear.SmoothChartFamilyGluing (2.2s)
✔ [4312/4321] Built DifferentialGeometry.Topology.PiecewiseLinear.ConcaveCornerChart (2.4s)
✔ [4313/4321] Built DifferentialGeometry.Topology.PiecewiseLinear.SmoothHandleModelAttachment (3.7s)
✔ [4314/4323] Built DifferentialGeometry.Topology.PiecewiseLinear.HandleModelCharts (2.3s)
✔ [4315/4323] Built DifferentialGeometry.Topology.PiecewiseLinear.TwoHandleModelAttachment (5.9s)
✔ [4316/4323] Built DifferentialGeometry.Topology.PiecewiseLinear.SmoothAnnulusCollar (55s)
✔ [4317/4323] Built DifferentialGeometry.Topology.PiecewiseLinear.OneHandleModelAttachment (3.5s)
✔ [4318/4323] Built DifferentialGeometry.Topology.PiecewiseLinear.TwoHandleAlignment (95s)
✔ [4319/4324] Built DifferentialGeometry.Topology.PiecewiseLinear.SmoothDiskPairCollar (4.9s)
✔ [4320/4324] Built DifferentialGeometry.Topology.PiecewiseLinear.IsSmoothHandleStageAdjunctionTwo (2.3s)
✔ [4321/4324] Built DifferentialGeometry.Topology.PiecewiseLinear.OneHandleAlignment (2.5s)
✔ [4322/4324] Built DifferentialGeometry.Topology.PiecewiseLinear.RadialBandPush (1.8s)
✔ [4323/4326] Built DifferentialGeometry.Topology.PiecewiseLinear.IsSmoothHandleStageAdjunctionOne (2.4s)
✔ [4324/4326] Built DifferentialGeometry.External.Schoenflies.GeneratedStructure (2.5s)
✔ [4325/4330] Built DifferentialGeometry.External.Schoenflies.RefinementStars (1.9s)
✔ [4326/4330] Built DifferentialGeometry.External.Schoenflies.SkeletonLocal (2.1s)
✔ [4327/4330] Built DifferentialGeometry.External.Schoenflies.Graph.Relabel (1.6s)
✔ [4328/4331] Built DifferentialGeometry.External.Schoenflies.SkeletonSectors (2.9s)
✔ [4329/4333] Built DifferentialGeometry.External.Schoenflies.SkeletonAccess (2.3s)
✔ [4330/4333] Built DifferentialGeometry.External.Schoenflies.BoundaryCycles (1.8s)
✔ [4331/4336] Built DifferentialGeometry.External.Schoenflies.CellulationInvariants (1.0s)
✔ [4332/4336] Built DifferentialGeometry.External.Schoenflies.BoundaryCyclesGenerated (2.0s)
✔ [4333/4336] Built DifferentialGeometry.External.Schoenflies.RealizeSplit (2.1s)
✔ [4334/4339] Built DifferentialGeometry.External.Schoenflies.MatchedSplit (1.9s)
✔ [4335/4339] Built DifferentialGeometry.External.Schoenflies.FiniteTransfer (2.7s)
✔ [4336/4339] Built DifferentialGeometry.External.Schoenflies.Line (1.8s)
✔ [4337/4339] Built DifferentialGeometry.External.Schoenflies.InitialPair (5.6s)
✔ [4338/4345] Built DifferentialGeometry.External.Schoenflies.InitialPairFixed (2.4s)
✔ [4340/4345] Built DifferentialGeometry.External.Schoenflies.Inversion (2.1s)
✔ [4341/4345] Built DifferentialGeometry.External.Schoenflies.Endgame (1.9s)
✔ [4342/4345] Built DifferentialGeometry.External.Schoenflies.BoundaryContinuity (2.0s)
✔ [4343/4346] Built DifferentialGeometry.External.Schoenflies.BoundaryContinuity2 (1.9s)
✔ [4344/4349] Built DifferentialGeometry.External.Schoenflies.InitialGenerated (2.1s)
✔ [4345/4352] Built DifferentialGeometry.External.Schoenflies.RealizeSubdiv (2.4s)
✔ [4346/4352] Built DifferentialGeometry.External.Schoenflies.ArcMonotone (2.0s)
✔ [4347/4352] Built DifferentialGeometry.External.Schoenflies.FreshAccess (2.7s)
✔ [4348/4352] Built DifferentialGeometry.External.Schoenflies.RealizeSubdivHomeo (1.8s)
✔ [4349/4352] Built DifferentialGeometry.External.Schoenflies.CommonSubdivision (2.3s)
✔ [4350/4352] Built DifferentialGeometry.External.Schoenflies.FiniteTransferTarget (2.7s)
✔ [4351/4362] Built DifferentialGeometry.External.Schoenflies.InitialOuterCycle (1.9s)
✔ [4352/4368] Built DifferentialGeometry.External.Schoenflies.SquareMesh (2.7s)
✔ [4353/4368] Built DifferentialGeometry.External.Schoenflies.Graph.TwoPaths (1.1s)
✔ [4354/4368] Built DifferentialGeometry.External.Schoenflies.SquareMeshConnected (3.6s)
✔ [4355/4368] Built DifferentialGeometry.External.Schoenflies.StageTransition (1.7s)
✔ [4356/4370] Built DifferentialGeometry.External.Schoenflies.SquareMeshFixed (2.3s)
✔ [4357/4377] Built DifferentialGeometry.External.Schoenflies.LocalGrid (2.2s)
✔ [4358/4377] Built DifferentialGeometry.External.Schoenflies.LimitMap (2.2s)
✔ [4359/4378] Built DifferentialGeometry.External.Schoenflies.GridAttach (1.0s)
✔ [4360/4378] Built DifferentialGeometry.External.Schoenflies.Windows (1.9s)
✔ [4361/4379] Built DifferentialGeometry.External.Schoenflies.StageTower (1.7s)
✔ [4362/4379] Built DifferentialGeometry.External.Schoenflies.SquareMeshClosed (2.3s)
✔ [4363/4379] Built DifferentialGeometry.Topology.PlanarJordan.RegionRecognition (1.6s)
✔ [4364/4380] Built DifferentialGeometry.External.Schoenflies.FiniteTransferTargetMesh (1.9s)
✔ [4365/4380] Built DifferentialGeometry.External.Schoenflies.TargetOverlay (2.4s)
✔ [4366/4380] Built DifferentialGeometry.Topology.OpenEmbeddingFrontier (3.7s)
✔ [4367/4380] Built DifferentialGeometry.External.Schoenflies.FreshDenseSelection (2.0s)
✔ [4368/4380] Built DifferentialGeometry.External.Schoenflies.QuantitativeStages (1.7s)
✔ [4369/4380] Built DifferentialGeometry.External.Schoenflies.SourceOverlay (2.1s)
✔ [4370/4380] Built DifferentialGeometry.External.Schoenflies.SourceAttachment (2.5s)
✔ [4371/4380] Built DifferentialGeometry.External.Schoenflies.OverlayExtension (1.7s)
✔ [4372/4380] Built DifferentialGeometry.External.Schoenflies.SourceJoining (2.2s)
✔ [4373/4383] Built DifferentialGeometry.External.Schoenflies.QuantitativeForwardStages (1.8s)
✔ [4374/4385] Built DifferentialGeometry.External.Schoenflies.QuantitativeRecursion (1.8s)
✔ [4375/4385] Built DifferentialGeometry.Topology.VanKampen.Subdivision (1.8s)
✔ [4376/4394] Built DifferentialGeometry.External.Schoenflies.InteriorHomeomorphism (1.8s)
✔ [4377/4396] Built DifferentialGeometry.Topology.VanKampen.CoveredPath (1.4s)
✔ [4378/4396] Built DifferentialGeometry.External.Schoenflies.BoundaryAnchors (2.1s)
✔ [4379/4396] Built DifferentialGeometry.Topology.VanKampen.GroupoidTelescope (962ms)
✔ [4380/4396] Built DifferentialGeometry.Topology.VanKampen.HomotopyGrid (1.3s)
✔ [4381/4396] Built DifferentialGeometry.Topology.VanKampen.Evaluation (2.1s)
✔ [4382/4396] Built DifferentialGeometry.Topology.PlanarJordan.Transport (1.5s)
✔ [4383/4396] Built DifferentialGeometry.External.Schoenflies.JordanSchoenflies (1.6s)
✔ [4384/4400] Built DifferentialGeometry.Topology.VanKampen.CellIdentity (1.6s)
✔ [4385/4400] Built DifferentialGeometry.Topology.PlanarJordan.AmbientExtension (1.7s)
✔ [4386/4401] Built DifferentialGeometry.Topology.PlanarJordan.ClosedInterior (1.6s)
✔ [4387/4401] Built DifferentialGeometry.Topology.VanKampen.HomotopyInvariance (1.6s)
✔ [4388/4401] Built DifferentialGeometry.Analysis.Calculus.Compactness.Superposition (1.5s)
✔ [4389/4401] Built DifferentialGeometry.Topology.Homeomorph.Alexander (1.6s)
✔ [4390/4401] Built DifferentialGeometry.Topology.VanKampen.FullGroupoid (1.6s)
✔ [4391/4401] Built DifferentialGeometry.Topology.Homeomorph.Conjugate (1.6s)
✔ [4392/4401] Built DifferentialGeometry.Topology.VanKampen.CoverCycle (1.4s)
✔ [4393/4401] Built DifferentialGeometry.Topology.Homeomorph.ConjugateFamily (1.5s)
✔ [4394/4401] Built DifferentialGeometry.Topology.VanKampen.TwoSidedCollarSeparation (1.7s)
✔ [4395/4401] Built DifferentialGeometry.Topology.Manifold.BicollarComponents (1.6s)
✔ [4396/4401] Built DifferentialGeometry.Topology.BicollaredComplement (1.6s)
✔ [4397/4401] Built DifferentialGeometry.Topology.ClosedBallImage (4.6s)
✔ [4398/4401] Built DifferentialGeometry.Topology.PlanarJordan.DiskUnion (2.8s)
✔ [4399/4401] Built DifferentialGeometry.Topology.PiecewiseLinear.SurfaceDiskLocalExtension (2.9s)
✔ [4400/4406] Built DifferentialGeometry.Topology.PiecewiseLinear.SurfaceDiskShrink (4.8s)
✔ [4401/4406] Built DifferentialGeometry.Topology.Homeomorph.CompactGluing (1.1s)
✔ [4402/4406] Built DifferentialGeometry.Topology.Homeomorph.ClosedExtension (1.2s)
✔ [4403/4408] Built DifferentialGeometry.Topology.PlanarJordan.ArcExtension (1.8s)
✔ [4404/4410] Built DifferentialGeometry.Topology.PlanarJordan.Crosscut (1.9s)
✔ [4405/4410] Built DifferentialGeometry.Topology.Homeomorph.DisjointGluing (1.3s)
✔ [4406/4412] Built DifferentialGeometry.Topology.PlanarJordan.CrosscutExtension (1.9s)
✔ [4407/4412] Built DifferentialGeometry.Topology.PiecewiseLinear.InteriorAccess (2.9s)
✔ [4408/4412] Built DifferentialGeometry.Topology.Homeomorph.UniformGluing (1.6s)
✔ [4409/4412] Built DifferentialGeometry.Topology.PiecewiseLinear.PolygonalArcBall (2.2s)
✔ [4410/4412] Built DifferentialGeometry.Topology.PlanarJordan.PolygonalCrosscut (2.4s)
✔ [4411/4416] Built DifferentialGeometry.Topology.PlanarJordan.CrosscutFamily (2.7s)
✔ [4412/4416] Built DifferentialGeometry.External.Schoenflies.ArcSquareChain (2.9s)
✔ [4413/4416] Built DifferentialGeometry.Topology.PiecewiseLinear.PolygonalJordan (2.6s)
✔ [4414/4420] Built DifferentialGeometry.Topology.PlanarJordan.ArcDiskNeighborhood (1.9s)
✔ [4415/4420] Built DifferentialGeometry.Topology.PiecewiseLinear.PlanarArcNeighborhood (2.2s)
✔ [4416/4421] Built DifferentialGeometry.Topology.PiecewiseLinear.FiniteIntersection (2.0s)
✔ [4417/4421] Built DifferentialGeometry.Topology.PiecewiseLinear.DiskFrontierPerturbation (2.5s)
✔ [4418/4421] Built DifferentialGeometry.Topology.PlanarJordan.ArcNeighborhood (2.1s)
✔ [4419/4421] Built DifferentialGeometry.Topology.PlanarJordan.ArcStraightening (2.8s)
✔ [4420/4425] Built DifferentialGeometry.Topology.PlanarJordan.ArcFamilyStraightening (3.2s)
✔ [4421/4425] Built DifferentialGeometry.Topology.PlanarJordan.VertexArcs (1.8s)
✔ [4422/4425] Built DifferentialGeometry.Topology.PathConcatenation (1.4s)
✔ [4423/4425] Built DifferentialGeometry.Topology.PlanarJordan.ArcChain (1.8s)
✔ [4424/4427] Built DifferentialGeometry.Topology.PlanarJordan.ArcChainLimit (1.9s)
✔ [4425/4427] Built DifferentialGeometry.Topology.Manifold.LocalDiffeomorph.PartialDiffeomorph (1.8s)
✔ [4426/4434] Built DifferentialGeometry.Topology.Manifold.PartialDiffeomorph.CompactGluing (1.7s)
✔ [4432/4442] Built DifferentialGeometry.Topology.Morse.Defs (1.6s)
✔ [4465/4469] Built DifferentialGeometry.Analysis.Calculus.Derivative.ParametricIntervalIntegral (2.9s)
✔ [4466/4471] Built DifferentialGeometry.Analysis.Calculus.Derivative.AlmostEverywhereLipschitz (2.7s)
✔ [4468/4471] Built DifferentialGeometry.Analysis.Calculus.Taylor (2.9s)
✔ [4470/4481] Built DifferentialGeometry.Topology.Morse.NormalForm.Local (16s)
✔ [4475/4481] Built DifferentialGeometry.External.TauCeti.Geometry.Manifold.LocallyFlat.Smooth (2.1s)
✔ [4476/4481] Built DifferentialGeometry.Topology.Morse.RegularLevel.LevelSet (11s)
✔ [4477/4481] Built DifferentialGeometry.Topology.Embedding.SliceChart (1.9s)
✔ [4478/4487] Built DifferentialGeometry.Topology.Manifold.RegularLevel.Coordinates (3.2s)
✔ [4479/4487] Built DifferentialGeometry.Topology.Embedding.Retraction (1.8s)
✔ [4480/4487] Built DifferentialGeometry.Topology.VectorField.Linearization (1.7s)
✔ [4481/4487] Built DifferentialGeometry.Topology.Manifold.RegularLevel.Collar.LevelAtlas (2.4s)
✔ [4482/4489] Built DifferentialGeometry.Topology.VectorField.VerticalLinearization (2.3s)
✔ [4483/4489] Built DifferentialGeometry.Topology.VectorField.DiffeomorphLinearization (2.5s)
✔ [4485/4489] Built DifferentialGeometry.Topology.VectorField.PartialDiffeomorphLinearization (2.1s)
✔ [4486/4489] Built DifferentialGeometry.Topology.Flow.PeriodicOrbit (1.5s)
✔ [4487/4489] Built DifferentialGeometry.Topology.Embedding.TangentLift (1.9s)
✔ [4488/4494] Built DifferentialGeometry.Topology.Manifold.RegularLevel.Tangent (2.3s)
✔ [4489/4494] Built DifferentialGeometry.Topology.Manifold.ModelTransport (1.8s)
✔ [4490/4494] Built DifferentialGeometry.Topology.Manifold.ChartedSpaceHomeomorph (2.1s)
✔ [4491/4498] Built DifferentialGeometry.Topology.Manifold.SmoothModelTransport (1.9s)
✔ [4492/4498] Built DifferentialGeometry.Topology.Manifold.AddCircle (2.2s)
✔ [4494/4498] Built DifferentialGeometry.Topology.Manifold.AddCircle.ParameterDerivative (2.0s)
✔ [4495/4498] Built DifferentialGeometry.Topology.Manifold.Quotient (2.9s)
✔ [4496/4503] Built DifferentialGeometry.Topology.Manifold.AddCircle.Descent (1.8s)
✔ [4497/4503] Built DifferentialGeometry.Topology.Manifold.OpenSubtype (1.8s)
✔ [4498/4504] Built DifferentialGeometry.Topology.Flow.Circle (2.2s)
✔ [4499/4504] Built DifferentialGeometry.Topology.VectorField.Transport (1.7s)
✔ [4500/4506] Built DifferentialGeometry.Topology.Manifold.OpenSubtypeDiffeomorph (1.7s)
✔ [4501/4506] Built DifferentialGeometry.Topology.Manifold.LocalDiffeomorphImmersion (1.9s)
✔ [4502/4506] Built DifferentialGeometry.Topology.VectorField.OpenSubtypePullback (1.7s)
✔ [4503/4506] Built DifferentialGeometry.Topology.Manifold.SmoothEmbeddingComposition (5.8s)
✔ [4504/4508] Built DifferentialGeometry.Topology.VectorField.OpenRestriction (1.0s)
✔ [4505/4509] Built DifferentialGeometry.Topology.Manifold.CircleComponents (2.0s)
✔ [4506/4509] Built DifferentialGeometry.Topology.Manifold.ChartPartialDiffeomorph (1.7s)
✔ [4507/4510] Built DifferentialGeometry.Topology.PlanarJordan.LocalSides (2.1s)
✔ [4508/4510] Built DifferentialGeometry.Topology.Manifold.ImmersionCriterion (2.4s)
✔ [4509/4510] Built DifferentialGeometry.Topology.Manifold.RegularZero.Coordinates (2.5s)
✔ [4512/4516] Built DifferentialGeometry.Topology.Manifold.PartialDiffeomorph (1.8s)
✔ [4513/4516] Built DifferentialGeometry.Analysis.Calculus.LocalExtrema (1.9s)
✔ [4514/4516] Built DifferentialGeometry.Topology.PlanarJordan.RegularCurve (3.4s)
✔ [4515/4520] Built DifferentialGeometry.Topology.PlanarJordan.ArcCollar (2.6s)
✔ [4516/4521] Built DifferentialGeometry.Topology.PlanarJordan.BoundaryArc (1.0s)
✔ [4517/4521] Built DifferentialGeometry.Topology.DiscreteNeighborhoods (1.3s)
✔ [4518/4523] Built DifferentialGeometry.Topology.PlanarJordan.BoundaryFan (2.1s)
✔ [4519/4523] Built DifferentialGeometry.Topology.Embedding.RealParameter (1.5s)
✔ [4520/4531] Built DifferentialGeometry.Topology.PlanarJordan.VertexFan (2.1s)
✔ [4521/4531] Built DifferentialGeometry.Topology.Order.DiscreteRange (1.1s)
✔ [4522/4531] Built DifferentialGeometry.Topology.MetricSpace.Diameter (1.2s)
✔ [4523/4536] Built DifferentialGeometry.Topology.PlanarJordan.LocalArcStraightening (1.8s)
✔ [4524/4536] Built DifferentialGeometry.Topology.PlanarJordan.ArcSubdivisionStraightening (4.1s)
✔ [4525/4536] Built DifferentialGeometry.Topology.PlanarJordan.ArcFamilyDrawing (1.6s)
✔ [4526/4537] Built DifferentialGeometry.Topology.PlanarJordan.EndpointCollarChain (2.4s)
✔ [4527/4537] Built DifferentialGeometry.Topology.PlanarJordan.GraphSubdivision (1.8s)
✔ [4528/4537] Built DifferentialGeometry.Topology.PlanarJordan.EndpointAccess (1.0s)
✔ [4529/4537] Built DifferentialGeometry.Topology.Manifold.EuclideanBoundaryCoordinates (1.9s)
✔ [4530/4543] Built DifferentialGeometry.Topology.PlanarJordan.EndpointStraightening (1.0s)
✔ [4531/4543] Built DifferentialGeometry.Topology.Manifold.LocallyPathConnected (1.4s)
✔ [4532/4543] Built DifferentialGeometry.Topology.PlanarJordan.VertexStraightening (2.2s)
✔ [4533/4543] Built DifferentialGeometry.Topology.Manifold.PartialDiffeomorph.Atlas (1.7s)
✔ [4534/4543] Built DifferentialGeometry.Topology.Covering.SmoothLift (1.7s)
✔ [4535/4543] Built DifferentialGeometry.Topology.PlanarJordan.VertexNeighborhood (2.2s)
✔ [4536/4548] Built DifferentialGeometry.Topology.Covering.ImmersionLift (1.7s)
✔ [4537/4549] Built DifferentialGeometry.Topology.PlanarJordan.GraphStraightening (2.3s)
✔ [4538/4549] Built DifferentialGeometry.Topology.Manifold.PartialChartEmbedding (1.6s)
✔ [4539/4549] Built DifferentialGeometry.Topology.Manifold.BoundaryCollar.ClosedStripDiffeomorph (2.6s)
✔ [4540/4549] Built DifferentialGeometry.Topology.PlanarJordan.GraphApproximation (1.0s)
✔ [4541/4549] Built DifferentialGeometry.Topology.PiecewiseLinear.BoundarySphereComponent (2.0s)
✔ [4542/4551] Built DifferentialGeometry.Topology.PiecewiseLinear.SmoothBoundaryPlane (2.7s)
✔ [4543/4551] Built DifferentialGeometry.Topology.Manifold.BoundaryCollar.CollarStrip (1.9s)
✔ [4544/4551] Built DifferentialGeometry.Topology.Homeomorph.JordanDiskMove (2.1s)
✔ [4545/4551] Built DifferentialGeometry.Topology.PiecewiseLinear.BoundaryAnnulusEmbedding (2.5s)
✔ [4546/4551] Built DifferentialGeometry.Topology.Manifold.BoundaryCollar.Homeomorph (1.9s)
✔ [4547/4553] Built DifferentialGeometry.Topology.PiecewiseLinear.SurfaceDiskMove (2.8s)
✔ [4548/4554] Built DifferentialGeometry.Topology.PiecewiseLinear.BoundarySurfaceEmbedding (2.2s)
✔ [4549/4554] Built DifferentialGeometry.Topology.PiecewiseLinear.BoundaryIsotopyExtension (2.4s)
✔ [4550/4555] Built DifferentialGeometry.Topology.PiecewiseLinear.RadialAnnulusSqueeze (2.4s)
✔ [4551/4555] Built DifferentialGeometry.Topology.PiecewiseLinear.SurfaceAnnulusShrink (4.5s)
✔ [4552/4555] Built DifferentialGeometry.Topology.PiecewiseLinear.SmoothBoundaryDisksTaming (2.6s)
✔ [4553/4555] Built DifferentialGeometry.Topology.PiecewiseLinear.AnnulusTamingSteps (2.4s)
✔ [4554/4558] Built DifferentialGeometry.Topology.PiecewiseLinear.SphereBandChart (3.3s)
✔ [4555/4560] Built DifferentialGeometry.Analysis.Calculus.SmoothTransition (2.0s)
✔ [4556/4560] Built DifferentialGeometry.Topology.Homeomorph.ClosedPasting (1.1s)
✔ [4557/4560] Built DifferentialGeometry.Analysis.Calculus.SmoothMax (1.0s)
✔ [4558/4560] Built DifferentialGeometry.Topology.PlanarJordan.StripExtension (7.8s)
✔ [4559/4564] Built DifferentialGeometry.Topology.PiecewiseLinear.SmoothedRampPath (2.3s)
✔ [4560/4566] Built DifferentialGeometry.Analysis.Calculus.Cutoff.Basic (1.7s)
✔ [4561/4566] Built DifferentialGeometry.Analysis.ODE.Flow.GlobalSliceSmoothness (2.8s)
✔ [4562/4566] Built DifferentialGeometry.Analysis.ODE.Flow.Planar.FlowSupport (1.7s)
✔ [4563/4568] Built DifferentialGeometry.Analysis.ODE.Flow.Planar.SmoothGlobalFlow (1.9s)
✔ [4564/4568] Built DifferentialGeometry.Analysis.Calculus.Cutoff.LipschitzCutoff (1.5s)
✔ [4565/4574] Built DifferentialGeometry.Analysis.ODE.Flow.Planar.ConstantOutsideCompactFlow (1.9s)
✔ [4566/4574] Built DifferentialGeometry.Analysis.Calculus.Cutoff.SmallGermCutoff (1.0s)
✔ [4567/4574] Built DifferentialGeometry.Analysis.ODE.Flow.Planar.CompactFlowGerm (2.4s)
✔ [4568/4574] Built DifferentialGeometry.Analysis.Calculus.Inverse.VectorParameterizedInverse (1.7s)
✔ [4569/4574] Built DifferentialGeometry.Analysis.Calculus.Interpolation.SmallPerturbation (1.8s)
✔ [4570/4576] Built DifferentialGeometry.Analysis.ODE.Flow.Planar.IdentityTangentGerm (1.8s)
✔ [4571/4576] Built DifferentialGeometry.Analysis.Calculus.Inverse.LocalDiffeomorphStraightening (1.0s)
✔ [4572/4576] Built DifferentialGeometry.Topology.LocalDegree.SphereMap (1.5s)
✔ [4573/4577] Built DifferentialGeometry.Topology.PlanarJordan.PlanarLocalAffine (2.2s)
✔ [4574/4577] Built DifferentialGeometry.Topology.LocalDegree.SphereMapHomotopy (1.3s)
✔ [4575/4577] Built DifferentialGeometry.Topology.PlanarJordan.PlanarSmoothCore (9.7s)
✔ [4576/4582] Built DifferentialGeometry.Topology.LocalDegree.IsolatedZero (1.4s)
✔ [4578/4582] Built DifferentialGeometry.Topology.Homology.Algebra.Biproduct (1.5s)
✔ [4579/4584] Built DifferentialGeometry.Topology.Homology.Algebra.Augment (1.4s)
✔ [4580/4589] Built DifferentialGeometry.Topology.Homology.Reduced (3.4s)
✔ [4581/4589] Built DifferentialGeometry.Topology.LocalDegree.SphereCover (2.5s)
✔ [4582/4589] Built DifferentialGeometry.Topology.Homology.Reduced.MayerVietoris (1.0s)
✔ [4583/4589] Built DifferentialGeometry.Topology.LocalDegree.ZeroSphere (2.2s)
✔ [4584/4589] Built DifferentialGeometry.Topology.LocalDegree.SphereHomology (1.0s)
✔ [4585/4590] Built DifferentialGeometry.Topology.LocalDegree.SphereGenerator (2.0s)
✔ [4586/4592] Built DifferentialGeometry.Topology.LocalDegree.SphereDegree (1.9s)
✔ [4587/4592] Built DifferentialGeometry.Topology.LocalDegree.LinearSphere (1.4s)
✔ [4588/4592] Built DifferentialGeometry.Topology.LocalDegree.Euclidean (1.0s)
✔ [4589/4592] Built DifferentialGeometry.Topology.LocalDegree.LinearizationHomotopy (1.9s)
✔ [4590/4593] Built DifferentialGeometry.Topology.LocalDegree.BoundaryHomotopy (2.0s)
✔ [4591/4593] Built DifferentialGeometry.Topology.LocalDegree.EuclideanLinearization (1.8s)
✔ [4592/4600] Built DifferentialGeometry.Topology.LocalDegree.LinearDegreePath (2.2s)
✔ [4593/4600] Built DifferentialGeometry.Topology.Homology.Reduced.MayerVietorisNaturality (2.3s)
✔ [4594/4607] Built DifferentialGeometry.Topology.LocalDegree.SphereAntipodal (2.2s)
✔ [4595/4607] Built DifferentialGeometry.Topology.LocalDegree.ReflectionDegree (3.2s)
✔ [4596/4607] Built DifferentialGeometry.Topology.OpenPartialHomeomorph.Images (938ms)
✔ [4597/4608] Built DifferentialGeometry.Topology.LocalDegree.OrthogonalDegree (1.0s)
✔ [4598/4611] Built DifferentialGeometry.Topology.Homeomorph.SubsetImage (946ms)
✔ [4599/4612] Built DifferentialGeometry.Topology.LocalDegree.LinearDegree (1.9s)
✔ [4600/4612] Built DifferentialGeometry.Topology.Homeomorph.PlanarExtension (1.6s)
✔ [4601/4616] Built DifferentialGeometry.Topology.Homeomorph.RadialCompactification (1.9s)
✔ [4602/4616] Built DifferentialGeometry.Topology.LocalDegree.Determinant (1.8s)
✔ [4603/4616] Built DifferentialGeometry.Topology.Homeomorph.DisjointFamily (1.3s)
✔ [4604/4616] Built DifferentialGeometry.Topology.Homeomorph.PlanarLocalization (2.4s)
✔ [4606/4616] Built DifferentialGeometry.Topology.LocalDegree.InjectiveDeterminantSign (2.3s)
✔ [4607/4617] Built DifferentialGeometry.Topology.Homeomorph.PlanarGermIsotopy (2.3s)
✔ [4608/4617] Built DifferentialGeometry.Topology.PlanarJordan.PlanarTubeSmoothing (7.7s)
✔ [4609/4617] Built DifferentialGeometry.Topology.Manifold.SurfaceChartSmoothing (2.3s)
✔ [4610/4617] Built DifferentialGeometry.Topology.SimplicialComplex.FaceFiltration (1.2s)
✔ [4611/4617] Built DifferentialGeometry.Topology.PlanarJordan.PolarStrip (2.6s)
✔ [4612/4617] Built DifferentialGeometry.Topology.PlanarJordan.PlanarArcSmoothing (3.7s)
✔ [4613/4617] Built DifferentialGeometry.Topology.Manifold.PolarBandChart (2.5s)
✔ [4614/4618] Built DifferentialGeometry.Topology.Manifold.AnnulusCoreSteps (4.9s)
✔ [4615/4618] Built DifferentialGeometry.Topology.PiecewiseLinear.ConeBaseFlat (1.7s)
✔ [4616/4625] Built DifferentialGeometry.Topology.Manifold.AnnulusCoreSmoothing (5.6s)
✔ [4617/4625] Built DifferentialGeometry.Topology.PiecewiseLinear.SmoothAnnulusTaming (4.1s)
✔ [4618/4625] Built DifferentialGeometry.Topology.PiecewiseLinear.EulerCellOperations (1.9s)
✔ [4619/4627] Built DifferentialGeometry.Topology.PiecewiseLinear.ConeEuler (1.9s)
✔ [4620/4627] Built DifferentialGeometry.Topology.PiecewiseLinear.CapComplex (2.1s)
✔ [4621/4627] Built DifferentialGeometry.Topology.Attachment.Union (1.9s)
✔ [4622/4628] Built DifferentialGeometry.Topology.PiecewiseLinear.CapDeletion (2.3s)
✔ [4623/4629] Built DifferentialGeometry.Topology.PiecewiseLinear.ManifoldInteriorDensity (2.2s)
✔ [4624/4630] Built DifferentialGeometry.Topology.PiecewiseLinear.DerivedNeighborhoodCellBoundary (2.2s)
✔ [4625/4630] Built DifferentialGeometry.Topology.PiecewiseLinear.DerivedNeighborhoodEdge (2.2s)
✔ [4626/4632] Built DifferentialGeometry.Topology.PiecewiseLinear.BallIntersectionDensity (2.0s)
✔ [4627/4633] Built DifferentialGeometry.Topology.PiecewiseLinear.DerivedNeighborhoodCellFrontier (2.1s)
✔ [4628/4633] Built DifferentialGeometry.Topology.PiecewiseLinear.DerivedNeighborhoodCellAttachment (2.1s)
✔ [4629/4633] Built DifferentialGeometry.Topology.PiecewiseLinear.DerivedNeighborhoodFiltration (2.0s)
✔ [4630/4633] Built DifferentialGeometry.Topology.PiecewiseLinear.PrismSide (2.2s)
✔ [4631/4633] Built DifferentialGeometry.Topology.PiecewiseLinear.DerivedNeighborhoodMaximalCell (1.9s)
✔ [4632/4638] Built DifferentialGeometry.Topology.PiecewiseLinear.DerivedNeighborhoodTriangle (2.5s)
✔ [4633/4640] Built DifferentialGeometry.Topology.PiecewiseLinear.CylinderCut (2.1s)
✔ [4634/4640] Built DifferentialGeometry.Topology.PiecewiseLinear.CylinderComparison (2.1s)
✔ [4635/4640] Built DifferentialGeometry.Topology.Manifold.InteriorChart (1.6s)
✔ [4636/4640] Built DifferentialGeometry.Topology.PiecewiseLinear.CylinderEndMap (2.1s)
✔ [4637/4640] Built DifferentialGeometry.Topology.Manifold.InteriorAtlas (1.9s)
✔ [4638/4642] Built DifferentialGeometry.Topology.PiecewiseLinear.DerivedNeighborhoodHandleAttachment (2.4s)
✔ [4639/4642] Built DifferentialGeometry.Topology.PiecewiseLinear.DerivedNeighborhoodHandleFiltration (2.0s)
✔ [4640/4642] Built DifferentialGeometry.Topology.Manifold.SurfacePointSmoothing (2.3s)
✔ [4641/4646] Built DifferentialGeometry.Topology.Manifold.SurfacePointSmoothingMapsTo (2.2s)
✔ [4642/4647] Built DifferentialGeometry.Topology.PlanarJordan.PlaneRectNeighborhood (1.9s)
✔ [4643/4650] Built DifferentialGeometry.Topology.Manifold.LocalDiffeomorph.Determinant (1.5s)
✔ [4644/4650] Built DifferentialGeometry.Topology.Manifold.LocalDiffeomorph.Locus (1.5s)
✔ [4645/4651] Built DifferentialGeometry.Topology.Manifold.SurfaceArcSmoothing (2.9s)
✔ [4646/4652] Built DifferentialGeometry.Topology.PlanarJordan.PlaneRectTube (1.6s)
✔ [4647/4652] Built DifferentialGeometry.Topology.PlanarJordan.SegmentCoordinates (2.0s)
✔ [4648/4654] Built DifferentialGeometry.Topology.Manifold.SurfaceSegmentSmoothing (2.2s)
✔ [4649/4654] Built DifferentialGeometry.Topology.PiecewiseLinear.SimplicialFaceSeparation (1.5s)
✔ [4650/4654] Built DifferentialGeometry.Topology.Manifold.SurfaceSegmentSupport (2.6s)
✔ [4651/4654] Built DifferentialGeometry.Analysis.Convex.SegmentInterior (1.2s)
✔ [4652/4654] Built DifferentialGeometry.Topology.Manifold.SurfaceSegmentFamilySmoothing (2.3s)
✔ [4653/4655] Built DifferentialGeometry.Topology.Manifold.SurfaceSimplicialSkeleton (2.8s)
✔ [4654/4656] Built DifferentialGeometry.Topology.Diffeomorph.CompactIsotopyComposition (1.6s)
✔ [4655/4660] Built DifferentialGeometry.Topology.Diffeomorph.TimeDependentFlow (2.4s)
✔ [4657/4663] Built DifferentialGeometry.Analysis.Calculus.Cutoff.Compact (1.8s)
✔ [4658/4663] Built DifferentialGeometry.Analysis.ODE.Flow.LinearODE.Sign (1.6s)
✔ [4659/4664] Built DifferentialGeometry.Analysis.Calculus.ProportionalTransport (2.6s)
✔ [4660/4664] Built DifferentialGeometry.Analysis.Calculus.LevelPreservation (1.4s)
✔ [4661/4664] Built DifferentialGeometry.Topology.Diffeomorph.DisjointSupport (1.8s)
✔ [4662/4665] Built DifferentialGeometry.Analysis.ODE.TimeDependentFlow.LevelTransport (2.0s)
✔ [4663/4665] Built DifferentialGeometry.Topology.Diffeomorph.LevelTransport (2.2s)
✔ [4664/4669] Built DifferentialGeometry.Analysis.Calculus.SmoothExtension.Compact (1.7s)
✔ [4665/4669] Built DifferentialGeometry.Topology.FiberwiseHomeomorph (1.1s)
✔ [4666/4671] Built DifferentialGeometry.Topology.Diffeomorph.Perturbation (2.0s)
✔ [4667/4671] Built DifferentialGeometry.Topology.Diffeomorph.Fiberwise (2.5s)
✔ [4669/4671] Built DifferentialGeometry.Topology.Diffeomorph.LocalizedGraph (2.6s)
✔ [4670/4672] Built DifferentialGeometry.Topology.Planar.CornerRounding (3.6s)
✔ [4671/4675] Built DifferentialGeometry.Analysis.Calculus.SmoothCorner (1.8s)
✔ [4672/4679] Built DifferentialGeometry.Topology.FiniteSubdivision (1.1s)
✔ [4673/4680] Built DifferentialGeometry.Analysis.Calculus.CurveSubdivision (1.9s)
✔ [4674/4680] Built DifferentialGeometry.External.ClassificationOfSurfaces.TriangleMeshCrosscut (1.7s)
✔ [4675/4682] Built DifferentialGeometry.Analysis.Calculus.PolygonalRounding (2.9s)
✔ [4676/4682] Built DifferentialGeometry.Analysis.Convex.SegmentGerm (1.5s)
✔ [4677/4684] Built DifferentialGeometry.Topology.Planar.PolygonVertexCharts (2.2s)
✔ [4678/4685] Built DifferentialGeometry.Topology.Planar.PolygonCorners (2.3s)
✔ [4679/4685] Built DifferentialGeometry.Topology.Planar.VertexRoundingProfile (2.1s)
✔ [4680/4685] Built DifferentialGeometry.Topology.Compactness.FiniteReplacement (1.1s)
✔ [4681/4685] Built DifferentialGeometry.Analysis.Calculus.RegularRegion (1.4s)
✔ [4682/4685] Built DifferentialGeometry.Topology.Planar.CornerNormalization (2.5s)
✔ [4683/4685] Built DifferentialGeometry.Topology.Planar.CornerReanchoring (2.5s)
✔ [4684/4688] Built DifferentialGeometry.Topology.Planar.VertexReplacement (2.1s)
✔ [4685/4689] Built DifferentialGeometry.Analysis.Convex.AffineBasis (1.2s)
✔ [4686/4689] Built DifferentialGeometry.Analysis.Convex.SegmentSigns (1.1s)
✔ [4687/4693] Built DifferentialGeometry.Analysis.Convex.TriangleComplement (2.0s)
✔ [4688/4693] Built DifferentialGeometry.Topology.Diffeomorph.Graph (1.7s)
✔ [4689/4693] Built DifferentialGeometry.External.ClassificationOfSurfaces.PrePolygonDeletion (1.8s)
✔ [4690/4693] Built DifferentialGeometry.Topology.Planar.PolygonGraphCharts (8.1s)
✔ [4691/4698] Built DifferentialGeometry.Topology.Planar.PolygonIsotopy (4.8s)
✔ [4692/4698] Built DifferentialGeometry.Topology.Diffeomorph.Restriction (1.6s)
✔ [4693/4700] Built DifferentialGeometry.Topology.Planar.PolygonRounding (66s)
✔ [4694/4700] Built DifferentialGeometry.Topology.Diffeomorph.Extension (2.5s)
✔ [4695/4702] Built DifferentialGeometry.Topology.Manifold.AddCircle.Circle (1.8s)
✔ [4696/4702] Built DifferentialGeometry.Topology.Embedding.LinearEquiv (1.8s)
✔ [4697/4702] Built DifferentialGeometry.Topology.Diffeomorph.Radial (3.6s)
✔ [4699/4706] Built DifferentialGeometry.Topology.Diffeomorph.Convex (2.3s)
✔ [4700/4706] Built DifferentialGeometry.Topology.Embedding.Sphere (2.4s)
✔ [4701/4706] Built DifferentialGeometry.Topology.Planar.TriangleRounding (4.6s)
✔ [4702/4706] Built DifferentialGeometry.Topology.Connected.Loop (1.2s)
✔ [4703/4706] Built DifferentialGeometry.Topology.PlanarJordan.Innermost (1.9s)
✔ [4704/4706] Built DifferentialGeometry.Topology.PlanarJordan.InnermostDisk (1.9s)
✔ [4705/4707] Built DifferentialGeometry.Topology.Planar.TriangleSmoothCore (2.4s)
✔ [4706/4708] Built DifferentialGeometry.Topology.Manifold.AddCircle.DiffeomorphLift (3.4s)
✔ [4707/4710] Built DifferentialGeometry.Topology.Manifold.AddCircle.SmoothEmbedding (2.1s)
✔ [4708/4710] Built DifferentialGeometry.Topology.Embedding.FiniteDimension (1.8s)
✔ [4709/4713] Built DifferentialGeometry.Topology.Embedding.ParametricGraph (1.1s)
✔ [4710/4714] Built DifferentialGeometry.Analysis.Calculus.SmoothExtension.HalfSpace (2.1s)
✔ [4711/4714] Built DifferentialGeometry.Analysis.Calculus.SmoothExtension.Closed (2.0s)
✔ [4712/4714] Built DifferentialGeometry.Topology.Embedding.LocalDiffeomorph (2.1s)
✔ [4713/4716] Built DifferentialGeometry.Topology.Embedding.Extension (2.7s)
✔ [4714/4717] Built DifferentialGeometry.Analysis.Calculus.MapConvergence.Basic (1.7s)
✔ [4715/4722] Built DifferentialGeometry.Analysis.Calculus.MapConvergence.Derivative (2.8s)
✔ [4716/4722] Built DifferentialGeometry.Analysis.Calculus.IteratedDerivative.Pi (1.6s)
✔ [4717/4723] Built DifferentialGeometry.Analysis.Calculus.Inverse.RingBounds (2.3s)
✔ [4718/4723] Built DifferentialGeometry.Analysis.Calculus.MapConvergence.Composition (3.0s)
✔ [4719/4723] Built DifferentialGeometry.Analysis.Calculus.SmoothExtension.ConvexOpen (2.9s)
✔ [4720/4724] Built DifferentialGeometry.Analysis.Calculus.Inverse.MovingImplicit (5.2s)
✔ [4721/4724] Built DifferentialGeometry.Topology.Embedding.SmoothParametricGraph (2.4s)
✔ [4722/4724] Built DifferentialGeometry.Analysis.Calculus.Cutoff.Clamp.Smooth (2.7s)
✔ [4723/4727] Built DifferentialGeometry.Topology.Embedding.ParametricVelocity (2.2s)
✔ [4724/4732] Built DifferentialGeometry.Analysis.Calculus.SmoothExtension.JetGluing.Parametric (3.2s)
✔ [4725/4733] Built DifferentialGeometry.Analysis.Calculus.SmoothExtension.Quadrant (2.3s)
✔ [4726/4733] Built DifferentialGeometry.Analysis.Calculus.LipschitzFamily (1.7s)
✔ [4727/4735] Built DifferentialGeometry.Topology.Manifold.IntervalExtension (2.5s)
✔ [4728/4735] Built DifferentialGeometry.Topology.Manifold.SmoothEmbeddingCompositionInterior (5.5s)
✔ [4729/4735] Built DifferentialGeometry.Topology.Embedding.Stability (2.1s)
✔ [4730/4735] Built DifferentialGeometry.Topology.Homeomorph.Ball (1.3s)
✔ [4731/4736] Built DifferentialGeometry.Topology.Embedding.IntervalExtension (1.9s)
✔ [4732/4737] Built DifferentialGeometry.Topology.Embedding.AmbientIsotopy (2.4s)
✔ [4733/4737] Built DifferentialGeometry.Analysis.InnerProductSpace.SphereDerivative (1.9s)
✔ [4734/4738] Built DifferentialGeometry.Topology.Embedding.PeriodicCurveIsotopy (2.1s)
✔ [4735/4738] Built DifferentialGeometry.Analysis.Calculus.BallBoundary (2.0s)
✔ [4736/4738] Built DifferentialGeometry.Topology.Circle.Extension (2.6s)
✔ [4737/4740] Built DifferentialGeometry.Analysis.Calculus.Inverse.CoordinateDerivativeEquiv (1.7s)
✔ [4738/4740] Built DifferentialGeometry.Analysis.Calculus.Derivative.Coordinates.JacobianSign (1.7s)
✔ [4739/4742] Built DifferentialGeometry.Topology.Manifold.LocalDiffeomorph.Fiberwise (2.0s)
✔ [4740/4742] Built DifferentialGeometry.Topology.Diffeomorph.LocalFlowExtension (2.2s)
✔ [4741/4746] Built DifferentialGeometry.Topology.Diffeomorph.CompactLocalIsotopy (3.0s)
✔ [4742/4747] Built DifferentialGeometry.Topology.Manifold.ChartSupportedExtension (1.9s)
✔ [4743/4749] Built DifferentialGeometry.Topology.Manifold.PartialDiffeomorphTrans (1.7s)
✔ [4744/4749] Built DifferentialGeometry.Topology.Manifold.PartialDiffeomorph.SupportedExtension (1.9s)
✔ [4745/4751] Built DifferentialGeometry.Tensor.LinearAlgebra.HyperplaneInterpolation (1.6s)
✔ [4746/4751] Built DifferentialGeometry.Tensor.LinearAlgebra.BoundaryBlockDeterminant (1.6s)
✔ [4747/4751] Built DifferentialGeometry.Topology.Manifold.PartialChartSupportedExtension (1.9s)
✔ [4748/4751] Built DifferentialGeometry.Topology.Homeomorph.LevelIsotopy (1.4s)
✔ [4749/4752] Built DifferentialGeometry.Topology.Manifold.RelativeCollarIsotopy (2.8s)
✔ [4750/4752] Built DifferentialGeometry.Topology.Diffeomorph.SphereGerm (2.3s)
✔ [4751/4756] Built DifferentialGeometry.Topology.Manifold.ImmersionRange (1.9s)
✔ [4752/4756] Built DifferentialGeometry.Topology.Manifold.SmoothEmbeddingCompositionBoundary (5.2s)
✔ [4753/4759] Built DifferentialGeometry.Topology.Manifold.Interval.Immersion (2.1s)
✔ [4754/4759] Built DifferentialGeometry.Topology.Embedding.Factor (1.9s)
✔ [4755/4759] Built DifferentialGeometry.External.ClassificationOfSurfaces.PrePolygonTriangulation (2.4s)
✔ [4756/4759] Built DifferentialGeometry.Topology.Circle.GermExtension (2.2s)
✔ [4757/4759] Built DifferentialGeometry.External.ClassificationOfSurfaces.TriangleMeshGeometricFree (2.6s)
✔ [4758/4763] Built DifferentialGeometry.Topology.Planar.PolygonDisk (3.7s)
✔ [4759/4768] Built DifferentialGeometry.Topology.Embedding.PeriodicCurve (2.1s)
✔ [4760/4770] Built DifferentialGeometry.Topology.Planar.InscribedPolygon (2.5s)
✔ [4761/4770] Built DifferentialGeometry.Topology.Planar.PolygonVertexArcs (1.0s)
✔ [4762/4775] Built DifferentialGeometry.Topology.Planar.CurveRounding (2.6s)
✔ [4763/4775] Built DifferentialGeometry.Topology.Manifold.InjectiveLocalDiffeomorph (1.7s)
✔ [4764/4775] Built DifferentialGeometry.Topology.Planar.VertexRoundingFrontier (2.4s)
✔ [4765/4775] Built DifferentialGeometry.Topology.Planar.RoundingIsotopy (2.2s)
✔ [4766/4775] Built DifferentialGeometry.Topology.Manifold.RelativeDiffeomorphPasting (1.7s)
✔ [4767/4777] Built DifferentialGeometry.Topology.Planar.CanonicalRounding (2.2s)
✔ [4768/4778] Built DifferentialGeometry.Topology.PlanarJordan.SmoothSchoenflies (2.1s)
✔ [4769/4782] Built DifferentialGeometry.Topology.Manifold.PuncturedSphereChart (1.9s)
✔ [4770/4782] Built DifferentialGeometry.Topology.PlanarJordan.BoundaryGermExtension (2.3s)
✔ [4771/4782] Built DifferentialGeometry.Topology.PiecewiseLinear.PartialChartSubdivision (1.8s)
✔ [4772/4782] Built DifferentialGeometry.Topology.Manifold.SphereCompactReduction (3.7s)
✔ [4773/4782] Built DifferentialGeometry.Topology.PiecewiseLinear.PlanarRectTriangulation (1.9s)
✔ [4774/4782] Built DifferentialGeometry.Topology.PlanarJordan.PartialBoundaryGermExtension (2.1s)
✔ [4775/4783] Built DifferentialGeometry.Topology.PiecewiseLinear.SphereChartTriangulation (2.3s)
✔ [4776/4786] Built DifferentialGeometry.Topology.PlanarJordan.SurfaceDiskReplacement (2.3s)
✔ [4777/4786] Built DifferentialGeometry.Topology.PiecewiseLinear.LocallyFinitePLPastingManifold (2.3s)
✔ [4778/4786] Built DifferentialGeometry.Topology.PlanarJordan.FiniteDiskReplacement (2.1s)
✔ [4779/4787] Built DifferentialGeometry.Topology.PiecewiseLinear.BallReplacement (1.9s)
✔ [4780/4787] Built DifferentialGeometry.Topology.Manifold.SurfaceTriangleReplacement (2.3s)
✔ [4781/4787] Built DifferentialGeometry.Topology.PiecewiseLinear.LabelledCellAssembly (2.9s)
✔ [4782/4787] Built DifferentialGeometry.Topology.PiecewiseLinear.ChartLocalApproximation (2.3s)
✔ [4783/4787] Built DifferentialGeometry.Topology.Manifold.SurfaceTriangulationSmoothing (2.8s)
✔ [4784/4789] Built DifferentialGeometry.Topology.PiecewiseLinear.Section34Endpoint (2.5s)
✔ [4785/4790] Built DifferentialGeometry.Topology.Manifold.SphereDiffeomorph (2.3s)
✔ [4786/4790] Built DifferentialGeometry.Topology.Homotopy.ConvexProduct (1.4s)
✔ [4787/4790] Built DifferentialGeometry.Topology.PiecewiseLinear.PLSmoothingCompact (3.4s)
✔ [4788/4793] Built DifferentialGeometry.Topology.FundamentalGroup.Retraction (1.3s)
✔ [4789/4794] Built DifferentialGeometry.Topology.PiecewiseLinear.Moise308NestedShell (3.0s)
✔ [4790/4794] Built DifferentialGeometry.Topology.FundamentalGroup.Product (1.4s)
✔ [4791/4794] Built DifferentialGeometry.Topology.PiecewiseLinear.PLCellOn (1.0s)
✔ [4792/4795] Built DifferentialGeometry.Topology.FundamentalGroup.Circle (1.6s)
✔ [4793/4795] Built DifferentialGeometry.Topology.PiecewiseLinear.BallMarkedExtension (2.2s)
✔ [4794/4799] Built DifferentialGeometry.Topology.PiecewiseLinear.Moise308Nested (2.5s)
✔ [4795/4801] Built DifferentialGeometry.Topology.PiecewiseLinear.LabelledCellAssemblyWitness (2.1s)
✔ [4796/4801] Built DifferentialGeometry.Topology.PiecewiseLinear.LabelledCellAssemblyFixture (2.0s)
✔ [4797/4802] Built DifferentialGeometry.Topology.PiecewiseLinear.CoveringLift (2.0s)
✔ [4798/4802] Built DifferentialGeometry.Topology.PiecewiseLinear.PLCellOnBoundary (2.3s)
✔ [4799/4802] Built DifferentialGeometry.Topology.PiecewiseLinear.BallWindingObstruction (2.1s)
✔ [4800/4802] Built DifferentialGeometry.Topology.PiecewiseLinear.CircleClosedCover (2.4s)
✔ [4801/4804] Built DifferentialGeometry.Topology.PiecewiseLinear.Section34Frame (4.7s)
✔ [4802/4804] Built DifferentialGeometry.Topology.PiecewiseLinear.RadialIndependence (2.0s)
✔ [4803/4805] Built DifferentialGeometry.Topology.PiecewiseLinear.ConeSlab (2.3s)
✔ [4804/4809] Built DifferentialGeometry.Topology.Connected.BallComplement (1.6s)
✔ [4805/4810] Built DifferentialGeometry.Topology.PiecewiseLinear.OneManifoldBoundary (1.9s)
✔ [4806/4812] Built DifferentialGeometry.Topology.PiecewiseLinear.PreimageBoundary (2.1s)
✔ [4807/4812] Built DifferentialGeometry.Topology.PiecewiseLinear.CircleMap (2.1s)
✔ [4808/4814] Built DifferentialGeometry.Topology.PiecewiseLinear.PreimageBoundaryRelative (2.2s)
✔ [4809/4814] Built DifferentialGeometry.Topology.PiecewiseLinear.OpenPLPath (1.8s)
✔ [4810/4814] Built DifferentialGeometry.Topology.PiecewiseLinear.TransverseSegment (2.2s)
✔ [4811/4814] Built DifferentialGeometry.Topology.PiecewiseLinear.BoundaryCrossingObstruction (2.1s)
✔ [4812/4814] Built DifferentialGeometry.Topology.PiecewiseLinear.SingleIntersectionCircle (2.7s)
✔ [4813/4817] Built DifferentialGeometry.Topology.PiecewiseLinear.SurfaceSeparation (2.7s)
✔ [4814/4821] Built DifferentialGeometry.Topology.ConvexFrontier (1.6s)
✔ [4815/4821] Built DifferentialGeometry.Topology.Connected.ClosedCover (1.1s)
✔ [4816/4825] Built DifferentialGeometry.Topology.PiecewiseLinear.SphereDisk (2.8s)
✔ [4817/4826] Built DifferentialGeometry.Topology.PiecewiseLinear.ConeComplement (1.8s)
✔ [4818/4826] Built DifferentialGeometry.Topology.Connected.LocalSeparation (1.2s)
✔ [4819/4828] Built DifferentialGeometry.Topology.PiecewiseLinear.ConeComponents (2.6s)
✔ [4820/4828] Built DifferentialGeometry.Topology.PiecewiseLinear.ManifoldNeighborhood (2.1s)
✔ [4821/4828] Built DifferentialGeometry.Topology.PiecewiseLinear.StarComponents (2.2s)
✔ [4822/4832] Built DifferentialGeometry.Topology.Connected.ComponentNeighborhood (1.1s)
✔ [4823/4832] Built DifferentialGeometry.Topology.PiecewiseLinear.SurfaceNeighborhood (2.1s)
✔ [4824/4832] Built DifferentialGeometry.Topology.Connected.FrontierCover (1.0s)
✔ [4825/4833] Built DifferentialGeometry.Topology.PiecewiseLinear.SurfaceComponents (2.1s)
✔ [4826/4833] Built DifferentialGeometry.Topology.Connected.CompactRegion (1.2s)
✔ [4827/4833] Built DifferentialGeometry.Topology.PiecewiseLinear.SurfaceComplement (2.3s)
✔ [4828/4834] Built DifferentialGeometry.Topology.PiecewiseLinear.ConeFiber (1.9s)
✔ [4829/4834] Built DifferentialGeometry.Topology.PiecewiseLinear.BoundedSurfaceComponent (2.3s)
✔ [4830/4836] Built DifferentialGeometry.Topology.PiecewiseLinear.HeightSubdivision (2.3s)
✔ [4831/4836] Built DifferentialGeometry.Topology.PiecewiseLinear.SurfaceFilling (2.4s)
✔ [4832/4836] Built DifferentialGeometry.Topology.PiecewiseLinear.HeightFiber (2.1s)
✔ [4833/4836] Built DifferentialGeometry.Topology.PiecewiseLinear.SurfaceRegion (2.1s)
✔ [4834/4838] Built DifferentialGeometry.Topology.PiecewiseLinear.LinkHeightSubdivision (2.2s)
✔ [4835/4838] Built DifferentialGeometry.Topology.PiecewiseLinear.ConeManifold (2.2s)
✔ [4836/4839] Built DifferentialGeometry.Topology.PiecewiseLinear.CircleIntersection (2.3s)
✔ [4837/4839] Built DifferentialGeometry.Topology.PiecewiseLinear.HeightChange (1.0s)
✔ [4838/4841] Built DifferentialGeometry.Topology.PiecewiseLinear.CircleHeightSection (2.1s)
✔ [4839/4844] Built DifferentialGeometry.Topology.PiecewiseLinear.LinkSubspace (2.3s)
✔ [4840/4846] Built DifferentialGeometry.Topology.PiecewiseLinear.CrossingNeighborhood (2.0s)
✔ [4841/4847] Built DifferentialGeometry.Topology.PiecewiseLinear.CrosscutExtension (2.1s)
✔ [4842/4850] Built DifferentialGeometry.Topology.PiecewiseLinear.LinkSection (2.2s)
✔ [4843/4850] Built DifferentialGeometry.Topology.PiecewiseLinear.DiskCrosscutExtension (2.2s)
✔ [4844/4855] Built DifferentialGeometry.Topology.PiecewiseLinear.StarPair (1.8s)
✔ [4845/4855] Built DifferentialGeometry.Topology.PiecewiseLinear.TransverseHeight (1.9s)
✔ [4846/4855] Built DifferentialGeometry.Topology.PiecewiseLinear.CirclePair (2.1s)
✔ [4847/4855] Built DifferentialGeometry.Topology.PiecewiseLinear.VertexIsolation (1.9s)
✔ [4848/4855] Built DifferentialGeometry.Topology.PiecewiseLinear.LinkPair (2.2s)
✔ [4849/4855] Built DifferentialGeometry.Topology.PiecewiseLinear.VertexCrossing (2.5s)
✔ [4850/4856] Built DifferentialGeometry.Topology.PiecewiseLinear.VertexCrossingLevel (2.6s)
✔ [4851/4856] Built DifferentialGeometry.Topology.ConvexLevelSet (1.5s)
✔ [4852/4862] Built DifferentialGeometry.Topology.PiecewiseLinear.VertexSectionRegularity (2.1s)
✔ [4853/4864] Built DifferentialGeometry.Topology.PiecewiseLinear.VertexSectionSubdivision (2.5s)
✔ [4854/4864] Built DifferentialGeometry.Topology.PiecewiseLinear.PolytopeBoundary (1.9s)
✔ [4855/4864] Built DifferentialGeometry.Topology.PiecewiseLinear.HeightLevelLink (2.2s)
✔ [4856/4864] Built DifferentialGeometry.Topology.SlabBoundary (2.0s)
✔ [4857/4864] Built DifferentialGeometry.Topology.PiecewiseLinear.ConvexPolytope (1.6s)
✔ [4858/4864] Built DifferentialGeometry.Topology.PiecewiseLinear.ClosedStarFiber (2.1s)
✔ [4859/4864] Built DifferentialGeometry.Topology.PiecewiseLinear.PolytopeSection (1.9s)
✔ [4860/4864] Built DifferentialGeometry.Topology.PiecewiseLinear.SimplexSection (2.2s)
✔ [4861/4865] Built DifferentialGeometry.Topology.PiecewiseLinear.SimplexSlabInterior (1.9s)
✔ [4862/4867] Built DifferentialGeometry.Topology.PiecewiseLinear.SlabFiberInterior (2.1s)
✔ [4863/4867] Built DifferentialGeometry.Topology.PiecewiseLinear.CellEquivalence (1.7s)
✔ [4864/4870] Built DifferentialGeometry.Topology.PiecewiseLinear.ClosedStarCone (2.2s)
✔ [4865/4871] Built DifferentialGeometry.Topology.PiecewiseLinear.SimplexHeightInterpolation (1.6s)
✔ [4866/4871] Built DifferentialGeometry.Topology.PiecewiseLinear.SimplexCoordinates (1.7s)
✔ [4867/4871] Built DifferentialGeometry.Topology.PiecewiseLinear.SimplexSlabPrism (2.1s)
✔ [4868/4874] Built DifferentialGeometry.Topology.PiecewiseLinear.PrismArcPatch (2.6s)
✔ [4869/4874] Built DifferentialGeometry.Topology.PiecewiseLinear.SimplexSlab (1.0s)
✔ [4870/4874] Built DifferentialGeometry.Topology.PiecewiseLinear.SimplyEmbedded (1.9s)
✔ [4871/4875] Built DifferentialGeometry.Topology.PiecewiseLinear.SlabFaceTransport (1.7s)
✔ [4872/4877] Built DifferentialGeometry.Topology.PiecewiseLinear.SchoenfliesInput (2.0s)
✔ [4873/4877] Built DifferentialGeometry.Topology.PiecewiseLinear.FaceProjection (1.9s)
✔ [4874/4879] Built DifferentialGeometry.Topology.PiecewiseLinear.FreeCellSlab (2.1s)
✔ [4875/4879] Built DifferentialGeometry.Topology.PiecewiseLinear.FiberInterior (2.1s)
✔ [4876/4879] Built DifferentialGeometry.Topology.PiecewiseLinear.FaceInterior (1.0s)
✔ [4877/4881] Built DifferentialGeometry.Topology.PiecewiseLinear.FiberBoundary (2.1s)
✔ [4878/4881] Built DifferentialGeometry.Topology.RegularClosed (994ms)
✔ [4879/4882] Built DifferentialGeometry.Topology.PiecewiseLinear.SubcomplexSlab (2.1s)
✔ [4880/4882] Built DifferentialGeometry.Topology.PiecewiseLinear.SimplexSlabDeletion (2.0s)
✔ [4881/4883] Built DifferentialGeometry.Topology.PiecewiseLinear.DiskCover (2.1s)
✔ [4882/4884] Built DifferentialGeometry.Topology.PiecewiseLinear.PlanarSpanningDisk (2.0s)
✔ [4883/4886] Built DifferentialGeometry.Topology.Connected.CompactIntersection (1.3s)
✔ [4884/4886] Built DifferentialGeometry.Topology.Combinatorics.HeightConnectivity (1.0s)
✔ [4885/4888] Built DifferentialGeometry.Topology.PiecewiseLinear.HeightSubcomplex (1.8s)
✔ [4886/4888] Built DifferentialGeometry.Topology.PiecewiseLinear.RadialEmbedding (1.8s)
✔ [4887/4893] Built DifferentialGeometry.Topology.PiecewiseLinear.CrossingFiber (2.1s)
✔ [4888/4893] Built DifferentialGeometry.Topology.Combinatorics.EvenDegree (1.2s)
✔ [4889/4893] Built DifferentialGeometry.Topology.PiecewiseLinear.PlanarCycleRealization (2.2s)
✔ [4890/4893] Built DifferentialGeometry.Topology.PiecewiseLinear.SingularLevelPolygons (2.1s)
✔ [4891/4894] Built DifferentialGeometry.Topology.PiecewiseLinear.HeightRegularity (1.0s)
✔ [4892/4894] Built DifferentialGeometry.Topology.PiecewiseLinear.OneComplex (1.8s)
✔ [4893/4903] Built DifferentialGeometry.Topology.PiecewiseLinear.LinkHeightConnected (2.3s)
✔ [4897/4903] Built DifferentialGeometry.Topology.PiecewiseLinear.SphericalComponents (2.4s)
✔ [4898/4910] Built DifferentialGeometry.Topology.PiecewiseLinear.OneManifoldClassification (2.8s)
✔ [4899/4910] Built DifferentialGeometry.Topology.PiecewiseLinear.OneManifoldComponents (2.3s)
✔ [4900/4910] Built DifferentialGeometry.Topology.PuncturedConnected (2.1s)
✔ [4901/4910] Built DifferentialGeometry.Topology.SimplicialComplex.EdgeConnectivity (2.1s)
✔ [4902/4910] Built DifferentialGeometry.Topology.Manifold.PuncturedConnected (1.6s)
✔ [4903/4910] Built DifferentialGeometry.Topology.PiecewiseLinear.HeightSublevelConnected (2.3s)
✔ [4904/4916] Built DifferentialGeometry.Topology.SimplicialComplex.PuncturedConnected (1.8s)
✔ [4905/4916] Built DifferentialGeometry.Topology.PiecewiseLinear.HeightFiberClosure (2.3s)
✔ [4906/4916] Built DifferentialGeometry.Topology.PiecewiseLinear.DiskDecomposition (2.4s)
✔ [4907/4916] Built DifferentialGeometry.Topology.PiecewiseLinear.PlanarDiskSplit (2.2s)
✔ [4908/4916] Built DifferentialGeometry.Topology.PiecewiseLinear.HeightFiberCircle (2.4s)
✔ [4909/4920] Built DifferentialGeometry.Topology.PiecewiseLinear.PlanarDiskDecomposition (2.3s)
✔ [4910/4921] Built DifferentialGeometry.Topology.PiecewiseLinear.FiberFilling (2.3s)
✔ [4911/4921] Built DifferentialGeometry.Topology.PiecewiseLinear.RelativePush (1.8s)
✔ [4912/4921] Built DifferentialGeometry.Topology.PiecewiseLinear.FreeDiskCell (2.3s)
✔ [4913/4921] Built DifferentialGeometry.Topology.PiecewiseLinear.HeightSectionDecomposition (2.1s)
✔ [4914/4923] Built DifferentialGeometry.Topology.PiecewiseLinear.ClosedStarSlab (1.7s)
✔ [4915/4923] Built DifferentialGeometry.Topology.PiecewiseLinear.SphereCellPush (2.3s)
✔ [4916/4923] Built DifferentialGeometry.Topology.PiecewiseLinear.RelativeFreeDiskCell (2.4s)
✔ [4917/4924] Built DifferentialGeometry.Topology.PiecewiseLinear.HeightCellDeletion (2.3s)
✔ [4918/4924] Built DifferentialGeometry.Topology.PiecewiseLinear.RegionCellPush (2.2s)
✔ [4919/4924] Built DifferentialGeometry.Topology.PiecewiseLinear.HeightStarDecomposition (2.3s)
✔ [4920/4930] Built DifferentialGeometry.Topology.PiecewiseLinear.DiskCellDeletion (2.2s)
✔ [4921/4930] Built DifferentialGeometry.Topology.PiecewiseLinear.HeightFreeSlab (2.6s)
✔ [4922/4930] Built DifferentialGeometry.Topology.PiecewiseLinear.SlabCellDeletion (2.6s)
✔ [4923/4931] Built DifferentialGeometry.Topology.PiecewiseLinear.HeightStarDeletion (2.3s)
✔ [4924/4932] Built DifferentialGeometry.Topology.Connected.LevelSet (1.2s)
✔ [4925/4933] Built DifferentialGeometry.Topology.PiecewiseLinear.SublevelGluing (2.3s)
✔ [4926/4933] Built DifferentialGeometry.Topology.PiecewiseLinear.HeightHalfDisk (2.3s)
✔ [4927/4935] Built DifferentialGeometry.Topology.PiecewiseLinear.HeightCone (1.0s)
✔ [4928/4935] Built DifferentialGeometry.Topology.PiecewiseLinear.ConeNeighborhood (1.9s)
✔ [4929/4935] Built DifferentialGeometry.Topology.PiecewiseLinear.HeightSlab (2.5s)
✔ [4930/4935] Built DifferentialGeometry.Topology.HeightRange (1.7s)
✔ [4931/4935] Built DifferentialGeometry.Topology.PiecewiseLinear.HeightSlabSurgery (2.0s)
✔ [4932/4937] Built DifferentialGeometry.Topology.PiecewiseLinear.SlabDeletionSequence (2.6s)
✔ [4933/4937] Built DifferentialGeometry.Topology.PiecewiseLinear.CarrierInvariance (2.1s)
✔ [4934/4941] Built DifferentialGeometry.Topology.PiecewiseLinear.SlabEmbedding (2.4s)
✔ [4935/4941] Built DifferentialGeometry.Topology.PiecewiseLinear.HeightProjection (2.3s)
✔ [4936/4941] Built DifferentialGeometry.Topology.PiecewiseLinear.SublevelEmbedding (2.5s)
✔ [4937/4941] Built DifferentialGeometry.Topology.PiecewiseLinear.HeightPerturbation (2.2s)
✔ [4938/4942] Built DifferentialGeometry.Topology.PiecewiseLinear.HeightStability (2.2s)
✔ [4939/4942] Built DifferentialGeometry.Topology.PiecewiseLinear.HeightRotation (2.1s)
✔ [4940/4943] Built DifferentialGeometry.Topology.PiecewiseLinear.HeightIndexComparison (1.0s)
✔ [4941/4943] Built DifferentialGeometry.Topology.PiecewiseLinear.HeightFilling (2.0s)
✔ [4942/4949] Built DifferentialGeometry.Topology.PiecewiseLinear.HeightPerturbationSymmetry (1.9s)
✔ [4943/4949] Built DifferentialGeometry.Topology.PiecewiseLinear.TriangleFiber (2.2s)
✔ [4944/4949] Built DifferentialGeometry.Topology.PiecewiseLinear.TriangleCoordinates (1.8s)
✔ [4945/4950] Built DifferentialGeometry.Topology.PiecewiseLinear.TriangleFiberBoundary (2.2s)
✔ [4946/4950] Built DifferentialGeometry.Topology.PiecewiseLinear.TriangleFiberEquivalence (2.0s)
✔ [4947/4950] Built DifferentialGeometry.Topology.PiecewiseLinear.FiniteGluing (1.6s)
✔ [4948/4950] Built DifferentialGeometry.Topology.PiecewiseLinear.HeightTriangleStability (2.4s)
✔ [4949/4957] Built DifferentialGeometry.Topology.PiecewiseLinear.HeightFaceStability (2.4s)
✔ [4950/4957] Built DifferentialGeometry.Topology.PiecewiseLinear.Homogeneity (2.1s)
✔ [4951/4962] Built DifferentialGeometry.Topology.PiecewiseLinear.PointedConvexification (2.3s)
✔ [4952/4962] Built DifferentialGeometry.Topology.PiecewiseLinear.CrossingStability (2.0s)
✔ [4953/4962] Built DifferentialGeometry.Topology.PiecewiseLinear.ConvexCapLink (2.2s)
✔ [4954/4962] Built DifferentialGeometry.Topology.PiecewiseLinear.HeightFiberWitness (2.4s)
✔ [4955/4965] Built DifferentialGeometry.Topology.PiecewiseLinear.HeightChart (2.5s)
✔ [4956/4965] Built DifferentialGeometry.Topology.PiecewiseLinear.ConvexBoundaryLink (2.3s)
✔ [4957/4965] Built DifferentialGeometry.Topology.PiecewiseLinear.HeightSides (2.5s)
✔ [4958/4965] Built DifferentialGeometry.Topology.PiecewiseLinear.HeightCut (1.9s)
✔ [4959/4965] Built DifferentialGeometry.Topology.PiecewiseLinear.TriangleEdgeLink (2.2s)
✔ [4960/4965] Built DifferentialGeometry.Topology.PiecewiseLinear.FaceLevelPolygons (2.0s)
✔ [4961/4965] Built DifferentialGeometry.Topology.PiecewiseLinear.CapLevelPolygons (1.9s)
✔ [4962/4965] Built DifferentialGeometry.Topology.PiecewiseLinear.HeightFiberGluing (2.0s)
✔ [4963/4966] Built DifferentialGeometry.Topology.PiecewiseLinear.HeightComplexStability (2.2s)
✔ [4964/4969] Built DifferentialGeometry.Topology.PiecewiseLinear.RelativeHeightDeletion (2.3s)
✔ [4965/4969] Built DifferentialGeometry.Topology.PiecewiseLinear.InnermostLevel (2.2s)
✔ [4966/4969] Built DifferentialGeometry.Topology.PiecewiseLinear.SphereCut (2.0s)
✔ [4967/4972] Built DifferentialGeometry.Topology.PiecewiseLinear.SingularHeightCut (2.1s)
✔ [4968/4975] Built DifferentialGeometry.Topology.PiecewiseLinear.ParametricSingularHeightCut (2.1s)
✔ [4969/4975] Built DifferentialGeometry.Topology.PiecewiseLinear.HeightExtension (2.1s)
✔ [4970/4975] Built DifferentialGeometry.Topology.PiecewiseLinear.HeightLocalization (2.2s)
✔ [4971/4975] Built DifferentialGeometry.Topology.PiecewiseLinear.LevelConvexification (2.7s)
✔ [4972/4975] Built DifferentialGeometry.Topology.PiecewiseLinear.TriangleConvexification (2.8s)
✔ [4973/4976] Built DifferentialGeometry.Topology.PiecewiseLinear.ParametricTriangleHeightCut (2.3s)
✔ [4974/4976] Built DifferentialGeometry.Topology.PiecewiseLinear.ParametricTriangleHeightSides (2.3s)
✔ [4975/4985] Built DifferentialGeometry.Topology.PiecewiseLinear.HeightGermTransport (1.9s)
✔ [4976/4986] Built DifferentialGeometry.Topology.PiecewiseLinear.BoundaryArcSection (2.1s)
✔ [4977/4988] Built DifferentialGeometry.Topology.PiecewiseLinear.BoundaryArcStability (1.0s)
✔ [4978/4988] Built DifferentialGeometry.Topology.PiecewiseLinear.BoundaryArcCardinality (2.2s)
✔ [4979/4988] Built DifferentialGeometry.Topology.PiecewiseLinear.RetainedDiskLink (2.1s)
✔ [4980/4988] Built DifferentialGeometry.Topology.PiecewiseLinear.BoundaryLinkGerm (2.3s)
✔ [4981/4993] Built DifferentialGeometry.Topology.PiecewiseLinear.TriangleBoundaryVertices (2.2s)
✔ [4982/5000] Built DifferentialGeometry.Topology.PiecewiseLinear.BoundaryLinkDirections (12s)
✔ [4983/5000] Built DifferentialGeometry.Topology.PiecewiseLinear.BoundaryFacetDirections (2.2s)
✔ [4984/5000] Built DifferentialGeometry.Topology.PiecewiseLinear.BoundaryFacetLink (1.0s)
✔ [4985/5000] Built DifferentialGeometry.Topology.PiecewiseLinear.LinkUnionSection (2.7s)
✔ [4986/5000] Built DifferentialGeometry.Topology.PiecewiseLinear.TriangleSeamRegularity (3.2s)
✔ [4987/5000] Built DifferentialGeometry.Topology.PiecewiseLinear.TriangleCornerRegularity (2.0s)
✔ [4988/5001] Built DifferentialGeometry.Topology.PiecewiseLinear.CoveredHeightSubdivision (2.4s)
✔ [4989/5001] Built DifferentialGeometry.Topology.PiecewiseLinear.TriangleSeamNonsingular (2.3s)
✔ [4990/5001] Built DifferentialGeometry.Topology.PiecewiseLinear.ParameterizedDiskUnion (2.1s)
✔ [4991/5001] Built DifferentialGeometry.Topology.PiecewiseLinear.ConeFreeFace (2.2s)
✔ [4992/5005] Built DifferentialGeometry.Topology.PiecewiseLinear.TriangleBoundaryNonsingular (2.3s)
✔ [4993/5007] Built DifferentialGeometry.Topology.PiecewiseLinear.ParameterizedTriangleCap (2.6s)
✔ [4994/5007] Built DifferentialGeometry.Topology.PiecewiseLinear.BoundaryDeletion (2.6s)
✔ [4995/5007] Built DifferentialGeometry.Topology.PiecewiseLinear.SphericalTriangleDeletion (2.1s)
✔ [4996/5008] Built DifferentialGeometry.Topology.PiecewiseLinear.TriangleCapSideSymmetry (2.4s)
✔ [4997/5008] Built DifferentialGeometry.Topology.PiecewiseLinear.TetrahedronDeletion (2.2s)
✔ [4998/5013] Built DifferentialGeometry.Topology.PiecewiseLinear.DiskGluing (2.2s)
✔ [4999/5013] Built DifferentialGeometry.Topology.PiecewiseLinear.TriangleCapSingularComparison (2.3s)
✔ [5000/5014] Built DifferentialGeometry.Topology.PiecewiseLinear.ConeDeletion (2.0s)
✔ [5001/5014] Built DifferentialGeometry.Topology.PiecewiseLinear.AffineSubspaceTransport (1.7s)
✔ [5002/5014] Built DifferentialGeometry.Topology.PiecewiseLinear.TriangleCapSingularComparisonSymmetry (2.4s)
✔ [5003/5014] Built DifferentialGeometry.Topology.PiecewiseLinear.ConeStraightening (3.0s)
✔ [5004/5014] Built DifferentialGeometry.Topology.PiecewiseLinear.PrismFrontier (2.0s)
✔ [5005/5014] Built DifferentialGeometry.Topology.PiecewiseLinear.PlanarDiskContainment (2.1s)
✔ [5006/5014] Built DifferentialGeometry.Topology.PiecewiseLinear.OppositeTriangleCapPerturbation (5.7s)
✔ [5007/5014] Built DifferentialGeometry.Topology.PiecewiseLinear.ConvexStraightening (2.3s)
✔ [5008/5014] Built DifferentialGeometry.Topology.PiecewiseLinear.PlanarDiskGluing (2.0s)
✔ [5009/5014] Built DifferentialGeometry.Topology.PiecewiseLinear.HeightIndexReduction (3.3s)
✔ [5010/5016] Built DifferentialGeometry.Topology.PiecewiseLinear.SchoenfliesFoundations (2.1s)
✔ [5011/5016] Built DifferentialGeometry.Topology.PiecewiseLinear.SchoenfliesReduction (2.5s)
✔ [5012/5016] Built DifferentialGeometry.Topology.VanKampen.TwoSidedCollarRescale (1.6s)
✔ [5013/5016] Built DifferentialGeometry.Topology.PiecewiseLinear.Schoenflies (2.5s)
✔ [5014/5016] Built DifferentialGeometry.Topology.BicollarNeighborhood (1.6s)
✔ [5015/5017] Built DifferentialGeometry.Topology.PiecewiseLinear.PLSchoenflies (1.8s)
✔ [5016/5021] Built DifferentialGeometry.Topology.PiecewiseLinear.ConnectedNeighborhood (1.8s)
✔ [5017/5022] Built DifferentialGeometry.Topology.PiecewiseLinear.ComplementComponents (1.9s)
✔ [5018/5022] Built DifferentialGeometry.Topology.PiecewiseLinear.CollarRestriction (2.1s)
✔ [5019/5025] Built DifferentialGeometry.Topology.PiecewiseLinear.SurfaceComponentClosure (2.1s)
✔ [5020/5025] Built DifferentialGeometry.Topology.PiecewiseLinear.BicollarGluing (1.8s)
✔ [5021/5025] Built DifferentialGeometry.Topology.PiecewiseLinear.TwoSidedNeighborhood (2.0s)
✔ [5022/5029] Built DifferentialGeometry.Topology.PiecewiseLinear.DisjointGluing (1.6s)
✔ [5023/5029] Built DifferentialGeometry.Topology.PiecewiseLinear.Bicollar (2.1s)
✔ [5024/5029] Built DifferentialGeometry.Topology.PiecewiseLinear.EuclideanPolyhedralManifold (1.7s)
✔ [5025/5030] Built DifferentialGeometry.Topology.PiecewiseLinear.BicollarManifold (2.1s)
✔ [5026/5030] Built DifferentialGeometry.Topology.PiecewiseLinear.PolyhedralSurfaceComplement (1.0s)
✔ [5027/5030] Built DifferentialGeometry.Topology.PiecewiseLinear.ManifoldRelativeTopology (2.0s)
✔ [5028/5031] Built DifferentialGeometry.Topology.PiecewiseLinear.BicollarEmbedding (1.9s)
✔ [5029/5031] Built DifferentialGeometry.Topology.PiecewiseLinear.SurfaceSplitBallPair (2.0s)
✔ [5030/5036] Built DifferentialGeometry.Topology.PiecewiseLinear.DerivedNeighborhoodRestriction (1.7s)
✔ [5031/5038] Built DifferentialGeometry.Topology.PiecewiseLinear.SurfaceSplitDiskNeighborhood (2.2s)
✔ [5032/5038] Built DifferentialGeometry.Topology.PiecewiseLinear.SurfaceSplitCurveGluing (2.6s)
✔ [5033/5042] Built DifferentialGeometry.Topology.PiecewiseLinear.SurfaceSplitCompatibleSubdivision (2.4s)
✔ [5034/5042] Built DifferentialGeometry.Topology.PiecewiseLinear.SurfaceSplitCenteredPrism (3.0s)
✔ [5035/5042] Built DifferentialGeometry.Topology.PiecewiseLinear.SurfaceSplitEndpointDisk (3.2s)
✔ [5036/5042] Built DifferentialGeometry.Topology.PiecewiseLinear.SurfaceSplitAnnulus (2.3s)
✔ [5037/5043] Built DifferentialGeometry.Topology.PiecewiseLinear.SurfaceSplitBoundaryTrace (2.6s)
✔ [5038/5044] Built DifferentialGeometry.Topology.PiecewiseLinear.SurfaceSplitPrismChart (5.7s)
✔ [5039/5044] Built DifferentialGeometry.Topology.PiecewiseLinear.StableCrossingBlock (2.0s)
✔ [5040/5044] Built DifferentialGeometry.Topology.PiecewiseLinear.SurfaceSplitLocalTrace (3.7s)
✔ [5041/5044] Built DifferentialGeometry.Topology.PiecewiseLinear.DoublePointFibreAgreement (1.7s)
✔ [5042/5044] Built DifferentialGeometry.Topology.PiecewiseLinear.ExistsAnnularSplitBall (3.2s)
✔ [5043/5046] Built DifferentialGeometry.Topology.PiecewiseLinear.BallUnionMeetingDisk (2.1s)
✔ [5044/5048] Built DifferentialGeometry.Topology.PiecewiseLinear.SingularNormalForm (2.2s)
✔ [5045/5050] Built DifferentialGeometry.Topology.PiecewiseLinear.LoopTheorem.NormalCell (2.2s)
✔ [5046/5050] Built DifferentialGeometry.Topology.PiecewiseLinear.BallPair (1.6s)
✔ [5047/5050] Built DifferentialGeometry.Topology.PiecewiseLinear.BallPairModel (1.7s)
✔ [5048/5052] Built DifferentialGeometry.Topology.PiecewiseLinear.BallPairSimplex (1.8s)
✔ [5049/5052] Built DifferentialGeometry.Topology.PiecewiseLinear.BallPairArc (2.1s)
✔ [5050/5053] Built DifferentialGeometry.Topology.PiecewiseLinear.SimplicialPairImage (1.8s)
✔ [5051/5054] Built DifferentialGeometry.Topology.PiecewiseLinear.VertexChartTransport (2.0s)
✔ [5052/5054] Built DifferentialGeometry.Topology.Covering.EmbeddedProjection (1.1s)
✔ [5053/5058] Built DifferentialGeometry.Topology.PiecewiseLinear.LoopTheorem.BoundaryCrossing (2.5s)
✔ [5054/5058] Built DifferentialGeometry.Topology.PiecewiseLinear.LoopTheorem.DoubleCoverProjection (1.0s)
✔ [5055/5058] Built DifferentialGeometry.Topology.PiecewiseLinear.BoundaryLocalEmbedding (1.9s)
✔ [5056/5058] Built DifferentialGeometry.Topology.PiecewiseLinear.LoopTheorem.ProjectedBoundary (2.1s)
✔ [5057/5063] Built DifferentialGeometry.Topology.PiecewiseLinear.LoopTheorem.EmbeddedDisk (2.1s)
✔ [5058/5063] Built DifferentialGeometry.Topology.PiecewiseLinear.LoopTheorem.BoundaryPush (2.1s)
✔ [5059/5063] Built DifferentialGeometry.Topology.PiecewiseLinear.LoopTheorem.PolyhedralCell (1.9s)
✔ [5060/5067] Built DifferentialGeometry.Topology.PiecewiseLinear.LoopTheorem.DoubleBoundaryPush (2.2s)
✔ [5061/5067] Built DifferentialGeometry.Topology.PiecewiseLinear.TransversePlaneCoordinates (1.6s)
✔ [5062/5067] Built DifferentialGeometry.Topology.PiecewiseLinear.LoopTheorem.LemmaTwo (2.5s)
✔ [5063/5067] Built DifferentialGeometry.Topology.PiecewiseLinear.TransversePlaneNormalForm (1.9s)
✔ [5064/5067] Built DifferentialGeometry.Topology.PiecewiseLinear.LoopTheorem.EmbeddedDiskOfDoubleCell (2.7s)
✔ [5065/5067] Built DifferentialGeometry.Topology.PiecewiseLinear.BoundaryCrossingChart (2.2s)
✔ [5066/5070] Built DifferentialGeometry.Topology.PiecewiseLinear.LoopTheorem.InteriorTwoSided (2.5s)
✔ [5067/5070] Built DifferentialGeometry.Topology.SimplicialComplex.VertexFunction (1.8s)
✔ [5068/5070] Built DifferentialGeometry.Topology.SimplicialComplex.VertexStar (2.1s)
✔ [5069/5073] Built DifferentialGeometry.Topology.SimplicialComplex.VertexStarContractible (1.6s)
✔ [5070/5073] Built DifferentialGeometry.Topology.Homology.Algebra.FiniteTypeMap (1.5s)
✔ [5071/5081] Built DifferentialGeometry.Topology.Homology.Local.Neighborhood (1.8s)
✔ [5072/5081] Built DifferentialGeometry.Topology.Homology.SmallChains.FiniteType (1.8s)
✔ [5073/5081] Built DifferentialGeometry.Topology.Homology.Local.Chart (1.8s)
✔ [5074/5082] Built DifferentialGeometry.Topology.Homology.OpenCover (1.8s)
✔ [5075/5085] Built DifferentialGeometry.Topology.Homology.SphereEuler (3.7s)
✔ [5076/5085] Built DifferentialGeometry.Topology.SimplicialComplex.FaceBarycenter (1.9s)
✔ [5077/5090] Built DifferentialGeometry.Topology.Homology.Local.Euclidean (2.1s)
✔ [5078/5090] Built DifferentialGeometry.Topology.SimplicialComplex.FaceShell (1.4s)
✔ [5079/5090] Built DifferentialGeometry.Topology.Homology.Local.HalfSpace (2.2s)
✔ [5080/5091] Built DifferentialGeometry.Topology.SimplicialComplex.FaceShellEulerCharacteristic (1.5s)
✔ [5081/5091] Built DifferentialGeometry.Topology.SimplicialComplex.FaceStar (2.4s)
✔ [5082/5091] Built DifferentialGeometry.Topology.Homology.Local.Manifold (2.1s)
✔ [5083/5091] Built DifferentialGeometry.Topology.Covering.DoubleCoverComponents (1.3s)
✔ [5084/5092] Built DifferentialGeometry.Topology.SimplicialComplex.FaceStarContractible (2.2s)
✔ [5085/5103] Built DifferentialGeometry.Topology.SimplicialComplex.VertexLinkLocalEuler (3.3s)
✔ [5086/5103] Built DifferentialGeometry.Topology.SimplicialComplex.FaceLinkLocalEuler (2.3s)
✔ [5088/5103] Built DifferentialGeometry.Topology.SimplicialComplex.GeometricManifoldLinks (2.6s)
✔ [5090/5105] Built DifferentialGeometry.Topology.SimplicialComplex.GeometricManifoldFaceLinks (2.1s)
✔ [5092/5105] Built DifferentialGeometry.Topology.SimplicialComplex.GeometricBoundaryPair (2.2s)
✔ [5093/5108] Built DifferentialGeometry.Topology.PiecewiseLinear.CircleParametrization (4.5s)
✔ [5094/5108] Built DifferentialGeometry.Topology.Covering.TwoSheetComponents (1.2s)
✔ [5095/5108] Built DifferentialGeometry.Topology.PiecewiseLinear.LoopClassReparametrization (2.4s)
✔ [5096/5108] Built DifferentialGeometry.Topology.PiecewiseLinear.LoopTheorem.BranchCarrier (3.2s)
✔ [5097/5108] Built DifferentialGeometry.Topology.LoopSpace.CircleDegree (2.6s)
✔ [5098/5108] Built DifferentialGeometry.Topology.PiecewiseLinear.LoopTheorem.DoublePointCover (2.3s)
✔ [5099/5108] Built DifferentialGeometry.Topology.PiecewiseLinear.LoopTheorem.EmbeddedDiskBoundaryWord (2.6s)
✔ [5100/5108] Built DifferentialGeometry.Topology.PiecewiseLinear.LoopTheorem.ProjectedDoublePoints (2.3s)
✔ [5101/5108] Built DifferentialGeometry.Topology.PiecewiseLinear.LoopTheorem.ProjectedDoubleInvolution (2.2s)
✔ [5102/5108] Built DifferentialGeometry.Topology.PiecewiseLinear.LoopTheorem.SingularSetOfCrossing (2.2s)
✔ [5103/5109] Built DifferentialGeometry.Topology.PiecewiseLinear.LoopTheorem.SingularSetTriangulation (2.7s)
✔ [5104/5109] Built DifferentialGeometry.Topology.PiecewiseLinear.LoopTheorem.SingularSetChartGerm (2.7s)
✔ [5105/5109] Built DifferentialGeometry.Topology.Covering.PLBoundary (2.0s)
✔ [5106/5109] Built DifferentialGeometry.Topology.PiecewiseLinear.LoopTheorem.SingularSetLocalModel (3.1s)
✔ [5107/5109] Built DifferentialGeometry.Topology.PiecewiseLinear.LoopTheorem.SingularSetOfCell (2.5s)
✔ [5108/5113] Built DifferentialGeometry.Topology.PiecewiseLinear.LoopTheorem.GeneralPositionInDoubleAssembly (2.5s)
✔ [5109/5117] Built DifferentialGeometry.Topology.Covering.Separation (1.2s)
✔ [5110/5117] Built DifferentialGeometry.Topology.PiecewiseLinear.CoveringTriangulation (4.0s)
✔ [5111/5117] Built DifferentialGeometry.Topology.PiecewiseLinear.RelativeSimplexSubdivision (1.9s)
✔ [5112/5120] Built DifferentialGeometry.Topology.Covering.PLTriangulation (2.0s)
✔ [5113/5120] Built DifferentialGeometry.Topology.PiecewiseLinear.SimplexCollapse (3.0s)
✔ [5114/5120] Built DifferentialGeometry.Topology.Covering.PLMapLift (2.5s)
✔ [5115/5120] Built DifferentialGeometry.Topology.PiecewiseLinear.RelativeSimplexBoundary (2.0s)
✔ [5116/5122] Built DifferentialGeometry.Topology.PiecewiseLinear.SimplicialImageIn (1.9s)
✔ [5117/5122] Built DifferentialGeometry.Topology.PiecewiseLinear.RelativeSimplexBoundaryNeighborhood (2.3s)
✔ [5118/5125] Built DifferentialGeometry.Topology.Covering.PLBoundaryLift (2.5s)
✔ [5119/5125] Built DifferentialGeometry.Topology.Covering.SectionSplit (1.2s)
✔ [5120/5125] Built DifferentialGeometry.Topology.Covering.PLNeighborhoodLift (2.5s)
✔ [5121/5125] Built DifferentialGeometry.Topology.PiecewiseLinear.LoopTheorem.LiftedImage (2.6s)
✔ [5122/5127] Built DifferentialGeometry.Topology.Covering.TwoSheetSection (1.4s)
✔ [5123/5129] Built DifferentialGeometry.Topology.PiecewiseLinear.LoopTheorem.CoverComplexity (2.2s)
✔ [5124/5129] Built DifferentialGeometry.Topology.Covering.Section (1.4s)
✔ [5125/5129] Built DifferentialGeometry.Topology.PiecewiseLinear.LoopTheorem.CoverNormalSystem (2.7s)
✔ [5126/5129] Built DifferentialGeometry.Topology.FiberBundle.FiniteClosed (1.1s)
✔ [5127/5130] Built DifferentialGeometry.Topology.Covering.BoolCocycle (1.6s)
✔ [5128/5130] Built DifferentialGeometry.Topology.PiecewiseLinear.DoubleCoverComplex (2.0s)
✔ [5129/5133] Built DifferentialGeometry.Topology.PiecewiseLinear.BoundaryEuler (1.8s)
✔ [5130/5135] Built DifferentialGeometry.Topology.Homology.HomotopyEquivalence (2.4s)
✔ [5131/5135] Built DifferentialGeometry.Topology.SimplicialComplex.GeometricConnectivity (1.2s)
✔ [5132/5135] Built DifferentialGeometry.Topology.Homology.BettiNumber (1.4s)
✔ [5133/5135] Built DifferentialGeometry.Topology.SimplicialComplex.GeometricHomology (1.5s)
✔ [5134/5137] Built DifferentialGeometry.Topology.PiecewiseLinear.BettiPolyhedra (1.8s)
✔ [5136/5143] Built DifferentialGeometry.Topology.PiecewiseLinear.OrderedChainCoordinates (2.2s)
✔ [5137/5146] Built DifferentialGeometry.Topology.PiecewiseLinear.SurfaceSpanningTrees (2.7s)
✔ [5138/5146] Built DifferentialGeometry.Topology.PiecewiseLinear.DerivedNeighborhoodHomology (1.7s)
✔ [5139/5146] Built DifferentialGeometry.Topology.PiecewiseLinear.SurfaceTreeNeighborhood (2.7s)
✔ [5141/5148] Built DifferentialGeometry.Topology.PiecewiseLinear.SurfaceSphereRecognition (2.2s)
✔ [5142/5148] Built DifferentialGeometry.Topology.PiecewiseLinear.BoundaryHomology (7.3s)
✔ [5143/5148] Built DifferentialGeometry.Topology.PiecewiseLinear.DerivedCarrier (1.6s)
✔ [5144/5149] Built DifferentialGeometry.Topology.PiecewiseLinear.HandleCount (2.0s)
✔ [5145/5151] Built DifferentialGeometry.Topology.PiecewiseLinear.OrientationCocycle (8.5s)
✔ [5146/5151] Built DifferentialGeometry.Topology.FundamentalGroup.LoopPower (1.3s)
✔ [5147/5152] Built DifferentialGeometry.Topology.PiecewiseLinear.HomologyCocycle (3.3s)
✔ [5148/5152] Built DifferentialGeometry.Topology.Homotopy.DeformationRetractPath (1.3s)
✔ [5149/5153] Built DifferentialGeometry.Topology.PiecewiseLinear.DoubleCoverExistence (2.2s)
✔ [5150/5153] Built DifferentialGeometry.Topology.PiecewiseLinear.DerivedNeighborhoodLoop (1.8s)
✔ [5151/5155] Built DifferentialGeometry.Topology.Homotopy.DeformationRetractLoopPower (1.2s)
✔ [5152/5155] Built DifferentialGeometry.Topology.PiecewiseLinear.NeighborhoodCycle (2.2s)
✔ [5153/5155] Built DifferentialGeometry.Topology.PiecewiseLinear.BallIntersectionBoundary (2.1s)
✔ [5154/5156] Built DifferentialGeometry.Topology.PiecewiseLinear.NeighborhoodCylinder (2.1s)
✔ [5155/5157] Built DifferentialGeometry.Topology.FundamentalGroup.CircleLoopGenerator (1.4s)
✔ [5156/5163] Built DifferentialGeometry.Topology.LoopSpace.InjectiveLoop (1.6s)
✔ [5157/5163] Built DifferentialGeometry.Topology.PiecewiseLinear.BranchSignChain (1.1s)
✔ [5158/5163] Built DifferentialGeometry.Topology.PiecewiseLinear.CoveringOrientation (3.2s)
✔ [5159/5163] Built DifferentialGeometry.Topology.PiecewiseLinear.CocycleMonodromy (1.8s)
✔ [5160/5167] Built DifferentialGeometry.Topology.PiecewiseLinear.CocycleWalkLift (2.0s)
✔ [5161/5167] Built DifferentialGeometry.Topology.PiecewiseLinear.PolygonNeighborhoodOrientation (2.0s)
✔ [5162/5168] Built DifferentialGeometry.Topology.PiecewiseLinear.WalkArcPath (2.4s)
✔ [5163/5168] Built DifferentialGeometry.Topology.PiecewiseLinear.SubcomplexOrientationCocycle (1.0s)
✔ [5164/5170] Built DifferentialGeometry.Topology.PiecewiseLinear.ContractiblePolygonOrientation (1.0s)
✔ [5165/5170] Built DifferentialGeometry.Topology.PiecewiseLinear.PolygonCircleParametrization (2.1s)
✔ [5166/5174] Built DifferentialGeometry.Topology.PiecewiseLinear.SimplicialWalkHomotopy (2.1s)
✔ [5167/5174] Built DifferentialGeometry.Topology.PiecewiseLinear.AmbientPolygonOrientation (2.0s)
✔ [5168/5175] Built DifferentialGeometry.Topology.PiecewiseLinear.WalkMonodromyHomotopy (1.9s)
✔ [5169/5175] Built DifferentialGeometry.Topology.PiecewiseLinear.PolygonGeneratedOrientation (2.2s)
✔ [5170/5175] Built DifferentialGeometry.Topology.PiecewiseLinear.WalkPathConcatenation (2.3s)
✔ [5171/5175] Built DifferentialGeometry.Topology.PiecewiseLinear.LoopTheorem.NormalBasepoint (2.2s)
✔ [5172/5175] Built DifferentialGeometry.Topology.PiecewiseLinear.PolygonGeneratedFromLoops (2.3s)
✔ [5173/5175] Built DifferentialGeometry.Topology.PiecewiseLinear.DerivedNeighborhoodPolygon (2.9s)
✔ [5174/5180] Built DifferentialGeometry.Topology.PiecewiseLinear.LoopTheorem.CoverReduction (2.1s)
✔ [5179/5192] Built DifferentialGeometry.Topology.Algebra.Group.AmalgamatedProduct (1.1s)
✔ [5185/5195] Built DifferentialGeometry.Topology.VanKampen.RetractPushout (1.2s)
✔ [5186/5195] Built DifferentialGeometry.Topology.Homotopy.ClosedCell (1.7s)
✔ [5187/5198] Built DifferentialGeometry.Topology.VanKampen.Representative (1.3s)
✔ [5188/5198] Built DifferentialGeometry.Topology.VanKampen.SelectedObjects (1.8s)
✔ [5189/5198] Built DifferentialGeometry.Topology.PiecewiseLinear.ManifoldInteriorConnected (2.1s)
✔ [5190/5200] Built DifferentialGeometry.Topology.VanKampen.Based (2.4s)
✔ [5191/5200] Built DifferentialGeometry.Topology.PiecewiseLinear.LoopTheorem.CellAttachmentKernel (2.0s)
✔ [5192/5200] Built DifferentialGeometry.Topology.VanKampen.AmalgamatedProduct (1.5s)
✔ [5193/5200] Built DifferentialGeometry.Topology.LoopSpace.BasedNaturality (1.3s)
✔ [5194/5200] Built DifferentialGeometry.Topology.VanKampen.SimplyConnectedUnion (1.4s)
✔ [5195/5202] Built DifferentialGeometry.Topology.Homotopy.FreeLoopNullhomotopy (1.4s)
✔ [5196/5204] Built DifferentialGeometry.Topology.FundamentalGroup.Sphere (2.2s)
✔ [5197/5204] Built DifferentialGeometry.External.CanonicalTopology.Topology.LoopSpace.SpanningDisk (1.6s)
✔ [5198/5206] Built DifferentialGeometry.Topology.PiecewiseLinear.LoopTheorem.BoundaryGeneration (3.1s)
✔ [5199/5206] Built DifferentialGeometry.External.CanonicalTopology.Topology.LoopSpace.SimplyConnectedTarget (1.3s)
✔ [5200/5209] Built DifferentialGeometry.External.CanonicalTopology.Topology.LoopSpace.ContinuousFilling (1.5s)
✔ [5201/5209] Built DifferentialGeometry.Topology.PiecewiseLinear.LoopTheorem.SphereNeighborhood (2.2s)
✔ [5202/5209] Built DifferentialGeometry.Topology.PiecewiseLinear.OpenTargetApproximation (1.7s)
✔ [5203/5209] Built DifferentialGeometry.External.CanonicalTopology.Topology.Homotopy.ConvexPlaneExtension (1.5s)
✔ [5204/5209] Built DifferentialGeometry.Topology.PiecewiseLinear.LoopTheorem.SourceNormalSystem (2.3s)
✔ [5205/5209] Built DifferentialGeometry.Topology.PiecewiseLinear.LoopTheorem.SphereCase (2.3s)
✔ [5206/5209] Built DifferentialGeometry.Topology.PiecewiseLinear.DiskFilling (2.3s)
✔ [5207/5209] Built DifferentialGeometry.Topology.PiecewiseLinear.LoopTheorem.MoiseChainPL (2.6s)
✔ [5208/5210] Built DifferentialGeometry.Topology.PiecewiseLinear.LoopTheorem.EmbeddedDiskTower (1.0s)
✔ [5209/5214] Built DifferentialGeometry.Topology.PiecewiseLinear.LoopTheorem.BranchBoundary (2.2s)
✔ [5210/5217] Built DifferentialGeometry.Topology.PiecewiseLinear.ChartPolyhedron (2.2s)
✔ [5211/5217] Built DifferentialGeometry.Topology.Covering.SimplyConnectedCover (1.4s)
✔ [5212/5218] Built DifferentialGeometry.Topology.PiecewiseLinear.LoopTheorem.CellGluing (41s)
✔ [5213/5222] Built DifferentialGeometry.Topology.PiecewiseLinear.LoopTheorem.BranchPreimage (3.5s)
✔ [5214/5222] Built DifferentialGeometry.Topology.PiecewiseLinear.CylinderSplice (2.4s)
✔ [5215/5222] Built DifferentialGeometry.Topology.PiecewiseLinear.LoopTheorem.BoundaryBranchCrosscut (2.2s)
✔ [5216/5222] Built DifferentialGeometry.Topology.PiecewiseLinear.LoopTheorem.BranchDescent (1.0s)
✔ [5217/5222] Built DifferentialGeometry.Topology.PiecewiseLinear.LoopTheorem.CutAndPaste (12s)
✔ [5218/5222] Built DifferentialGeometry.Topology.PiecewiseLinear.LoopTheorem.CrossSeamResolution (2.7s)
✔ [5219/5223] Built DifferentialGeometry.Topology.PiecewiseLinear.BoundaryWordFourArcs (2.7s)
✔ [5220/5223] Built DifferentialGeometry.Topology.PiecewiseLinear.LoopTheorem.BoundaryBranchDescent (4.1s)
✔ [5221/5223] Built DifferentialGeometry.Topology.PiecewiseLinear.SurfaceCutting (2.3s)
✔ [5222/5226] Built DifferentialGeometry.Topology.PiecewiseLinear.LoopTheorem.ComplexityInduction (2.1s)
✔ [5223/5230] Built DifferentialGeometry.Topology.Connected.PhragmenBrouwer (1.5s)
✔ [5224/5230] Built DifferentialGeometry.Topology.Connected.SeparatorLocation (1.3s)
✔ [5225/5230] Built DifferentialGeometry.Topology.Connected.SeparatingComponent (1.4s)
✔ [5226/5230] Built DifferentialGeometry.Topology.PiecewiseLinear.EuclideanSurfaceOrientation (2.1s)
✔ [5227/5232] Built DifferentialGeometry.Topology.PiecewiseLinear.SeparatingSurface (2.1s)
✔ [5228/5232] Built DifferentialGeometry.Topology.PiecewiseLinear.SpanningDiskBallNeighborhood (2.4s)
✔ [5229/5232] Built DifferentialGeometry.Topology.PiecewiseLinear.CurvePrism (2.3s)
✔ [5230/5236] Built DifferentialGeometry.Topology.PiecewiseLinear.SpanningDiskPrism (3.0s)
✔ [5231/5236] Built DifferentialGeometry.Topology.PiecewiseLinear.AnnulusBoundary (2.0s)
✔ [5232/5236] Built DifferentialGeometry.Topology.PiecewiseLinear.CircleArcComplement (2.0s)
✔ [5233/5236] Built DifferentialGeometry.Topology.PiecewiseLinear.SurfaceSubcomplexComplement (1.0s)
✔ [5234/5236] Built DifferentialGeometry.Topology.PiecewiseLinear.AnnulusComplement (2.2s)
✔ [5235/5243] Built DifferentialGeometry.Topology.PiecewiseLinear.SpanningDiskCompression (2.1s)
✔ [5238/5245] Built DifferentialGeometry.Topology.FundamentalGroup.SimplyConnectedComponents (1.2s)
✔ [5239/5245] Built DifferentialGeometry.Topology.VanKampen.BoundaryCollarOrientation (1.4s)
✔ [5240/5247] Built DifferentialGeometry.Topology.VanKampen.TorsionFreeCover (1.5s)
✔ [5241/5247] Built DifferentialGeometry.Topology.FundamentalGroup.OpenCoverKernel (1.3s)
✔ [5242/5248] Built DifferentialGeometry.Topology.VanKampen.BoundaryCollarInjection (1.4s)
✔ [5243/5248] Built DifferentialGeometry.Topology.FundamentalGroup.SimplyConnected (1.2s)
✔ [5244/5248] Built DifferentialGeometry.Topology.Connected.CollaredCover (1.3s)
✔ [5245/5248] Built DifferentialGeometry.Topology.FundamentalGroup.Nullhomotopy (1.2s)
✔ [5246/5248] Built DifferentialGeometry.Topology.FundamentalGroup.CollaredClosedCover (1.6s)
✔ [5247/5250] Built DifferentialGeometry.Topology.PiecewiseLinear.SurfaceCutKernel (2.5s)
✔ [5248/5250] Built DifferentialGeometry.Topology.PiecewiseLinear.FreeLoopFilling (1.9s)
✔ [5249/5253] Built DifferentialGeometry.Topology.PiecewiseLinear.NullhomotopyNeighborhood (1.0s)
✔ [5250/5255] Built DifferentialGeometry.External.CanonicalTopology.Topology.Homotopy.PlaneTriangle (1.6s)
✔ [5251/5261] Built DifferentialGeometry.External.CanonicalTopology.Topology.Homotopy.TriangleEdges (1.5s)
✔ [5252/5261] Built DifferentialGeometry.External.CanonicalTopology.Topology.Homotopy.TriangleBoundaryQuotient (1.5s)
✔ [5253/5261] Built DifferentialGeometry.External.CanonicalTopology.Topology.Homotopy.TriangleFaces (1.6s)
✔ [5254/5261] Built DifferentialGeometry.External.CanonicalTopology.Topology.Homology.PathEvaluation (1.7s)
✔ [5255/5261] Built DifferentialGeometry.External.CanonicalTopology.Topology.Homotopy.TrianglePathBoundary (2.3s)
✔ [5256/5261] Built DifferentialGeometry.External.CanonicalTopology.Topology.Homology.TriangleFilling (2.1s)
✔ [5257/5263] Built DifferentialGeometry.External.CanonicalTopology.Topology.Homology.PathCones (2.2s)
✔ [5258/5263] Built DifferentialGeometry.Topology.Homology.PathCones (2.0s)
✔ [5259/5265] Built DifferentialGeometry.Topology.PiecewiseLinear.ComplexUnion (2.2s)
✔ [5260/5267] Built DifferentialGeometry.Topology.Homology.FieldPathCones (2.4s)
✔ [5261/5267] Built DifferentialGeometry.Topology.PiecewiseLinear.ManifoldDisjointUnion (2.5s)
✔ [5262/5267] Built DifferentialGeometry.Topology.PiecewiseLinear.BoundaryGluing (2.5s)
✔ [5263/5267] Built DifferentialGeometry.Topology.PiecewiseLinear.SurfaceSimplyConnected (3.8s)
✔ [5264/5269] Built DifferentialGeometry.Topology.PiecewiseLinear.EulerUnion (1.7s)
✔ [5265/5269] Built DifferentialGeometry.Topology.PiecewiseLinear.ManifoldCapping (1.8s)
✔ [5266/5269] Built DifferentialGeometry.Topology.PiecewiseLinear.SurfaceSplitEuler (1.9s)
✔ [5267/5269] Built DifferentialGeometry.Topology.PiecewiseLinear.SurfaceBoundaryCapping (1.8s)
✔ [5268/5272] Built DifferentialGeometry.Topology.PiecewiseLinear.AnnulusEuler (1.0s)
✔ [5269/5274] Built DifferentialGeometry.Topology.Connected.BicollarSeparation (1.4s)
✔ [5270/5277] Built DifferentialGeometry.Topology.Connected.BicollarComplement (1.7s)
✔ [5271/5277] Built DifferentialGeometry.Topology.PiecewiseLinear.BallHomotopy (1.0s)
✔ [5272/5277] Built DifferentialGeometry.Topology.PiecewiseLinear.AnnulusComponents (2.2s)
✔ [5273/5277] Built DifferentialGeometry.Topology.PiecewiseLinear.SurfaceHomology (4.5s)
✔ [5274/5277] Built DifferentialGeometry.Topology.PiecewiseLinear.DiskCapping (2.1s)
✔ [5275/5277] Built DifferentialGeometry.Topology.PiecewiseLinear.AnnulusCapping (3.2s)
✔ [5276/5283] Built DifferentialGeometry.Topology.PiecewiseLinear.SurfaceCompression (2.2s)
✔ [5277/5283] Built DifferentialGeometry.Topology.ClosedBall.AnnulusHomeomorph (1.6s)
✔ [5278/5283] Built DifferentialGeometry.Topology.Connected.BoundaryReplacement (1.3s)
✔ [5279/5283] Built DifferentialGeometry.Topology.ClosedBall.AnnulusImage (1.9s)
✔ [5280/5283] Built DifferentialGeometry.Topology.PiecewiseLinear.SphericalShell (2.3s)
✔ [5281/5287] Built DifferentialGeometry.Topology.PiecewiseLinear.SurfaceCappingSeparation (2.0s)
✔ [5282/5287] Built DifferentialGeometry.Topology.PiecewiseLinear.IntervalHomeomorph (1.6s)
✔ [5283/5287] Built DifferentialGeometry.Topology.PiecewiseLinear.SurfaceCompressionSeparation (2.1s)
✔ [5284/5289] Built DifferentialGeometry.Topology.PiecewiseLinear.CircleArcPair (2.1s)
✔ [5285/5289] Built DifferentialGeometry.Topology.PiecewiseLinear.DiskPseudoIsotopy (2.2s)
✔ [5286/5289] Built DifferentialGeometry.Topology.PiecewiseLinear.RectangleArcPair (1.9s)
✔ [5287/5289] Built DifferentialGeometry.Topology.PiecewiseLinear.CircleAnnulusIsotopy (2.6s)
✔ [5288/5292] Built DifferentialGeometry.Topology.PiecewiseLinear.IntervalCylinder (1.9s)
✔ [5289/5294] Built DifferentialGeometry.Topology.PiecewiseLinear.OrientationParity (1.7s)
✔ [5290/5295] Built DifferentialGeometry.Topology.PiecewiseLinear.MobiusBand (2.3s)
✔ [5291/5295] Built DifferentialGeometry.Topology.PiecewiseLinear.CircleAnnulusOrientation (2.8s)
✔ [5292/5295] Built DifferentialGeometry.Topology.PiecewiseLinear.MobiusManifold (2.0s)
✔ [5293/5301] Built DifferentialGeometry.Topology.PiecewiseLinear.CircleReflection (2.4s)
✔ [5294/5303] Built DifferentialGeometry.Topology.PiecewiseLinear.CirclePrismComparison (2.0s)
✔ [5295/5303] Built DifferentialGeometry.Topology.PiecewiseLinear.MobiusSquare (2.9s)
✔ [5296/5303] Built DifferentialGeometry.Topology.PiecewiseLinear.SubcomplexMesh (1.8s)
✔ [5297/5306] Built DifferentialGeometry.Topology.PiecewiseLinear.MobiusSquareMap (2.4s)
✔ [5298/5306] Built DifferentialGeometry.Topology.PiecewiseLinear.SphericalCircleExtension (1.8s)
✔ [5299/5311] Built DifferentialGeometry.Topology.PiecewiseLinear.MobiusMappingTorus (2.3s)
✔ [5300/5311] Built DifferentialGeometry.Topology.PiecewiseLinear.PrismSphere (2.1s)
✔ [5301/5311] Built DifferentialGeometry.Topology.PiecewiseLinear.MobiusEmbedding (2.2s)
✔ [5302/5311] Built DifferentialGeometry.Topology.PiecewiseLinear.NeighborhoodEmbedding (17s)
✔ [5303/5311] Built DifferentialGeometry.Topology.PiecewiseLinear.SphericalCircleBicollar (2.3s)
✔ [5304/5316] Built DifferentialGeometry.Topology.PiecewiseLinear.IntervalMonodromy (2.2s)
✔ [5305/5316] Built DifferentialGeometry.Topology.PiecewiseLinear.AnnulusCylinder (8.5s)
✔ [5306/5316] Built DifferentialGeometry.Topology.PiecewiseLinear.BoundaryDouble (77s)
✔ [5307/5316] Built DifferentialGeometry.Topology.PiecewiseLinear.SurfaceCircleNeighborhood (2.0s)
✔ [5308/5316] Built DifferentialGeometry.Topology.PiecewiseLinear.LoopTheorem.ProjectedCellInDouble (3.3s)
✔ [5309/5316] Built DifferentialGeometry.Topology.PiecewiseLinear.SurfaceCircleBicollar (2.2s)
✔ [5310/5316] Built DifferentialGeometry.Topology.PiecewiseLinear.LoopTheorem.ProjectedBoundaryLoop (49s)
✔ [5311/5323] Built DifferentialGeometry.Topology.PiecewiseLinear.SurfaceEssentialDisk (2.4s)
✔ [5312/5324] Built DifferentialGeometry.Topology.PiecewiseLinear.SphericalShellCompression (3.0s)
✔ [5313/5325] Built DifferentialGeometry.Topology.Connected.FiniteCover (926ms)
✔ [5314/5325] Built DifferentialGeometry.Topology.PiecewiseLinear.LoopTheorem.LemmaTwoEndpoint (95s)
✔ [5315/5325] Built DifferentialGeometry.Topology.PiecewiseLinear.TransitionSubdivisionOnOverlap (1.8s)
✔ [5316/5326] Built DifferentialGeometry.Topology.PiecewiseLinear.PolyhedralManifoldTopology (1.9s)
✔ [5317/5326] Built DifferentialGeometry.Topology.PiecewiseLinear.GluedCellInAdaptedChart (2.5s)
✔ [5318/5326] Built DifferentialGeometry.Topology.PiecewiseLinear.LoopTheorem.LemmaTwoSpine (160s)
✔ [5319/5326] Built DifferentialGeometry.Topology.PiecewiseLinear.LoopTheorem.ProjectedBoundaryCollar (2.6s)
✔ [5320/5327] Built DifferentialGeometry.Topology.PiecewiseLinear.GluedCellGlobalInvariants (959s)
✔ [5321/5327] Built DifferentialGeometry.Topology.PiecewiseLinear.LoopTheorem.LemmaTwoBuffered (2.6s)
✔ [5322/5327] Built DifferentialGeometry.Topology.PiecewiseLinear.LoopTheorem.ProjectedBoundaryOpenCollar (942s)
✔ [5323/5327] Built DifferentialGeometry.Topology.PiecewiseLinear.StableCrossingNormalizer (2.1s)
✔ [5324/5331] Built DifferentialGeometry.Topology.PiecewiseLinear.LoopTheorem.ProjectedBoundaryChart (2681s)
✔ [5325/5332] Built DifferentialGeometry.Topology.PiecewiseLinear.LoopTheorem.ProjectedBoundaryHalfSpace (2.1s)
✔ [5326/5332] Built DifferentialGeometry.Topology.PiecewiseLinear.SingularCrossingSource (57s)
✔ [5327/5333] Built DifferentialGeometry.Topology.PiecewiseLinear.DoubleHalfSpaceChart (2.3s)
✔ [5328/5333] Built DifferentialGeometry.Topology.PiecewiseLinear.CutOutPieceOfClosureSubset (2.4s)
✔ [5329/5334] Built DifferentialGeometry.Topology.PiecewiseLinear.SingularCrossingLocality (55s)
✔ [5330/5334] Built DifferentialGeometry.Topology.PiecewiseLinear.NormalizationPreparation (2.1s)
✔ [5331/5335] Built DifferentialGeometry.Topology.PiecewiseLinear.NormalCrossingTransport (2.1s)
✔ [5332/5335] Built DifferentialGeometry.Topology.PiecewiseLinear.WallSystemBlocks (48s)
✔ [5333/5336] Built DifferentialGeometry.Topology.PiecewiseLinear.StableCrossingDoubleCrossing (2.9s)
✔ [5334/5336] Built DifferentialGeometry.Topology.PiecewiseLinear.WallSystemCellTopology (1.9s)
✔ [5335/5337] Built DifferentialGeometry.Topology.PiecewiseLinear.FreeGermVocabulary (51s)
✔ [5336/5342] Built DifferentialGeometry.Topology.PiecewiseLinear.WallChartTransition (2.4s)
✔ [5337/5342] Built DifferentialGeometry.Topology.PiecewiseLinear.StableCrossingBlockTransfer (2.5s)
✔ [5338/5342] Built DifferentialGeometry.Topology.PiecewiseLinear.CommonWallComplex (46s)
✔ [5339/5342] Built DifferentialGeometry.Topology.PiecewiseLinear.KinkedBlockCoordinates (56s)
✔ [5340/5342] Built DifferentialGeometry.Topology.PiecewiseLinear.StableCrossingBlockRecentre (4.2s)
✔ [5341/5345] Built DifferentialGeometry.Topology.PiecewiseLinear.StableCrossingBlocksOfWallProductBlocks (54s)
✔ [5342/5346] Built DifferentialGeometry.Topology.PiecewiseLinear.GluedDoublePointFaces (2.6s)
✔ [5343/5347] Built DifferentialGeometry.Topology.PiecewiseLinear.GluedEdgeSides (46s)
✔ [5344/5347] Built DifferentialGeometry.Topology.PiecewiseLinear.SheetBlockAssembly (2.3s)
✔ [5345/5349] Built DifferentialGeometry.Topology.PiecewiseLinear.GenericDoublePointSheets (1.0s)
✔ [5346/5351] Built DifferentialGeometry.Topology.PiecewiseLinear.BlockCoordinateAlgebra (50s)
✔ [5347/5353] Built DifferentialGeometry.Topology.PiecewiseLinear.WallChartLocalPicture (3.2s)
✔ [5348/5353] Built DifferentialGeometry.Topology.PiecewiseLinear.EdgeSideCoordinates (2.2s)
✔ [5349/5354] Built DifferentialGeometry.Topology.PiecewiseLinear.TriangleCrossingBlock (46s)
✔ [5350/5354] Built DifferentialGeometry.Topology.PiecewiseLinear.BoundaryCrossingBlock (57s)
✔ [5351/5354] Built DifferentialGeometry.Topology.PiecewiseLinear.EdgeCrossingBlock (55s)
✔ [5352/5354] Built DifferentialGeometry.Topology.PiecewiseLinear.AdmissibleVertexMapVocabulary (1.9s)
✔ [5353/5362] Built DifferentialGeometry.Topology.PiecewiseLinear.WallProductBlocksOfWallGenericity (2.0s)
✔ [5360/5362] Built DifferentialGeometry.Topology.PiecewiseLinear.ArrangementGeneralPosition (4.3s)
✔ [5361/5369] Built DifferentialGeometry.Topology.PiecewiseLinear.ArrangementGeneralPositionDimension (62s)
✔ [5364/5369] Built DifferentialGeometry.Topology.PiecewiseLinear.RuledSurfaceOfPlanePencils (2.9s)
✔ [5365/5369] Built DifferentialGeometry.Topology.PiecewiseLinear.GenericPlacementSteps (11s)
✔ [5366/5376] Built DifferentialGeometry.Topology.PiecewiseLinear.GenericPlacementClauses (9.0s)
✔ [5367/5376] Built DifferentialGeometry.Topology.PiecewiseLinear.GenericVertexMapLinesPlanes (7.3s)
✔ [5368/5376] Built DifferentialGeometry.Topology.PiecewiseLinear.PlaneBoxGraphPerturbation (38s)
✔ [5369/5380] Built DifferentialGeometry.Topology.PiecewiseLinear.WallGenericVertexMap (4.6s)
✔ [5370/5380] Built DifferentialGeometry.Topology.PiecewiseLinear.StableCrossingBlockPerturbation (107s)
✔ [5371/5380] Built DifferentialGeometry.Topology.PiecewiseLinear.WallProductBlockTypedTransport (107s)
✔ [5372/5383] Built DifferentialGeometry.Topology.PiecewiseLinear.ProtectedSubdivisionTools (2.3s)
✔ [5373/5383] Built DifferentialGeometry.Topology.PiecewiseLinear.ProtectedSubdivisionClauses (2.7s)
✔ [5374/5383] Built DifferentialGeometry.Topology.PiecewiseLinear.SphereComplement (4.2s)
✔ [5375/5383] Built DifferentialGeometry.Topology.PiecewiseLinear.ProtectedSubdivisionStarInj (3.1s)
✔ [5376/5386] Built DifferentialGeometry.Topology.PiecewiseLinear.SphereNesting (1.9s)
✔ [5377/5386] Built DifferentialGeometry.Topology.PiecewiseLinear.ProtectedSubdivisionBlocks (2.6s)
✔ [5378/5386] Built DifferentialGeometry.Topology.PiecewiseLinear.TameNestedCells (65s)
✔ [5379/5386] Built DifferentialGeometry.Topology.PiecewiseLinear.LoopTheorem.LemmaTwoOrientable (2.0s)
✔ [5380/5386] Built DifferentialGeometry.Topology.PiecewiseLinear.WallProductBlockPerturbation (3.4s)
✔ [5381/5386] Built DifferentialGeometry.Topology.PiecewiseLinear.ProtectedSubdivisionInAdaptedChart (84s)
✔ [5382/5386] Built DifferentialGeometry.Topology.PiecewiseLinear.LoopTheorem.CoverReductionOrientable (2.2s)
✔ [5383/5388] Built DifferentialGeometry.Topology.PiecewiseLinear.WallProductBlocksStableOnFixedSubdivision (3.2s)
✔ [5384/5390] Built DifferentialGeometry.Topology.PiecewiseLinear.LoopTheorem.CoverReductionOrientableProducer (2.5s)
✔ [5385/5390] Built DifferentialGeometry.Topology.PiecewiseLinear.GeneralPositionInDouble (5.8s)
✔ [5386/5390] Built DifferentialGeometry.Topology.PiecewiseLinear.LoopTheorem.CrossSeamTube (2.6s)
✔ [5387/5390] Built DifferentialGeometry.Topology.PiecewiseLinear.LoopTheorem.NormalCellProperness (2.0s)
✔ [5388/5390] Built DifferentialGeometry.Topology.PiecewiseLinear.LoopTheorem.CrossSeamResolvedCell (3.2s)
✔ [5389/5391] Built DifferentialGeometry.Topology.PiecewiseLinear.BoundaryAdaptation (3.3s)
✔ [5390/5395] Built DifferentialGeometry.Topology.PiecewiseLinear.LoopTheorem.BoundaryWordWitness (2.3s)
✔ [5391/5397] Built DifferentialGeometry.Topology.PiecewiseLinear.LoopTheorem.BranchDeletion (2.8s)
✔ [5392/5397] Built DifferentialGeometry.Topology.PiecewiseLinear.LoopTheorem.ResolvedCellNormal (3.3s)
✔ [5393/5397] Built DifferentialGeometry.Topology.PiecewiseLinear.LoopTheorem.BranchInjection (3.2s)
✔ [5394/5402] Built DifferentialGeometry.Topology.PiecewiseLinear.SeamBoundaryHomotopy (3.3s)
✔ [5395/5402] Built DifferentialGeometry.Topology.PiecewiseLinear.LoopTheorem.BoundaryWitnessDoors (2.5s)
✔ [5396/5402] Built DifferentialGeometry.Topology.PiecewiseLinear.LoopTheorem.CrossRegluedCellFields (21s)
✔ [5397/5402] Built DifferentialGeometry.Topology.PiecewiseLinear.SingularCrossingPrecomp (3.0s)
✔ [5398/5405] Built DifferentialGeometry.Topology.PiecewiseLinear.LoopTheorem.BoundaryCaseReduction (3.0s)
✔ [5399/5408] Built DifferentialGeometry.Topology.PiecewiseLinear.LoopTheorem.CrossRegluedCellCrossing (21s)
✔ [5400/5408] Built DifferentialGeometry.Topology.LoopSpace.InjectivePathReparam (1.7s)
✔ [5401/5409] Built DifferentialGeometry.Topology.PiecewiseLinear.LoopTheorem.CrossRegluedCellPredicate (47s)
✔ [5402/5409] Built DifferentialGeometry.Topology.PiecewiseLinear.LoopTheorem.BoundaryWordWitnessOfCell (2.3s)
✔ [5403/5409] Built DifferentialGeometry.Topology.PiecewiseLinear.LoopTheorem.BoundarySurgeryCellPredicate (11s)
✔ [5404/5409] Built DifferentialGeometry.Topology.PiecewiseLinear.LoopTheorem.BoundaryCaseFromSource (2.1s)
✔ [5405/5409] Built DifferentialGeometry.Topology.PiecewiseLinear.LoopTheorem.BoundaryCaseFromTube (2.2s)
✔ [5406/5409] Built DifferentialGeometry.Topology.PiecewiseLinear.LoopTheorem.BoundaryCandidatesOfCut (8.8s)
✔ [5407/5409] Built DifferentialGeometry.Topology.PiecewiseLinear.LoopTheorem.BoundaryCaseOfCut (16s)
✔ [5408/5415] Built DifferentialGeometry.Topology.PiecewiseLinear.LoopTheorem.BoundaryCaseFromReading (2.2s)
✔ [5409/5415] Built DifferentialGeometry.Topology.PiecewiseLinear.ModelSlide (2.2s)
✔ [5410/5415] Built DifferentialGeometry.Topology.PiecewiseLinear.ChartConjugate (1.7s)
✔ [5411/5416] Built DifferentialGeometry.Topology.PiecewiseLinear.ModelSlideLong (2.2s)
✔ [5412/5420] Built DifferentialGeometry.Topology.PiecewiseLinear.ChartSlideLong (1.8s)
✔ [5413/5422] Built DifferentialGeometry.Topology.PiecewiseLinear.BranchSlideSeparation (1.0s)
✔ [5414/5422] Built DifferentialGeometry.Topology.PiecewiseLinear.BranchSlideConjugation (2.0s)
✔ [5415/5425] Built DifferentialGeometry.Topology.PiecewiseLinear.ModelSlideFwd (2.2s)
✔ [5416/5425] Built DifferentialGeometry.Topology.PiecewiseLinear.PlanarBallExterior (4.2s)
✔ [5417/5425] Built DifferentialGeometry.Topology.PiecewiseLinear.BranchSeparation (2.3s)
✔ [5418/5425] Built DifferentialGeometry.Topology.PiecewiseLinear.BranchSlideEndpoint (1.0s)
✔ [5419/5428] Built DifferentialGeometry.Topology.PiecewiseLinear.LoopTheorem.InnermostCleanDisk (2.1s)
✔ [5420/5428] Built DifferentialGeometry.Topology.PiecewiseLinear.BranchSeparationBoundary (2.5s)
✔ [5421/5429] Built DifferentialGeometry.Topology.PiecewiseLinear.LoopTheorem.CrossRegluedSourceTubeRestriction (2.0s)
✔ [5422/5429] Built DifferentialGeometry.Topology.PiecewiseLinear.BoundaryNeighborhoodRealization (2.2s)
✔ [5423/5429] Built DifferentialGeometry.Topology.PiecewiseLinear.BranchBoundaryCollar (2.2s)
✔ [5424/5429] Built DifferentialGeometry.Topology.PiecewiseLinear.LoopTheorem.CrossQuarterTurn (2.2s)
✔ [5425/5430] Built DifferentialGeometry.Topology.PiecewiseLinear.BranchBoundarySweep (2.3s)
✔ [5426/5432] Built DifferentialGeometry.Topology.PiecewiseLinear.LoopTheorem.ClosedBranchNestedCell (3.1s)
✔ [5427/5432] Built DifferentialGeometry.Topology.PiecewiseLinear.LoopTheorem.CrossSeamTubePages (3.1s)
✔ [5428/5434] Built DifferentialGeometry.Topology.PiecewiseLinear.LoopTheorem.ClosedBranchDisjointDescent (3.1s)
✔ [5429/5434] Built DifferentialGeometry.Topology.PiecewiseLinear.LoopTheorem.ClosedBranchNestedDescent (2.4s)
✔ [5430/5434] Built DifferentialGeometry.Topology.PiecewiseLinear.LoopTheorem.CrossRegluedSourceReading (2.4s)
✔ [5431/5434] Built DifferentialGeometry.Topology.PiecewiseLinear.LoopTheorem.CrossSeamTubeTransverse (3.3s)
✔ [5432/5434] Built DifferentialGeometry.Topology.PiecewiseLinear.LoopTheorem.CrossSeamTubeReading (2.4s)
✔ [5433/5434] Built DifferentialGeometry.Topology.PiecewiseLinear.LoopTheorem.CrossRegluedCellReading (139s)
✔ [5434/5436] Built DifferentialGeometry.Topology.PiecewiseLinear.ConicalGermExtension (5.8s)
✔ [5435/5436] Built DifferentialGeometry.Topology.PiecewiseLinear.ArcStraighteningJunction (2.6s)
✔ [5436/5441] Built DifferentialGeometry.Topology.PiecewiseLinear.ExistsCombinatorialTriangulation (14s)
✔ [5437/5441] Built DifferentialGeometry.Topology.FundamentalGroup.Torus (1.6s)
✔ [5438/5441] Built DifferentialGeometry.Topology.PiecewiseLinear.SolidTorusGeneralPosition (2.3s)
✔ [5439/5441] Built DifferentialGeometry.Topology.PiecewiseLinear.NontrivialKernelInSolidTorus (72s)
✔ [5440/5445] Built DifferentialGeometry.Topology.PiecewiseLinear.ExistsGeneralPositionSolidTorusRelative (2.7s)
✔ [5441/5445] Built DifferentialGeometry.Topology.PiecewiseLinear.CylindricalProduct (2.2s)
✔ [5442/5445] Built DifferentialGeometry.Topology.PiecewiseLinear.SurfaceAnnulusComplement (40s)
✔ [5443/5446] Built DifferentialGeometry.Topology.PiecewiseLinear.TorusOfOrientableEulerCharZero (3.2s)
✔ [5444/5448] Built DifferentialGeometry.Topology.PiecewiseLinear.OrientableSurfaceEulerParity (3.1s)
✔ [5445/5448] Built DifferentialGeometry.Topology.PiecewiseLinear.BicollarDiskPair (106s)
✔ [5446/5448] Built DifferentialGeometry.Topology.PiecewiseLinear.SurfaceCircleComplement (2.0s)
✔ [5447/5449] Built DifferentialGeometry.Topology.PiecewiseLinear.CircleComponentClosure (2.8s)
✔ [5448/5454] Built DifferentialGeometry.Topology.Homology.FieldCycles (11s)
✔ [5449/5461] Built DifferentialGeometry.Topology.Homology.PathConcatenation (1.7s)
✔ [5451/5461] Built DifferentialGeometry.Topology.Homology.PathHomotopy (1.6s)
✔ [5452/5461] Built DifferentialGeometry.Topology.PiecewiseLinear.SurfaceEulerParity (2.2s)
✔ [5453/5464] Built DifferentialGeometry.Topology.Homology.FieldHurewiczOne (54s)
✔ [5454/5464] Built DifferentialGeometry.Topology.Homology.FundamentalGroupRank (1.7s)
✔ [5455/5467] Built DifferentialGeometry.Topology.PiecewiseLinear.FourSpokeDisk (2.5s)
✔ [5456/5467] Built DifferentialGeometry.Topology.PiecewiseLinear.ExistsIsPLBallSupersetOfExteriorCompression (45s)
✔ [5457/5467] Built DifferentialGeometry.Topology.PiecewiseLinear.FourSpokeSquareWitness (2.5s)
✔ [5458/5467] Built DifferentialGeometry.Topology.PiecewiseLinear.FourSpokeAbstract (2.2s)
✔ [5459/5467] Built DifferentialGeometry.Topology.PiecewiseLinear.SeparatingPolygonDisk (2.0s)
✔ [5460/5467] Built DifferentialGeometry.Topology.PiecewiseLinear.NonseparatingPolygonCarrier (50s)
✔ [5461/5472] Built DifferentialGeometry.Topology.PiecewiseLinear.PrismLateralCircleSides (2.4s)
✔ [5462/5476] Built DifferentialGeometry.Topology.PiecewiseLinear.LateralAnnulusLevels (49s)
✔ [5463/5476] Built DifferentialGeometry.Topology.PiecewiseLinear.ArcStraighteningStep (3.9s)
✔ [5464/5476] Built DifferentialGeometry.Topology.PiecewiseLinear.CircleFourPoints (2.6s)
✔ [5465/5476] Built DifferentialGeometry.Topology.PiecewiseLinear.LoopTheorem.BoundaryBranchArc (56s)
✔ [5466/5476] Built DifferentialGeometry.Topology.PiecewiseLinear.ArcStraighteningEnds (3.4s)
✔ [5467/5476] Built DifferentialGeometry.Topology.PiecewiseLinear.FourSpokeSphere (50s)
✔ [5468/5478] Built DifferentialGeometry.Topology.PiecewiseLinear.CrossQuarterLink (3.1s)
✔ [5469/5478] Built DifferentialGeometry.Topology.PiecewiseLinear.ArcStraighteningFinal (58s)
✔ [5470/5478] Built DifferentialGeometry.Topology.PiecewiseLinear.LoopTheorem.ClosedBranchCaseOneCollar (2.0s)
✔ [5471/5478] Built DifferentialGeometry.Topology.PiecewiseLinear.CrossHalfSpaceNormalForm (3.4s)
✔ [5472/5478] Built DifferentialGeometry.Topology.PiecewiseLinear.ArcStraightening (2.8s)
✔ [5473/5478] Built DifferentialGeometry.Topology.PiecewiseLinear.LoopTheorem.AdaptedCapCollar (3.1s)
✔ [5474/5478] Built DifferentialGeometry.Topology.PiecewiseLinear.LoopTheorem.BoundaryBranchTubeCharts (2.7s)
✔ [5475/5481] Built DifferentialGeometry.Topology.PiecewiseLinear.LoopTheorem.BoundaryBranchTube (3.4s)
✔ [5476/5481] Built DifferentialGeometry.Topology.PiecewiseLinear.CylindricalBoundary (2.1s)
✔ [5477/5487] Built DifferentialGeometry.Topology.PiecewiseLinear.LoopTheorem.BoundaryBranchEndChart (6.2s)
✔ [5478/5487] Built DifferentialGeometry.Topology.PiecewiseLinear.CylindricalMonodromy (2.2s)
✔ [5479/5487] Built DifferentialGeometry.Topology.Covering.Sheets (1.1s)
✔ [5480/5488] Built DifferentialGeometry.Topology.PiecewiseLinear.LoopTheorem.BoundaryTubeProducerDouble (2.0s)
✔ [5481/5488] Built DifferentialGeometry.Topology.PiecewiseLinear.LoopTheorem.AdaptedCapPrism (3.6s)
✔ [5482/5488] Built DifferentialGeometry.Topology.PiecewiseLinear.ClosedBranchOrientability (2.8s)
✔ [5483/5488] Built DifferentialGeometry.Topology.PiecewiseLinear.LoopTheorem.ClosedBranchCaseOneSource (2.2s)
✔ [5484/5492] Built DifferentialGeometry.Topology.PiecewiseLinear.LoopTheorem.AdaptedCapMap (3.0s)
✔ [5485/5492] Built DifferentialGeometry.Topology.PiecewiseLinear.LoopTheorem.ClosedBranchCaseOneTransport (2.3s)
✔ [5486/5492] Built DifferentialGeometry.Topology.PiecewiseLinear.PrismDiskBoundary (1.9s)
✔ [5487/5494] Built DifferentialGeometry.Topology.PiecewiseLinear.LoopTheorem.ClosedBranchCaseOneMarkedChart (3.4s)
✔ [5488/5494] Built DifferentialGeometry.Topology.PiecewiseLinear.DiskBoundaryCollar (1.9s)
✔ [5489/5494] Built DifferentialGeometry.Topology.PiecewiseLinear.LoopTheorem.AdaptedCapSide (3.3s)
✔ [5490/5494] Built DifferentialGeometry.Topology.PiecewiseLinear.DerivedCellSubcomplex (1.0s)
✔ [5491/5494] Built DifferentialGeometry.Topology.PiecewiseLinear.LoopTheorem.AdaptedCapSource (2.2s)
✔ [5492/5494] Built DifferentialGeometry.Topology.PiecewiseLinear.LoopTheorem.ClosedBranchCaseOneTubeCarrier (2.3s)
✔ [5493/5495] Built DifferentialGeometry.Topology.PiecewiseLinear.LoopTheorem.AdaptedCleanCap (7.4s)
✔ [5494/5499] Built DifferentialGeometry.Topology.PiecewiseLinear.ConeSphereBoundary (2.1s)
✔ [5495/5499] Built DifferentialGeometry.Topology.PiecewiseLinear.DerivedCellSurfaceTrace (2.1s)
✔ [5496/5499] Built DifferentialGeometry.Topology.PiecewiseLinear.UpperLinkSubcomplex (1.9s)
✔ [5497/5500] Built DifferentialGeometry.Topology.PiecewiseLinear.UpperLinkBoundary (2.1s)
✔ [5498/5500] Built DifferentialGeometry.Topology.PiecewiseLinear.LoopTheorem.ClosedBranchTubeFaceChain (2.4s)
✔ [5499/5513] Built DifferentialGeometry.Topology.PiecewiseLinear.DerivedSurfaceCap (2.3s)
✔ [5500/5515] Built DifferentialGeometry.Topology.PiecewiseLinear.FourArcSphere (2.6s)
✔ [5501/5515] Built DifferentialGeometry.Topology.PiecewiseLinear.LoopTheorem.ClosedBranchTubeModel (3.3s)
✔ [5502/5515] Built DifferentialGeometry.Topology.PiecewiseLinear.DerivedCellCore (1.9s)
✔ [5503/5515] Built DifferentialGeometry.Topology.PiecewiseLinear.LoopTheorem.ClosedBranchTubeSectors (2.6s)
✔ [5504/5516] Built DifferentialGeometry.Topology.PiecewiseLinear.LoopTheorem.ClosedBranchTubeEdges (2.7s)
✔ [5505/5516] Built DifferentialGeometry.Topology.PiecewiseLinear.LoopTheorem.ClosedBranchTubeSectorDisks (2.8s)
✔ [5506/5516] Built DifferentialGeometry.Topology.PiecewiseLinear.DerivedSurfaceArc (2.4s)
✔ [5507/5521] Built DifferentialGeometry.Topology.PiecewiseLinear.LoopTheorem.ClosedBranchTubeCrosscuts (2.5s)
✔ [5508/5521] Built DifferentialGeometry.Topology.PiecewiseLinear.CrossHalfPlaneRectangle (2.1s)
✔ [5509/5521] Built DifferentialGeometry.Topology.PiecewiseLinear.LoopTheorem.ClosedBranchTubeCapFix (2.6s)
✔ [5510/5522] Built DifferentialGeometry.Topology.PiecewiseLinear.CrossHalfPlaneSeparation (2.3s)
✔ [5511/5523] Built DifferentialGeometry.Topology.PiecewiseLinear.LoopTheorem.ClosedBranchTubeMarkedCell (2.5s)
✔ [5512/5523] Built DifferentialGeometry.Topology.PiecewiseLinear.DerivedCrossingArcs (2.5s)
✔ [5513/5523] Built DifferentialGeometry.Topology.Covering.SheetTrace (1.1s)
✔ [5514/5523] Built DifferentialGeometry.Topology.PiecewiseLinear.LoopTheorem.ClosedBranchTubeChain (2.6s)
✔ [5515/5523] Built DifferentialGeometry.Topology.PiecewiseLinear.DerivedIntervalLink (2.2s)
✔ [5516/5526] Built DifferentialGeometry.Topology.PiecewiseLinear.DerivedSurfaceBoundaryFaces (2.1s)
✔ [5517/5527] Built DifferentialGeometry.Topology.PiecewiseLinear.LoopTheorem.ClosedBranchTubeSquareLoop (2.6s)
✔ [5518/5529] Built DifferentialGeometry.Topology.PiecewiseLinear.LoopTheorem.BranchCollarFibers (2.1s)
✔ [5519/5529] Built DifferentialGeometry.Topology.PiecewiseLinear.LoopTheorem.ClosedBranchTubeCells (4.2s)
✔ [5520/5529] Built DifferentialGeometry.Topology.PiecewiseLinear.FourSpokeLabels (2.1s)
✔ [5521/5529] Built DifferentialGeometry.Topology.PiecewiseLinear.LoopTheorem.BranchCollarLink (2.1s)
✔ [5522/5531] Built DifferentialGeometry.Topology.PiecewiseLinear.LoopTheorem.BranchCollarSides (2.1s)
✔ [5523/5532] Built DifferentialGeometry.Topology.PiecewiseLinear.LoopTheorem.ClosedBranchTubeDerivedCells (2.0s)
✔ [5524/5532] Built DifferentialGeometry.Topology.PiecewiseLinear.LoopTheorem.BranchCollarRayOwnership (2.3s)
✔ [5525/5532] Built DifferentialGeometry.Topology.PiecewiseLinear.IntervalInterpolation (1.8s)
✔ [5526/5533] Built DifferentialGeometry.Topology.PiecewiseLinear.DerivedCapTrace (2.0s)
✔ [5527/5533] Built DifferentialGeometry.Topology.PiecewiseLinear.FourSpokeSheetPermutation (1.9s)
✔ [5528/5533] Built DifferentialGeometry.Topology.PiecewiseLinear.LoopTheorem.BranchCollarMarkedRays (2.1s)
✔ [5529/5533] Built DifferentialGeometry.Topology.PiecewiseLinear.ArcCapParameters (2.2s)
✔ [5530/5533] Built DifferentialGeometry.Topology.PiecewiseLinear.DerivedSurfaceArcsAndCaps (2.3s)
✔ [5531/5533] Built DifferentialGeometry.Topology.PiecewiseLinear.DerivedCellCapNeighbors (2.0s)
✔ [5532/5562] Built DifferentialGeometry.Topology.PiecewiseLinear.LoopTheorem.BranchCapMatching (1.9s)
✔ [5882/5888] Built DifferentialGeometry.Topology.Covering.CyclicSections (3.1s)
✔ [5883/5888] Built DifferentialGeometry.Topology.PiecewiseLinear.LoopTheorem.BranchCollarCoordinates (1.0s)
✔ [5884/5891] Built DifferentialGeometry.Topology.Covering.CyclicSheetLabels (1.9s)
✔ [5885/5891] Built DifferentialGeometry.Topology.PiecewiseLinear.LoopTheorem.BranchCollarSourceCharts (2.1s)
✔ [5886/5892] Built DifferentialGeometry.Topology.PiecewiseLinear.LoopTheorem.ClosedBranchTubeRealisation (6.1s)
✔ [5887/5892] Built DifferentialGeometry.Topology.PiecewiseLinear.LoopTheorem.BranchSourceSections (2.1s)
✔ [5888/5892] Built DifferentialGeometry.Topology.PiecewiseLinear.LoopTheorem.ClosedBranchTubeAssembly (2.3s)
✔ [5889/5893] Built DifferentialGeometry.Topology.PiecewiseLinear.DerivedCellCover (2.1s)
✔ [5890/5894] Built DifferentialGeometry.Topology.PiecewiseLinear.LoopTheorem.BranchCellSheetLabels (2.3s)
✔ [5891/5894] Built DifferentialGeometry.Topology.PiecewiseLinear.ChartTransitionRealisation (2.1s)
✔ [5892/5895] Built DifferentialGeometry.Topology.PiecewiseLinear.LoopTheorem.ClosedBranchTubeSourceCells (2.6s)
✔ [5893/5897] Built DifferentialGeometry.Topology.PiecewiseLinear.CrossHalfPlaneCharts (2.0s)
✔ [5894/5905] Built DifferentialGeometry.Topology.PiecewiseLinear.LoopTheorem.MarkedBranchChartPL (3.4s)
✔ [5895/5906] Built DifferentialGeometry.Topology.PiecewiseLinear.LoopTheorem.BranchCollarQuarterReading (1.9s)
✔ [5896/5907] Built DifferentialGeometry.Topology.PiecewiseLinear.LoopTheorem.ClosedBranchTubeSourceSubdivision (2.1s)
✔ [5897/5907] Built DifferentialGeometry.Topology.PiecewiseLinear.Section34CapDeletion (2.7s)
✔ [5898/5907] Built DifferentialGeometry.Topology.PiecewiseLinear.LoopTheorem.MarkedBranchSurfaceCharts (2.8s)
✔ [5899/5908] Built DifferentialGeometry.Topology.PiecewiseLinear.Section34CompactVocabulary (3.1s)
✔ [5900/5908] Built DifferentialGeometry.Topology.PiecewiseLinear.LoopTheorem.MarkedBranchSurfaceSubdivision (2.5s)
✔ [5901/5908] Built DifferentialGeometry.Topology.PiecewiseLinear.PLSphereLocallyPlanar (1.9s)
✔ [5902/5908] Built DifferentialGeometry.Topology.PiecewiseLinear.LoopTheorem.ClosedBranchTubeSurfaceProducer (4.8s)
✔ [5903/5908] Built DifferentialGeometry.Topology.PiecewiseLinear.LoopTheorem.ClosedBranchCaseOneTube (2.4s)
✔ [5904/5908] Built DifferentialGeometry.Topology.PiecewiseLinear.LoopTheorem.ClosedBranchCaseOne (3.0s)
✔ [5905/5909] Built DifferentialGeometry.Topology.PiecewiseLinear.LoopTheorem.DescentStepOrientable (4.0s)
✔ [5906/5913] Built DifferentialGeometry.Topology.PiecewiseLinear.LoopTheorem.Moise304Producer (2.0s)
✔ [5907/5913] Built DifferentialGeometry.Topology.PiecewiseLinear.CanonicalConfiguration (4.1s)
✔ [5908/5917] Built DifferentialGeometry.Topology.PiecewiseLinear.ChartTameNestedCells (3.1s)
✔ [5909/5917] Built DifferentialGeometry.Topology.PiecewiseLinear.LocalSurfaceLink (6.4s)
✔ [5910/5918] Built DifferentialGeometry.Topology.PiecewiseLinear.PseudoCell (3.6s)
✔ [5911/5918] Built DifferentialGeometry.Topology.PiecewiseLinear.ProperDiskCompression (3.0s)
✔ [5912/5920] Built DifferentialGeometry.Topology.PiecewiseLinear.PolyhedralTubeNeighborhood (2.6s)
✔ [5913/5920] Built DifferentialGeometry.Topology.PiecewiseLinear.HandlePieceSubsetOfEdgeCollars (3.6s)
✔ [5914/5920] Built DifferentialGeometry.Topology.PiecewiseLinear.Section34FaceBallVocabulary (2.7s)
✔ [5915/5921] Built DifferentialGeometry.Topology.PiecewiseLinear.FreeFaceArc (3.0s)
✔ [5916/5921] Built DifferentialGeometry.Topology.PiecewiseLinear.Section34FaceBallUpdate (2.9s)
✔ [5917/5921] Built DifferentialGeometry.Topology.PiecewiseLinear.PolyhedralTubeNeighborhoodExists (3.5s)
✔ [5918/5923] Built DifferentialGeometry.Topology.PiecewiseLinear.BallUnionFrontier (2.8s)
✔ [5919/5924] Built DifferentialGeometry.Topology.PiecewiseLinear.PolyhedralTubeTraces (5.9s)
✔ [5920/5924] Built DifferentialGeometry.Topology.PiecewiseLinear.CurveCrossingGeneralPosition (3.2s)
✔ [5921/5924] Built DifferentialGeometry.Topology.PiecewiseLinear.ChartImagePLCell (2.6s)
✔ [5922/5925] Built DifferentialGeometry.Topology.PiecewiseLinear.CompressionDiskNeighborhood (3.5s)
✔ [5923/5926] Built DifferentialGeometry.Topology.PiecewiseLinear.ChartBallGeneralPosition (3.1s)
✔ [5924/5927] Built DifferentialGeometry.Topology.PiecewiseLinear.IsPLHomeomorphIntoMonoOfIsPLCellOn (2.8s)
✔ [5925/5927] Built DifferentialGeometry.Topology.PiecewiseLinear.Section34SplitDiskIntersection (2.9s)
✔ [5926/5931] Built DifferentialGeometry.Topology.PiecewiseLinear.Section34TerminalFaceBalls (3.4s)
✔ [5927/5933] Built DifferentialGeometry.Topology.LocallyFiniteSeparation (1.6s)
✔ [5928/5933] Built DifferentialGeometry.Topology.PiecewiseLinear.LocalDiskBallNeighborhood (2.7s)
✔ [5929/5935] Built DifferentialGeometry.Topology.PiecewiseLinear.LocallyFiniteSplittingDisks (2.8s)
✔ [5930/5935] Built DifferentialGeometry.Topology.PiecewiseLinear.TopologicalCellNestedShell (9.3s)
✔ [5931/5935] Built DifferentialGeometry.Topology.PiecewiseLinear.IsCombinatorialManifoldOfLocallyFinitePLPieceIn (2.8s)
✔ [5932/5935] Built DifferentialGeometry.Topology.PiecewiseLinear.SubdivisionEndPoints (3.5s)
✔ [5933/5938] Built DifferentialGeometry.Topology.PiecewiseLinear.DiskBallNeighborhoodImage (3.4s)
✔ [5934/5938] Built DifferentialGeometry.Topology.PiecewiseLinear.SubdivisionSegmentStep (3.4s)
✔ [5935/5939] Built DifferentialGeometry.Topology.PiecewiseLinear.Section34VertexBallStar (2.9s)
✔ [5936/5939] Built DifferentialGeometry.Topology.PiecewiseLinear.TetrahedronStarComplement (2.9s)
✔ [5937/5939] Built DifferentialGeometry.Topology.PiecewiseLinear.LocallyFiniteSeparatingNeighborhoods (1.8s)
✔ [5938/5941] Built DifferentialGeometry.Topology.PiecewiseLinear.Section34ExteriorComponent (4.4s)
✔ [5939/5942] Built DifferentialGeometry.Topology.PiecewiseLinear.Section34CarrierSupportLocallyFinite (2.7s)
✔ [5940/5943] Built DifferentialGeometry.Topology.PiecewiseLinear.PLCellLocallyFiniteCover (3.2s)
✔ [5941/5943] Built DifferentialGeometry.Topology.PiecewiseLinear.Section34Statements (2.5s)
✔ [5942/5946] Built DifferentialGeometry.Topology.PiecewiseLinear.ExistsLocallyFinitePLPieceInOfIsOpen (3.8s)
✔ [5943/5947] Built DifferentialGeometry.Topology.PiecewiseLinear.SubdivisionSubordinateToCover (3.8s)
✔ [5944/5947] Built DifferentialGeometry.Topology.PiecewiseLinear.Section34Control (2.8s)
✔ [5945/5950] Built DifferentialGeometry.External.CanonicalTopology.Topology.Homology.SphereHomologyVanishing (2.5s)
✔ [5946/5950] Built DifferentialGeometry.Topology.PiecewiseLinear.Section34FaceBallNeighborhoods (3.9s)
✔ [5947/5954] Built DifferentialGeometry.Topology.Homology.HurewiczOne (2.8s)
✔ [5948/5954] Built DifferentialGeometry.Topology.PiecewiseLinear.DerivedNeighborhoodOpenRetraction (2.3s)
✔ [5949/5954] Built DifferentialGeometry.Topology.PiecewiseLinear.FirstHomologyCarrying (3.2s)
✔ [5950/5954] Built DifferentialGeometry.Topology.PiecewiseLinear.SurfaceCurveTriangulation (5.4s)
✔ [5951/5955] Built DifferentialGeometry.Topology.PiecewiseLinear.CellTraceFirstHomology (3.2s)
✔ [5952/5955] Built DifferentialGeometry.Topology.PiecewiseLinear.Section34FaceTorusHomology (3.6s)
✔ [5953/5955] Built DifferentialGeometry.Topology.PiecewiseLinear.TorusCircleHomology (3.6s)
✔ [5954/5956] Built DifferentialGeometry.Topology.PiecewiseLinear.Section34FaceBalls (6.2s)
✔ [5955/5963] Built DifferentialGeometry.Topology.PiecewiseLinear.HandleDecompositionOfEdgeCollars (4.4s)
✔ [5956/5963] Built DifferentialGeometry.Topology.CompactEmbeddingComplement (2.3s)
✔ [5957/5963] Built DifferentialGeometry.Topology.PiecewiseLinear.DerivedNeighborhoodRay (2.2s)
✔ [5958/5964] Built DifferentialGeometry.Topology.PiecewiseLinear.DerivedNeighborhoodRayEmbedding (4.3s)
✔ [5959/5964] Built DifferentialGeometry.Topology.PiecewiseLinear.SplittingDiskRim (4.2s)
✔ [5960/5964] Built DifferentialGeometry.Topology.PiecewiseLinear.BallCyclePair (2.6s)
✔ [5961/5966] Built DifferentialGeometry.Topology.PiecewiseLinear.TubeOfGraphDualCells (3.5s)
✔ [5962/5966] Built DifferentialGeometry.Topology.PiecewiseLinear.TorusSubsurfaceCarrier (4.9s)
✔ [5963/5966] Built DifferentialGeometry.Topology.PiecewiseLinear.CircleHomotopy (2.5s)
✔ [5964/5974] Built DifferentialGeometry.Topology.PiecewiseLinear.Section34CompressionTools (3.4s)
✔ [5965/5976] Built DifferentialGeometry.Topology.PiecewiseLinear.CylindricalCircle (2.8s)
✔ [5966/5976] Built DifferentialGeometry.Topology.PiecewiseLinear.CylindricalClassification (2.6s)
✔ [5967/5976] Built DifferentialGeometry.Topology.PiecewiseLinear.SphereInnermostDisk (2.7s)
✔ [5968/5978] Built DifferentialGeometry.Topology.PiecewiseLinear.SolidTorusProduct (2.6s)
✔ [5969/5978] Built DifferentialGeometry.Topology.PiecewiseLinear.CombinatorialSolidTorusOfCylindricalDiagram (3.0s)
✔ [5970/5978] Built DifferentialGeometry.Topology.PiecewiseLinear.CellFaceRecognition (926ms)
✔ [5971/5978] Built DifferentialGeometry.Topology.PiecewiseLinear.CyclicBallUnion (2.7s)
✔ [5972/5979] Built DifferentialGeometry.Topology.PiecewiseLinear.Section34FaceTorusCycle (4.3s)
✔ [5973/5980] Built DifferentialGeometry.Topology.PiecewiseLinear.Section34IncidentEdges (3.3s)
✔ [5974/5980] Built DifferentialGeometry.Topology.PiecewiseLinear.PLCellOnIntrinsicInterior (2.6s)
✔ [5975/5982] Built DifferentialGeometry.Topology.PiecewiseLinear.Section34TargetCells (3.7s)
✔ [5976/5982] Built DifferentialGeometry.Topology.PiecewiseLinear.PLCellPullback (2.6s)
✔ [5977/5982] Built DifferentialGeometry.Topology.PiecewiseLinear.Section34TargetRecognitionOfTiling (4.6s)
✔ [5978/5982] Built DifferentialGeometry.Topology.PiecewiseLinear.Section34TraceArcs (4.5s)
✔ [5979/5983] Built DifferentialGeometry.Topology.PiecewiseLinear.PLCellSphereCover (2.3s)
✔ [5980/5983] Built DifferentialGeometry.Topology.PiecewiseLinear.Section34FaceDisks (4.7s)
✔ [5981/5984] Built DifferentialGeometry.Topology.PiecewiseLinear.Section34SourceFacets (2.8s)
✔ [5982/5986] Built DifferentialGeometry.Topology.PiecewiseLinear.GraphSimplexCofaces (1.0s)
✔ [5983/5989] Built DifferentialGeometry.Topology.PiecewiseLinear.PLCellOnEndpoints (2.4s)
✔ [5984/5989] Built DifferentialGeometry.Topology.PiecewiseLinear.Section34SourceCutOrder (3.2s)
✔ [5985/5989] Built DifferentialGeometry.Topology.PiecewiseLinear.Section34SplitDisksDisjoint (2.5s)
✔ [5986/5989] Built DifferentialGeometry.Topology.PiecewiseLinear.Section34SourceArcEndpoints (2.5s)
✔ [5987/5989] Built DifferentialGeometry.Topology.PiecewiseLinear.Section34SourceIncidence (3.4s)
✔ [5988/5992] Built DifferentialGeometry.Topology.PiecewiseLinear.Section34SourceFaceOrder (3.0s)
✔ [5989/5992] Built DifferentialGeometry.Topology.BicollarLocalSide (2.3s)
✔ [5990/5992] Built DifferentialGeometry.Topology.PiecewiseLinear.PLCellOnClosure (2.5s)
✔ [5991/5995] Built DifferentialGeometry.Topology.PiecewiseLinear.PLCellChartLocalSide (2.6s)
✔ [5992/5995] Built DifferentialGeometry.Topology.PiecewiseLinear.Section34CompactSplitDiskIntersection (2.9s)
✔ [5993/5996] Built DifferentialGeometry.Topology.PiecewiseLinear.Section34CompactFacePoset (3.6s)
✔ [5994/5996] Built DifferentialGeometry.Topology.PiecewiseLinear.Section34CompactSourceIncidence (2.0s)
✔ [5995/6000] Built DifferentialGeometry.Topology.PiecewiseLinear.Section34CompactFaceEnvelopes (4.5s)
✔ [5996/6001] Built DifferentialGeometry.Topology.PiecewiseLinear.LoopTheoremDiskVocabulary (2.4s)
✔ [5997/6006] Built DifferentialGeometry.Topology.PiecewiseLinear.LoopTheoremDiskPrism (3.0s)
✔ [5998/6006] Built DifferentialGeometry.Topology.PiecewiseLinear.Section34CompactIncidentEdges (3.1s)
✔ [5999/6006] Built DifferentialGeometry.Topology.PiecewiseLinear.Section34CompactGeneralPosition (4.5s)
✔ [6000/6006] Built DifferentialGeometry.Topology.PiecewiseLinear.SubdivisionEdgePath (3.5s)
✔ [6001/6009] Built DifferentialGeometry.Topology.PiecewiseLinear.Section34CompactTargetCells (3.3s)
✔ [6002/6009] Built DifferentialGeometry.Topology.PiecewiseLinear.Section34CompactTetraSkeleton (3.0s)
✔ [6003/6009] Built DifferentialGeometry.Topology.PiecewiseLinear.PLArcChainUnion (3.1s)
✔ [6004/6009] Built DifferentialGeometry.Topology.PiecewiseLinear.Section34CompactClawBall (5.4s)
✔ [6005/6009] Built DifferentialGeometry.Topology.PiecewiseLinear.CircleArcSplit (3.2s)
✔ [6006/6014] Built DifferentialGeometry.Topology.PiecewiseLinear.Section34CompactTetraClaws (4.3s)
✔ [6007/6014] Built DifferentialGeometry.Topology.PiecewiseLinear.Section34CompactTetraHoles (3.4s)
✔ [6008/6014] Built DifferentialGeometry.Topology.PiecewiseLinear.SphereCellComplement (2.5s)
✔ [6009/6014] Built DifferentialGeometry.Topology.PiecewiseLinear.Section34CompactFaceRuns (3.2s)
✔ [6010/6016] Built DifferentialGeometry.Topology.PiecewiseLinear.PLDiskCapRemoval (3.7s)
✔ [6011/6020] Built DifferentialGeometry.Topology.PiecewiseLinear.PLDiskArcGluing (3.3s)
✔ [6012/6020] Built DifferentialGeometry.Topology.PiecewiseLinear.Section34CompressionPocket (4.1s)
✔ [6013/6020] Built DifferentialGeometry.Topology.PiecewiseLinear.SphereCircleCapSplit (4.2s)
✔ [6014/6020] Built DifferentialGeometry.Topology.PiecewiseLinear.PLDiskFamilyGluing (3.6s)
✔ [6015/6020] Built DifferentialGeometry.Topology.PiecewiseLinear.BallLocalSide (3.2s)
✔ [6016/6021] Built DifferentialGeometry.Topology.PiecewiseLinear.Section34CompactTetraCircle (3.5s)
✔ [6017/6021] Built DifferentialGeometry.Topology.PiecewiseLinear.TwoBallPocket (6.3s)
✔ [6018/6021] Built DifferentialGeometry.Topology.PiecewiseLinear.Section34CompactTetraBall (4.9s)
✔ [6019/6022] Built DifferentialGeometry.Topology.PiecewiseLinear.FourDiskPocket (3.2s)
✔ [6020/6022] Built DifferentialGeometry.Topology.PiecewiseLinear.Section34CompactResidualBall (4.2s)
✔ [6021/6030] Built DifferentialGeometry.Topology.PiecewiseLinear.PLCellChartGluing (2.5s)
✔ [6022/6031] Built DifferentialGeometry.Topology.PiecewiseLinear.Section34TetraSkeleton (2.6s)
✔ [6023/6031] Built DifferentialGeometry.Topology.PiecewiseLinear.Section34TetraPaths (2.9s)
✔ [6024/6031] Built DifferentialGeometry.Topology.PiecewiseLinear.PLDiskChartArcSplit (2.3s)
✔ [6025/6031] Built DifferentialGeometry.Topology.PiecewiseLinear.Section34TetraClaws (3.1s)
✔ [6026/6035] Built DifferentialGeometry.Topology.PiecewiseLinear.Section34TetraEdges (2.0s)
✔ [6027/6042] Built DifferentialGeometry.Topology.PiecewiseLinear.Section34ClawIncidence (2.3s)
✔ [6028/6042] Built DifferentialGeometry.Topology.PiecewiseLinear.LocallyFiniteManifoldCofaces (1.9s)
✔ [6029/6042] Built DifferentialGeometry.Topology.PiecewiseLinear.Section34ClawBall (3.7s)
✔ [6030/6042] Built DifferentialGeometry.Topology.PiecewiseLinear.Section34TetraFaces (2.4s)
✔ [6031/6043] Built DifferentialGeometry.Topology.PiecewiseLinear.Section34TetraCarriers (2.3s)
✔ [6032/6045] Built DifferentialGeometry.Topology.PiecewiseLinear.Section34TetraHoles (2.4s)
✔ [6033/6045] Built DifferentialGeometry.Topology.PiecewiseLinear.Section34FaceDiskIncidence (2.3s)
✔ [6034/6045] Built DifferentialGeometry.Topology.PiecewiseLinear.Section34CompactResidualForeign (2.6s)
✔ [6035/6047] Built DifferentialGeometry.Topology.PiecewiseLinear.Section34ClawHoles (2.8s)
✔ [6036/6047] Built DifferentialGeometry.Topology.PiecewiseLinear.CircleArcCycle (2.5s)
✔ [6037/6049] Built DifferentialGeometry.Topology.PiecewiseLinear.Section34FaceRuns (2.5s)
✔ [6038/6051] Built DifferentialGeometry.Topology.PiecewiseLinear.PLCellChartBoundary (2.1s)
✔ [6039/6053] Built DifferentialGeometry.Topology.PiecewiseLinear.Section34CompactResidualPatch (2.9s)
✔ [6040/6053] Built DifferentialGeometry.Topology.PiecewiseLinear.Section34TetraFaceRuns (3.3s)
✔ [6041/6053] Built DifferentialGeometry.Topology.PiecewiseLinear.Section34PatchEnumeration (4.0s)
✔ [6042/6053] Built DifferentialGeometry.Topology.PiecewiseLinear.PLCellChartCircleRuns (2.7s)
✔ [6043/6053] Built DifferentialGeometry.Topology.PiecewiseLinear.PLDiskChartGluing (2.4s)
✔ [6044/6056] Built DifferentialGeometry.Topology.PiecewiseLinear.Section34TetraPocket (3.8s)
✔ [6045/6057] Built DifferentialGeometry.Topology.PiecewiseLinear.Section34ResidualBall (4.1s)
✔ [6046/6061] Built DifferentialGeometry.Topology.PiecewiseLinear.Section34ResidualLocalSide (2.6s)
✔ [6047/6061] Built DifferentialGeometry.Topology.PiecewiseLinear.Section34TetraCofaces (2.4s)
✔ [6048/6061] Built DifferentialGeometry.Topology.PiecewiseLinear.Section34ResidualForeignVertex (2.8s)
✔ [6049/6061] Built DifferentialGeometry.Topology.PiecewiseLinear.PLCellBoundaryConnected (2.1s)
✔ [6050/6061] Built DifferentialGeometry.Topology.PiecewiseLinear.Section34ResidualForeignFace (2.8s)
✔ [6051/6061] Built DifferentialGeometry.Topology.PiecewiseLinear.Section34ResidualBoundary (2.5s)
✔ [6052/6061] Built DifferentialGeometry.Topology.PiecewiseLinear.Section34ResidualPairs (2.7s)
✔ [6053/6063] Built DifferentialGeometry.Topology.PiecewiseLinear.Section34ResidualPatchSides (2.8s)
✔ [6054/6063] Built DifferentialGeometry.Topology.PiecewiseLinear.Section34ResidualCoverLocal (2.5s)
✔ [6055/6063] Built DifferentialGeometry.Topology.PiecewiseLinear.Section34BigonBall (2.6s)
✔ [6056/6063] Built DifferentialGeometry.Topology.PiecewiseLinear.Section34ResidualPatch (2.6s)
✔ [6057/6063] Built DifferentialGeometry.Topology.PiecewiseLinear.Section34BigonCarrier (2.7s)
✔ [6058/6064] Built DifferentialGeometry.Topology.PiecewiseLinear.Section34ResidualPatchCells (2.7s)
✔ [6059/6068] Built DifferentialGeometry.Topology.PiecewiseLinear.Section34ResidualUnion (2.5s)
✔ [6060/6068] Built DifferentialGeometry.Topology.PiecewiseLinear.LocallyFiniteHomeomorphTower (2.2s)
✔ [6061/6068] Built DifferentialGeometry.Topology.PiecewiseLinear.Section34ResidualEdgeCover (2.6s)
✔ [6062/6068] Built DifferentialGeometry.Topology.PiecewiseLinear.ManifoldPointMove (2.0s)
✔ [6063/6069] Built DifferentialGeometry.Topology.PiecewiseLinear.Section34ResidualVertexCover (2.9s)
✔ [6064/6069] Built DifferentialGeometry.Topology.PiecewiseLinear.LocallyFiniteSupportedModification (2.3s)
✔ [6065/6069] Built DifferentialGeometry.Topology.PiecewiseLinear.BigonBoundaryCrossing (2.8s)
✔ [6066/6069] Built DifferentialGeometry.Topology.PiecewiseLinear.Section34ResidualBalls (2.6s)
✔ [6067/6069] Built DifferentialGeometry.Topology.PiecewiseLinear.Section34BigonExterior (2.3s)
✔ [6068/6070] Built DifferentialGeometry.Topology.PiecewiseLinear.Section34BigonInvariantUpdate (2.4s)
✔ [6069/6071] Built DifferentialGeometry.Topology.PiecewiseLinear.HandlePieceEulerChar (4.2s)
✔ [6070/6073] Built DifferentialGeometry.Topology.PiecewiseLinear.DerivedNeighborhoodSurgery (2.6s)
✔ [6071/6076] Built DifferentialGeometry.Topology.PiecewiseLinear.IntervalOrderExtension (2.1s)
✔ [6072/6080] Built DifferentialGeometry.Topology.PiecewiseLinear.JordanRelativeMatching (2.8s)
✔ [6073/6081] Built DifferentialGeometry.Topology.PiecewiseLinear.TopologicalCellInterior (1.0s)
✔ [6074/6081] Built DifferentialGeometry.Topology.PiecewiseLinear.NestedJordanCurves (2.3s)
✔ [6075/6081] Built DifferentialGeometry.Topology.PiecewiseLinear.PlanarCellUnion (2.2s)
✔ [6076/6081] Built DifferentialGeometry.Topology.PiecewiseLinear.LoopTheoremDiskMeetsPseudoCells (2.0s)
✔ [6077/6082] Built DifferentialGeometry.Topology.PiecewiseLinear.ConsecutiveCellUnion (2.4s)
✔ [6078/6082] Built DifferentialGeometry.Topology.PiecewiseLinear.PolyhedralTubeOuterTrace (3.5s)
✔ [6079/6082] Built DifferentialGeometry.Topology.PiecewiseLinear.ChartPush (2.9s)
✔ [6080/6086] Built DifferentialGeometry.Topology.PiecewiseLinear.PolyhedralTubeSinglePolygonTraces (3.0s)
✔ [6081/6086] Built DifferentialGeometry.Topology.PiecewiseLinear.HandlePieceChart (3.1s)
✔ [6082/6088] Built DifferentialGeometry.Topology.PiecewiseLinear.SurfaceInteriorFrontierOpen (2.1s)
✔ [6083/6088] Built DifferentialGeometry.Topology.PiecewiseLinear.PlanarBoundaryCollars (2.8s)
✔ [6084/6088] Built DifferentialGeometry.Topology.PiecewiseLinear.PseudoCellFlatChart (3.5s)
✔ [6085/6089] Built DifferentialGeometry.Topology.PiecewiseLinear.PlanarOuterCollar (2.6s)
✔ [6086/6089] Built DifferentialGeometry.Topology.PiecewiseLinear.HandlePiecePushOff (2.7s)
✔ [6087/6089] Built DifferentialGeometry.Topology.PiecewiseLinear.JordanDiskPasting (2.8s)
✔ [6088/6097] Built DifferentialGeometry.Topology.PiecewiseLinear.LoopTheoremDiskPushOff (2.1s)
✔ [6089/6097] Built DifferentialGeometry.Topology.PiecewiseLinear.CellGluingSphere (3.2s)
✔ [6090/6097] Built DifferentialGeometry.Topology.PiecewiseLinear.PseudoCellSubdisk (2.9s)
✔ [6091/6097] Built DifferentialGeometry.Topology.PiecewiseLinear.PolyhedralDiskRecognition (2.3s)
✔ [6092/6098] Built DifferentialGeometry.Topology.PiecewiseLinear.PseudoCellChartDisks (2.2s)
✔ [6093/6099] Built DifferentialGeometry.Topology.PiecewiseLinear.PseudoCellCircleDisk (2.4s)
✔ [6094/6099] Built DifferentialGeometry.Topology.PiecewiseLinear.SphericalDiskNeighborhood (1.0s)
✔ [6095/6103] Built DifferentialGeometry.Topology.PiecewiseLinear.LoopTheoremDiskCircleStep (4.1s)
✔ [6096/6103] Built DifferentialGeometry.Topology.PiecewiseLinear.SphericalDiskStraightening (2.0s)
✔ [6097/6103] Built DifferentialGeometry.Topology.PiecewiseLinear.LoopTheoremDiskArcSide (2.5s)
✔ [6098/6103] Built DifferentialGeometry.Topology.PiecewiseLinear.SimplexHalfspaceCoordinates (1.3s)
✔ [6099/6103] Built DifferentialGeometry.Topology.PiecewiseLinear.Section34BigonSupport (2.2s)
✔ [6100/6104] Built DifferentialGeometry.Topology.PiecewiseLinear.SphericalDiskChart (2.5s)
✔ [6101/6104] Built DifferentialGeometry.Topology.PiecewiseLinear.SphericalDiskPlaneChart (2.1s)
✔ [6102/6104] Built DifferentialGeometry.Topology.PiecewiseLinear.CommonCircleDerivedNeighborhood (1.9s)
✔ [6103/6113] Built DifferentialGeometry.Topology.PiecewiseLinear.Section34BigonChart (3.2s)
✔ [6104/6116] Built DifferentialGeometry.Topology.PiecewiseLinear.PrismMap (2.3s)
✔ [6105/6116] Built DifferentialGeometry.Topology.PiecewiseLinear.BrokenLine (3.1s)
✔ [6106/6116] Built DifferentialGeometry.Topology.PiecewiseLinear.PrismInterval (2.3s)
✔ [6107/6116] Built DifferentialGeometry.Topology.PiecewiseLinear.CrossingTraceCircles (3.8s)
✔ [6108/6118] Built DifferentialGeometry.Topology.PiecewiseLinear.PrismHomotopy (2.4s)
✔ [6109/6121] Built DifferentialGeometry.Topology.PiecewiseLinear.PrismArc (2.4s)
✔ [6110/6121] Built DifferentialGeometry.Topology.PiecewiseLinear.CurveCrossingRestriction (2.6s)
✔ [6111/6121] Built DifferentialGeometry.Topology.PiecewiseLinear.BranchCollarPrism (2.3s)
✔ [6112/6123] Built DifferentialGeometry.Topology.PiecewiseLinear.BranchCollarPrismLevel (2.5s)
✔ [6113/6123] Built DifferentialGeometry.Topology.PiecewiseLinear.BigonCrosscutBypass (2.4s)
✔ [6114/6123] Built DifferentialGeometry.Topology.PiecewiseLinear.DisplacedArcConnected (2.2s)
✔ [6115/6123] Built DifferentialGeometry.Topology.PiecewiseLinear.BigonDiskMove (2.1s)
✔ [6116/6123] Built DifferentialGeometry.Topology.PiecewiseLinear.PlanarDiskArcNeighborhood (2.6s)
✔ [6117/6125] Built DifferentialGeometry.Topology.PiecewiseLinear.CircleArcNeighborhood (2.0s)
✔ [6118/6128] Built DifferentialGeometry.Topology.PiecewiseLinear.PlanarChartArcNeighborhood (2.2s)
✔ [6119/6128] Built DifferentialGeometry.Topology.PiecewiseLinear.CrossingTraceArcNeighborhood (2.0s)
✔ [6120/6130] Built DifferentialGeometry.Topology.PiecewiseLinear.PrismBoundaryExtension (2.2s)
✔ [6121/6130] Built DifferentialGeometry.Topology.PiecewiseLinear.PlanarBigonNeighborhood (2.4s)
✔ [6122/6130] Built DifferentialGeometry.Topology.PiecewiseLinear.DiskMapHalfspaceHomotopy (1.0s)
✔ [6123/6130] Built DifferentialGeometry.Topology.PiecewiseLinear.Section34BigonTrace (2.9s)
✔ [6124/6130] Built DifferentialGeometry.Topology.PiecewiseLinear.DiskMapHalfspaceExtension (2.8s)
✔ [6125/6133] Built DifferentialGeometry.Topology.PiecewiseLinear.SupportedCrossingRemoval (1.0s)
✔ [6126/6133] Built DifferentialGeometry.Topology.PiecewiseLinear.Section34BigonNeighborhood (3.5s)
✔ [6127/6133] Built DifferentialGeometry.Topology.PiecewiseLinear.DiskMapHalfspaceScaling (2.4s)
✔ [6128/6134] Built DifferentialGeometry.Topology.PiecewiseLinear.SlabWedgePush (2.4s)
✔ [6129/6135] Built DifferentialGeometry.Topology.PiecewiseLinear.ChartDiskMove (2.4s)
✔ [6130/6135] Built DifferentialGeometry.Topology.PiecewiseLinear.SlabWedgeConjugation (2.1s)
✔ [6131/6136] Built DifferentialGeometry.Topology.PiecewiseLinear.ChartCellConjugation (2.4s)
✔ [6132/6137] Built DifferentialGeometry.Topology.PiecewiseLinear.ChartDiskCrossings (2.1s)
✔ [6133/6137] Built DifferentialGeometry.Topology.PiecewiseLinear.ChartCrossingConjugation (2.1s)
✔ [6134/6137] Built DifferentialGeometry.Topology.PiecewiseLinear.ChartSupportedHomology (2.1s)
✔ [6135/6140] Built DifferentialGeometry.Topology.PiecewiseLinear.ChartBigonRemoval (2.3s)
✔ [6136/6140] Built DifferentialGeometry.Topology.PiecewiseLinear.Section34TraceTransport (2.0s)
✔ [6137/6140] Built DifferentialGeometry.Topology.PiecewiseLinear.SupportedCurveCrossings (2.1s)
✔ [6138/6142] Built DifferentialGeometry.Topology.PiecewiseLinear.Section34BigonModelUpdate (2.8s)
✔ [6139/6143] Built DifferentialGeometry.Topology.PiecewiseLinear.Section34BigonSlide (5.3s)
✔ [6140/6143] Built DifferentialGeometry.Topology.PiecewiseLinear.Section34CompactTraceHomology (2.4s)
✔ [6141/6143] Built DifferentialGeometry.Topology.PiecewiseLinear.Section34CompressionCases (2.5s)
✔ [6142/6147] Built DifferentialGeometry.Topology.PiecewiseLinear.Section34CompressionInside (4.4s)
✔ [6143/6147] Built DifferentialGeometry.Topology.PiecewiseLinear.Section34CrossingQuadrant (5.1s)
✔ [6144/6150] Built DifferentialGeometry.Topology.PiecewiseLinear.Section34WedgeLift (4.6s)
✔ [6145/6151] Built DifferentialGeometry.Topology.PiecewiseLinear.Section34CompressionSide (8.8s)
✔ [6146/6153] Built DifferentialGeometry.Topology.PiecewiseLinear.Section34CompressionOutsideTools (2.6s)
✔ [6147/6153] Built DifferentialGeometry.Topology.PiecewiseLinear.Section34CompressionShell (3.1s)
✔ [6148/6153] Built DifferentialGeometry.Topology.PiecewiseLinear.Section34CompressionReroute (1.8s)
✔ [6149/6153] Built DifferentialGeometry.Topology.PiecewiseLinear.Section34CompressionOutsideUpdate (2.5s)
✔ [6150/6153] Built DifferentialGeometry.Topology.PiecewiseLinear.Section34CompressionTraceCarry (2.3s)
✔ [6151/6153] Built DifferentialGeometry.Topology.PiecewiseLinear.Section34CompressionChartBall (2.6s)
✔ [6152/6162] Built DifferentialGeometry.Topology.PiecewiseLinear.Section34CompressionOutside (17s)
✔ [6153/6162] Built DifferentialGeometry.Topology.PiecewiseLinear.Section34TubePrism (5.1s)
✔ [6154/6162] Built DifferentialGeometry.Topology.PiecewiseLinear.Section34TubeCrossing (5.1s)
✔ [6155/6162] Built DifferentialGeometry.Topology.PiecewiseLinear.Section34TubeChain (2.5s)
✔ [6156/6163] Built DifferentialGeometry.Topology.PiecewiseLinear.Section34TubeGeneralPosition (2.9s)
✔ [6157/6166] Built DifferentialGeometry.Topology.PiecewiseLinear.Section34TubeGeneralPath (3.2s)
✔ [6158/6166] Built DifferentialGeometry.Topology.PiecewiseLinear.Section34FaceVertexCycle (2.5s)
✔ [6159/6166] Built DifferentialGeometry.Topology.PiecewiseLinear.Section34TubeArc (3.8s)
✔ [6160/6166] Built DifferentialGeometry.Topology.PiecewiseLinear.Section34SourceVertexAdjacency (2.5s)
✔ [6161/6166] Built DifferentialGeometry.Topology.PiecewiseLinear.Section34ThroughTube (6.2s)
✔ [6162/6166] Built DifferentialGeometry.Topology.PiecewiseLinear.Section34IntrinsicFaceCycle (2.8s)
✔ [6163/6170] Built DifferentialGeometry.Topology.PiecewiseLinear.Section34CompressionOutsideTube (20s)
✔ [6164/6170] Built DifferentialGeometry.Topology.PiecewiseLinear.Section34IntrinsicTraceLocalization (2.7s)
✔ [6165/6170] Built DifferentialGeometry.Topology.PiecewiseLinear.Section34CompressionLeaf (2.6s)
✔ [6166/6171] Built DifferentialGeometry.Topology.PiecewiseLinear.Section34PiercingNonempty (2.1s)
✔ [6167/6173] Built DifferentialGeometry.Topology.PiecewiseLinear.Section34PiercingComponentStability (2.1s)
✔ [6168/6173] Built DifferentialGeometry.Topology.PiecewiseLinear.LocalLinePolyhedron (3.3s)
✔ [6169/6174] Built DifferentialGeometry.Topology.PiecewiseLinear.Section34PiercingSourceBicollar (2.4s)
✔ [6170/6174] Built DifferentialGeometry.Topology.PiecewiseLinear.PLModelCellRestriction (2.2s)
✔ [6171/6175] Built DifferentialGeometry.Topology.PiecewiseLinear.PolyhedralSphereInclusion (2.1s)
✔ [6172/6176] Built DifferentialGeometry.Topology.PiecewiseLinear.PLModelIntersection (2.1s)
✔ [6173/6176] Built DifferentialGeometry.Topology.PiecewiseLinear.ModelLineCharts (2.2s)
✔ [6174/6176] Built DifferentialGeometry.Topology.PiecewiseLinear.PolyhedralSphereImage (2.1s)
✔ [6175/6177] Built DifferentialGeometry.Topology.PiecewiseLinear.RegularFrontierLineChart (2.4s)
✔ [6176/6179] Built DifferentialGeometry.Topology.PiecewiseLinear.CrossingInteriorClosure (2.8s)
✔ [6177/6181] Built DifferentialGeometry.Topology.PiecewiseLinear.Section34ImageLocalFiniteness (2.9s)
✔ [6178/6181] Built DifferentialGeometry.Topology.PiecewiseLinear.Section34FaceTorusFrontier (2.0s)
✔ [6179/6182] Built DifferentialGeometry.Topology.PiecewiseLinear.PLCellOnInterior (2.8s)
✔ [6180/6184] Built DifferentialGeometry.Topology.PiecewiseLinear.CyclicBallModel (2.7s)
✔ [6181/6184] Built DifferentialGeometry.Topology.PiecewiseLinear.LocallyFinitePieceCellModel (2.6s)
✔ [6182/6184] Built DifferentialGeometry.Topology.PiecewiseLinear.LocallyFinitePieceRestriction (2.7s)
✔ [6183/6192] Built DifferentialGeometry.Topology.PiecewiseLinear.LocallyFinitePieceCellImage (6.6s)
✔ [6184/6192] Built DifferentialGeometry.Topology.PiecewiseLinear.PLCellIntersectionBoundary (2.4s)
✔ [6185/6192] Built DifferentialGeometry.Topology.PiecewiseLinear.Section34SourceFaceTorusModel (5.0s)
✔ [6186/6192] Built DifferentialGeometry.Topology.PiecewiseLinear.LocallyFinitePieceIntersectionBoundary (1.0s)
✔ [6187/6192] Built DifferentialGeometry.Topology.PiecewiseLinear.LocallyFinitePieceBallUnion (2.2s)
✔ [6188/6192] Built DifferentialGeometry.Topology.PiecewiseLinear.Section34SourceTetraBuffer (2.8s)
✔ [6189/6196] Built DifferentialGeometry.Topology.PiecewiseLinear.Section34IntrinsicFaceTorusModel (2.5s)
✔ [6190/6196] Built DifferentialGeometry.Topology.PiecewiseLinear.Section34IntrinsicTraceCircles (2.6s)
✔ [6191/6196] Built DifferentialGeometry.Topology.Homology.LiftedSphere (2.2s)
✔ [6192/6196] Built DifferentialGeometry.Topology.PiecewiseLinear.Section34IntrinsicTraceCrossing (2.4s)
✔ [6193/6196] Built DifferentialGeometry.Topology.PiecewiseLinear.TopologicalSolidTorusHomology (2.3s)
✔ [6194/6197] Built DifferentialGeometry.Topology.PiecewiseLinear.PLModelTopology (2.3s)
✔ [6195/6199] Built DifferentialGeometry.Topology.PiecewiseLinear.PLModelHomologyCarrying (2.3s)
✔ [6196/6199] Built DifferentialGeometry.Topology.PiecewiseLinear.CylindricalSurface (2.3s)
✔ [6197/6204] Built DifferentialGeometry.Topology.PiecewiseLinear.ManifoldBallInclusion (2.2s)
✔ [6198/6204] Built DifferentialGeometry.Topology.PiecewiseLinear.CylindricalFrontier (2.4s)
✔ [6199/6205] Built DifferentialGeometry.Topology.PiecewiseLinear.CarriesGeneratorOrIsPLCellOfDisjointCarrier (2.1s)
✔ [6200/6205] Built DifferentialGeometry.Topology.PiecewiseLinear.EssentialPolygonProductCoordinates (3.0s)
✔ [6201/6205] Built DifferentialGeometry.Topology.FundamentalGroup.CyclicProductMap (1.6s)
✔ [6202/6206] Built DifferentialGeometry.Topology.PiecewiseLinear.CylindricalBoundaryMeridian (2.4s)
✔ [6203/6206] Built DifferentialGeometry.Topology.PiecewiseLinear.CyclicBallMeridians (2.3s)
✔ [6204/6206] Built DifferentialGeometry.Topology.PiecewiseLinear.SolidTorusHurewiczOne (2.5s)
✔ [6205/6212] Built DifferentialGeometry.Topology.PiecewiseLinear.Section34IntrinsicMeridianSystem (4.2s)
✔ [6206/6212] Built DifferentialGeometry.Topology.Homology.InfiniteCyclicDegree (1.5s)
✔ [6207/6213] Built DifferentialGeometry.Topology.PiecewiseLinear.TorusTraceCircles (2.1s)
✔ [6208/6213] Built DifferentialGeometry.Topology.PiecewiseLinear.TorusTracePrimitiveHomology (2.1s)
✔ [6209/6213] Built DifferentialGeometry.Topology.PiecewiseLinear.PLCellBoundaryComplement (2.0s)
✔ [6210/6214] Built DifferentialGeometry.Topology.PiecewiseLinear.SolidTorusHomologyCarrying (2.0s)
✔ [6211/6214] Built DifferentialGeometry.Topology.PiecewiseLinear.LinkGraphConnectivity (1.0s)
✔ [6212/6218] Built DifferentialGeometry.Topology.PiecewiseLinear.TorusMeridianLongitude (2.2s)
✔ [6213/6218] Built DifferentialGeometry.Topology.PiecewiseLinear.Section34IntrinsicTraceLongitude (2.5s)
✔ [6214/6221] Built DifferentialGeometry.Topology.PiecewiseLinear.SubdivisionEdgeEnds (1.9s)
✔ [6215/6222] Built DifferentialGeometry.Topology.PiecewiseLinear.LocallyFiniteSubdivisionEdgeEnds (2.6s)
✔ [6216/6223] Built DifferentialGeometry.Topology.PiecewiseLinear.Section34EdgeCarriers (2.6s)
✔ [6217/6223] Built DifferentialGeometry.Topology.LocallyFiniteFrontier (1.1s)
✔ [6218/6225] Built DifferentialGeometry.Topology.PiecewiseLinear.Section34VertexLink (2.5s)
✔ [6219/6225] Built DifferentialGeometry.Topology.PiecewiseLinear.Section34LinkPropagation (2.7s)
✔ [6220/6225] Built DifferentialGeometry.Topology.PiecewiseLinear.PLCellPairFrontier (2.2s)
✔ [6221/6225] Built DifferentialGeometry.Topology.PiecewiseLinear.Section34PuncturedLink (2.5s)
✔ [6222/6225] Built DifferentialGeometry.Topology.PiecewiseLinear.Section34VertexPairModel (2.3s)
✔ [6223/6225] Built DifferentialGeometry.Topology.PiecewiseLinear.Section34MouthConnectivity (2.4s)
✔ [6224/6228] Built DifferentialGeometry.Topology.PiecewiseLinear.Section34VertexFrontier (2.5s)
✔ [6225/6229] Built DifferentialGeometry.Topology.PiecewiseLinear.CurveCrossingExtrema (2.5s)
✔ [6226/6230] Built DifferentialGeometry.Topology.PiecewiseLinear.CurveCrossingLiftExtrema (2.1s)
✔ [6227/6235] Built DifferentialGeometry.Topology.Connected.MarkedExcursion (1.4s)
✔ [6228/6235] Built DifferentialGeometry.Topology.PiecewiseLinear.CurveCrossingChartExtrema (2.1s)
✔ [6229/6235] Built DifferentialGeometry.Topology.LoopSpace.PrimitiveCircleLift (1.5s)
✔ [6230/6235] Built DifferentialGeometry.Topology.PiecewiseLinear.CircleLiftArc (2.2s)
✔ [6231/6235] Built DifferentialGeometry.Topology.PiecewiseLinear.TorusMeridianReturn (2.3s)
✔ [6232/6235] Built DifferentialGeometry.Topology.PiecewiseLinear.TorusMeridianReturnLift (2.3s)
✔ [6233/6237] Built DifferentialGeometry.Topology.PiecewiseLinear.TorusMeridianReturnCharts (2.3s)
✔ [6234/6239] Built DifferentialGeometry.Topology.PiecewiseLinear.Section34IntrinsicExcessCrossingsReturn (2.7s)
✔ [6235/6241] Built DifferentialGeometry.Topology.Connected.FiniteIntervalCuts (1.3s)
✔ [6236/6241] Built DifferentialGeometry.Topology.PiecewiseLinear.CircleComplementaryArc (2.1s)
✔ [6237/6241] Built DifferentialGeometry.Topology.PiecewiseLinear.ArcBoundaryCuts (1.0s)
✔ [6238/6241] Built DifferentialGeometry.Topology.PiecewiseLinear.PLModelArcCuts (2.3s)
✔ [6239/6241] Built DifferentialGeometry.Topology.PiecewiseLinear.CircleDiskSubarc (2.0s)
✔ [6240/6245] Built DifferentialGeometry.Topology.PiecewiseLinear.PLModelCircleCrosscut (2.3s)
✔ [6241/6246] Built DifferentialGeometry.Topology.PiecewiseLinear.PLCellOnLocalInterior (2.0s)
✔ [6242/6246] Built DifferentialGeometry.Topology.PiecewiseLinear.PLCellBoundaryDiskComplement (2.1s)
✔ [6243/6246] Built DifferentialGeometry.Topology.PiecewiseLinear.CurveCrossingCellInterior (2.7s)
✔ [6244/6247] Built DifferentialGeometry.Topology.PiecewiseLinear.CurveCrossingArcCharts (2.3s)
✔ [6245/6247] Built DifferentialGeometry.Topology.PiecewiseLinear.CrossingCellSeam (2.0s)
✔ [6246/6249] Built DifferentialGeometry.Topology.PiecewiseLinear.DiskCrosscutPair (2.9s)
✔ [6247/6249] Built DifferentialGeometry.Topology.PiecewiseLinear.ArcSubinterval (2.1s)
✔ [6248/6254] Built DifferentialGeometry.Topology.PiecewiseLinear.DiskCrosscutContainment (2.1s)
✔ [6249/6254] Built DifferentialGeometry.Topology.PiecewiseLinear.PLDiskCircleComplement (2.2s)
✔ [6250/6254] Built DifferentialGeometry.Topology.PiecewiseLinear.SurfaceDiskSeparation (2.1s)
✔ [6251/6258] Built DifferentialGeometry.Topology.PiecewiseLinear.InnermostBoundaryDisk (2.4s)
✔ [6252/6258] Built DifferentialGeometry.Topology.PiecewiseLinear.TorusDisjointCircleFilling (2.0s)
✔ [6253/6258] Built DifferentialGeometry.Topology.PiecewiseLinear.OutermostCircleCrosscut (2.3s)
✔ [6254/6258] Built DifferentialGeometry.Topology.PiecewiseLinear.Section34IntrinsicDiskLocalization (2.9s)
✔ [6255/6260] Built DifferentialGeometry.Topology.PiecewiseLinear.ModelTorusTraceCarrying (2.3s)
✔ [6256/6260] Built DifferentialGeometry.Topology.PiecewiseLinear.Section34IntrinsicSeamArcSides (2.8s)
✔ [6257/6260] Built DifferentialGeometry.Topology.PiecewiseLinear.Section34IntrinsicPolygonFilling (2.7s)
✔ [6258/6261] Built DifferentialGeometry.Topology.PiecewiseLinear.Section34IntrinsicSeamCrossing (2.4s)
✔ [6259/6261] Built DifferentialGeometry.Topology.PiecewiseLinear.Section34IntrinsicVertexTrace (2.3s)
✔ [6260/6263] Built DifferentialGeometry.Topology.PiecewiseLinear.PLCellBoundaryCircleFilling (2.1s)
✔ [6261/6266] Built DifferentialGeometry.Topology.PiecewiseLinear.LocalDiskSeparation (2.1s)
✔ [6262/6269] Built DifferentialGeometry.Topology.PiecewiseLinear.LocalInnermostDisk (2.2s)
✔ [6263/6271] Built DifferentialGeometry.Topology.Connected.RelativeBoundary (971ms)
✔ [6264/6271] Built DifferentialGeometry.Topology.PiecewiseLinear.Section34VertexIncidentFacesFinite (2.1s)
✔ [6265/6271] Built DifferentialGeometry.Topology.PiecewiseLinear.PLCellBoundaryDiskSeparation (1.0s)
✔ [6266/6272] Built DifferentialGeometry.Topology.PiecewiseLinear.Section34ReturnDiskBoundary (2.3s)
✔ [6267/6273] Built DifferentialGeometry.Topology.PiecewiseLinear.PLCellBoundaryInnermostDisk (2.1s)
✔ [6268/6273] Built DifferentialGeometry.Topology.PiecewiseLinear.Section34OperationImages (1.0s)
✔ [6269/6273] Built DifferentialGeometry.Topology.PiecewiseLinear.Section34IntrinsicVertexCompression (2.5s)
✔ [6270/6273] Built DifferentialGeometry.Topology.PiecewiseLinear.Section34TraceRimFiniteness (2.2s)
✔ [6271/6276] Built DifferentialGeometry.Topology.PiecewiseLinear.Section34IntrinsicCompressionOperations (2.2s)
✔ [6272/6276] Built DifferentialGeometry.Topology.PiecewiseLinear.Section34IntrinsicReturnCrosscut (2.7s)
✔ [6273/6280] Built DifferentialGeometry.Topology.PiecewiseLinear.SurfaceDiskContainment (1.0s)
✔ [6274/6281] Built DifferentialGeometry.Topology.PiecewiseLinear.SphereReturnDiskDescent (2.2s)
✔ [6275/6281] Built DifferentialGeometry.Topology.PiecewiseLinear.SphereReturnDisk (2.2s)
✔ [6276/6281] Built DifferentialGeometry.Topology.PiecewiseLinear.Section34IntrinsicReturnDescent (2.4s)
✔ [6277/6281] Built DifferentialGeometry.Topology.PiecewiseLinear.Section34IntrinsicTraceCircleModel (2.2s)
✔ [6278/6281] Built DifferentialGeometry.Topology.PiecewiseLinear.Section34IntrinsicReturnDisks (2.6s)
✔ [6279/6281] Built DifferentialGeometry.Topology.PiecewiseLinear.Section34IntrinsicReturnOperations (2.3s)
✔ [6280/6284] Built DifferentialGeometry.Topology.PiecewiseLinear.Section34IntrinsicExcessCrossings (2.3s)
✔ [6281/6288] Built DifferentialGeometry.Topology.VanKampen.CellAttachment (9.3s)
✔ [6282/6288] Built DifferentialGeometry.Topology.VanKampen.SimplyConnectedCover (1.4s)
✔ [6283/6288] Built DifferentialGeometry.Topology.PiecewiseLinear.AnnularChainRimCircle (1.8s)
✔ [6284/6289] Built DifferentialGeometry.Topology.VanKampen.CellAttachmentFundamentalGroup (1.8s)
✔ [6285/6291] Built DifferentialGeometry.Topology.PiecewiseLinear.AnnularChainRimTransfer (1.6s)
✔ [6286/6291] Built DifferentialGeometry.Topology.PiecewiseLinear.ModelCurveCrossingDiskInterior (1.9s)
✔ [6287/6293] Built DifferentialGeometry.Topology.PiecewiseLinear.PLCircleSurjectivity (1.8s)
✔ [6288/6293] Built DifferentialGeometry.Topology.PiecewiseLinear.OutermostCircleCrosscutTopology (2.2s)
✔ [6289/6295] Built DifferentialGeometry.Topology.PiecewiseLinear.Section34IntrinsicTraceMeetsMeridians (2.3s)
✔ [6290/6295] Built DifferentialGeometry.Topology.PiecewiseLinear.Section34IntrinsicTraceCarrying (2.3s)
✔ [6291/6295] Built DifferentialGeometry.Topology.PiecewiseLinear.Section34IntrinsicSeparatingReturn (2.6s)
✔ [6292/6295] Built DifferentialGeometry.Topology.PiecewiseLinear.Section34TraceAssembly (1.9s)
✔ [6293/6296] Built DifferentialGeometry.Topology.PiecewiseLinear.Section34IntrinsicTraceNonseparating (2.3s)
✔ [6294/6296] Built DifferentialGeometry.Topology.PiecewiseLinear.Section34TraceNormalization (2.2s)
✔ [6295/6298] Built DifferentialGeometry.Topology.PiecewiseLinear.PLCellOnStability (2.1s)
✔ [6296/6298] Built DifferentialGeometry.Topology.PiecewiseLinear.Section34ConfinedTubePiercingConditions (2.1s)
✔ [6297/6301] Built DifferentialGeometry.Topology.PiecewiseLinear.Section34DeletedBalls (2.6s)
✔ [6298/6301] Built DifferentialGeometry.Topology.PiecewiseLinear.PLCompactModelEmbedding (2.0s)
✔ [6299/6301] Built DifferentialGeometry.Topology.PiecewiseLinear.Section34ModelMotionTransport (1.0s)
✔ [6300/6303] Built DifferentialGeometry.Topology.PiecewiseLinear.DisjointSupportedMotionComposition (1.9s)
✔ [6301/6303] Built DifferentialGeometry.Topology.PiecewiseLinear.Section34AnnulusDiskLocalization (2.1s)
✔ [6302/6308] Built DifferentialGeometry.Topology.PiecewiseLinear.Section34PiercingConfiguration (2.1s)
✔ [6303/6312] Built DifferentialGeometry.Topology.PiecewiseLinear.IsAnnulusOnCompact (1.8s)
✔ [6304/6312] Built DifferentialGeometry.Topology.PiecewiseLinear.Section34EssentialCirclePair (2.2s)
✔ [6305/6314] Built DifferentialGeometry.Topology.PiecewiseLinear.Section34PiercingGenerators (2.3s)
✔ [6306/6316] Built DifferentialGeometry.Topology.PiecewiseLinear.Section34EssentialCircleAdjacency (2.2s)
✔ [6307/6316] Built DifferentialGeometry.Topology.PiecewiseLinear.Section34AnnulusCircleDichotomy (2.1s)
✔ [6308/6316] Built DifferentialGeometry.Topology.PiecewiseLinear.Section34CrossingSideConnectivity (2.2s)
✔ [6309/6316] Built DifferentialGeometry.Topology.PiecewiseLinear.Section34PiercingAnnularBand (2.3s)
✔ [6310/6316] Built DifferentialGeometry.Topology.PiecewiseLinear.Section34PiercingEmptyAnnularBand (2.3s)
✔ [6311/6318] Built DifferentialGeometry.Topology.PiecewiseLinear.Section34AnnularBandComponents (2.3s)
✔ [6312/6318] Built DifferentialGeometry.Topology.PiecewiseLinear.Section34AnnulusLocalConnectivity (1.9s)
✔ [6313/6318] Built DifferentialGeometry.Topology.PiecewiseLinear.Section34AnnularBandNeighborhood (2.1s)
✔ [6314/6318] Built DifferentialGeometry.Topology.PiecewiseLinear.Section34PiercingComponentTrapping (2.4s)
✔ [6315/6318] Built DifferentialGeometry.Topology.PiecewiseLinear.Section34SingleCircleAnnulusComponents (2.1s)
✔ [6316/6321] Built DifferentialGeometry.Topology.PiecewiseLinear.Section34PiercingComponentClosure (2.3s)
✔ [6317/6321] Built DifferentialGeometry.Topology.PiecewiseLinear.Section34SingleTraceSides (1.9s)
✔ [6318/6322] Built DifferentialGeometry.Topology.PiecewiseLinear.Section34InnermostDisk (1.0s)
✔ [6319/6322] Built DifferentialGeometry.Topology.Manifold.EmbeddingLocalHomeomorph (1.7s)
✔ [6320/6322] Built DifferentialGeometry.Topology.PiecewiseLinear.Section34InnermostAnnulusDisk (2.3s)
✔ [6321/6327] Built DifferentialGeometry.Topology.PiecewiseLinear.Section34PiercingDiskComponents (2.2s)
✔ [6322/6327] Built DifferentialGeometry.Topology.Homology.Relative.Reduced (1.8s)
✔ [6323/6333] Built DifferentialGeometry.Topology.Homology.Algebra.AugmentHomology (1.3s)
✔ [6324/6333] Built DifferentialGeometry.Topology.LocalDegree.SphereVanishing (1.7s)
✔ [6325/6335] Built DifferentialGeometry.Topology.Homology.Relative.ReducedMap (1.6s)
✔ [6326/6335] Built DifferentialGeometry.Topology.Homology.Local.Graded (1.9s)
✔ [6327/6339] Built DifferentialGeometry.Topology.Homology.Local.NeighborhoodReduced (1.6s)
✔ [6328/6348] Built DifferentialGeometry.Topology.Homology.Local.NeighborhoodSphere (1.9s)
✔ [6329/6348] Built DifferentialGeometry.Topology.LocalDegree.InjectiveOrientationCharacter (1.7s)
✔ [6330/6348] Built DifferentialGeometry.Topology.Homology.Local.Generator (1.8s)
✔ [6331/6348] Built DifferentialGeometry.Topology.LocalDegree.Relative (1.0s)
✔ [6332/6352] Built DifferentialGeometry.Topology.Homology.Local.Translation (1.8s)
✔ [6333/6352] Built DifferentialGeometry.Topology.LocalDegree.InjectiveRelativeIso (1.0s)
✔ [6334/6352] Built DifferentialGeometry.Topology.PiecewiseLinear.Section34ProtectedCircleSupport (2.4s)
✔ [6335/6352] Built DifferentialGeometry.Topology.Homology.Local.NeighborhoodGenerator (2.0s)
✔ [6336/6352] Built DifferentialGeometry.Topology.PiecewiseLinear.Section34SupportedVertexModification (2.2s)
✔ [6337/6352] Built DifferentialGeometry.Topology.LocalDegree.InjectiveUnit (2.0s)
✔ [6338/6352] Built DifferentialGeometry.Topology.Homology.Local.OpenGenerator (1.9s)
✔ [6339/6352] Built DifferentialGeometry.Topology.PiecewiseLinear.Section34SecondVertexMotion (2.0s)
✔ [6340/6352] Built DifferentialGeometry.Topology.LocalDegree.InjectiveCarrierSign (1.9s)
✔ [6341/6352] Built DifferentialGeometry.Topology.LocalDegree.OpenDomain (2.3s)
✔ [6342/6352] Built DifferentialGeometry.Topology.PiecewiseLinear.Section34SecondMotionCarriers (2.1s)
✔ [6343/6352] Built DifferentialGeometry.Topology.LocalDegree.EmbeddingComposition (1.0s)
✔ [6344/6352] Built DifferentialGeometry.Topology.LocalDegree.EmbeddingParity (5.1s)
✔ [6345/6353] Built DifferentialGeometry.Topology.LocalDegree.ChartParity (1.9s)
✔ [6346/6353] Built DifferentialGeometry.Topology.LocalDegree.ChartParityTransport (1.9s)
✔ [6347/6355] Built DifferentialGeometry.Topology.Homeomorph.JordanAnnulus (2.4s)
✔ [6348/6355] Built DifferentialGeometry.Topology.PiecewiseLinear.PLCellRelativeOrientation (1.9s)
✔ [6349/6355] Built DifferentialGeometry.Topology.PiecewiseLinear.AnnulusOnPolyhedralCylinder (1.9s)
✔ [6350/6361] Built DifferentialGeometry.Topology.PiecewiseLinear.Section34ProtectedCellMotion (1.9s)
✔ [6351/6361] Built DifferentialGeometry.Topology.PiecewiseLinear.Section34AnnulusGenerators (1.9s)
✔ [6352/6361] Built DifferentialGeometry.Topology.PiecewiseLinear.Section34PiercingSeparator (2.2s)
✔ [6353/6361] Built DifferentialGeometry.Topology.PiecewiseLinear.Section34PiercingSideConnectivity (2.2s)
✔ [6354/6361] Built DifferentialGeometry.Topology.PiecewiseLinear.Section34PiercingEssentialTrace (2.1s)
✔ [6355/6361] Built DifferentialGeometry.Topology.PiecewiseLinear.Section34CrossingOutsideDensity (2.2s)
✔ [6356/6361] Built DifferentialGeometry.Topology.PiecewiseLinear.Section34AnnulusGeneratorBridge (2.2s)
✔ [6357/6361] Built DifferentialGeometry.Topology.PiecewiseLinear.Section34SingleCrossingComponents (1.9s)
✔ [6358/6361] Built DifferentialGeometry.Topology.PiecewiseLinear.Section34PiercingEssentialGenerator (2.2s)
✔ [6359/6361] Built DifferentialGeometry.Topology.PiecewiseLinear.Section34PiercingEssentialEquivalence (2.2s)
✔ [6360/6363] Built DifferentialGeometry.Topology.PiecewiseLinear.Section34PiercingDiskPair (2.1s)
✔ [6361/6368] Built DifferentialGeometry.Topology.PiecewiseLinear.BallComplementFamily (1.8s)
✔ [6362/6369] Built DifferentialGeometry.Topology.PiecewiseLinear.PlanarDiskFamilyMove (2.0s)
✔ [6363/6371] Built DifferentialGeometry.Topology.PiecewiseLinear.BoundaryCollarExtension (1.9s)
✔ [6364/6371] Built DifferentialGeometry.Topology.PiecewiseLinear.SquareConcat (2.2s)
✔ [6365/6375] Built DifferentialGeometry.Topology.PiecewiseLinear.PlanarHoledCollars (2.3s)
✔ [6366/6375] Built DifferentialGeometry.Topology.PiecewiseLinear.TwoComponentsOfPseudoCell (3.5s)
✔ [6367/6377] Built DifferentialGeometry.Topology.PiecewiseLinear.HoledDiskBoundaryExtension (2.0s)
✔ [6368/6377] Built DifferentialGeometry.Topology.PiecewiseLinear.TubeFrontierConnected (2.1s)
✔ [6369/6377] Built DifferentialGeometry.Topology.PiecewiseLinear.HoledSphereExtension (2.8s)
✔ [6370/6382] Built DifferentialGeometry.Topology.PiecewiseLinear.Section34InnerTubeBicollar (2.0s)
✔ [6371/6382] Built DifferentialGeometry.Topology.PiecewiseLinear.HoledSphereStrip (4.5s)
✔ [6372/6382] Built DifferentialGeometry.Topology.PiecewiseLinear.Section34DiskTraceDeletion (1.9s)
✔ [6373/6382] Built DifferentialGeometry.Topology.PiecewiseLinear.Section34ModelRegionTransport (1.8s)
✔ [6374/6382] Built DifferentialGeometry.Topology.PiecewiseLinear.TubeFreeFaceStrips (2.8s)
✔ [6375/6383] Built DifferentialGeometry.Topology.PiecewiseLinear.Section34PiercingDiskTraceDeletion (2.4s)
✔ [6376/6383] Built DifferentialGeometry.Topology.PiecewiseLinear.BoundaryMatchMobius (3.2s)
✔ [6377/6383] Built DifferentialGeometry.Topology.PiecewiseLinear.Section34MarkedSphereAnnulus (2.2s)
✔ [6378/6389] Built DifferentialGeometry.Topology.PiecewiseLinear.Section33ExtensionRegions (2.5s)
✔ [6379/6389] Built DifferentialGeometry.Topology.PiecewiseLinear.TopologicalCellInteriorOpen (2.1s)
✔ [6380/6390] Built DifferentialGeometry.Topology.PiecewiseLinear.Section34SolidTorusFilling (2.0s)
✔ [6381/6390] Built DifferentialGeometry.Topology.PiecewiseLinear.PseudoCellDiskNeighborhood (2.5s)
✔ [6382/6390] Built DifferentialGeometry.Topology.PiecewiseLinear.PLDiskPseudoCell (2.0s)
✔ [6383/6390] Built DifferentialGeometry.Topology.PiecewiseLinear.Section34ProtectedDiskFilling (2.3s)
✔ [6384/6390] Built DifferentialGeometry.Topology.PiecewiseLinear.Section34ModelTraceTransport (1.0s)
✔ [6385/6390] Built DifferentialGeometry.Topology.PiecewiseLinear.Section34SphereDiskNeighborhood (2.3s)
✔ [6386/6390] Built DifferentialGeometry.Topology.PiecewiseLinear.Section34DiskFillingTrace (2.4s)
✔ [6387/6390] Built DifferentialGeometry.Topology.PiecewiseLinear.Section34BoundaryDiskNeighborhood (2.2s)
✔ [6388/6394] Built DifferentialGeometry.Topology.PiecewiseLinear.Section34ModelDiskFilling (2.3s)
✔ [6389/6398] Built DifferentialGeometry.Topology.PiecewiseLinear.Section34ModelBoundaryDisk (2.2s)
✔ [6390/6398] Built DifferentialGeometry.Topology.PiecewiseLinear.PseudoCellBallPush (2.5s)
✔ [6391/6398] Built DifferentialGeometry.Topology.PiecewiseLinear.Section34RelativeSphereSurgery (2.0s)
✔ [6392/6398] Built DifferentialGeometry.Topology.PiecewiseLinear.PseudoCellDiskPatchPush (2.6s)
✔ [6393/6402] Built DifferentialGeometry.Topology.PiecewiseLinear.Section34RelativeCoincidentPush (2.7s)
✔ [6394/6404] Built DifferentialGeometry.Topology.PiecewiseLinear.Section34SphereCoincidentPush (2.2s)
✔ [6395/6406] Built DifferentialGeometry.Topology.PiecewiseLinear.PLCellBoundaryHoledChart (2.3s)
✔ [6396/6406] Built DifferentialGeometry.Topology.PiecewiseLinear.Section34PiercingDiskRims (2.3s)
✔ [6397/6406] Built DifferentialGeometry.Topology.PiecewiseLinear.Section34SphereDiskCancellation (2.2s)
✔ [6398/6406] Built DifferentialGeometry.Topology.PiecewiseLinear.Section34BoundaryDiskFamilies (2.0s)
✔ [6399/6407] Built DifferentialGeometry.Topology.PiecewiseLinear.Section34CrossingPreservation (1.9s)
✔ [6400/6407] Built DifferentialGeometry.Topology.PiecewiseLinear.Section34PseudoCellCancellation (2.3s)
✔ [6401/6408] Built DifferentialGeometry.Topology.PiecewiseLinear.Section34IncidentEdgeFinite (2.1s)
✔ [6402/6408] Built DifferentialGeometry.Topology.PiecewiseLinear.Section34PiercingReindex (2.0s)
✔ [6403/6408] Built DifferentialGeometry.Topology.PiecewiseLinear.Section34TargetDiskCancellation (2.9s)
✔ [6404/6408] Built DifferentialGeometry.Topology.PiecewiseLinear.Section34ContactSupport (2.4s)
✔ [6405/6408] Built DifferentialGeometry.Topology.PiecewiseLinear.Section34PiercingTraceNonempty (2.2s)
✔ [6406/6413] Built DifferentialGeometry.Topology.PiecewiseLinear.Section34PiercingDiskMotion (2.5s)
✔ [6407/6413] Built DifferentialGeometry.Topology.PiecewiseLinear.Section34DiskMotionTrace (2.5s)
✔ [6408/6413] Built DifferentialGeometry.Topology.PiecewiseLinear.Section34ProtectedSupportIsolation (3.0s)
✔ [6409/6413] Built DifferentialGeometry.Topology.PiecewiseLinear.Section34ProtectedLensPreservation (2.8s)
✔ [6410/6413] Built DifferentialGeometry.Topology.PiecewiseLinear.Section34ProtectedBoundaryPreservation (2.8s)
✔ [6411/6413] Built DifferentialGeometry.Topology.PiecewiseLinear.Section34PiercingConditionsAfterCancellation (2.6s)
✔ [6412/6415] Built DifferentialGeometry.Topology.PiecewiseLinear.Section34CarrierSingleTraceRemoval (2.8s)
✔ [6413/6415] Built DifferentialGeometry.Topology.PiecewiseLinear.Section34AnnularFillingGenerators (2.2s)
✔ [6414/6417] Built DifferentialGeometry.Topology.PiecewiseLinear.Section34AnnulusCarrierRims (2.4s)
✔ [6415/6421] Built DifferentialGeometry.Topology.PiecewiseLinear.Section34TraceDeletionComponents (2.4s)
✔ [6416/6421] Built DifferentialGeometry.Topology.PiecewiseLinear.Section34AnnulusFrontier (2.1s)
✔ [6417/6421] Built DifferentialGeometry.Topology.PiecewiseLinear.Section34InnerFirstMotionComponents (2.3s)
✔ [6418/6421] Built DifferentialGeometry.Topology.PiecewiseLinear.Section34SurvivingTrace (2.1s)
✔ [6419/6421] Built DifferentialGeometry.Topology.PiecewiseLinear.Section34InnerTubeRims (2.0s)
✔ [6420/6426] Built DifferentialGeometry.Topology.PiecewiseLinear.Section34InnerFirstMotionStep (2.4s)
✔ [6421/6426] Built DifferentialGeometry.Topology.PiecewiseLinear.Section34SupportedMotionInverse (1.9s)
✔ [6422/6426] Built DifferentialGeometry.Topology.PiecewiseLinear.Section34CarryingTraceDeletion (1.0s)
✔ [6423/6426] Built DifferentialGeometry.Topology.PiecewiseLinear.Section34TargetFirstDiskCancellation (2.0s)
✔ [6424/6427] Built DifferentialGeometry.Topology.PiecewiseLinear.Section34InteriorDiskRemoval (2.5s)
✔ [6425/6427] Built DifferentialGeometry.Topology.PiecewiseLinear.Section34CarrierDiskFilling (2.2s)
✔ [6426/6431] Built DifferentialGeometry.Topology.PiecewiseLinear.Section34PiercingRimSides (2.6s)
✔ [6427/6432] Built DifferentialGeometry.Topology.PiecewiseLinear.Section34DistinguishedComponents (2.7s)
✔ [6428/6436] Built DifferentialGeometry.Topology.PiecewiseLinear.Section34InteriorRegionTrapping (2.5s)
✔ [6429/6436] Built DifferentialGeometry.Topology.PiecewiseLinear.Section34DiskContactControl (2.5s)
✔ [6430/6438] Built DifferentialGeometry.Topology.PiecewiseLinear.Section34RimAnchoredTrapping (2.5s)
✔ [6431/6438] Built DifferentialGeometry.Topology.PiecewiseLinear.Section34InnerSheetSupport (2.4s)
✔ [6432/6438] Built DifferentialGeometry.Topology.PiecewiseLinear.Section34InteriorInnermostDisk (2.5s)
✔ [6433/6438] Built DifferentialGeometry.Topology.PiecewiseLinear.Section34CurrentMotionComposition (2.0s)
✔ [6434/6441] Built DifferentialGeometry.Topology.PiecewiseLinear.Section34DiskFillingForeignSupport (2.4s)
✔ [6435/6441] Built DifferentialGeometry.Topology.PiecewiseLinear.Section34InnermostCarrierCancellation (2.7s)
✔ [6436/6441] Built DifferentialGeometry.Topology.PiecewiseLinear.Section34CompactRegularNeighborhood (2.3s)
✔ [6437/6441] Built DifferentialGeometry.Topology.PiecewiseLinear.Section34CarrierCancellationDescent (3.7s)
✔ [6438/6441] Built DifferentialGeometry.Topology.PiecewiseLinear.Section34RegularCircleCylinder (2.5s)
✔ [6439/6441] Built DifferentialGeometry.Topology.PiecewiseLinear.Section34CarrierSubfamilyDescent (4.1s)
✔ [6440/6442] Built DifferentialGeometry.Topology.PiecewiseLinear.Section34EssentialSubfamilyMotion (2.8s)
✔ [6441/6445] Built DifferentialGeometry.Topology.PiecewiseLinear.Section34AnnularCrossingGerms (2.6s)
✔ [6442/6450] Built DifferentialGeometry.Topology.PiecewiseLinear.Section34AnnularRegionGerms (1.1s)
✔ [6443/6450] Built DifferentialGeometry.Topology.PiecewiseLinear.Section34EssentialCircleOrder (2.3s)
✔ [6444/6450] Built DifferentialGeometry.Topology.PiecewiseLinear.Section34AnnularBandSeparation (2.3s)
✔ [6445/6450] Built DifferentialGeometry.Topology.PiecewiseLinear.Section34OrderedAnnularBands (2.2s)
✔ [6446/6450] Built DifferentialGeometry.Topology.PiecewiseLinear.Section34AnnularSameSideObstruction (2.3s)
✔ [6447/6452] Built DifferentialGeometry.Topology.PiecewiseLinear.Section34AnnularNoncrossing (2.1s)
✔ [6448/6455] Built DifferentialGeometry.Topology.PiecewiseLinear.Section34AnnularBandSide (2.5s)
✔ [6449/6455] Built DifferentialGeometry.Topology.PiecewiseLinear.Section34EssentialCircleOrderTransport (2.6s)
✔ [6450/6455] Built DifferentialGeometry.Topology.PiecewiseLinear.Section34CurrentBandNoncrossing (2.4s)
✔ [6451/6455] Built DifferentialGeometry.Topology.PiecewiseLinear.Section34AnnularSideAlternation (2.5s)
✔ [6452/6455] Built DifferentialGeometry.Topology.PiecewiseLinear.Section34OrderedAnnularBandsTransport (2.4s)
✔ [6453/6460] Built DifferentialGeometry.Topology.PiecewiseLinear.Section34OrderedBandAlternation (2.5s)
✔ [6454/6461] Built DifferentialGeometry.Topology.PiecewiseLinear.Section34CurrentBandAlternation (2.3s)
✔ [6455/6463] Built DifferentialGeometry.Topology.PiecewiseLinear.Section34AlternatingBandAdjacency (1.1s)
✔ [6456/6463] Built DifferentialGeometry.Topology.PiecewiseLinear.Section34LateralBandReversal (2.3s)
✔ [6457/6467] Built DifferentialGeometry.Topology.PiecewiseLinear.Section34AlternatingPathMatchings (1.5s)
✔ [6458/6467] Built DifferentialGeometry.Topology.PiecewiseLinear.Section34CircleOrderAdjacency (1.0s)
✔ [6459/6467] Built DifferentialGeometry.Topology.PiecewiseLinear.Section34AnnularSideParity (1.1s)
✔ [6460/6467] Built DifferentialGeometry.Topology.PiecewiseLinear.IndexedEssentialCircleOrder (2.2s)
✔ [6461/6467] Built DifferentialGeometry.Topology.PiecewiseLinear.Section34OrderedBandSideParity (2.6s)
✔ [6462/6468] Built DifferentialGeometry.Topology.PiecewiseLinear.Section34PiercingCircleOrder (2.5s)
✔ [6463/6468] Built DifferentialGeometry.Topology.PiecewiseLinear.Section34CurrentBandParity (2.4s)
✔ [6464/6471] Built DifferentialGeometry.Topology.PiecewiseLinear.Section34PiercingOrderedBands (2.8s)
✔ [6465/6471] Built DifferentialGeometry.Topology.PiecewiseLinear.Section34AnnulusUnionTorus (2.2s)
✔ [6466/6471] Built DifferentialGeometry.Topology.PiecewiseLinear.Section34CurrentBandMatching (2.3s)
✔ [6467/6471] Built DifferentialGeometry.Topology.PiecewiseLinear.Section34CurrentOrientedBands (2.2s)
✔ [6468/6471] Built DifferentialGeometry.Topology.PiecewiseLinear.Section34AnnularRegionFilling (2.1s)
✔ [6469/6471] Built DifferentialGeometry.Topology.PiecewiseLinear.Section34AnnulusPairModel (2.1s)
✔ [6470/6478] Built DifferentialGeometry.Topology.PiecewiseLinear.Section34OuterAnnularFilling (2.2s)
✔ [6471/6479] Built DifferentialGeometry.Topology.PiecewiseLinear.Section34AnnularFillingTrace (2.1s)
✔ [6472/6479] Built DifferentialGeometry.Topology.PiecewiseLinear.Section34AnnularBandTargetTrace (2.3s)
✔ [6473/6479] Built DifferentialGeometry.Topology.PiecewiseLinear.Section34CurrentBoundaryCrossings (2.2s)
✔ [6474/6480] Built DifferentialGeometry.Topology.PiecewiseLinear.Section34AnnularBandUniqueness (2.4s)
✔ [6475/6480] Built DifferentialGeometry.Topology.PiecewiseLinear.Section34CarrierBandFillingTrace (2.5s)
✔ [6476/6480] Built DifferentialGeometry.Topology.PiecewiseLinear.Section34CarrierAnnulusContact (2.1s)
✔ [6477/6480] Built DifferentialGeometry.Topology.PiecewiseLinear.Section34OuterMatchedAnnularRegion (2.5s)
✔ [6478/6480] Built DifferentialGeometry.Topology.PiecewiseLinear.Section34OuterMatchedAnnularContacts (2.3s)
✔ [6479/6481] Built DifferentialGeometry.Topology.PiecewiseLinear.Section34CurrentEmptyBands (3.2s)
✔ [6480/6486] Built DifferentialGeometry.Topology.PiecewiseLinear.Section34MatchingAnnularBand (2.6s)
✔ [6481/6489] Built DifferentialGeometry.Topology.PiecewiseLinear.Section34ProtectedAnnularFilling (2.5s)
✔ [6482/6489] Built DifferentialGeometry.Topology.PiecewiseLinear.Section34AnnularContactControl (2.9s)
✔ [6483/6489] Built DifferentialGeometry.Topology.PiecewiseLinear.Section34AnnularRegionSecondTrace (2.8s)
✔ [6484/6489] Built DifferentialGeometry.Topology.PiecewiseLinear.Section34MatchedAnnularRegion (2.0s)
✔ [6485/6489] Built DifferentialGeometry.Topology.PiecewiseLinear.Section34PrescribedAnnularRegion (2.5s)
✔ [6486/6489] Built DifferentialGeometry.Topology.PiecewiseLinear.Section34EmptyAnnularRegion (2.6s)
✔ [6487/6489] Built DifferentialGeometry.Topology.PiecewiseLinear.Section34AnnularFillingTorus (2.5s)
✔ [6488/6492] Built DifferentialGeometry.Topology.PiecewiseLinear.Section34AnnularFillingInTubeModel (2.6s)
✔ [6489/6495] Built DifferentialGeometry.Topology.PiecewiseLinear.Section34InternalBandTrapping (2.4s)
✔ [6490/6495] Built DifferentialGeometry.Topology.PiecewiseLinear.Section34ConfinedOrderedBands (2.7s)
✔ [6491/6495] Built DifferentialGeometry.Topology.PiecewiseLinear.Section34MatchingBandNoncrossing (2.6s)
✔ [6492/6495] Built DifferentialGeometry.Topology.PiecewiseLinear.Section34AdjacentBandFamily (2.8s)
✔ [6493/6495] Built DifferentialGeometry.Topology.PiecewiseLinear.Section34OrderedBandNoncrossing (2.6s)
✔ [6494/6497] Built DifferentialGeometry.Topology.PiecewiseLinear.Section34SimultaneousEmptyBands (2.9s)
✔ [6495/6502] Built DifferentialGeometry.Topology.PiecewiseLinear.InteriorManifoldComplement (2.2s)
✔ [6496/6502] Built DifferentialGeometry.Topology.PiecewiseLinear.Section34OrientedTubeBicollar (2.5s)
✔ [6497/6504] Built DifferentialGeometry.Topology.PiecewiseLinear.Section34BicollarInwardMove (2.5s)
✔ [6498/6507] Built DifferentialGeometry.Topology.PiecewiseLinear.Section34BicollarLocalization (2.2s)
✔ [6499/6507] Built DifferentialGeometry.Topology.PiecewiseLinear.Section34PiercingComponentTransport (2.3s)
✔ [6500/6507] Built DifferentialGeometry.Topology.PiecewiseLinear.Section34TubeInwardMotion (2.3s)
✔ [6501/6507] Built DifferentialGeometry.Topology.PiecewiseLinear.Section34InwardComponentTransport (2.2s)
✔ [6502/6507] Built DifferentialGeometry.Topology.PiecewiseLinear.Section34PiercingInwardPreprocessing (2.9s)
✔ [6503/6507] Built DifferentialGeometry.Topology.PiecewiseLinear.Section34TargetTubeMotion (2.2s)
✔ [6504/6507] Built DifferentialGeometry.Topology.PiecewiseLinear.Section34PiercingInwardMotion (2.4s)
✔ [6505/6507] Built DifferentialGeometry.Topology.PiecewiseLinear.Section34InwardPreparation (2.4s)
✔ [6506/6509] Built DifferentialGeometry.Topology.PiecewiseLinear.Section34PairedPiercingConfiguration (2.4s)
✔ [6507/6511] Built DifferentialGeometry.Topology.PiecewiseLinear.CylindricalMeridian (2.3s)
✔ [6508/6511] Built DifferentialGeometry.Topology.PiecewiseLinear.Section34InnermostSubdisk (2.2s)
✔ [6509/6511] Built DifferentialGeometry.Topology.PiecewiseLinear.Section34CylindricalMeridianBarrier (2.4s)
✔ [6510/6513] Built DifferentialGeometry.Topology.PiecewiseLinear.Section34CylindricalCutTrace (2.5s)
✔ [6511/6513] Built DifferentialGeometry.Topology.PiecewiseLinear.Section34SurfaceDiskComplement (2.1s)
✔ [6512/6517] Built DifferentialGeometry.Topology.PiecewiseLinear.Section34SurfaceInessentialFilling (2.2s)
✔ [6513/6519] Built DifferentialGeometry.Topology.PiecewiseLinear.Section34SurfaceDiskNeighborhood (2.3s)
✔ [6514/6519] Built DifferentialGeometry.Topology.PiecewiseLinear.Section34SurfaceDiskSurgery (2.4s)
✔ [6515/6520] Built DifferentialGeometry.Topology.PiecewiseLinear.Section34SurfaceCoincidentPush (2.4s)
✔ [6516/6520] Built DifferentialGeometry.Topology.PiecewiseLinear.Section34SurfaceDiskTraceDeletion (2.4s)
✔ [6517/6522] Built DifferentialGeometry.Topology.PiecewiseLinear.Section34SurfaceDiskCancellation (2.5s)
✔ [6518/6522] Built DifferentialGeometry.Topology.PiecewiseLinear.Section34SupportedSurfaceTransport (2.2s)
✔ [6519/6523] Built DifferentialGeometry.Topology.PiecewiseLinear.Section34SurfaceTraceReduction (2.3s)
✔ [6520/6525] Built DifferentialGeometry.Topology.PiecewiseLinear.Section34SurfaceGeneralPosition (2.2s)
✔ [6521/6525] Built DifferentialGeometry.Topology.PiecewiseLinear.Section34DiskMotionPullback (1.0s)
✔ [6522/6525] Built DifferentialGeometry.Topology.PiecewiseLinear.Section34SurfaceCutDescent (2.5s)
✔ [6523/6531] Built DifferentialGeometry.Topology.PiecewiseLinear.Section34TorusInessentialDisk (2.3s)
✔ [6524/6531] Built DifferentialGeometry.Topology.PiecewiseLinear.Section34TubeSurfaceDisk (2.3s)
✔ [6525/6531] Built DifferentialGeometry.Topology.PiecewiseLinear.ExistsBallPairOfInteriorEssentialDisk (2.9s)
✔ [6526/6531] Built DifferentialGeometry.Topology.PiecewiseLinear.Section34CompressedFillingCylinder (2.4s)
✔ [6527/6531] Built DifferentialGeometry.Topology.PiecewiseLinear.Section34TubeFillingCylinder (2.2s)
✔ [6528/6531] Built DifferentialGeometry.Topology.PiecewiseLinear.Section34AnnularFillingCylinder (2.4s)
✔ [6529/6531] Built DifferentialGeometry.Topology.PiecewiseLinear.Section34FilledPiercingConfiguration (2.4s)
✔ [6530/6538] Built DifferentialGeometry.Topology.PiecewiseLinear.Section34OuterSolidBandFilling (2.5s)
✔ [6531/6538] Built DifferentialGeometry.Topology.PiecewiseLinear.Section34CurveHeightLevels (2.1s)
✔ [6532/6538] Built DifferentialGeometry.Topology.PiecewiseLinear.Section34CurveHeightSides (1.0s)
✔ [6533/6538] Built DifferentialGeometry.Topology.PiecewiseLinear.Section34CylindricalCurveLevels (2.2s)
✔ [6534/6539] Built DifferentialGeometry.Topology.PiecewiseLinear.Section34CylindricalAxisCharts (2.6s)
✔ [6535/6539] Built DifferentialGeometry.Topology.PiecewiseLinear.Section34DiskRelativePseudoIsotopy (2.4s)
✔ [6536/6539] Built DifferentialGeometry.Topology.PiecewiseLinear.Section34RegularCylindricalCrossings (2.4s)
✔ [6537/6542] Built DifferentialGeometry.Topology.PiecewiseLinear.Section34MeridianRegularPosition (2.3s)
✔ [6538/6543] Built DifferentialGeometry.Topology.PiecewiseLinear.BicollarComplementCollars (3.0s)
✔ [6539/6543] Built DifferentialGeometry.Topology.PiecewiseLinear.Section34MeridianPosition (2.1s)
✔ [6540/6543] Built DifferentialGeometry.Topology.PiecewiseLinear.Section34SurfaceBigonSlide (2.3s)
✔ [6541/6543] Built DifferentialGeometry.Topology.PiecewiseLinear.BicollarBands (2.6s)
✔ [6542/6546] Built DifferentialGeometry.Topology.PiecewiseLinear.Section34BoundaryMotionExtension (2.3s)
✔ [6543/6546] Built DifferentialGeometry.Topology.PiecewiseLinear.Section34BigonNeighborhoodTrace (2.4s)
✔ [6544/6546] Built DifferentialGeometry.Topology.PiecewiseLinear.Section34BigonChartTransport (2.1s)
✔ [6545/6551] Built DifferentialGeometry.Topology.PiecewiseLinear.Section34IsolatedBigonNeighborhood (2.1s)
✔ [6546/6553] Built DifferentialGeometry.Topology.PiecewiseLinear.Section34CrosscutExitSides (1.9s)
✔ [6547/6553] Built DifferentialGeometry.Topology.PiecewiseLinear.Section34MeridianMotionClass (1.7s)
✔ [6548/6553] Built DifferentialGeometry.Topology.PiecewiseLinear.Section34BigonSideDisk (2.5s)
✔ [6549/6553] Built DifferentialGeometry.Topology.PiecewiseLinear.Section34SurfaceSlideGerms (1.0s)
✔ [6550/6553] Built DifferentialGeometry.Topology.PiecewiseLinear.Section34RawBigonSlide (2.8s)
✔ [6551/6553] Built DifferentialGeometry.Topology.PiecewiseLinear.Section34BoundaryBigonSlide (2.3s)
✔ [6552/6556] Built DifferentialGeometry.Topology.PiecewiseLinear.Section34MeridianSlideInvariants (2.4s)
✔ [6553/6559] Built DifferentialGeometry.Topology.PiecewiseLinear.Section34CircleCrosscutDecomposition (2.1s)
✔ [6554/6559] Built DifferentialGeometry.Topology.PiecewiseLinear.Section34CylindricalMotion (2.1s)
✔ [6555/6559] Built DifferentialGeometry.Topology.PiecewiseLinear.Section34CylindricalStripCrosscuts (2.4s)
✔ [6556/6559] Built DifferentialGeometry.Topology.PiecewiseLinear.Section34ReturningArcComponent (2.0s)
✔ [6557/6559] Built DifferentialGeometry.Topology.PiecewiseLinear.Section34CylindricalAnnuli (2.1s)
✔ [6558/6562] Built DifferentialGeometry.Topology.PiecewiseLinear.Section34CylindricalSeamCrosscuts (2.3s)
✔ [6559/6565] Built DifferentialGeometry.Topology.PiecewiseLinear.PlanarOutermostCrosscut (2.3s)
✔ [6560/6565] Built DifferentialGeometry.Topology.PiecewiseLinear.Section34ReturningArcDisk (2.3s)
✔ [6561/6565] Built DifferentialGeometry.Topology.PiecewiseLinear.Section34CappedLateralAnnulus (2.3s)
✔ [6562/6566] Built DifferentialGeometry.Topology.PiecewiseLinear.Section34OutermostReturningDisk (2.4s)
✔ [6563/6566] Built DifferentialGeometry.Topology.PiecewiseLinear.Section34InnermostLateralCap (2.2s)
✔ [6564/6566] Built DifferentialGeometry.Topology.PiecewiseLinear.Section34CylindricalSeamRotation (3.1s)
✔ [6565/6568] Built DifferentialGeometry.Topology.PiecewiseLinear.Section34EmptyReturningBigon (2.8s)
✔ [6566/6568] Built DifferentialGeometry.Topology.PiecewiseLinear.ExistsAnnulusParametrizationOfProductCircleCut (2.7s)
✔ [6567/6571] Built DifferentialGeometry.Topology.PiecewiseLinear.Section34MeridianBigonArc (2.4s)
✔ [6568/6578] Built DifferentialGeometry.Topology.PiecewiseLinear.Section34MeridianBigonLift (2.1s)
✔ [6569/6578] Built DifferentialGeometry.Topology.PiecewiseLinear.Section34MeridianBigonStrip (2.6s)
✔ [6570/6578] Built DifferentialGeometry.Topology.PiecewiseLinear.Section34MeridianHeightSides (2.2s)
✔ [6571/6579] Built DifferentialGeometry.Topology.PiecewiseLinear.Section34RotatedMeridianSides (2.2s)
✔ [6572/6579] Built DifferentialGeometry.Topology.PiecewiseLinear.Section34MeridianReturningDisk (2.2s)
✔ [6573/6579] Built DifferentialGeometry.Topology.PiecewiseLinear.Section34MeridianLocalHeightSides (2.1s)
✔ [6574/6583] Built DifferentialGeometry.Topology.PiecewiseLinear.Section34DisjointMeridianPullback (2.3s)
✔ [6575/6583] Built DifferentialGeometry.Topology.PiecewiseLinear.Section34NullMeridianReturningDisk (2.5s)
✔ [6576/6583] Built DifferentialGeometry.Topology.PiecewiseLinear.Section34PeriodicLateralExtension (2.2s)
✔ [6577/6583] Built DifferentialGeometry.Topology.PiecewiseLinear.Section34NullMeridianReturningArc (2.5s)
✔ [6578/6588] Built DifferentialGeometry.Topology.PiecewiseLinear.Section34PeriodicMeridianAlignment (2.4s)
✔ [6579/6588] Built DifferentialGeometry.Topology.PiecewiseLinear.Section34NullMeridianEmptyBigon (2.3s)
✔ [6580/6590] Built DifferentialGeometry.Topology.PiecewiseLinear.Section34DisjointMeridianDisk (2.2s)
✔ [6581/6590] Built DifferentialGeometry.Topology.PiecewiseLinear.SolidTorusFundamentalGroup (2.1s)
✔ [6582/6590] Built DifferentialGeometry.Topology.PiecewiseLinear.Section34MeridianNormalization (2.5s)
✔ [6583/6590] Built DifferentialGeometry.Topology.PiecewiseLinear.Section34MarkedFillingCoordinates (2.4s)
✔ [6584/6591] Built DifferentialGeometry.Topology.PiecewiseLinear.Section34FillingLongitudes (2.3s)
✔ [6585/6591] Built DifferentialGeometry.Topology.PiecewiseLinear.Section34MeridianDiskNormalization (2.4s)
✔ [6586/6591] Built DifferentialGeometry.Topology.PiecewiseLinear.Section34BoundaryMeridianClass (2.5s)
✔ [6587/6592] Built DifferentialGeometry.Topology.PiecewiseLinear.Section34MeridianProjection (1.7s)
✔ [6588/6592] Built DifferentialGeometry.Topology.PiecewiseLinear.Section34PLMeridianGraph (2.5s)
✔ [6589/6592] Built DifferentialGeometry.Topology.PiecewiseLinear.Section34MeridianSeam (2.2s)
✔ [6590/6592] Built DifferentialGeometry.Topology.PiecewiseLinear.Section34MeridianGraphClass (2.3s)
✔ [6591/6593] Built DifferentialGeometry.Topology.PiecewiseLinear.Section34MarkedMeridianDisk (2.5s)
✔ [6592/6600] Built DifferentialGeometry.Topology.PiecewiseLinear.Section34CylindricalCircleCut (2.2s)
✔ [6593/6600] Built DifferentialGeometry.Topology.PiecewiseLinear.Section34CylindricalCancellation (2.1s)
✔ [6594/6603] Built DifferentialGeometry.Topology.PiecewiseLinear.Section34PolyhedralArc (2.1s)
✔ [6595/6603] Built DifferentialGeometry.Topology.PiecewiseLinear.Section34CylindricalFibers (2.9s)
✔ [6596/6603] Built DifferentialGeometry.Topology.PiecewiseLinear.Section34LongitudeClass (2.1s)
✔ [6597/6604] Built DifferentialGeometry.Topology.PiecewiseLinear.Section34CutCircleArc (2.1s)
✔ [6598/6605] Built DifferentialGeometry.Topology.PiecewiseLinear.Section34ProductFiberCarriers (2.3s)
✔ [6599/6605] Built DifferentialGeometry.Topology.PiecewiseLinear.Section34ProperLongitudeArc (2.1s)
✔ [6600/6606] Built DifferentialGeometry.Topology.PiecewiseLinear.Section34FaceBoundaryExtension (1.9s)
✔ [6601/6606] Built DifferentialGeometry.Topology.PiecewiseLinear.Section34SpanningArcBoundaryMap (2.2s)
✔ [6602/6606] Built DifferentialGeometry.Topology.PiecewiseLinear.Section34BoundaryLongitudeCut (2.4s)
✔ [6603/6606] Built DifferentialGeometry.Topology.PiecewiseLinear.Section34PlanarDiskBoundary (2.0s)
✔ [6604/6606] Built DifferentialGeometry.Topology.PiecewiseLinear.Section34LongitudeFoliation (2.5s)
✔ [6605/6615] Built DifferentialGeometry.Topology.PiecewiseLinear.Section34MarkedFillingFoliation (2.6s)
✔ [6606/6615] Built DifferentialGeometry.Topology.PiecewiseLinear.Section34SpanningPairCrosscut (2.2s)
✔ [6607/6615] Built DifferentialGeometry.Topology.PiecewiseLinear.Section34CylindricalReparametrization (2.1s)
✔ [6608/6616] Built DifferentialGeometry.Topology.PiecewiseLinear.Section34LateralFaceDisk (2.4s)
✔ [6609/6616] Built DifferentialGeometry.Topology.PiecewiseLinear.Section34LateralFaceMatching (2.2s)
✔ [6610/6622] Built DifferentialGeometry.Topology.PiecewiseLinear.Section34LateralFaceCover (2.4s)
✔ [6611/6622] Built DifferentialGeometry.Topology.PiecewiseLinear.Section34MarkedLateralStraightening (4.3s)
✔ [6612/6622] Built DifferentialGeometry.Topology.PiecewiseLinear.Section34MarkedAnnulusRecognition (2.2s)
✔ [6613/6622] Built DifferentialGeometry.Topology.PiecewiseLinear.Section34FullLongitudeStraightening (2.1s)
✔ [6614/6622] Built DifferentialGeometry.Topology.PiecewiseLinear.Section34AlignedFillingCylinder (2.3s)
✔ [6615/6622] Built DifferentialGeometry.Topology.PiecewiseLinear.Section34FaceAlignedFillingCylinder (2.5s)
✔ [6616/6622] Built DifferentialGeometry.Topology.PiecewiseLinear.Section34AlignedBandFilling (2.4s)
✔ [6617/6622] Built DifferentialGeometry.Topology.PiecewiseLinear.Section34CarrierAlignedCylinder (2.5s)
✔ [6618/6622] Built DifferentialGeometry.Topology.PiecewiseLinear.Section34FaceAlignedBandFilling (2.4s)
✔ [6619/6625] Built DifferentialGeometry.Topology.PiecewiseLinear.Section34CarrierFaceAlignedFilling (2.4s)
✔ [6620/6625] Built DifferentialGeometry.Topology.PiecewiseLinear.Section34OuterFaceAlignedFilling (2.5s)
✔ [6621/6627] Built DifferentialGeometry.Topology.PiecewiseLinear.Section34ActualCrossingSurfacesNeighborhood (2.5s)
✔ [6622/6627] Built DifferentialGeometry.Topology.PiecewiseLinear.Section34CurrentCarrierBandFilling (2.9s)
✔ [6623/6627] Built DifferentialGeometry.Topology.PiecewiseLinear.Section34ActualCrossingSurfacesTransport (2.4s)
✔ [6624/6627] Built DifferentialGeometry.Topology.PiecewiseLinear.Section34ModelCrossingPullback (2.1s)
✔ [6625/6627] Built DifferentialGeometry.Topology.PiecewiseLinear.Section34ActualCrossingSurfaces (2.6s)
✔ [6626/6628] Built DifferentialGeometry.Topology.PiecewiseLinear.Section34ActualCrossingInModel (2.3s)
✔ [6627/6630] Built DifferentialGeometry.Topology.PiecewiseLinear.Section34CircleCellChain (3.1s)
✔ [6628/6630] Built DifferentialGeometry.Topology.PiecewiseLinear.Section34CrossingCircleMarkedCellParameters (2.1s)
✔ [6629/6637] Built DifferentialGeometry.Topology.PiecewiseLinear.Section34InteriorSurfaceCaps (2.3s)
✔ [6630/6637] Built DifferentialGeometry.Topology.PiecewiseLinear.Section34CrossingCircleCharts (2.3s)
✔ [6631/6641] Built DifferentialGeometry.Topology.PiecewiseLinear.Section34CrossingCircleCells (2.2s)
✔ [6632/6641] Built DifferentialGeometry.Topology.PiecewiseLinear.Section34CrossingCircleLinks (2.1s)
✔ [6633/6641] Built DifferentialGeometry.Topology.PiecewiseLinear.Section34InteriorCrossingChartsSurface (2.1s)
✔ [6634/6641] Built DifferentialGeometry.Topology.PiecewiseLinear.Section34CrossingCircleSheets (2.5s)
✔ [6635/6641] Built DifferentialGeometry.Topology.PiecewiseLinear.Section34InteriorCrossingCharts (2.3s)
✔ [6636/6644] Built DifferentialGeometry.Topology.PiecewiseLinear.Section34CrossingCircleMarkedCellHits (2.3s)
✔ [6637/6644] Built DifferentialGeometry.Topology.PiecewiseLinear.Section34InteriorCrossingChartsCells (2.3s)
✔ [6638/6646] Built DifferentialGeometry.Topology.PiecewiseLinear.Section34CrossingCircleMarkedCell (2.7s)
✔ [6639/6646] Built DifferentialGeometry.Topology.PiecewiseLinear.Section34CrossingCircleCore (2.1s)
✔ [6640/6646] Built DifferentialGeometry.Topology.PiecewiseLinear.Section34CrossingCellChain (2.9s)
✔ [6641/6646] Built DifferentialGeometry.Topology.PiecewiseLinear.Section34LocalBicollarSides (2.3s)
✔ [6642/6646] Built DifferentialGeometry.Topology.PiecewiseLinear.Section34BicollarPages (2.3s)
✔ [6643/6646] Built DifferentialGeometry.Topology.PiecewiseLinear.Section34InteriorCrossingCellChain (2.2s)
✔ [6644/6649] Built DifferentialGeometry.Topology.PiecewiseLinear.Section34InteriorCrossingCirclePages (2.5s)
✔ [6645/6652] Built DifferentialGeometry.Topology.PiecewiseLinear.Section34InteriorCrossingCircleSidePages (2.6s)
✔ [6646/6652] Built DifferentialGeometry.Topology.PiecewiseLinear.Section34CrossingCircleSides (2.3s)
✔ [6647/6652] Built DifferentialGeometry.Topology.PiecewiseLinear.Section34MarkedCellSides (2.3s)
✔ [6648/6654] Built DifferentialGeometry.Topology.PiecewiseLinear.Section34MarkedCellReflection (2.3s)
✔ [6649/6654] Built DifferentialGeometry.Topology.PiecewiseLinear.Section34MarkedCellPageImages (2.1s)
✔ [6650/6654] Built DifferentialGeometry.Topology.PiecewiseLinear.Section34MarkedCapMatching (2.2s)
✔ [6651/6654] Built DifferentialGeometry.Topology.PiecewiseLinear.Section34MarkedCellSideAlignment (2.3s)
✔ [6652/6656] Built DifferentialGeometry.Topology.PiecewiseLinear.Section34MarkedCellCapTrace (2.1s)
✔ [6653/6656] Built DifferentialGeometry.Topology.PiecewiseLinear.Section34MarkedCellPageAlignment (2.1s)
✔ [6654/6657] Built DifferentialGeometry.Topology.PiecewiseLinear.Section34MarkedCyclicDiagram (2.5s)
✔ [6655/6657] Built DifferentialGeometry.Topology.PiecewiseLinear.Section34CyclicCellGluing (2.2s)
✔ [6656/6659] Built DifferentialGeometry.Topology.PiecewiseLinear.Section34MarkedCylinderUntwisting (2.1s)
✔ [6657/6660] Built DifferentialGeometry.Topology.PiecewiseLinear.FourSpokeSector (2.2s)
✔ [6658/6669] Built DifferentialGeometry.Topology.PiecewiseLinear.FourSpokeSectorFrontier (2.9s)
✔ [6659/6671] Built DifferentialGeometry.Topology.PiecewiseLinear.Section34ArcFamilyPseudoIsotopy (2.1s)
✔ [6660/6672] Built DifferentialGeometry.Topology.PiecewiseLinear.Section34DiskBoundaryPseudoIsotopy (2.3s)
✔ [6661/6672] Built DifferentialGeometry.Topology.PiecewiseLinear.Section34InteriorFillingQuadrantRegions (2.0s)
✔ [6662/6672] Built DifferentialGeometry.Topology.PiecewiseLinear.Section34CellularDiskPseudoIsotopy (2.1s)
✔ [6663/6672] Built DifferentialGeometry.Topology.PiecewiseLinear.Section34ActualFillingRegions (2.4s)
✔ [6664/6676] Built DifferentialGeometry.Topology.PiecewiseLinear.Section34FourSpokePseudoIsotopy (4.1s)
✔ [6665/6676] Built DifferentialGeometry.Topology.PiecewiseLinear.Section34FourSpokePseudoIsotopySquare (2.2s)
✔ [6666/6676] Built DifferentialGeometry.Topology.PiecewiseLinear.Section34CylindricalLocalChart (2.9s)
✔ [6667/6681] Built DifferentialGeometry.Topology.PiecewiseLinear.Section34UntwistedCrossingDiagram (2.0s)
✔ [6668/6681] Built DifferentialGeometry.Topology.PiecewiseLinear.Section34CrossingNeighborhoodQuadrantsSigns (2.3s)
✔ [6669/6681] Built DifferentialGeometry.Topology.PiecewiseLinear.Section34UntwistedCircleCellGluing (1.0s)
✔ [6670/6681] Built DifferentialGeometry.Topology.PiecewiseLinear.Section34CrossingFillingQuadrant (2.2s)
✔ [6671/6681] Built DifferentialGeometry.Topology.PiecewiseLinear.Section34CrossingNeighborhoodQuadrants (2.1s)
✔ [6672/6681] Built DifferentialGeometry.Topology.PiecewiseLinear.Section34PageCellGluing (1.0s)
✔ [6673/6681] Built DifferentialGeometry.Topology.PiecewiseLinear.Section34FillingCrossingSides (1.9s)
✔ [6674/6681] Built DifferentialGeometry.Topology.PiecewiseLinear.Section34CrossingModelRegions (2.0s)
✔ [6675/6681] Built DifferentialGeometry.Topology.PiecewiseLinear.Section34CrossingChainDiagram (2.1s)
✔ [6676/6682] Built DifferentialGeometry.Topology.PiecewiseLinear.Section34CrossingTubeFillingRecognition (3.2s)
✔ [6677/6682] Built DifferentialGeometry.Topology.PiecewiseLinear.Section34InteriorCrossingNeighborhood (2.2s)
✔ [6678/6682] Built DifferentialGeometry.Topology.PiecewiseLinear.Section34PairedCornerCollarModel (2.3s)
✔ [6679/6682] Built DifferentialGeometry.Topology.PiecewiseLinear.Section34ActualCrossingNeighborhood (2.6s)
✔ [6680/6682] Built DifferentialGeometry.Topology.PiecewiseLinear.Section34ActualFillingCrossingNeighborhood (2.5s)
✔ [6681/6686] Built DifferentialGeometry.Topology.PiecewiseLinear.Section34PairedFillingSeamNeighborhood (2.7s)
✔ [6682/6688] Built DifferentialGeometry.Topology.PiecewiseLinear.Section34CrossingCornerCollarModel (5.6s)
✔ [6683/6689] Built DifferentialGeometry.Topology.PiecewiseLinear.Section34CrossingCornerCollarExteriorModel (4.8s)
✔ [6684/6689] Built DifferentialGeometry.Topology.PiecewiseLinear.Section34CrossingCornerCollar (2.1s)
✔ [6685/6689] Built DifferentialGeometry.Topology.PiecewiseLinear.Section34CrossingCornerNeighborhood (2.1s)
✔ [6686/6689] Built DifferentialGeometry.Topology.PiecewiseLinear.Section34FillingExteriorModel (2.1s)
✔ [6687/6689] Built DifferentialGeometry.Topology.PiecewiseLinear.Section34CrossingCornerCollarExterior (2.1s)
✔ [6688/6690] Built DifferentialGeometry.Topology.PiecewiseLinear.Section34PairedCornerCollarExterior (2.2s)
✔ [6689/6696] Built DifferentialGeometry.Topology.PiecewiseLinear.Section34AnnularCollarExtension (2.6s)
✔ [6690/6701] Built DifferentialGeometry.Topology.PiecewiseLinear.Section34AnnularCollarExtensionPrism (2.0s)
✔ [6691/6704] Built DifferentialGeometry.Topology.PiecewiseLinear.Section34AnnularCollarExtensionComplement (1.0s)
✔ [6692/6706] Built DifferentialGeometry.Topology.PiecewiseLinear.Section34AnnularCollarExtensionInitial (2.1s)
✔ [6693/6706] Built DifferentialGeometry.Topology.PiecewiseLinear.Section34FillingFaceIsolation (2.3s)
✔ [6694/6707] Built DifferentialGeometry.Topology.PiecewiseLinear.Section34AnnularCollarExtensionAdaptation (1.0s)
✔ [6695/6711] Built DifferentialGeometry.Topology.PiecewiseLinear.Section34AnnularCollarExtensionRelative (1.9s)
✔ [6696/6711] Built DifferentialGeometry.Topology.PiecewiseLinear.Section34SeamCollarExtensionAdaptation (1.9s)
✔ [6697/6711] Built DifferentialGeometry.Topology.PiecewiseLinear.Section34CollaredFillingCylinder (2.1s)
✔ [6698/6711] Built DifferentialGeometry.Topology.PiecewiseLinear.Section34AnnularCollarExtensionSupport (2.1s)
✔ [6699/6711] Built DifferentialGeometry.Topology.PiecewiseLinear.Section34ThreeCrossingModel (2.2s)
✔ [6700/6711] Built DifferentialGeometry.Topology.PiecewiseLinear.Section34SeamCollarExtension (2.0s)
✔ [6701/6711] Built DifferentialGeometry.Topology.PiecewiseLinear.Section34FillingCollarRibbonTraces (3.1s)
✔ [6702/6711] Built DifferentialGeometry.Topology.PiecewiseLinear.Section34CollarSheetLocalization (2.2s)
✔ [6703/6711] Built DifferentialGeometry.Topology.PiecewiseLinear.Section34CollaredFillingCylinderSquare (2.4s)
✔ [6704/6711] Built DifferentialGeometry.Topology.PiecewiseLinear.Section34SeamCollarExtensionSupport (1.0s)
✔ [6705/6711] Built DifferentialGeometry.Topology.PiecewiseLinear.Section34CollaredFillingCylinderExpanded (1.0s)
✔ [6706/6711] Built DifferentialGeometry.Topology.PiecewiseLinear.Section34FillingBoundaryCollarExterior (2.4s)
✔ [6707/6711] Built DifferentialGeometry.Topology.PiecewiseLinear.Section34ActualFillingBoundaryCollar (2.2s)
✔ [6708/6715] Built DifferentialGeometry.Topology.PiecewiseLinear.Section34ActualFillingCollarTraces (2.4s)
✔ [6709/6715] Built DifferentialGeometry.Topology.PiecewiseLinear.Section34ActualFillingRibbonTraces (2.6s)
✔ [6710/6715] Built DifferentialGeometry.Topology.PiecewiseLinear.Section34CrossingRibbonAnnuli (2.0s)
✔ [6711/6715] Built DifferentialGeometry.Topology.PiecewiseLinear.Section34ActualCollaredFillingCylinder (2.4s)
✔ [6712/6715] Built DifferentialGeometry.Topology.PiecewiseLinear.Section34SeamVolumeExtension (2.2s)
✔ [6713/6715] Built DifferentialGeometry.Topology.PiecewiseLinear.Section34SeamCorrectionVolume (2.2s)
✔ [6714/6723] Built DifferentialGeometry.Topology.PiecewiseLinear.Section34SeamCorrectionCharts (2.2s)
✔ [6715/6723] Built DifferentialGeometry.Topology.PiecewiseLinear.Section34SeamAnnulusExtensionComplement (2.1s)
✔ [6716/6726] Built DifferentialGeometry.Topology.PiecewiseLinear.Section34SeamAnnulusExtensionChart (2.2s)
✔ [6717/6727] Built DifferentialGeometry.Topology.PiecewiseLinear.Section34SeamAnnulusExtensionMap (2.2s)
✔ [6718/6727] Built DifferentialGeometry.Topology.PiecewiseLinear.Section34SeamCorrectionPlacementArcs (2.3s)
✔ [6719/6728] Built DifferentialGeometry.Topology.PiecewiseLinear.Section34SeamAnnulusExtensionMatching (2.2s)
✔ [6720/6728] Built DifferentialGeometry.Topology.PiecewiseLinear.Section34SeamCorrectionFacePreservation (2.1s)
✔ [6721/6730] Built DifferentialGeometry.Topology.PiecewiseLinear.Section34SeamCorrectionPlacement (2.3s)
✔ [6722/6730] Built DifferentialGeometry.Topology.PiecewiseLinear.Section34SeamAnnulusExtensionGerm (2.1s)
✔ [6723/6730] Built DifferentialGeometry.Topology.PiecewiseLinear.Section34SeamCorrectionConjugacy (1.0s)
✔ [6724/6730] Built DifferentialGeometry.Topology.PiecewiseLinear.Section34SeamCorrectionBaseSides (2.2s)
✔ [6725/6733] Built DifferentialGeometry.Topology.PiecewiseLinear.Section34SeamBicollarExtension (3.5s)
✔ [6726/6733] Built DifferentialGeometry.Topology.PiecewiseLinear.Section34SeamCorrectionFaceCoordinates (2.3s)
✔ [6727/6733] Built DifferentialGeometry.Topology.PiecewiseLinear.Section34SeamCorrectionShortening (2.3s)
✔ [6728/6735] Built DifferentialGeometry.Topology.PiecewiseLinear.Section34SeamCoordinateAlignment (2.3s)
✔ [6729/6735] Built DifferentialGeometry.Topology.PiecewiseLinear.Section34SeamCorrectionFromSides (2.4s)
✔ [6730/6737] Built DifferentialGeometry.Topology.PiecewiseLinear.Section34SeamCorrectionComposition (2.2s)
✔ [6731/6737] Built DifferentialGeometry.Topology.PiecewiseLinear.Section34CrossingCornerBicollar (2.1s)
✔ [6732/6740] Built DifferentialGeometry.Topology.PiecewiseLinear.Section34SeamCorrection (2.9s)
✔ [6733/6740] Built DifferentialGeometry.Topology.PiecewiseLinear.Section34FillingRibbonContacts (2.6s)
✔ [6734/6740] Built DifferentialGeometry.Topology.PiecewiseLinear.Section34CrossingCornerCoreAlignment (2.1s)
✔ [6735/6740] Built DifferentialGeometry.Topology.PiecewiseLinear.Section34PairedSeamCorrection (2.7s)
✔ [6736/6740] Built DifferentialGeometry.Topology.PiecewiseLinear.Section34FillingFaceAnnuli (2.1s)
✔ [6737/6740] Built DifferentialGeometry.Topology.PiecewiseLinear.Section34FillingCornerBicollar (2.1s)
✔ [6738/6743] Built DifferentialGeometry.Topology.PiecewiseLinear.Section34ActualSeamCorrection (3.0s)
✔ [6739/6747] Built DifferentialGeometry.Topology.PiecewiseLinear.Section34SeamMarkedBandFilling (3.2s)
✔ [6740/6747] Built DifferentialGeometry.Topology.PiecewiseLinear.Section34CurrentFillingRegions (1.0s)
✔ [6741/6747] Built DifferentialGeometry.Topology.PiecewiseLinear.Section34CurrentCollarSheetLocalization (2.1s)
✔ [6742/6750] Built DifferentialGeometry.Topology.PiecewiseLinear.Section34CurrentPairedCornerModel (2.2s)
✔ [6743/6750] Built DifferentialGeometry.Topology.PiecewiseLinear.Section34CurrentFillingCrossingNeighborhood (2.3s)
✔ [6744/6752] Built DifferentialGeometry.Topology.PiecewiseLinear.Section34CurrentFillingBoundaryCollar (2.1s)
✔ [6745/6752] Built DifferentialGeometry.Topology.PiecewiseLinear.Section34CurrentPairedFillingSeamNeighborhood (2.3s)
✔ [6746/6752] Built DifferentialGeometry.Topology.PiecewiseLinear.Section34CurrentFillingCollarTraces (2.4s)
✔ [6747/6752] Built DifferentialGeometry.Topology.PiecewiseLinear.Section34BandForbiddenBoundary (2.3s)
✔ [6748/6752] Built DifferentialGeometry.Topology.PiecewiseLinear.Section34CurrentFillingRibbonTraces (2.5s)
✔ [6749/6753] Built DifferentialGeometry.Topology.PiecewiseLinear.Section34CurrentBandForbiddenBoundary (2.4s)
✔ [6750/6753] Built DifferentialGeometry.Topology.PiecewiseLinear.Section34CurrentCollaredFillingCylinder (2.3s)
✔ [6751/6755] Built DifferentialGeometry.Topology.PiecewiseLinear.Section34SynchronizedCollarRadius (2.1s)
✔ [6752/6756] Built DifferentialGeometry.Topology.PiecewiseLinear.Section34CurrentSeamMarkedBandFilling (2.8s)
✔ [6753/6757] Built DifferentialGeometry.Topology.PiecewiseLinear.Section34SynchronizedShellTraces (2.4s)
✔ [6754/6757] Built DifferentialGeometry.Topology.PiecewiseLinear.Section34FillingCornerBoundary (2.0s)
✔ [6755/6759] Built DifferentialGeometry.Topology.PiecewiseLinear.Section34CylindricalCollarTrace (1.0s)
✔ [6756/6759] Built DifferentialGeometry.Topology.PiecewiseLinear.Section34SynchronizedSeamSides (2.1s)
✔ [6757/6760] Built DifferentialGeometry.Topology.PiecewiseLinear.Section34CollarAvoidance (1.8s)
✔ [6758/6760] Built DifferentialGeometry.Topology.PiecewiseLinear.Section34SeamBaseArcs (2.1s)
✔ [6759/6763] Built DifferentialGeometry.Topology.PiecewiseLinear.Section34SynchronizedFillingEnlargement (21s)
✔ [6760/6763] Built DifferentialGeometry.Topology.PiecewiseLinear.Section34CollaredCylinderFrontier (2.4s)
✔ [6761/6763] Built DifferentialGeometry.Topology.PiecewiseLinear.Section34CollaredFillingIntersection (13s)
✔ [6762/6765] Built DifferentialGeometry.Topology.PiecewiseLinear.Section34CollaredSheetAnnuli (14s)
✔ [6763/6775] Built DifferentialGeometry.Topology.PiecewiseLinear.AnnularChainLocalPolyhedral (3.6s)
✔ [6764/6775] Built DifferentialGeometry.Topology.PiecewiseLinear.AnnularChainOpenCellCoordinates (3.2s)
✔ [6765/6775] Built DifferentialGeometry.Topology.PiecewiseLinear.PLAnnulusEnds (5.5s)
✔ [6766/6776] Built DifferentialGeometry.Topology.PiecewiseLinear.PLAnnulusReversal (4.6s)
✔ [6767/6781] Built DifferentialGeometry.Topology.PiecewiseLinear.Section34CollaredSheetAnnuliModel (3.6s)
✔ [6768/6781] Built DifferentialGeometry.Topology.PiecewiseLinear.Section34BoundaryArcShellChart (3.2s)
✔ [6769/6781] Built DifferentialGeometry.Topology.PiecewiseLinear.Section34CollaredSheetAnnuliRibbons (3.1s)
✔ [6770/6781] Built DifferentialGeometry.Topology.PiecewiseLinear.Section34ShellCrossingFan (2.5s)
✔ [6771/6781] Built DifferentialGeometry.Topology.PiecewiseLinear.Section34CollaredSheetAnnuliActual (16s)
✔ [6772/6781] Built DifferentialGeometry.Topology.PiecewiseLinear.Section34ExteriorCollarCrossings (2.7s)
✔ [6773/6781] Built DifferentialGeometry.Topology.PiecewiseLinear.Section34CollaredSheetAnnuliBoundary (2.5s)
✔ [6774/6781] Built DifferentialGeometry.Topology.PiecewiseLinear.Section34ExpandedSquareCrossingCharts (2.1s)
✔ [6775/6785] Built DifferentialGeometry.Topology.PiecewiseLinear.Section34SquareShellArcs (2.1s)
✔ [6776/6789] Built DifferentialGeometry.Topology.PiecewiseLinear.Section34ExpandedSquareCrossingChartsSwap (2.0s)
✔ [6777/6789] Built DifferentialGeometry.Topology.PiecewiseLinear.Section34SquareShellCrosscutTools (2.1s)
✔ [6778/6793] Built DifferentialGeometry.Topology.PiecewiseLinear.Section34CircleSubfamily (1.9s)
✔ [6779/6793] Built DifferentialGeometry.Topology.PiecewiseLinear.Section34SecondTraceTransport (1.0s)
✔ [6780/6793] Built DifferentialGeometry.Topology.PiecewiseLinear.Section34ExpandedSquareCrosscuts (2.5s)
✔ [6781/6793] Built DifferentialGeometry.Topology.PiecewiseLinear.Section34CylindricalBigonCancellation (2.2s)
✔ [6782/6793] Built DifferentialGeometry.Topology.PiecewiseLinear.Section34RetainedTraceNonempty (1.9s)
✔ [6783/6793] Built DifferentialGeometry.Topology.PiecewiseLinear.Section34SynchronizedBaseArcs (2.2s)
✔ [6784/6793] Built DifferentialGeometry.Topology.PiecewiseLinear.Section34SquareCylindricalCancellation (2.1s)
✔ [6785/6793] Built DifferentialGeometry.Topology.PiecewiseLinear.Section34SynchronizedCrosscutNeighborhood (6.0s)
✔ [6786/6793] Built DifferentialGeometry.Topology.PiecewiseLinear.Section34SquareCrosscutCancellation (1.9s)
✔ [6787/6793] Built DifferentialGeometry.Topology.PiecewiseLinear.Section34TargetCrosscutCancellation (2.0s)
✔ [6788/6793] Built DifferentialGeometry.Topology.PiecewiseLinear.Section34SeamFillingTraceMotion (2.5s)
✔ [6789/6794] Built DifferentialGeometry.Topology.PiecewiseLinear.Section34CurrentCarrierBandStep (2.4s)
✔ [6790/6794] Built DifferentialGeometry.Topology.PiecewiseLinear.Section34CarrierBandDescent (3.9s)
✔ [6791/6794] Built DifferentialGeometry.Topology.PiecewiseLinear.PLCellInteriorImage (1.9s)
✔ [6792/6798] Built DifferentialGeometry.Topology.PiecewiseLinear.Section34SingleTraceMotion (2.1s)
✔ [6793/6798] Built DifferentialGeometry.Topology.PiecewiseLinear.Section34ConfinedTubeCircleRemoval (3.5s)
✔ [6794/6802] Built DifferentialGeometry.Topology.Compactness.LocallyFiniteClosedCover (966ms)
✔ [6795/6802] Built DifferentialGeometry.Topology.PiecewiseLinear.Section34VertexMarkerInterior (1.9s)
✔ [6796/6803] Built DifferentialGeometry.Topology.PiecewiseLinear.Section34VertexInteriorOverlap (2.0s)
✔ [6797/6805] Built DifferentialGeometry.Topology.PiecewiseLinear.Section34ConnectedCarriers (1.9s)
✔ [6798/6805] Built DifferentialGeometry.Topology.PiecewiseLinear.PLCellDiskExtension (1.0s)
✔ [6799/6807] Built DifferentialGeometry.Topology.PiecewiseLinear.Section34EdgeCommonChart (1.9s)
✔ [6800/6808] Built DifferentialGeometry.Topology.PiecewiseLinear.PLCellPairMap (1.9s)
✔ [6801/6808] Built DifferentialGeometry.Topology.PiecewiseLinear.PLHomeomorphIntoInverse (1.8s)
✔ [6802/6808] Built DifferentialGeometry.Topology.PiecewiseLinear.Section34VertexIncidentEdge (3.7s)
✔ [6803/6808] Built DifferentialGeometry.Topology.PiecewiseLinear.PLCellPairExtension (1.9s)
✔ [6804/6811] Built DifferentialGeometry.Topology.PiecewiseLinear.PLCellMapInterior (1.9s)
✔ [6805/6811] Built DifferentialGeometry.Topology.PiecewiseLinear.Section34CarrierOrientation (2.2s)
✔ [6806/6811] Built DifferentialGeometry.Topology.PiecewiseLinear.PLCellPairComparison (1.9s)
✔ [6807/6811] Built DifferentialGeometry.Topology.LocalDegree.ChartParityGerm (1.9s)
✔ [6808/6812] Built DifferentialGeometry.Topology.PiecewiseLinear.Section34RelativeVertexSigns (2.4s)
✔ [6809/6812] Built DifferentialGeometry.Topology.LocalDegree.ChartComparison (1.9s)
✔ [6810/6812] Built DifferentialGeometry.Topology.PiecewiseLinear.SphericalDiskTraceChart (2.1s)
✔ [6811/6813] Built DifferentialGeometry.Topology.PiecewiseLinear.CellPairRelativeOrientation (2.4s)
✔ [6812/6814] Built DifferentialGeometry.Topology.LocalDegree.CompactSupportOrientation (1.9s)
✔ [6813/6821] Built DifferentialGeometry.Topology.LocalDegree.BoundarySphereDegree (1.8s)
✔ [6816/6821] Built DifferentialGeometry.Topology.LocalDegree.HomeomorphConjugation (1.0s)
✔ [6817/6821] Built DifferentialGeometry.Topology.PiecewiseLinear.CircleDegreeOrientation (2.0s)
✔ [6818/6821] Built DifferentialGeometry.Topology.PiecewiseLinear.CircleLocalDegreeOrientation (2.0s)
✔ [6819/6821] Built DifferentialGeometry.Topology.PiecewiseLinear.DiskLocalDegreeOrientation (2.2s)
✔ [6820/6824] Built DifferentialGeometry.Topology.PiecewiseLinear.PlanarDiskOrientation (2.2s)
✔ [6821/6824] Built DifferentialGeometry.Topology.LocalDegree.SphereSuspension.Geometry (2.1s)
✔ [6822/6830] Built DifferentialGeometry.Topology.LocalDegree.SphereSuspension (2.3s)
✔ [6823/6834] Built DifferentialGeometry.Topology.LocalDegree.Product.Geometry (2.1s)
✔ [6824/6837] Built DifferentialGeometry.Topology.LocalDegree.SphereMapParameter (1.4s)
✔ [6825/6839] Built DifferentialGeometry.Topology.LocalDegree.EmbeddingTranslation (1.8s)
✔ [6826/6839] Built DifferentialGeometry.Topology.PiecewiseLinear.CirclePositiveConjugation (1.9s)
✔ [6827/6839] Built DifferentialGeometry.Topology.LocalDegree.AffineCoordinate (2.4s)
✔ [6828/6839] Built DifferentialGeometry.Topology.PiecewiseLinear.CircleOrientationParity (1.9s)
✔ [6829/6839] Built DifferentialGeometry.Topology.LocalDegree.Product (4.2s)
✔ [6830/6840] Built DifferentialGeometry.Topology.LocalDegree.Product.Negative (1.0s)
✔ [6831/6841] Built DifferentialGeometry.Topology.LocalDegree.HalfSpace (2.3s)
✔ [6832/6841] Built DifferentialGeometry.Topology.PiecewiseLinear.HoledSphereClosed (1.0s)
✔ [6833/6841] Built DifferentialGeometry.Topology.LocalDegree.HalfSpaceOpen (1.9s)
✔ [6834/6841] Built DifferentialGeometry.Topology.PiecewiseLinear.LocallyFinitePLHomeomorphGluing (2.0s)
✔ [6835/6842] Built DifferentialGeometry.Topology.LocalDegree.BoundaryTraceOrientation (2.2s)
✔ [6836/6844] Built DifferentialGeometry.Topology.LocalDegree.BoundaryTraceOrientationAt (2.2s)
✔ [6837/6844] Built DifferentialGeometry.Topology.PiecewiseLinear.BallPairTwoSimplices (2.2s)
✔ [6838/6846] Built DifferentialGeometry.Topology.PiecewiseLinear.HalfSpaceCircleOrientation (2.0s)
✔ [6839/6846] Built DifferentialGeometry.Topology.PiecewiseLinear.SegmentSplit (1.4s)
✔ [6840/6846] Built DifferentialGeometry.Topology.PiecewiseLinear.BallPairBoundaryOrientation (2.7s)
✔ [6841/6846] Built DifferentialGeometry.Topology.PiecewiseLinear.MidpointIndependence (1.6s)
✔ [6842/6853] Built DifferentialGeometry.Topology.PiecewiseLinear.BallPairCutModel (2.0s)
✔ [6843/6853] Built DifferentialGeometry.Topology.PiecewiseLinear.CellPairBoundaryOrientation (2.3s)
✔ [6844/6853] Built DifferentialGeometry.Topology.PiecewiseLinear.SphereDiskMarked (1.9s)
✔ [6845/6853] Built DifferentialGeometry.Topology.PiecewiseLinear.BallPairCutConfig (5.2s)
✔ [6846/6854] Built DifferentialGeometry.Topology.PiecewiseLinear.Section34RelativeEdgeCharacter (2.5s)
✔ [6847/6856] Built DifferentialGeometry.Topology.PiecewiseLinear.ConeDiskPairExtension (1.8s)
✔ [6848/6858] Built DifferentialGeometry.Topology.PiecewiseLinear.BallPairRelativeGluing (2.3s)
✔ [6849/6858] Built DifferentialGeometry.Topology.PiecewiseLinear.PlanarSubdiskOrientation (1.0s)
✔ [6850/6860] Built DifferentialGeometry.Topology.PiecewiseLinear.MarkedSphereBoundaryExtension (2.0s)
✔ [6851/6860] Built DifferentialGeometry.Topology.PiecewiseLinear.MarkedSphereFamilyMap (2.0s)
✔ [6852/6860] Built DifferentialGeometry.Topology.PiecewiseLinear.ChartCircleOrientation (1.9s)
✔ [6853/6860] Built DifferentialGeometry.Topology.PiecewiseLinear.MarkedSphereOrientation (2.1s)
✔ [6854/6860] Built DifferentialGeometry.Topology.PiecewiseLinear.CellDiskOrientationCorrection (2.3s)
✔ [6855/6860] Built DifferentialGeometry.Topology.PiecewiseLinear.PLCellBoundaryMarkedMap (2.1s)
✔ [6856/6861] Built DifferentialGeometry.Topology.PiecewiseLinear.MarkedCellOrientation (2.4s)
✔ [6857/6865] Built DifferentialGeometry.Topology.PiecewiseLinear.Section34ReferenceSphereMaps (2.2s)
✔ [6858/6865] Built DifferentialGeometry.Topology.PiecewiseLinear.PositiveBoundaryExtension (1.9s)
✔ [6859/6865] Built DifferentialGeometry.Topology.PiecewiseLinear.Section34ReferenceBallMaps (2.2s)
✔ [6860/6865] Built DifferentialGeometry.Topology.PiecewiseLinear.SphereHoledBoundaryExtension (2.0s)
✔ [6861/6866] Built DifferentialGeometry.Topology.PiecewiseLinear.Section34PositiveReferenceMaps (2.6s)
✔ [6862/6867] Built DifferentialGeometry.Topology.PiecewiseLinear.MarkedSpherePositiveExtension (2.3s)
✔ [6863/6867] Built DifferentialGeometry.Topology.PiecewiseLinear.Section34DeletedFamilyTorus (2.4s)
✔ [6864/6867] Built DifferentialGeometry.Topology.PiecewiseLinear.MarkedCellPositiveExtension (2.3s)
✔ [6865/6867] Built DifferentialGeometry.Topology.PiecewiseLinear.FaceRimInteriorDeletedFamily (1.0s)
✔ [6866/6873] Built DifferentialGeometry.Topology.PiecewiseLinear.Section34JointCellMatching (2.6s)
✔ [6867/6873] Built DifferentialGeometry.Topology.PiecewiseLinear.InnerSolidTorusToroidalShell (3.0s)
✔ [6868/6873] Built DifferentialGeometry.Topology.PiecewiseLinear.Section34VertexApproximation (1.9s)
✔ [6869/6874] Built DifferentialGeometry.Topology.PiecewiseLinear.RadialSolidTorusShell (2.9s)
✔ [6870/6875] Built DifferentialGeometry.Topology.PiecewiseLinear.SpineNeighborhood (2.3s)
✔ [6871/6875] Built DifferentialGeometry.Topology.PiecewiseLinear.ChartRelativeGeneralPosition (2.2s)
✔ [6872/6877] Built DifferentialGeometry.Topology.PiecewiseLinear.Section34NestedDeletedTorus (2.3s)
✔ [6873/6877] Built DifferentialGeometry.Topology.PiecewiseLinear.Section34PiercingSurfacePatches (1.8s)
✔ [6874/6877] Built DifferentialGeometry.Topology.PiecewiseLinear.Section34PiercingIntersectionConfinement (1.2s)
✔ [6875/6879] Built DifferentialGeometry.Topology.PiecewiseLinear.Section34EdgeMatchingLeaf (2.4s)
✔ [6876/6881] Built DifferentialGeometry.Topology.PiecewiseLinear.SupportedSurfaceGeneralPosition (2.4s)
✔ [6877/6881] Built DifferentialGeometry.Topology.PiecewiseLinear.DisjointSupportedHomeomorphs (1.8s)
✔ [6878/6881] Built DifferentialGeometry.Topology.PiecewiseLinear.PLCellOnBoundarySphere (2.2s)
✔ [6879/6884] Built DifferentialGeometry.Topology.PiecewiseLinear.Section34VertexSupportedMoves (2.2s)
✔ [6880/6884] Built DifferentialGeometry.Topology.PiecewiseLinear.PolyhedralSurfaceCharts (2.1s)
✔ [6881/6885] Built DifferentialGeometry.Topology.PiecewiseLinear.Section34RelativeVertexCrossings (3.0s)
✔ [6882/6886] Built DifferentialGeometry.Topology.PiecewiseLinear.CrossingSurfaceLineChart (2.3s)
✔ [6883/6886] Built DifferentialGeometry.Topology.PiecewiseLinear.CrossingTracePolyhedron (2.3s)
✔ [6884/6886] Built DifferentialGeometry.Topology.PiecewiseLinear.Section34VertexChartScales (2.1s)
✔ [6885/6891] Built DifferentialGeometry.Topology.PiecewiseLinear.Section34PiercingAnnularCrossings (2.4s)
✔ [6886/6894] Built DifferentialGeometry.Topology.PiecewiseLinear.PLCellOnThickeningStability (1.0s)
✔ [6887/6895] Built DifferentialGeometry.Topology.PiecewiseLinear.PLCellOnInteriorRegionStability (1.0s)
✔ [6888/6895] Built DifferentialGeometry.Topology.PiecewiseLinear.Section34PiercingSourceSides (2.1s)
✔ [6889/6897] Built DifferentialGeometry.Topology.PiecewiseLinear.Section34PiercingSideStability (2.3s)
✔ [6890/6897] Built DifferentialGeometry.Topology.PiecewiseLinear.Section34PiercingRegionStability (2.0s)
✔ [6891/6897] Built DifferentialGeometry.Topology.PiecewiseLinear.Section34PiercingConditionsOfCrossings (2.1s)
✔ [6892/6897] Built DifferentialGeometry.Topology.PiecewiseLinear.Section34PiercingSourceBuffers (2.0s)
✔ [6893/6897] Built DifferentialGeometry.Topology.PiecewiseLinear.Section34PiercingCircles (2.2s)
✔ [6894/6898] Built DifferentialGeometry.Topology.PiecewiseLinear.Section34PiercingBufferStability (2.1s)
✔ [6895/6898] Built DifferentialGeometry.Topology.PiecewiseLinear.Section34PiercingAuxiliaryScales (2.1s)
✔ [6896/6898] Built DifferentialGeometry.Topology.PiecewiseLinear.Section34EdgeEnds (1.0s)
✔ [6897/6900] Built DifferentialGeometry.Topology.PiecewiseLinear.Section34PiercingPackage (2.4s)
✔ [6898/6900] Built DifferentialGeometry.Topology.PiecewiseLinear.Section34GraphCores (1.0s)
✔ [6899/6902] Built DifferentialGeometry.Topology.PiecewiseLinear.Section34EdgeGraphRegions (2.3s)
✔ [6900/6903] Built DifferentialGeometry.Topology.PiecewiseLinear.CenteredPrismBallPair (2.2s)
✔ [6901/6904] Built DifferentialGeometry.Topology.PiecewiseLinear.PLPieceConjugateEmbedding (1.0s)
✔ [6902/6904] Built DifferentialGeometry.Topology.PiecewiseLinear.PLPieceBallInterior (1.8s)
✔ [6903/6907] Built DifferentialGeometry.Topology.PiecewiseLinear.PLCellOnPolyhedralBall (1.9s)
✔ [6904/6908] Built DifferentialGeometry.Topology.PiecewiseLinear.Section34PiercedBallHeightMove (2.2s)
✔ [6905/6908] Built DifferentialGeometry.Topology.PiecewiseLinear.Section34PiercedBallFrontiers (1.4s)
✔ [6906/6913] Built DifferentialGeometry.Topology.PiecewiseLinear.Section34PiercedBallRoof (2.3s)
✔ [6907/6913] Built DifferentialGeometry.Topology.PiecewiseLinear.Section34PiercingMarkerRoutes (1.7s)
✔ [6908/6913] Built DifferentialGeometry.Topology.PiecewiseLinear.SignedHeightCrossing (1.3s)
✔ [6909/6913] Built DifferentialGeometry.Topology.PiecewiseLinear.PLPieceCrossingFrontiers (1.8s)
✔ [6910/6915] Built DifferentialGeometry.Topology.PiecewiseLinear.Section34PiercedBallModel (2.3s)
✔ [6911/6918] Built DifferentialGeometry.Topology.PiecewiseLinear.Section34PiercedBallTransport (2.5s)
✔ [6912/6918] Built DifferentialGeometry.Topology.PiecewiseLinear.ManifoldPointTransport (1.8s)
✔ [6913/6918] Built DifferentialGeometry.Topology.PiecewiseLinear.Section34PiercedEdgeCells (1.0s)
✔ [6914/6920] Built DifferentialGeometry.Topology.PiecewiseLinear.LocalFrontierCrossing (1.6s)
✔ [6915/6922] Built DifferentialGeometry.Topology.PiecewiseLinear.PLCellMarkerMove (2.3s)
✔ [6916/6922] Built DifferentialGeometry.Topology.PiecewiseLinear.DisjointSupportedPLEmbeddings (2.1s)
✔ [6917/6923] Built DifferentialGeometry.Topology.PiecewiseLinear.Section34MarkedPiercedCells (2.4s)
✔ [6918/6923] Built DifferentialGeometry.Topology.PiecewiseLinear.Section34VertexCellIntersections (2.7s)
✔ [6919/6923] Built DifferentialGeometry.Topology.PiecewiseLinear.Section34VertexEdgePasting (2.2s)
✔ [6920/6923] Built DifferentialGeometry.Topology.PiecewiseLinear.Section34GraphCoveringEdgeCells (2.5s)
✔ [6921/6923] Built DifferentialGeometry.Topology.PiecewiseLinear.Section34PiercingCircleNeighborhoods (2.1s)
✔ [6922/6927] Built DifferentialGeometry.Topology.PiecewiseLinear.Section34PiercedVertexCells (2.9s)
✔ [6923/6930] Built DifferentialGeometry.Topology.PiecewiseLinear.Section34CellEnlargements (2.0s)
✔ [6924/6930] Built DifferentialGeometry.Topology.PiecewiseLinear.SupportedPLCellExtension (1.9s)
✔ [6925/6930] Built DifferentialGeometry.Topology.PiecewiseLinear.LocallyFiniteOpenEnlargements (972ms)
✔ [6926/6930] Built DifferentialGeometry.Topology.PiecewiseLinear.SupportedPLPieceConjugate (1.9s)
✔ [6927/6933] Built DifferentialGeometry.Topology.PiecewiseLinear.SupportedPLPrismShift (2.1s)
✔ [6928/6934] Built DifferentialGeometry.Topology.PiecewiseLinear.PLCellEnlargement (2.2s)
✔ [6929/6934] Built DifferentialGeometry.Topology.PiecewiseLinear.Section34VertexScales (2.6s)
✔ [6930/6935] Built DifferentialGeometry.Topology.PiecewiseLinear.Section34ChartLocalEnlargements (1.0s)
✔ [6931/6935] Built DifferentialGeometry.Topology.PiecewiseLinear.PLCellOnStabilityScales (1.8s)
✔ [6932/6935] Built DifferentialGeometry.Topology.PiecewiseLinear.Section34LensIsolation (1.0s)
✔ [6933/6935] Built DifferentialGeometry.Topology.PiecewiseLinear.Section34LocalMargins (2.5s)
✔ [6934/6938] Built DifferentialGeometry.Topology.PiecewiseLinear.Section34LensImages (1.0s)
✔ [6935/6939] Built DifferentialGeometry.Topology.PiecewiseLinear.LocallyFiniteSeparationScales (1.4s)
✔ [6936/6939] Built DifferentialGeometry.Topology.PiecewiseLinear.Section34SplitDiskNeighborhoods (1.9s)
✔ [6937/6939] Built DifferentialGeometry.Topology.PiecewiseLinear.Section34AnnularGenerators (2.0s)
✔ [6938/6943] Built DifferentialGeometry.Topology.PiecewiseLinear.Section34SeparationMargins (2.2s)
✔ [6939/6943] Built DifferentialGeometry.Topology.PiecewiseLinear.Section34NestedPiercingRegularNeighborhood (2.5s)
✔ [6940/6943] Built DifferentialGeometry.Topology.PiecewiseLinear.NeighborhoodSolidTorus (1.9s)
✔ [6941/6946] Built DifferentialGeometry.Topology.PiecewiseLinear.Section34NestedPiercingSubdivision (2.6s)
✔ [6942/6946] Built DifferentialGeometry.Topology.PiecewiseLinear.Section34SmallRegularNeighborhood (2.5s)
✔ [6943/6950] Built DifferentialGeometry.Topology.PiecewiseLinear.DerivedNeighborhoodCoreBoundary (1.8s)
✔ [6944/6950] Built DifferentialGeometry.Topology.PiecewiseLinear.DerivedNeighborhoodCircleLevels (2.0s)
✔ [6945/6950] Built DifferentialGeometry.Topology.PiecewiseLinear.CylinderFrontierSides (1.3s)
✔ [6946/6950] Built DifferentialGeometry.Topology.PiecewiseLinear.Section34SmallSolidTorus (2.9s)
✔ [6947/6950] Built DifferentialGeometry.Topology.PiecewiseLinear.AnnulusFrontierSides (1.9s)
✔ [6948/6951] Built DifferentialGeometry.Topology.PiecewiseLinear.Section34MarkedNestedAnnuli (2.2s)
✔ [6949/6951] Built DifferentialGeometry.Topology.PiecewiseLinear.Section34VertexPreparation (3.3s)
✔ [6950/6956] Built DifferentialGeometry.Topology.PiecewiseLinear.LocallyFiniteIncidentNeighborhood (926ms)
✔ [6951/6956] Built DifferentialGeometry.Topology.PiecewiseLinear.Section34SubdivisionCarriers (1.0s)
✔ [6952/6956] Built DifferentialGeometry.Topology.PiecewiseLinear.Section34GraphRefinementControl (1.0s)
✔ [6953/6956] Built DifferentialGeometry.Topology.PiecewiseLinear.Section34GraphNeighborhoodSubdivision (1.9s)
✔ [6954/6956] Built DifferentialGeometry.Topology.PiecewiseLinear.Section34IncidentBufferSubdivision (1.0s)
✔ [6955/6962] Built DifferentialGeometry.Topology.PiecewiseLinear.Section34BufferedGraphSubdivision (2.0s)
✔ [6956/6965] Built DifferentialGeometry.Topology.PiecewiseLinear.LocallyFiniteGraphDualCells (1.0s)
✔ [6957/6965] Built DifferentialGeometry.Topology.PiecewiseLinear.Section34CutExhaustion (1.7s)
✔ [6958/6965] Built DifferentialGeometry.Topology.PiecewiseLinear.DerivedNeighborhoodTransport (1.9s)
✔ [6959/6966] Built DifferentialGeometry.Topology.PiecewiseLinear.LocallyFiniteDerivedNeighborhood (2.0s)
✔ [6960/6966] Built DifferentialGeometry.Topology.PiecewiseLinear.LocallyFiniteDerivedManifold (1.0s)
✔ [6961/6966] Built DifferentialGeometry.Topology.PiecewiseLinear.LocallyFiniteGraphCutCells (2.0s)
✔ [6962/6968] Built DifferentialGeometry.Topology.PiecewiseLinear.LocallyFiniteManifoldExhaustion (2.2s)
✔ [6963/6969] Built DifferentialGeometry.Topology.PiecewiseLinear.LocallyFiniteGraphExhaustion (2.1s)
✔ [6964/6970] Built DifferentialGeometry.Topology.PiecewiseLinear.CompactImageNeighborhood (1.3s)
✔ [6965/6970] Built DifferentialGeometry.Topology.PiecewiseLinear.Section34GraphCoreComplex (1.9s)
✔ [6966/6974] Built DifferentialGeometry.Topology.PiecewiseLinear.LocallyFinitePieceTransport (2.3s)
✔ [6967/6974] Built DifferentialGeometry.Topology.PiecewiseLinear.Section34GraphCellCarriers (2.1s)
✔ [6968/6974] Built DifferentialGeometry.Topology.PiecewiseLinear.Section34GraphDualIncidence (1.9s)
✔ [6969/6974] Built DifferentialGeometry.Topology.PiecewiseLinear.DerivedExhaustionRegularNeighborhood (2.1s)
✔ [6970/6974] Built DifferentialGeometry.Topology.PiecewiseLinear.Section34GraphImageSubdivision (2.0s)
✔ [6971/6975] Built DifferentialGeometry.Topology.PiecewiseLinear.Section34ControlledVertexCells (2.1s)
✔ [6972/6975] Built DifferentialGeometry.Topology.PiecewiseLinear.Section34GraphRegularNeighborhood (1.9s)
✔ [6973/6975] Built DifferentialGeometry.Topology.PiecewiseLinear.CylinderSpine (1.0s)
✔ [6974/6978] Built DifferentialGeometry.Topology.PiecewiseLinear.Section34ControlledGraphCore (2.0s)
✔ [6975/6980] Built DifferentialGeometry.Topology.PiecewiseLinear.ConeMarkedPrism (2.2s)
✔ [6976/6982] Built DifferentialGeometry.Topology.PiecewiseLinear.MarkedPrismChain (2.2s)
✔ [6977/6982] Built DifferentialGeometry.Topology.PiecewiseLinear.CyclicCellMarkedPrism (2.1s)
✔ [6978/6984] Built DifferentialGeometry.Topology.PiecewiseLinear.MarkedCylinderUntwisting (2.0s)
✔ [6979/6984] Built DifferentialGeometry.Topology.PiecewiseLinear.CircleSolidTorus (1.9s)
✔ [6980/6986] Built DifferentialGeometry.Topology.PiecewiseLinear.MarkedCircleNeighborhood (3.8s)
✔ [6981/6986] Built DifferentialGeometry.Topology.PiecewiseLinear.Section34OuterTorusTransport (1.0s)
✔ [6982/6986] Built DifferentialGeometry.Topology.PiecewiseLinear.MarkedCircleTorus (2.2s)
✔ [6983/6986] Built DifferentialGeometry.Topology.PiecewiseLinear.Section34OuterTorusCarriers (2.1s)
✔ [6984/6986] Built DifferentialGeometry.Topology.PiecewiseLinear.Section34SourceRimTori (2.4s)
✔ [6985/6989] Built DifferentialGeometry.Topology.PiecewiseLinear.Section34ControlledGraphNeighborhood (2.2s)
✔ [6986/6989] Built DifferentialGeometry.Topology.PiecewiseLinear.GraphDualCellRestriction (1.7s)
✔ [6987/6989] Built DifferentialGeometry.Topology.PiecewiseLinear.GraphDualCellSurface (3.2s)
✔ [6988/6990] Built DifferentialGeometry.Topology.PiecewiseLinear.GraphDualCellRestrictionE (1.7s)
✔ [6989/6992] Built DifferentialGeometry.Topology.PiecewiseLinear.LocallyFiniteManifoldFaces (1.0s)
✔ [6990/6994] Built DifferentialGeometry.Topology.PiecewiseLinear.FineSimplexTriangulation (1.7s)
✔ [6991/6994] Built DifferentialGeometry.Topology.PiecewiseLinear.PolyhedralTubeConnected (2.0s)
✔ [6992/6995] Built DifferentialGeometry.Topology.PiecewiseLinear.Section33TubeFrame (2.2s)
✔ [6993/6997] Built DifferentialGeometry.Topology.PiecewiseLinear.PolyhedralTubeHandlePieces (3.6s)
✔ [6994/6997] Built DifferentialGeometry.Topology.PiecewiseLinear.PseudoCellLocalSides (2.1s)
✔ [6995/6999] Built DifferentialGeometry.Topology.PiecewiseLinear.SurfaceSideChaining (2.1s)
✔ [6996/6999] Built DifferentialGeometry.Topology.PiecewiseLinear.TubeSurfaceTransfer (3.1s)
✔ [6997/6999] Built DifferentialGeometry.Topology.PiecewiseLinear.DiskMeetsGraph (3.9s)
✔ [6998/7001] Built DifferentialGeometry.Topology.PiecewiseLinear.NoHandleLoopTheoremDisk (2.7s)
✔ [6999/7004] Built DifferentialGeometry.Topology.PiecewiseLinear.PlanarGraphRegion (2.4s)
✔ [7000/7004] Built DifferentialGeometry.Topology.PiecewiseLinear.LoopTheoremDiskTheta (2.2s)
✔ [7001/7004] Built DifferentialGeometry.Topology.PiecewiseLinear.PseudoCellArcDisk (3.3s)
✔ [7002/7006] Built DifferentialGeometry.Topology.PiecewiseLinear.PseudoCellArcDiskSides (2.6s)
✔ [7003/7009] Built DifferentialGeometry.Topology.PiecewiseLinear.LoopTheoremDiskArcStep (4.2s)
✔ [7004/7009] Built DifferentialGeometry.Topology.PiecewiseLinear.LevelSetOneManifold (2.3s)
✔ [7005/7009] Built DifferentialGeometry.Topology.PiecewiseLinear.PseudoCellLocalDisks (4.4s)
✔ [7006/7011] Built DifferentialGeometry.Topology.PiecewiseLinear.LevelSetComponents (2.2s)
✔ [7007/7011] Built DifferentialGeometry.Topology.PiecewiseLinear.SurfaceCapSphere (3.2s)
✔ [7008/7012] Built DifferentialGeometry.Topology.PiecewiseLinear.LoopTheoremDiskLevelSet (3.1s)
✔ [7009/7012] Built DifferentialGeometry.Topology.PiecewiseLinear.Section33BoundaryMatch (3.4s)
✔ [7010/7012] Built DifferentialGeometry.Topology.PiecewiseLinear.NotLoopTheoremDisk (2.3s)
✔ [7011/7017] Built DifferentialGeometry.Topology.PiecewiseLinear.PseudoCellDiskReplacement (2.2s)
✔ [7012/7019] Built DifferentialGeometry.Topology.PiecewiseLinear.Section33ExtensionSides (2.5s)
✔ [7013/7019] Built DifferentialGeometry.Topology.PiecewiseLinear.Section33ExtensionBalls (2.6s)
✔ [7014/7019] Built DifferentialGeometry.Topology.PiecewiseLinear.Section33TubeRayChart (2.7s)
✔ [7015/7021] Built DifferentialGeometry.Topology.PiecewiseLinear.Section33ExtensionLabels (3.5s)
✔ [7016/7021] Built DifferentialGeometry.Topology.PiecewiseLinear.Section33CollarPush (2.3s)
✔ [7017/7021] Built DifferentialGeometry.Topology.PiecewiseLinear.Section33ExtensionSphereMaps (2.9s)
✔ [7018/7021] Built DifferentialGeometry.Topology.PiecewiseLinear.ExtendedLoopTheoremStatement (1.7s)
✔ [7019/7021] Built DifferentialGeometry.Topology.PiecewiseLinear.Section33Extension (2.9s)
✔ [7020/7035] Built DifferentialGeometry.Topology.PiecewiseLinear.Section33LoopTheoremInjective (1.0s)
✔ [7021/7038] Built DifferentialGeometry.Topology.PiecewiseLinear.SquareCrossingChain (6.2s)
✔ [7022/7038] Built DifferentialGeometry.Topology.PiecewiseLinear.SimplexSubcomplex (1.6s)
✔ [7023/7038] Built DifferentialGeometry.Topology.PiecewiseLinear.SquareHomotopyToSurface (1.0s)
✔ [7024/7039] Built DifferentialGeometry.Topology.PiecewiseLinear.Section34GraphCutIncidence (1.0s)
✔ [7025/7042] Built DifferentialGeometry.Topology.PiecewiseLinear.SurfaceLoopDecomposition (2.0s)
✔ [7026/7043] Built DifferentialGeometry.Topology.PiecewiseLinear.SurfaceSideLoops (1.5s)
✔ [7027/7043] Built DifferentialGeometry.Topology.PiecewiseLinear.Section33FundamentalGroupBijective (2.9s)
✔ [7028/7043] Built DifferentialGeometry.Topology.PiecewiseLinear.Section33Approximation (2.2s)
✔ [7029/7045] Built DifferentialGeometry.Topology.PiecewiseLinear.Section33TubeApproximation (3.5s)
✔ [7030/7047] Built DifferentialGeometry.Topology.PiecewiseLinear.Section34CompactGraphApproximation (2.6s)
✔ [7031/7049] Built DifferentialGeometry.Topology.PiecewiseLinear.Section34CompactResidualCells (2.5s)
✔ [7032/7049] Built DifferentialGeometry.Topology.PiecewiseLinear.Section34GraphCellBoundaries (2.3s)
✔ [7033/7049] Built DifferentialGeometry.Topology.PiecewiseLinear.Section34LocalResidualCells (2.1s)
✔ [7034/7049] Built DifferentialGeometry.Topology.PiecewiseLinear.PLCellOnDimensionOrder (1.8s)
✔ [7035/7053] Built DifferentialGeometry.Topology.PiecewiseLinear.Section34RefinedResidualCells (2.3s)
✔ [7036/7053] Built DifferentialGeometry.Topology.PiecewiseLinear.Section34RefinedResidualDisks (2.5s)
✔ [7037/7055] Built DifferentialGeometry.Topology.PiecewiseLinear.BoundaryBallReplacement (2.3s)
✔ [7038/7055] Built DifferentialGeometry.Topology.PiecewiseLinear.Section34GraphResidualCover (2.4s)
✔ [7039/7056] Built DifferentialGeometry.Topology.PiecewiseLinear.BoundaryBallComplement (2.2s)
✔ [7040/7058] Built DifferentialGeometry.Topology.PiecewiseLinear.Section34ResidualFaceRestriction (2.4s)
✔ [7041/7058] Built DifferentialGeometry.Topology.PiecewiseLinear.Section34GraphResidualIncidence (2.2s)
✔ [7042/7058] Built DifferentialGeometry.Topology.PiecewiseLinear.Section34GraphMarkedPoints (2.5s)
✔ [7043/7058] Built DifferentialGeometry.Topology.PiecewiseLinear.BoundaryBallFamilyComplement (2.8s)
✔ [7044/7058] Built DifferentialGeometry.Topology.PiecewiseLinear.PLCellOnPoints (1.0s)
✔ [7045/7059] Built DifferentialGeometry.Topology.PiecewiseLinear.Section34GraphCutFamily (2.3s)
✔ [7046/7060] Built DifferentialGeometry.Topology.PiecewiseLinear.Section34GraphFaceArcs (2.8s)
✔ [7047/7060] Built DifferentialGeometry.Topology.PiecewiseLinear.Section34GraphEdgeArcs (2.4s)
✔ [7048/7061] Built DifferentialGeometry.Topology.PiecewiseLinear.Section34GraphBoundaryDisks (2.1s)
✔ [7049/7061] Built DifferentialGeometry.Topology.PiecewiseLinear.Section34GraphCellSeparation (2.5s)
✔ [7050/7061] Built DifferentialGeometry.Topology.PiecewiseLinear.Section34GraphCutIntersections (2.5s)
✔ [7051/7061] Built DifferentialGeometry.Topology.PiecewiseLinear.LocallyFiniteBoundaryCover (950ms)
✔ [7052/7061] Built DifferentialGeometry.Topology.PiecewiseLinear.Section34GraphEdgeDensity (2.3s)
✔ [7053/7061] Built DifferentialGeometry.Topology.PiecewiseLinear.Section34RefinedResidualBalls (2.3s)
✔ [7054/7063] Built DifferentialGeometry.Topology.PiecewiseLinear.Section34GraphResidualSeparation (2.3s)
✔ [7055/7063] Built DifferentialGeometry.Topology.PiecewiseLinear.Section34GraphArcSeparation (2.4s)
✔ [7056/7063] Built DifferentialGeometry.Topology.PiecewiseLinear.Section34GraphVertexBoundaryCover (2.3s)
✔ [7057/7064] Built DifferentialGeometry.Topology.PiecewiseLinear.Section34GraphPatchTraces (2.3s)
✔ [7058/7064] Built DifferentialGeometry.Topology.PiecewiseLinear.BoundaryComplementCover (1.0s)
✔ [7059/7065] Built DifferentialGeometry.Topology.PiecewiseLinear.Section34GraphTetrahedronBoundary (2.6s)
✔ [7060/7066] Built DifferentialGeometry.Topology.PiecewiseLinear.Section34GraphPatches (2.7s)
✔ [7061/7066] Built DifferentialGeometry.Topology.PiecewiseLinear.Section34GraphFaceBoundary (2.8s)
✔ [7062/7066] Built DifferentialGeometry.Topology.PiecewiseLinear.Section34GraphSplitBoundary (2.7s)
✔ [7063/7069] Built DifferentialGeometry.Topology.PiecewiseLinear.Section34GraphArcBoundaries (2.0s)
✔ [7064/7069] Built DifferentialGeometry.Topology.PiecewiseLinear.Section34GraphCutCellRecognition (2.7s)
✔ [7065/7069] Built DifferentialGeometry.Topology.PiecewiseLinear.Section34GraphPatchBoundary (3.0s)
✔ [7066/7069] Built DifferentialGeometry.Topology.PiecewiseLinear.Section34GraphEdgeBoundaries (3.1s)
✔ [7067/7069] Built DifferentialGeometry.Topology.PiecewiseLinear.Section34GraphCutFrame (2.2s)
✔ [7068/7074] Built DifferentialGeometry.Topology.PiecewiseLinear.ControlledGraphCutFrame (2.4s)
✔ [7069/7075] Built DifferentialGeometry.Topology.PiecewiseLinear.CofaceSeparation (1.8s)
✔ [7070/7075] Built DifferentialGeometry.Topology.PiecewiseLinear.PLLevelCircles (4.0s)
✔ [7071/7075] Built DifferentialGeometry.Topology.PiecewiseLinear.IsTopologicalSphereImageSplitRim (1.0s)
✔ [7072/7078] Built DifferentialGeometry.Topology.PiecewiseLinear.BicollarBoundaryLoop (2.7s)
✔ [7073/7078] Built DifferentialGeometry.Topology.Connected.LimitSeparation (1.4s)
✔ [7074/7079] Built DifferentialGeometry.Topology.PiecewiseLinear.ExtendedLoopTheoremOrientable (2.3s)
✔ [7075/7079] Built DifferentialGeometry.Topology.PiecewiseLinear.EdgeCollarFamily (3.8s)
✔ [7076/7079] Built DifferentialGeometry.Topology.PiecewiseLinear.SeparatesOfLocallyEventuallyEq (1.3s)
✔ [7077/7079] Built DifferentialGeometry.Topology.PiecewiseLinear.LoopTheorem.Moise252Producer (2.2s)
✔ [7078/7081] Built DifferentialGeometry.Topology.PiecewiseLinear.InitialSurfaceSeparates (2.6s)
✔ [7079/7083] Built DifferentialGeometry.Topology.PiecewiseLinear.AnnularChainOpenCellCylinder (2.1s)
✔ [7080/7083] Built DifferentialGeometry.Topology.PiecewiseLinear.AnnularChainOpenCellCap (2.2s)
✔ [7081/7083] Built DifferentialGeometry.Topology.PiecewiseLinear.AnnularChainRimTails (1.0s)
✔ [7082/7085] Built DifferentialGeometry.Topology.PiecewiseLinear.AnnularChainOpenCell (2.3s)
✔ [7083/7088] Built DifferentialGeometry.Topology.PiecewiseLinear.AnnularChainRimRadial (1.8s)
✔ [7084/7088] Built DifferentialGeometry.Topology.PiecewiseLinear.AnnularChainRimPrism (2.0s)
✔ [7085/7088] Built DifferentialGeometry.Topology.PiecewiseLinear.SplitDiskCenter (1.0s)
✔ [7086/7088] Built DifferentialGeometry.Topology.PiecewiseLinear.TubeCenteredPrismCoordinates (2.2s)
✔ [7087/7093] Built DifferentialGeometry.Topology.PiecewiseLinear.AnnularChainRimTubePrism (2.5s)
✔ [7088/7095] Built DifferentialGeometry.Topology.PiecewiseLinear.AnnularChainRimCoordinates (2.8s)
✔ [7089/7095] Built DifferentialGeometry.Topology.PiecewiseLinear.IsSpineRevolutionOfOfMemCellInterior (2.7s)
✔ [7090/7096] Built DifferentialGeometry.Topology.PiecewiseLinear.AnnularChainRimIncidence (2.2s)
✔ [7091/7096] Built DifferentialGeometry.Topology.PiecewiseLinear.AnnularChainRimRetraction (1.8s)
✔ [7092/7098] Built DifferentialGeometry.Topology.PiecewiseLinear.AnnularChainRimCylinder (2.2s)
✔ [7093/7098] Built DifferentialGeometry.Topology.PiecewiseLinear.AnnularChainTopology (2.2s)
✔ [7094/7098] Built DifferentialGeometry.Topology.PiecewiseLinear.AnnularChainRimGenerators (2.1s)
✔ [7095/7098] Built DifferentialGeometry.Topology.PiecewiseLinear.PseudoCellBallPair (2.2s)
✔ [7096/7099] Built DifferentialGeometry.Topology.PiecewiseLinear.AnnularChainRim (2.7s)
✔ [7097/7101] Built DifferentialGeometry.Topology.PiecewiseLinear.AnnularChainPseudoCell (2.2s)
✔ [7098/7101] Built DifferentialGeometry.Topology.PiecewiseLinear.PseudoCellNeighborhoodDisk (2.3s)
✔ [7099/7101] Built DifferentialGeometry.Topology.PiecewiseLinear.PseudoCellTransverseBall (2.4s)
✔ [7100/7103] Built DifferentialGeometry.Topology.PiecewiseLinear.GeneralPositionBallPseudoCell (1.9s)
✔ [7101/7106] Built DifferentialGeometry.Topology.PiecewiseLinear.PseudoCellCentralTrace (2.3s)
✔ [7102/7106] Built DifferentialGeometry.Topology.PiecewiseLinear.PseudoCellCentralSphereDisk (2.2s)
✔ [7103/7106] Built DifferentialGeometry.Topology.PiecewiseLinear.PseudoCellInnermostTrace (2.2s)
✔ [7104/7107] Built DifferentialGeometry.Topology.PiecewiseLinear.PseudoCellReducedTrace (2.4s)
✔ [7105/7107] Built DifferentialGeometry.Topology.PiecewiseLinear.ReducedDiskPseudoCell (2.1s)
✔ [7106/7113] Built DifferentialGeometry.Topology.PiecewiseLinear.CenteredDiskSimplexMap (1.7s)
✔ [7107/7113] Built DifferentialGeometry.Analysis.Calculus.Retraction.Ball (2.9s)
✔ [7108/7113] Built DifferentialGeometry.Topology.ClosedBall.Retraction (1.4s)
✔ [7109/7113] Built DifferentialGeometry.Topology.PiecewiseLinear.RevolutionOfCellInteriorSubsetInterior (2.1s)
✔ [7110/7113] Built DifferentialGeometry.Topology.PiecewiseLinear.RevolvedTorusTower (7.5s)
✔ [7111/7113] Built DifferentialGeometry.Topology.PiecewiseLinear.SplitDiskCylinderCoordinates (2.2s)
✔ [7112/7115] Built DifferentialGeometry.Topology.PiecewiseLinear.CanonicalTowerExists (2.6s)
✔ [7113/7115] Built DifferentialGeometry.Topology.PiecewiseLinear.ComponentPartitionEquivalence (1.8s)
✔ [7114/7118] Built DifferentialGeometry.Topology.PiecewiseLinear.ComponentComplement (1.8s)
✔ [7115/7121] Built DifferentialGeometry.Topology.PiecewiseLinear.SurfaceBicollarSides (2.3s)
✔ [7116/7125] Built DifferentialGeometry.Topology.PiecewiseLinear.SurfaceDiskNeighborhood (2.0s)
✔ [7117/7125] Built DifferentialGeometry.Topology.PiecewiseLinear.CanonicalTowerSeams (2.2s)
✔ [7118/7125] Built DifferentialGeometry.Topology.PiecewiseLinear.TorusSurfaceCollars (2.2s)
✔ [7119/7125] Built DifferentialGeometry.Topology.PiecewiseLinear.SurfaceInnermostDisk (2.3s)
✔ [7120/7127] Built DifferentialGeometry.Topology.PiecewiseLinear.SurfaceSeamDeletion (3.7s)
✔ [7121/7127] Built DifferentialGeometry.Topology.PiecewiseLinear.SurfaceCircleCollar (2.0s)
✔ [7122/7127] Built DifferentialGeometry.Topology.PiecewiseLinear.PolyhedralAttachmentComponents (2.1s)
✔ [7123/7127] Built DifferentialGeometry.Topology.PiecewiseLinear.FiniteCollaredTrace (2.1s)
✔ [7124/7127] Built DifferentialGeometry.Topology.PiecewiseLinear.DiskAttachmentComponentEuler (1.8s)
✔ [7125/7127] Built DifferentialGeometry.Topology.PiecewiseLinear.CollaredTraceUnion (2.1s)
✔ [7126/7128] Built DifferentialGeometry.Topology.PiecewiseLinear.ComponentCollaredTrace (2.1s)
✔ [7127/7133] Built DifferentialGeometry.Topology.PiecewiseLinear.CanonicalTowerFiniteWindow (2.1s)
✔ [7128/7136] Built DifferentialGeometry.Topology.PiecewiseLinear.SurfaceSeamDiskPair (2.0s)
✔ [7129/7136] Built DifferentialGeometry.Topology.PiecewiseLinear.SurfaceCircleBoundary (1.0s)
✔ [7130/7138] Built DifferentialGeometry.Topology.PiecewiseLinear.TorusSeamDiskPair (1.0s)
✔ [7131/7140] Built DifferentialGeometry.Topology.PiecewiseLinear.CanonicalTowerInnermostSeam (2.2s)
✔ [7132/7140] Built DifferentialGeometry.Topology.PiecewiseLinear.CanonicalTowerCollaredTrace (2.2s)
✔ [7133/7141] Built DifferentialGeometry.Topology.PiecewiseLinear.CollaredTraceLocality (2.0s)
✔ [7134/7141] Built DifferentialGeometry.Topology.PiecewiseLinear.SurfaceTraceMonotonicity (1.9s)
✔ [7135/7141] Built DifferentialGeometry.Topology.PiecewiseLinear.CanonicalTowerOddSurface (2.2s)
✔ [7136/7143] Built DifferentialGeometry.Topology.PiecewiseLinear.CanonicalSurfaceState (2.2s)
✔ [7137/7145] Built DifferentialGeometry.Topology.PiecewiseLinear.CanonicalSurfaceWindow (2.1s)
✔ [7138/7145] Built DifferentialGeometry.Topology.PiecewiseLinear.AnnulusDiskUnion (2.0s)
✔ [7139/7145] Built DifferentialGeometry.Topology.PiecewiseLinear.CanonicalSurfaceTraceLocality (2.1s)
✔ [7140/7145] Built DifferentialGeometry.Topology.PiecewiseLinear.SurfaceCapHomeomorph (1.0s)
✔ [7141/7147] Built DifferentialGeometry.Topology.PiecewiseLinear.SurfaceCapReplacement (2.1s)
✔ [7142/7147] Built DifferentialGeometry.Topology.PiecewiseLinear.CanonicalSurfaceNullRank (2.1s)
✔ [7143/7147] Built DifferentialGeometry.Topology.PiecewiseLinear.CanonicalSurfaceReplacement (2.3s)
✔ [7144/7147] Built DifferentialGeometry.Topology.PiecewiseLinear.CollaredTraceSplit (2.5s)
✔ [7145/7151] Built DifferentialGeometry.Topology.PiecewiseLinear.PLHomeomorphPartition (1.6s)
✔ [7146/7154] Built DifferentialGeometry.Topology.PiecewiseLinear.CollaredSurfaceCapPartition (2.1s)
✔ [7147/7156] Built DifferentialGeometry.Topology.PiecewiseLinear.SurfacePartialCapping (2.1s)
✔ [7148/7157] Built DifferentialGeometry.Topology.PiecewiseLinear.TubePairInterior (1.0s)
✔ [7149/7157] Built DifferentialGeometry.Topology.PiecewiseLinear.SurfaceCappingInvariants (1.9s)
✔ [7150/7157] Built DifferentialGeometry.Topology.PiecewiseLinear.PLHomeomorphComponents (1.7s)
✔ [7151/7157] Built DifferentialGeometry.Topology.PiecewiseLinear.CollaredTraceCircleMembership (1.0s)
✔ [7152/7160] Built DifferentialGeometry.Topology.PiecewiseLinear.SurfacePairCapping (2.3s)
✔ [7153/7160] Built DifferentialGeometry.Topology.PiecewiseLinear.SeparatingSurfacePairSplit (2.2s)
✔ [7154/7160] Built DifferentialGeometry.Topology.PiecewiseLinear.CanonicalTowerNullSeamDisks (1.9s)
✔ [7155/7160] Built DifferentialGeometry.Topology.PiecewiseLinear.CanonicalSurfaceSplit (2.5s)
✔ [7156/7160] Built DifferentialGeometry.Topology.PiecewiseLinear.CanonicalComponentSeamDisks (2.0s)
✔ [7157/7160] Built DifferentialGeometry.Topology.PiecewiseLinear.CircleCappingComponentInvariants (2.2s)
✔ [7158/7160] Built DifferentialGeometry.Topology.PiecewiseLinear.CircleCappingMarkedComponents (2.0s)
✔ [7159/7161] Built DifferentialGeometry.Topology.PiecewiseLinear.CanonicalSurfaceEssentialBoundaryTransport (2.3s)
✔ [7160/7162] Built DifferentialGeometry.Topology.PiecewiseLinear.BoundaryFixedPLEmbedding (1.8s)
✔ [7161/7166] Built DifferentialGeometry.Topology.PiecewiseLinear.SubsurfaceDiskIntersection (2.0s)
✔ [7162/7166] Built DifferentialGeometry.Topology.PiecewiseLinear.PLHomeomorphBallAttachment (1.7s)
✔ [7163/7166] Built DifferentialGeometry.Topology.PiecewiseLinear.CircleCappingBoundary (2.1s)
✔ [7164/7171] Built DifferentialGeometry.Topology.PiecewiseLinear.BoundaryFixedBallAttachment (1.7s)
✔ [7165/7171] Built DifferentialGeometry.Topology.PiecewiseLinear.SubsurfaceInteriorComponent (1.9s)
✔ [7166/7171] Built DifferentialGeometry.Topology.PiecewiseLinear.TorusSubsurfaceCapping (2.1s)
✔ [7167/7174] Built DifferentialGeometry.Topology.PiecewiseLinear.TorusSubsurfaceAnnulus (2.1s)
✔ [7168/7174] Built DifferentialGeometry.Topology.PiecewiseLinear.CanonicalSurfaceClosedTraces (2.0s)
✔ [7169/7174] Built DifferentialGeometry.Topology.PiecewiseLinear.TorusSubsurfaceEmbedding (2.1s)
✔ [7170/7174] Built DifferentialGeometry.Topology.PiecewiseLinear.CollaredTraceRemoval (1.0s)
✔ [7171/7175] Built DifferentialGeometry.Topology.PiecewiseLinear.ComponentSubsurfaceEmbedding (2.6s)
✔ [7172/7175] Built DifferentialGeometry.Topology.PiecewiseLinear.CanonicalSurfaceComponentComplement (2.5s)
✔ [7173/7175] Built DifferentialGeometry.Topology.PiecewiseLinear.ComponentSubsurfaceRestriction (2.2s)
✔ [7174/7177] Built DifferentialGeometry.Topology.PiecewiseLinear.EmptyBoundaryManifold (43s)
✔ [7175/7178] Built DifferentialGeometry.Topology.PiecewiseLinear.PlanarChainUnion (1.0s)
✔ [7176/7181] Built DifferentialGeometry.Topology.PiecewiseLinear.CanonicalTowerCarrierTorus (2.3s)
✔ [7177/7182] Built DifferentialGeometry.Topology.PiecewiseLinear.SurfaceBicollarSubspace (3.5s)
✔ [7178/7183] Built DifferentialGeometry.Topology.PiecewiseLinear.SurfaceRegionInSolidTorus (9.0s)
✔ [7179/7183] Built DifferentialGeometry.Topology.PiecewiseLinear.CanonicalTowerSurfaceClosed (5.6s)
✔ [7180/7184] Built DifferentialGeometry.Topology.PiecewiseLinear.SurfaceRelativeExterior (3.3s)
✔ [7181/7184] Built DifferentialGeometry.Topology.PiecewiseLinear.ManifoldComponentComplement (42s)
✔ [7182/7184] Built DifferentialGeometry.Topology.PiecewiseLinear.CanonicalSurfaceClosedNonseparation (2.1s)
✔ [7183/7188] Built DifferentialGeometry.Topology.PiecewiseLinear.TowerSurfaceComponentDeletion (2.3s)
✔ [7184/7188] Built DifferentialGeometry.Topology.PiecewiseLinear.BallInteriorContractible (1.9s)
✔ [7185/7189] Built DifferentialGeometry.Topology.PiecewiseLinear.TubePairSimplyConnected (1.9s)
✔ [7186/7189] Built DifferentialGeometry.Topology.PiecewiseLinear.CanonicalSurfaceClosedDeletion (45s)
✔ [7187/7192] Built DifferentialGeometry.Topology.PiecewiseLinear.CanonicalSurfaceSubsurface (2.0s)
✔ [7188/7196] Built DifferentialGeometry.Topology.PiecewiseLinear.CanonicalClosedComponentDeletion (2.6s)
✔ [7189/7198] Built DifferentialGeometry.Topology.PiecewiseLinear.CanonicalTowerSeamGenerators (2.0s)
✔ [7190/7198] Built DifferentialGeometry.Topology.PiecewiseLinear.CanonicalSurfaceNullNormalization (98s)
✔ [7191/7198] Built DifferentialGeometry.Topology.PiecewiseLinear.CanonicalSurfaceEssentialSeams (2.1s)
✔ [7192/7198] Built DifferentialGeometry.Topology.PiecewiseLinear.CanonicalSurfaceComponentRemoval (2.4s)
✔ [7193/7198] Built DifferentialGeometry.Topology.PiecewiseLinear.CanonicalSurfaceAnnularComponents (312s)
✔ [7194/7201] Built DifferentialGeometry.Topology.PiecewiseLinear.CanonicalWindowComponentClassification (2.2s)
✔ [7195/7202] Built DifferentialGeometry.Topology.PiecewiseLinear.CanonicalClosedWindowReduction (2.6s)
✔ [7196/7207] Built DifferentialGeometry.Topology.Connected.BicollaredReplacement (48s)
✔ [7197/7207] Built DifferentialGeometry.Topology.PiecewiseLinear.CanonicalAnnularWindow (2.2s)
✔ [7198/7207] Built DifferentialGeometry.Topology.PiecewiseLinear.PLAnnulusBoundary (1.0s)
✔ [7199/7207] Built DifferentialGeometry.Topology.PiecewiseLinear.SurfacePatchReplacement (5.4s)
✔ [7200/7207] Built DifferentialGeometry.Topology.PiecewiseLinear.TorusCirclePair (902s)
✔ [7201/7207] Built DifferentialGeometry.Topology.PiecewiseLinear.CanonicalComponentDeletion (2.4s)
✔ [7202/7207] Built DifferentialGeometry.Topology.PiecewiseLinear.AnnulusPatchDeletion (2.7s)
✔ [7203/7215] Built DifferentialGeometry.Topology.PiecewiseLinear.CanonicalReturningAnnulusDeletion (1077s)
✔ [7204/7215] Built DifferentialGeometry.Topology.PiecewiseLinear.AnnulusCyclePatchDeletion (2.9s)
✔ [7205/7219] Built DifferentialGeometry.Topology.PiecewiseLinear.CanonicalReturningComponentDeletion (3.7s)
✔ [7206/7219] Built DifferentialGeometry.Topology.PiecewiseLinear.CanonicalNullSplitLocality (5.3s)
✔ [7207/7220] Built DifferentialGeometry.Topology.PiecewiseLinear.CanonicalBridgeAnnulusDeletion (4.8s)
✔ [7208/7220] Built DifferentialGeometry.Topology.PiecewiseLinear.CanonicalReturningWindowReduction (8.5s)
✔ [7209/7220] Built DifferentialGeometry.Topology.PiecewiseLinear.CanonicalBridgeComponentDeletion (2.3s)
✔ [7210/7222] Built DifferentialGeometry.Topology.PiecewiseLinear.CanonicalComponentMarkRetention (2.2s)
✔ [7211/7222] Built DifferentialGeometry.Topology.PiecewiseLinear.CanonicalBridgeWindow (2.4s)
✔ [7212/7222] Built DifferentialGeometry.Topology.PiecewiseLinear.CanonicalAnnularChainAssembly (25s)
✔ [7213/7222] Built DifferentialGeometry.Topology.PiecewiseLinear.CanonicalBridgeWindowReduction (2.4s)
✔ [7214/7222] Built DifferentialGeometry.Topology.PiecewiseLinear.CanonicalStableEvenAnnuli (2.5s)
✔ [7215/7222] Built DifferentialGeometry.Topology.PiecewiseLinear.CanonicalBridgeWitnesses (137s)
✔ [7216/7225] Built DifferentialGeometry.Topology.PiecewiseLinear.CanonicalSingleBridgeRows (2.1s)
✔ [7217/7225] Built DifferentialGeometry.Topology.PiecewiseLinear.CanonicalBridgeNormalization (2.5s)
✔ [7218/7225] Built DifferentialGeometry.Topology.PiecewiseLinear.CanonicalTowerPatchedSurfaceClosed (220s)
✔ [7219/7229] Built DifferentialGeometry.Topology.PiecewiseLinear.CanonicalBridgeNormalizationLocality (2.1s)
✔ [7220/7229] Built DifferentialGeometry.Topology.PiecewiseLinear.CanonicalEvenAnnulusReplacement (2.5s)
✔ [7221/7229] Built DifferentialGeometry.Topology.PiecewiseLinear.CanonicalBridgeNormalizationSequence (11s)
✔ [7222/7229] Built DifferentialGeometry.Topology.Combinatorics.StableUnion (906ms)
✔ [7223/7229] Built DifferentialGeometry.Topology.PiecewiseLinear.CanonicalFiniteEvenAnnuli (2.1s)
✔ [7224/7229] Built DifferentialGeometry.Topology.PiecewiseLinear.CanonicalBridgeSequenceStability (2.4s)
✔ [7225/7229] Built DifferentialGeometry.Topology.PiecewiseLinear.CanonicalCompletionRows (76s)
✔ [7226/7229] Built DifferentialGeometry.Topology.PiecewiseLinear.CanonicalTowerStabilization (2.2s)
✔ [7227/7229] Built DifferentialGeometry.Topology.PiecewiseLinear.CanonicalDisplayedSeparators (2.9s)
✔ [7228/7230] Built DifferentialGeometry.Topology.PiecewiseLinear.CanonicalSeedDescentSequence (3.2s)
✔ [7229/7234] Built DifferentialGeometry.Topology.Homology.CompactChainSupport (1.5s)
✔ [7230/7234] Built DifferentialGeometry.Topology.Homology.Algebra.PushoutHomology (1.4s)
✔ [7231/7234] Built DifferentialGeometry.Topology.Homology.SmallChains.Exactness (1.9s)
✔ [7232/7240] Built DifferentialGeometry.Topology.Homology.Algebra.PushoutHomologyDifference (9.0s)
✔ [7234/7241] Built DifferentialGeometry.Topology.Homology.SmallChains.IntersectionPreimage (1.6s)
✔ [7235/7241] Built DifferentialGeometry.Topology.PiecewiseLinear.SubcomplexNeighborhood (2.1s)
✔ [7236/7241] Built DifferentialGeometry.Topology.Homology.SmallChains.BettiBound (2.3s)
✔ [7237/7241] Built DifferentialGeometry.Topology.PiecewiseLinear.MaximalPolygonHomologyImage (244s)
✔ [7238/7242] Built DifferentialGeometry.Topology.PiecewiseLinear.MayerVietorisSubcomplex (2.1s)
✔ [7239/7242] Built DifferentialGeometry.Topology.PiecewiseLinear.CompactSubsurfaceNeighborhood (2.0s)
✔ [7240/7244] Built DifferentialGeometry.Topology.PiecewiseLinear.MayerVietorisSubcomplexDifference (122s)
✔ [7241/7245] Built DifferentialGeometry.Topology.PiecewiseLinear.FrontierCycleCut (2.3s)
✔ [7242/7245] Built DifferentialGeometry.Topology.Homology.FirstHomologyProduct (2.7s)
✔ [7243/7245] Built DifferentialGeometry.Topology.PiecewiseLinear.TorusSubsurfaceHomologyRange (122s)
✔ [7244/7247] Built DifferentialGeometry.Topology.PiecewiseLinear.NonseparatingPolygonHomologySummand (2.2s)
✔ [7245/7248] Built DifferentialGeometry.Topology.PiecewiseLinear.SurfaceDiskComplementConnected (3.2s)
✔ [7246/7248] Built DifferentialGeometry.Topology.Homology.FirstHomologyAdditiveMap (143s)
✔ [7247/7251] Built DifferentialGeometry.Topology.PiecewiseLinear.DisjointRimDiskFamily (2.1s)
✔ [7248/7253] Built DifferentialGeometry.Topology.PiecewiseLinear.PolygonalCircleCover (2.4s)
✔ [7249/7255] Built DifferentialGeometry.Topology.PiecewiseLinear.PolygonalCircleEmbedding (126s)
✔ [7250/7255] Built DifferentialGeometry.Topology.Homology.Algebra.PushoutHomologyProduct (1.3s)
✔ [7251/7258] Built DifferentialGeometry.Topology.PiecewiseLinear.PolygonalTorusSlope (2.2s)
✔ [7252/7258] Built DifferentialGeometry.Topology.PiecewiseLinear.BoundaryCollarHomotopy (1.7s)
✔ [7253/7258] Built DifferentialGeometry.Topology.Homology.MayerVietorisProduct (24s)
✔ [7254/7258] Built DifferentialGeometry.Topology.PiecewiseLinear.TorusBicollar (1.8s)
✔ [7255/7266] Built DifferentialGeometry.Topology.Homology.CollaredCoverProduct (1.7s)
✔ [7256/7266] Built DifferentialGeometry.Topology.PiecewiseLinear.SurfaceDiskNeighborhoodS31 (2.3s)
✔ [7257/7266] Built DifferentialGeometry.Topology.PiecewiseLinear.SolidTorusComplementHomology (74s)
✔ [7258/7266] Built DifferentialGeometry.Topology.PiecewiseLinear.SolidTorusInteriorHomology (2.3s)
✔ [7259/7269] Built DifferentialGeometry.Topology.PiecewiseLinear.SurfaceDiskDisplacement (2.6s)
✔ [7260/7269] Built DifferentialGeometry.Topology.PiecewiseLinear.GlobalSolidTorusLongitude (24s)
✔ [7261/7269] Built DifferentialGeometry.Topology.PiecewiseLinear.CircleMarkedArcs (2.0s)
✔ [7262/7272] Built DifferentialGeometry.Topology.PiecewiseLinear.SolidTorusSeparatingSubsurface (2.7s)
✔ [7263/7273] Built DifferentialGeometry.Topology.PiecewiseLinear.TorusMixedAnnulus (119s)
✔ [7264/7273] Built DifferentialGeometry.Topology.PiecewiseLinear.PolygonCycleResolution (2.5s)
✔ [7265/7273] Built DifferentialGeometry.Topology.PiecewiseLinear.AnnulusDiskComplementConnected (2.0s)
✔ [7266/7273] Built DifferentialGeometry.Topology.PiecewiseLinear.CanonicalReturningWitnessTransport (138s)
✔ [7267/7273] Built DifferentialGeometry.Topology.PiecewiseLinear.PolygonCarrierOfSpine (2.2s)
✔ [7268/7273] Built DifferentialGeometry.Topology.PiecewiseLinear.TorusAnnulusNullCircleComplement (3.1s)
✔ [7269/7278] Built DifferentialGeometry.Topology.PiecewiseLinear.CanonicalTowerPolygonCarriers (4.9s)
✔ [7270/7278] Built DifferentialGeometry.Topology.PiecewiseLinear.CanonicalTowerEssentialSeams (47s)
✔ [7271/7278] Built DifferentialGeometry.Topology.Connected.UnboundedComplement (1.3s)
✔ [7272/7279] Built DifferentialGeometry.Topology.PiecewiseLinear.CanonicalTowerMixedAnnulus (2.7s)
✔ [7273/7280] Built DifferentialGeometry.Topology.PiecewiseLinear.AnnulusTripleExterior (6.7s)
✔ [7274/7280] Built DifferentialGeometry.Topology.PiecewiseLinear.CanonicalTowerMixedComponent (2.2s)
✔ [7275/7280] Built DifferentialGeometry.Topology.PiecewiseLinear.SurfaceInteriorFrontierContact (2.5s)
✔ [7276/7280] Built DifferentialGeometry.Topology.PiecewiseLinear.CanonicalReturningExteriorDeletion (57s)
✔ [7277/7280] Built DifferentialGeometry.Topology.PiecewiseLinear.TriodFrontierWitnesses (3.8s)
✔ [7278/7285] Built DifferentialGeometry.Topology.PiecewiseLinear.CanonicalReturningExteriorComponentDeletion (2.4s)
✔ [7279/7285] Built DifferentialGeometry.Topology.PiecewiseLinear.FoldCrossing (24s)
✔ [7280/7286] Built DifferentialGeometry.Topology.PiecewiseLinear.CanonicalDescentSequence (2.2s)
✔ [7281/7286] Built DifferentialGeometry.Topology.PiecewiseLinear.Section28Annuli (1.9s)
✔ [7282/7286] Built DifferentialGeometry.Topology.PiecewiseLinear.TwoFoldCrossing (2.5s)
✔ [7283/7286] Built DifferentialGeometry.Topology.PiecewiseLinear.Section30Separation (24s)
✔ [7284/7286] Built DifferentialGeometry.Topology.PiecewiseLinear.ExistsTriodChartAtCommonBoundary (3.2s)
✔ [7285/7289] Built DifferentialGeometry.Topology.PiecewiseLinear.Section26ThreeSurfaces (2.5s)
✔ [7286/7289] Built DifferentialGeometry.Topology.Manifold.CylinderImage (92s)
✔ [7287/7289] Built DifferentialGeometry.Topology.PiecewiseLinear.SurfaceIncompressibility (2.2s)
✔ [7288/7290] Built DifferentialGeometry.Topology.PiecewiseLinear.ToroidalShell (2.5s)
✔ [7289/7294] Built DifferentialGeometry.Topology.Connected.RelativeClosedCover (1.6s)
✔ [7290/7296] Built DifferentialGeometry.Topology.Algebra.Group.FreeProduct (2.6s)
✔ [7291/7296] Built DifferentialGeometry.Topology.VanKampen.TwoSidedCollarCover (9.4s)
✔ [7292/7300] Built DifferentialGeometry.Topology.VanKampen.FreeProduct (1.4s)
✔ [7293/7300] Built DifferentialGeometry.Topology.VanKampen.BoundaryCollarRestriction (1.3s)
✔ [7294/7302] Built DifferentialGeometry.Topology.FundamentalGroup.CommutativeCover (1.3s)
✔ [7295/7302] Built DifferentialGeometry.Topology.PiecewiseLinear.ToroidalShellFundamentalGroup (2.6s)
✔ [7296/7302] Built DifferentialGeometry.Topology.FundamentalGroup.CollaredCut (3.0s)
✔ [7297/7302] Built DifferentialGeometry.Topology.PiecewiseLinear.NestedTori (2.2s)
✔ [7298/7302] Built DifferentialGeometry.Topology.PiecewiseLinear.ToroidalShellSphere (2.1s)
✔ [7299/7302] Built DifferentialGeometry.Topology.PiecewiseLinear.ToroidalShellCompression (2.3s)
✔ [7300/7303] Built DifferentialGeometry.Topology.PiecewiseLinear.ToroidalShellHomology (15s)
✔ [7301/7303] Built DifferentialGeometry.Topology.PiecewiseLinear.Section30Torus (2.0s)
✔ [7302/7307] Built DifferentialGeometry.Topology.Homology.Algebra.PrimitiveSummand (1.3s)
✔ [7303/7307] Built DifferentialGeometry.Topology.Homology.Algebra.PushoutHomologyGeneration (1.9s)
✔ [7304/7307] Built DifferentialGeometry.Topology.PiecewiseLinear.DeletedBoundaryCollar (138s)
✔ [7305/7310] Built DifferentialGeometry.Topology.Homology.MayerVietorisGeneration (1.9s)
✔ [7306/7310] Built DifferentialGeometry.Topology.PiecewiseLinear.BoundaryCollarInward (1.7s)
✔ [7307/7311] Built DifferentialGeometry.Topology.PiecewiseLinear.CollaredHomologyGeneration (2.1s)
✔ [7308/7311] Built DifferentialGeometry.Topology.PiecewiseLinear.SolidTorusBoundaryDeletionHomology (154s)
✔ [7309/7314] Built DifferentialGeometry.Topology.Homology.ComplementHomeomorphHomology (1.4s)
✔ [7310/7314] Built DifferentialGeometry.Topology.PiecewiseLinear.NullMeridianComplementHomology (2.7s)
✔ [7311/7319] Built DifferentialGeometry.Topology.Homology.EuclideanThreePunctureFirstHomology (60s)
✔ [7312/7319] Built DifferentialGeometry.Topology.Homology.ConvexComplementFirstHomology (2.2s)
✔ [7313/7319] Built DifferentialGeometry.Topology.Homology.Algebra.FreeModuleCancellation (1.2s)
✔ [7314/7321] Built DifferentialGeometry.Topology.PiecewiseLinear.PLDiskComplementHomology (2.2s)
✔ [7315/7322] Built DifferentialGeometry.Topology.PiecewiseLinear.PolygonComplementHomology (14s)
✔ [7316/7322] Built DifferentialGeometry.Topology.PiecewiseLinear.Section34CompactTraceArcs (2.6s)
✔ [7317/7322] Built DifferentialGeometry.Topology.PiecewiseLinear.PolygonNullhomotopicBoundaryDisk (2.0s)
✔ [7318/7322] Built DifferentialGeometry.Topology.PiecewiseLinear.Section34CompactTargetRecognition (16s)
✔ [7319/7322] Built DifferentialGeometry.Topology.PiecewiseLinear.Section34CompactFaceDisks (2.5s)
✔ [7320/7323] Built DifferentialGeometry.Topology.PiecewiseLinear.Section31CanonicalConfiguration (2.9s)
✔ [7321/7323] Built DifferentialGeometry.Topology.PiecewiseLinear.Section32PseudoCell (180s)
✔ [7322/7330] Built DifferentialGeometry.Topology.PiecewiseLinear.Section34CompactArcEndpoints (2.1s)
✔ [7323/7330] Built DifferentialGeometry.Topology.PiecewiseLinear.PLCellBoundaryThinness (2.5s)
✔ [7324/7330] Built DifferentialGeometry.Topology.PiecewiseLinear.Section34CompactSourceFacets (16s)
✔ [7325/7330] Built DifferentialGeometry.Topology.PiecewiseLinear.Section34CompactBoundaryThinness (2.5s)
✔ [7326/7330] Built DifferentialGeometry.Topology.PiecewiseLinear.Section34CompactOuterIncidence (3.5s)
✔ [7327/7332] Built DifferentialGeometry.Topology.PiecewiseLinear.Section34CompactTetraIncidence (5.7s)
✔ [7328/7334] Built DifferentialGeometry.Topology.PiecewiseLinear.Section34CompactBoundaryIncidence (2.5s)
✔ [7329/7334] Built DifferentialGeometry.Topology.PiecewiseLinear.Section34CompactBigonBall (3.5s)
✔ [7330/7334] Built DifferentialGeometry.Topology.PiecewiseLinear.Section34CompactSourceFaceOrder (137s)
✔ [7331/7334] Built DifferentialGeometry.Topology.PiecewiseLinear.Section34CompactBigonSupport (2.3s)
✔ [7332/7336] Built DifferentialGeometry.Topology.PiecewiseLinear.Section34CompactBigonCarrier (2.7s)
✔ [7333/7336] Built DifferentialGeometry.Topology.PiecewiseLinear.Section34CompactBigonTrace (3.5s)
✔ [7334/7339] Built DifferentialGeometry.Topology.PiecewiseLinear.Section34CompactBigonChart (2.7s)
✔ [7335/7339] Built DifferentialGeometry.Topology.PiecewiseLinear.Section34CompactBigonNeighborhood (3.2s)
✔ [7336/7342] Built DifferentialGeometry.Topology.PiecewiseLinear.Section34CompactBigonExterior (3.0s)
✔ [7337/7344] Built DifferentialGeometry.Topology.PiecewiseLinear.Section34CompactBigonModelUpdate (2.3s)
✔ [7338/7344] Built DifferentialGeometry.Topology.PiecewiseLinear.Section34CompactCompressionBall (2.9s)
✔ [7339/7344] Built DifferentialGeometry.Topology.PiecewiseLinear.Section34CompactBigonSlide (36s)
✔ [7340/7344] Built DifferentialGeometry.Topology.PiecewiseLinear.Section34CompactCompressionCarrier (2.2s)
✔ [7341/7344] Built DifferentialGeometry.Topology.PiecewiseLinear.Section34CompactCompressionOutside (30s)
✔ [7342/7344] Built DifferentialGeometry.Topology.PiecewiseLinear.Section34CompactCompressionInside (2.9s)
✔ [7343/7352] Built DifferentialGeometry.Topology.PiecewiseLinear.Section34CompactCompressionLeaf (90s)
✔ [7344/7352] Built DifferentialGeometry.Topology.PiecewiseLinear.Section34CompactPatchEnumeration (4.0s)
✔ [7345/7352] Built DifferentialGeometry.Topology.PiecewiseLinear.Section34CompactResidualPatchCells (12s)
✔ [7346/7353] Built DifferentialGeometry.Topology.PiecewiseLinear.Section34CompactResidualPairs (2.4s)
✔ [7347/7353] Built DifferentialGeometry.Topology.PiecewiseLinear.Section34CompactResidualTiling (3.3s)
✔ [7348/7353] Built DifferentialGeometry.Topology.PiecewiseLinear.Section34CompactCarriers (48s)
✔ [7349/7354] Built DifferentialGeometry.Topology.PiecewiseLinear.Section34CompactResidualOuterArc (2.9s)
✔ [7350/7354] Built DifferentialGeometry.Topology.PiecewiseLinear.Section34CompactOuterEnumeration (3.5s)
✔ [7351/7354] Built DifferentialGeometry.Topology.PiecewiseLinear.Section34CompactCellSeparation (7.5s)
✔ [7352/7356] Built DifferentialGeometry.Topology.PiecewiseLinear.Section34CompactResidualOuterDisk (3.0s)
✔ [7353/7356] Built DifferentialGeometry.Topology.PiecewiseLinear.Section34CompactResidualBalls (17s)
✔ [7354/7361] Built DifferentialGeometry.Topology.PiecewiseLinear.Section34CompactDualCover (1.9s)
✔ [7355/7361] Built DifferentialGeometry.Topology.PiecewiseLinear.Section34CompactDualCells (2.4s)
✔ [7356/7363] Built DifferentialGeometry.Topology.PiecewiseLinear.GraphDualCellIncidence (34s)
✔ [7357/7363] Built DifferentialGeometry.Topology.PiecewiseLinear.Section34CompactDualIncidence (1.9s)
✔ [7358/7363] Built DifferentialGeometry.Topology.PiecewiseLinear.Section34CompactFaceTorusCycle (2.3s)
✔ [7359/7363] Built DifferentialGeometry.Topology.PiecewiseLinear.Section34CompactDualSource (24s)
✔ [7360/7364] Built DifferentialGeometry.Topology.PiecewiseLinear.Section34CompactGraphRecognition (2.2s)
✔ [7361/7364] Built DifferentialGeometry.Topology.PiecewiseLinear.Section34CompactGraphCarriers (2.4s)
✔ [7362/7364] Built DifferentialGeometry.Topology.PiecewiseLinear.CellFaceOrderOfInteriors (807ms)
✔ [7363/7365] Built DifferentialGeometry.Topology.PiecewiseLinear.Section34CompactGraphNeighborhoods (5.2s)
✔ [7364/7366] Built DifferentialGeometry.Topology.PiecewiseLinear.Section34CompactDualBoundary (2.1s)
✔ [7365/7368] Built DifferentialGeometry.Topology.PiecewiseLinear.GraphDualCellSubgraph (1.9s)
✔ [7366/7371] Built DifferentialGeometry.Topology.PiecewiseLinear.Section34CompactResidualRecognition (2.7s)
✔ [7367/7371] Built DifferentialGeometry.Topology.PiecewiseLinear.Section34CompactDualSubcomplex (228s)
✔ [7368/7371] Built DifferentialGeometry.Topology.PiecewiseLinear.Section34CompactTriangleTraces (2.0s)
✔ [7369/7372] Built DifferentialGeometry.Topology.PiecewiseLinear.Section34CompactEdgeTraces (2.1s)
✔ [7370/7374] Built DifferentialGeometry.Topology.PiecewiseLinear.Section34CompactDualTraces (52s)
✔ [7371/7376] Built DifferentialGeometry.Topology.PiecewiseLinear.GraphDualCellBoundaryRemainder (2.0s)
✔ [7372/7378] Built DifferentialGeometry.Topology.PiecewiseLinear.GraphDualCellResidualTrace (2.5s)
✔ [7373/7378] Built DifferentialGeometry.Topology.PiecewiseLinear.SplittingDiskBoundaryTrace (119s)
✔ [7374/7378] Built DifferentialGeometry.Topology.PiecewiseLinear.Section34CompactOuterFace (2.6s)
✔ [7375/7378] Built DifferentialGeometry.Topology.PiecewiseLinear.Section34CompactPatchRecognition (2.7s)
✔ [7376/7379] Built DifferentialGeometry.Topology.PiecewiseLinear.Section34CompactOuterRecognition (120s)
✔ [7377/7379] Built DifferentialGeometry.Topology.PiecewiseLinear.Section34CompactDualCellRecognition (2.1s)
✔ [7378/7379] Built DifferentialGeometry.Topology.PiecewiseLinear.Section34BoundedLabelUnion (2.1s)
✔ [7379/7387] Built DifferentialGeometry.Topology.PiecewiseLinear.DualCellVertexInterface (2.0s)
✔ [7380/7387] Built DifferentialGeometry.Topology.PiecewiseLinear.Section34CompactTriangleBoundary (120s)
✔ [7381/7387] Built DifferentialGeometry.Topology.PiecewiseLinear.Section34CompactDualTriangleBoundary (2.3s)
✔ [7382/7388] Built DifferentialGeometry.Topology.PiecewiseLinear.Section34CompactTriangleEndpoints (2.0s)
✔ [7383/7388] Built DifferentialGeometry.Topology.PiecewiseLinear.Section34CompactDualTriangleEndpoints (103s)
✔ [7384/7388] Built DifferentialGeometry.Topology.PiecewiseLinear.Section34CompactEdgeEndpoints (2.2s)
✔ [7385/7388] Built DifferentialGeometry.Topology.PiecewiseLinear.DerivedNeighborhoodResidualRestriction (2.1s)
✔ [7386/7395] Built DifferentialGeometry.Topology.PiecewiseLinear.Section34CompactDualEdgeEndpoints (2.7s)
✔ [7387/7395] Built DifferentialGeometry.Topology.PiecewiseLinear.Section34CompactDualCellInteriors (20s)
✔ [7388/7395] Built DifferentialGeometry.Topology.PiecewiseLinear.Section34CompactDualArcBoundary (2.1s)
✔ [7389/7395] Built DifferentialGeometry.Topology.PiecewiseLinear.Section34CompactDualVertexBoundary (3.1s)
✔ [7390/7397] Built DifferentialGeometry.Topology.PiecewiseLinear.Section34CompactDualTopInteriors (395s)
✔ [7391/7399] Built DifferentialGeometry.Topology.PiecewiseLinear.Section34CompactDualOuterSeparation (2.1s)
✔ [7392/7399] Built DifferentialGeometry.Topology.PiecewiseLinear.Section34CompactDualTetraBoundary (2.5s)
✔ [7393/7399] Built DifferentialGeometry.Topology.PiecewiseLinear.Section34CompactDualSplitSeparation (23s)
✔ [7394/7399] Built DifferentialGeometry.Topology.PiecewiseLinear.Section34CompactDualSplitBoundary (2.3s)
✔ [7395/7399] Built DifferentialGeometry.Topology.PiecewiseLinear.Section34CompactDualPatchBoundary (2.4s)
✔ [7396/7399] Built DifferentialGeometry.Topology.PiecewiseLinear.Section34CompactOuterCarrier (16s)
✔ [7397/7404] Built DifferentialGeometry.Topology.PiecewiseLinear.Section34CompactDualOuterBoundary (2.4s)
✔ [7398/7406] Built DifferentialGeometry.Topology.PiecewiseLinear.Section34CompactDualFlagBoundary (2.6s)
✔ [7399/7406] Built DifferentialGeometry.Topology.PiecewiseLinear.Section34CompactDualFaceSeparation (52s)
✔ [7400/7407] Built DifferentialGeometry.Topology.PiecewiseLinear.Section34CompactLinkCondition (2.3s)
✔ [7401/7407] Built DifferentialGeometry.Topology.PiecewiseLinear.Section34CompactDualTraceIncidence (2.0s)
✔ [7402/7407] Built DifferentialGeometry.Topology.PiecewiseLinear.PLBallImageComplement (2.9s)
✔ [7403/7410] Built DifferentialGeometry.Topology.PiecewiseLinear.Section34CompactDualTraceInteriors (77s)
✔ [7404/7410] Built DifferentialGeometry.Topology.PiecewiseLinear.Section34CompactDualInteriorSeparation (2.3s)
✔ [7405/7410] Built DifferentialGeometry.Topology.PiecewiseLinear.FiniteBallUnion (2.2s)
✔ [7406/7410] Built DifferentialGeometry.Topology.PiecewiseLinear.Section34CompactDualFlags (2.4s)
✔ [7407/7410] Built DifferentialGeometry.Topology.PiecewiseLinear.Section34CompactDualTetraBuffer (10s)
✔ [7408/7411] Built DifferentialGeometry.Topology.PiecewiseLinear.Section34CompactDualCutFrame (2.1s)
✔ [7409/7411] Built DifferentialGeometry.Topology.PiecewiseLinear.Section34CompactExteriorNeighborhoods (2.8s)
✔ [7410/7412] Built DifferentialGeometry.Topology.PiecewiseLinear.Section34CompactTriangleDisk (4.7s)
✔ [7411/7417] Built DifferentialGeometry.Topology.PiecewiseLinear.BridgeDisk (2.3s)
✔ [7412/7417] Built DifferentialGeometry.Topology.PiecewiseLinear.SubcomplexBoundaryCover (2.2s)
✔ [7413/7417] Built DifferentialGeometry.Topology.PiecewiseLinear.GraphDualCellSurfaceTrace (115s)
✔ [7414/7417] Built DifferentialGeometry.Topology.PiecewiseLinear.GraphDualCellCurveTrace (2.2s)
✔ [7415/7417] Built DifferentialGeometry.Topology.PiecewiseLinear.GraphDualCellBridgeDisk (2.5s)
✔ [7416/7419] Built DifferentialGeometry.Topology.PiecewiseLinear.Section34CompactMarkedCaps (54s)
✔ [7417/7419] Built DifferentialGeometry.Topology.PiecewiseLinear.BoundaryArcRibbon (1.0s)
✔ [7418/7420] Built DifferentialGeometry.Topology.PiecewiseLinear.BridgeDiskArc (1.9s)
✔ [7419/7421] Built DifferentialGeometry.Topology.PiecewiseLinear.RelativeDiskShelling (2.7s)
✔ [7420/7433] Built DifferentialGeometry.Topology.PiecewiseLinear.TriangleArcTrace (62s)
✔ [7421/7434] Built DifferentialGeometry.Topology.PiecewiseLinear.ArcTriangleMove (1.8s)
✔ [7422/7434] Built DifferentialGeometry.Topology.PiecewiseLinear.TriangleBoundaryMove (2.7s)
✔ [7423/7434] Built DifferentialGeometry.Topology.PiecewiseLinear.BridgeDiskLocalChartsOpen (235s)
✔ [7424/7434] Built DifferentialGeometry.Topology.PiecewiseLinear.DiskDeletionBoundary (2.1s)
✔ [7425/7435] Built DifferentialGeometry.Topology.PiecewiseLinear.TriangleBoundaryFold (3.0s)
✔ [7426/7437] Built DifferentialGeometry.Topology.PiecewiseLinear.TriangleBoundaryDeletion (119s)
✔ [7427/7437] Built DifferentialGeometry.Topology.PiecewiseLinear.ArcComplementAccess (2.2s)
✔ [7428/7441] Built DifferentialGeometry.Topology.PiecewiseLinear.RelativeDiskBoundaryTransport (2.1s)
✔ [7429/7441] Built DifferentialGeometry.Topology.PiecewiseLinear.ArcFirstBoundary (2.2s)
✔ [7430/7441] Built DifferentialGeometry.Topology.PiecewiseLinear.BridgeArcShrinking (120s)
✔ [7431/7441] Built DifferentialGeometry.Topology.PiecewiseLinear.RectangleCrosscutCoordinates (2.2s)
✔ [7432/7444] Built DifferentialGeometry.Topology.PiecewiseLinear.HalfArcCrosscut (2.7s)
✔ [7433/7446] Built DifferentialGeometry.Topology.PiecewiseLinear.BridgeDiskTriangulation (64s)
✔ [7434/7446] Built DifferentialGeometry.Topology.PiecewiseLinear.HalfArcRectangle (2.2s)
✔ [7435/7446] Built DifferentialGeometry.Topology.PiecewiseLinear.DiskCrosscutMatching (2.1s)
✔ [7436/7446] Built DifferentialGeometry.Topology.PiecewiseLinear.BridgeDiskLinks (2.6s)
✔ [7437/7446] Built DifferentialGeometry.Topology.PiecewiseLinear.StandardBoxBridge (50s)
✔ [7438/7446] Built DifferentialGeometry.Topology.PiecewiseLinear.HalfArcDiskPair (2.0s)
✔ [7439/7446] Built DifferentialGeometry.Topology.PiecewiseLinear.ConicalCrosscutPair (2.4s)
✔ [7440/7446] Built DifferentialGeometry.Topology.PiecewiseLinear.BridgeDiskLinkTraces (46s)
✔ [7441/7446] Built DifferentialGeometry.Topology.PiecewiseLinear.ConicalHalfArcPair (2.1s)
✔ [7442/7446] Built DifferentialGeometry.Topology.PiecewiseLinear.BridgeDiskLocalCharts (2.5s)
✔ [7443/7451] Built DifferentialGeometry.Topology.PiecewiseLinear.BridgeDiskLocalChartsInterior (231s)
✔ [7444/7451] Built DifferentialGeometry.Topology.PiecewiseLinear.BridgeDiskLocalChartsComparison (2.4s)
✔ [7445/7455] Built DifferentialGeometry.Topology.PiecewiseLinear.ArcPatternEndJunction (2.5s)
✔ [7446/7455] Built DifferentialGeometry.Topology.PiecewiseLinear.BridgeDiskLocalChartsCoordinates (318s)
✔ [7447/7455] Built DifferentialGeometry.Topology.PiecewiseLinear.ArcPatternEndStep (4.2s)
✔ [7448/7456] Built DifferentialGeometry.Topology.PiecewiseLinear.BoundaryDiskCollarExtension (58s)
✔ [7449/7456] Built DifferentialGeometry.Topology.PiecewiseLinear.ArcPatternEndFinal (67s)
✔ [7450/7457] Built DifferentialGeometry.Topology.PiecewiseLinear.BoundaryDiskPairCollarExtension (2.2s)
✔ [7451/7457] Built DifferentialGeometry.Topology.PiecewiseLinear.BridgeCollarSweep (2.2s)
✔ [7452/7457] Built DifferentialGeometry.Topology.PiecewiseLinear.ArcPatternEnds (363s)
✔ [7453/7460] Built DifferentialGeometry.Topology.PiecewiseLinear.BridgeDiskTransport (1.0s)
✔ [7454/7462] Built DifferentialGeometry.Topology.PiecewiseLinear.ArcPatternStripCollar (2.9s)
✔ [7455/7462] Built DifferentialGeometry.Topology.PiecewiseLinear.CollarCoreShrinking (53s)
✔ [7456/7464] Built DifferentialGeometry.Topology.PiecewiseLinear.ArcPatternBoundaryCollar (2.9s)
✔ [7457/7464] Built DifferentialGeometry.Topology.PiecewiseLinear.SphericalArcChartMatching (2.3s)
✔ [7458/7464] Built DifferentialGeometry.Topology.PiecewiseLinear.CollarShellExtension (2.3s)
✔ [7459/7464] Built DifferentialGeometry.Topology.PiecewiseLinear.BridgeDiskBoundaryCollar (2.4s)
✔ [7460/7464] Built DifferentialGeometry.Topology.PiecewiseLinear.StandardMarkedBridge (2.6s)
✔ [7461/7467] Built DifferentialGeometry.Topology.PiecewiseLinear.BridgeCollarEquivalence (2.3s)
✔ [7462/7470] Built DifferentialGeometry.Topology.PiecewiseLinear.BridgeDiskEquivalence (2.1s)
✔ [7463/7470] Built DifferentialGeometry.Topology.PiecewiseLinear.ConvexRadialExtension (1.7s)
✔ [7464/7470] Built DifferentialGeometry.Topology.PiecewiseLinear.StandardTriangleCoordinates (1.9s)
✔ [7465/7470] Built DifferentialGeometry.Topology.PiecewiseLinear.BridgeDiskPrism (2.1s)
✔ [7466/7472] Built DifferentialGeometry.Topology.PiecewiseLinear.ConvexPrismBoundaryExtension (1.8s)
✔ [7467/7472] Built DifferentialGeometry.Topology.PiecewiseLinear.PrismCapAdjustment (2.3s)
✔ [7468/7472] Built DifferentialGeometry.Topology.PiecewiseLinear.MarkedPrismGluing (2.0s)
✔ [7469/7473] Built DifferentialGeometry.Topology.PiecewiseLinear.StandardPrismCapAdjustment (1.9s)
✔ [7470/7473] Built DifferentialGeometry.Topology.PiecewiseLinear.CyclicMarkedPrisms (2.8s)
✔ [7471/7473] Built DifferentialGeometry.Topology.PiecewiseLinear.CylindricalMarkedProduct (2.1s)
✔ [7472/7474] Built DifferentialGeometry.Topology.PiecewiseLinear.MarkedBridgePrism (2.0s)
✔ [7473/7477] Built DifferentialGeometry.Topology.PiecewiseLinear.CylindricalManifold (2.2s)
✔ [7474/7483] Built DifferentialGeometry.Topology.PiecewiseLinear.PointedPseudoIsotopy (1.9s)
✔ [7475/7485] Built DifferentialGeometry.Topology.PiecewiseLinear.SimplexPointedPseudoIsotopy (1.9s)
✔ [7476/7485] Built DifferentialGeometry.Topology.Collar.Thickening (1.9s)
✔ [7477/7485] Built DifferentialGeometry.Topology.PiecewiseLinear.CylindricalPointedUntwisting (2.1s)
✔ [7478/7485] Built DifferentialGeometry.Topology.PiecewiseLinear.MarkedSolidTorusSandwich (2.3s)
✔ [7479/7485] Built DifferentialGeometry.Topology.PiecewiseLinear.SolidTorusThickening (2.2s)
✔ [7480/7485] Built DifferentialGeometry.Topology.PiecewiseLinear.MarkedCylindricalBuffer (2.4s)
✔ [7481/7485] Built DifferentialGeometry.Topology.PiecewiseLinear.MarkedPrismCycleBuffer (2.3s)
✔ [7482/7485] Built DifferentialGeometry.Topology.PiecewiseLinear.Section34CompactRimCoreBuffer (2.6s)
✔ [7483/7485] Built DifferentialGeometry.Topology.PiecewiseLinear.Section34CompactRimNeighborhoods (2.4s)
✔ [7484/7487] Built DifferentialGeometry.Topology.PiecewiseLinear.Section34CompactCutAndGraph (3.9s)
✔ [7485/7489] Built DifferentialGeometry.Topology.PiecewiseLinear.BallUnionBoundarySurface (2.1s)
✔ [7486/7489] Built DifferentialGeometry.Topology.PiecewiseLinear.Section34CompactBoundarySurface (2.6s)
✔ [7487/7489] Built DifferentialGeometry.Topology.PiecewiseLinear.CrossingBallSeam (2.1s)
✔ [7488/7492] Built DifferentialGeometry.Topology.PiecewiseLinear.Section34CompactSeamArcSides (2.5s)
✔ [7489/7492] Built DifferentialGeometry.Topology.PiecewiseLinear.Section34CompactFaceCycle (2.9s)
✔ [7490/7492] Built DifferentialGeometry.Topology.PiecewiseLinear.Section34CompactTraceSeams (2.3s)
✔ [7491/7499] Built DifferentialGeometry.Topology.PiecewiseLinear.Section34CompactMeridianSystem (2.4s)
✔ [7492/7499] Built DifferentialGeometry.Topology.PiecewiseLinear.Section34CompactTraceCircles (2.4s)
✔ [7493/7499] Built DifferentialGeometry.Topology.PiecewiseLinear.Section34CompactTraceFamily (2.5s)
✔ [7494/7499] Built DifferentialGeometry.Topology.PiecewiseLinear.Section34CompactTraceCarrying (2.5s)
✔ [7495/7504] Built DifferentialGeometry.Topology.PiecewiseLinear.Section34CompactSeparatingTrace (2.3s)
✔ [7496/7504] Built DifferentialGeometry.Topology.PiecewiseLinear.Section34CompactDiskLocalization (2.6s)
✔ [7497/7504] Built DifferentialGeometry.Topology.PiecewiseLinear.Section34CompactEdgeCarriers (2.3s)
✔ [7498/7505] Built DifferentialGeometry.Topology.PiecewiseLinear.Section34CompactVertexTrace (2.5s)
✔ [7499/7505] Built DifferentialGeometry.Topology.PiecewiseLinear.Section34CompactLinkPropagation (2.5s)
✔ [7500/7505] Built DifferentialGeometry.Topology.PiecewiseLinear.Section34CompactPolygonFilling (2.5s)
✔ [7501/7510] Built DifferentialGeometry.Topology.PiecewiseLinear.Section34CompactTraceCrossing (2.5s)
✔ [7502/7512] Built DifferentialGeometry.Topology.PiecewiseLinear.Section34CompactMouthAvoidance (2.7s)
✔ [7503/7512] Built DifferentialGeometry.Topology.PiecewiseLinear.Section34CompactVertexLink (2.4s)
✔ [7504/7512] Built DifferentialGeometry.Topology.PiecewiseLinear.Section34CompactVertexOperations (2.7s)
✔ [7505/7512] Built DifferentialGeometry.Topology.PiecewiseLinear.Section34CompactTraceLocalization (2.3s)
✔ [7506/7512] Built DifferentialGeometry.Topology.PiecewiseLinear.Section34CompactPuncturedLink (2.5s)
✔ [7507/7512] Built DifferentialGeometry.Topology.PiecewiseLinear.Section34CompactReturnDiskDescent (2.8s)
✔ [7508/7512] Built DifferentialGeometry.Topology.PiecewiseLinear.Section34CompactPuncturedSphere (2.7s)
✔ [7509/7518] Built DifferentialGeometry.Topology.PiecewiseLinear.Section34CompactReturnDisks (2.9s)
✔ [7510/7526] Built DifferentialGeometry.Topology.PiecewiseLinear.Section34CompactInnermostReturn (2.9s)
✔ [7511/7526] Built DifferentialGeometry.Topology.PiecewiseLinear.Section34CompactSeparatingReturn (2.7s)
✔ [7512/7526] Built DifferentialGeometry.Topology.PiecewiseLinear.Section34CompactMeridianReturn (2.5s)
✔ [7513/7526] Built DifferentialGeometry.Topology.PiecewiseLinear.Section34CompactSeparatingOperations (2.5s)
✔ [7514/7526] Built DifferentialGeometry.Topology.PiecewiseLinear.Section34CompactTraceNonseparating (2.6s)
✔ [7515/7526] Built DifferentialGeometry.Topology.PiecewiseLinear.Section34CompactTraceDegree (2.4s)
✔ [7516/7528] Built DifferentialGeometry.Topology.PiecewiseLinear.Section34CompactTraceLongitude (2.7s)
✔ [7517/7528] Built DifferentialGeometry.Topology.PiecewiseLinear.Section34CompactExcessCrossings (2.8s)
✔ [7518/7528] Built DifferentialGeometry.Topology.PiecewiseLinear.Section34CompactTraceMeetsMeridians (2.7s)
✔ [7519/7528] Built DifferentialGeometry.Geometry.Curvature.DimensionThree.Algebra.UhlenbeckReaction (5.2s)
✔ [7520/7530] Built DifferentialGeometry.Topology.PiecewiseLinear.Section34CompactTraceNormalization (2.4s)
✔ [7521/7530] Built DifferentialGeometry.Geometry.Curvature.DimensionThree.CurvatureOperator.Reaction (8.0s)
✔ [7522/7531] Built DifferentialGeometry.Topology.PiecewiseLinear.Section34Compact (3.4s)
✔ [7524/7533] Built DifferentialGeometry.Topology.PiecewiseLinear.Moise341Producer (2.7s)
✔ [7525/7533] Built DifferentialGeometry.Analysis.InnerProductSpace.MatrixEuclidean (2.0s)
✔ [7527/7534] Built DifferentialGeometry.Topology.PiecewiseLinear.ControlledGraphNeighborhood (4.6s)
✔ [7529/7540] Built DifferentialGeometry.Topology.PiecewiseLinear.Section34Normalization (3.2s)
✔ [7532/7540] Built DifferentialGeometry.Topology.PiecewiseLinear.Section34Terminal (3.7s)
✔ [7535/7540] Built DifferentialGeometry.Topology.PiecewiseLinear.Moise352Producer (3.2s)
✔ [7537/7540] Built DifferentialGeometry.Analysis.Convex.MatrixRayleigh (2.8s)
✔ [7538/7540] Built DifferentialGeometry.Geometry.Curvature.DimensionThree.HamiltonIvey.Region (6.8s)
✔ [7539/7546] Built DifferentialGeometry.Geometry.Curvature.HamiltonIveyRegion (2.2s)
✔ [7543/7546] Built DifferentialGeometry.Analysis.ODE.InvariantSet.Basic (1.8s)
✔ [7544/7550] Built DifferentialGeometry.Analysis.ODE.InvariantSet.Naturality (1.8s)
✔ [7545/7553] Built DifferentialGeometry.Analysis.ODE.InvariantSet.Nagumo (2.1s)
✔ [7551/7553] Built DifferentialGeometry.Analysis.InnerProductSpace.ProperConeIsometry (1.8s)
✔ [7552/7560] Built DifferentialGeometry.Analysis.Convex.ProperConeFace (1.0s)
✔ [7557/7560] Built DifferentialGeometry.Geometry.Metric.Comparison.BallMonotonicity (1.6s)
✔ [7558/7560] Built DifferentialGeometry.Bundle.PartialMfderiv.ModelMixed (2.1s)
✔ [7559/7561] Built DifferentialGeometry.Geometry.Connection.MetricCompatibility.Defs (2.5s)
✔ [7560/7562] Built DifferentialGeometry.Tensor.RSTensor.Coordinates.BundleBasis (2.8s)
✔ [7561/7565] Built DifferentialGeometry.Tensor.Product.HomEquiv (2.9s)
✔ [7562/7565] Built DifferentialGeometry.Tensor.Multilinear.Flip (2.2s)
✔ [7563/7565] Built DifferentialGeometry.Tensor.Alternating.Reindexing.Domain (1.6s)
✔ [7564/7571] Built DifferentialGeometry.Tensor.Alternating.Flip (4.8s)
✔ [7568/7575] Built DifferentialGeometry.Tensor.Alternating.Shuffle.Split (1.4s)
✔ [7570/7576] Built DifferentialGeometry.Tensor.Alternating.Shuffle.Decomposition (2.1s)
✔ [7573/7576] Built DifferentialGeometry.Tensor.Multilinear.Bundle.Section (2.5s)
✔ [7574/7576] Built DifferentialGeometry.Tensor.Alternating.Curry (4.1s)
✔ [7575/7580] Built DifferentialGeometry.Tensor.Product.Defs (3.4s)
✔ [7576/7580] Built DifferentialGeometry.Tensor.Product.Pretrivialization (3.4s)
✔ [7577/7581] Built DifferentialGeometry.Tensor.Product.Fiber (2.4s)
✔ [7578/7581] Built DifferentialGeometry.Tensor.Product.Bundle (4.4s)
✔ [7580/7584] Built DifferentialGeometry.Tensor.Product.Basis (2.8s)
✔ [7581/7587] Built DifferentialGeometry.Bundle.Zero (1.5s)
✔ [7582/7593] Built DifferentialGeometry.Bundle.ContinuousLinearMapSection.PointwiseSmoothness (1.0s)
✔ [7583/7593] Built DifferentialGeometry.Bundle.Frame (2.4s)
✔ [7584/7593] Built DifferentialGeometry.Bundle.Equiv (6.5s)
✔ [7585/7593] Built DifferentialGeometry.Bundle.Section (5.8s)
✔ [7586/7594] Built DifferentialGeometry.Tensor.Multilinear.Bundle.TensorProduct (9.1s)
✔ [7587/7596] Built DifferentialGeometry.Tensor.Multilinear.Bundle.DomainPermutation (2.5s)
✔ [7588/7596] Built DifferentialGeometry.Analysis.Time (3.5s)
✔ [7589/7596] Built DifferentialGeometry.Tensor.RSTensor.Coordinates.Field (3.0s)
✔ [7591/7596] Built DifferentialGeometry.Geometry.LieDerivative.Tensor (3.8s)
✔ [7592/7601] Built DifferentialGeometry.Geometry.Coordinates.Connection.Christoffel (2.3s)
✔ [7593/7601] Built DifferentialGeometry.Geometry.Connection.TensorNabla.InducedConnection (4.4s)
✔ [7594/7601] Built DifferentialGeometry.Tensor.RSTensor.Coordinates.CoordinateBasis (2.2s)
✔ [7595/7601] Built DifferentialGeometry.Geometry.Curvature.Riemann.RawFields (2.0s)
✔ [7596/7601] Built DifferentialGeometry.Geometry.Coordinates.Calculus.FixedBaseDerivative (2.5s)
✔ [7597/7601] Built DifferentialGeometry.Tensor.RSTensor.Coordinates.Expansion (1.8s)
✔ [7598/7601] Built DifferentialGeometry.Geometry.Operator.Scalar.Calculus (5.9s)
✔ [7599/7601] Built DifferentialGeometry.Tensor.RSTensor.Coordinates.FieldComponents (2.5s)
✔ [7600/7626] Built DifferentialGeometry.Geometry.Coordinates.Frame.Coordinate (4.4s)
✔ [7633/7644] Built DifferentialGeometry.Geometry.Metric.MetricFiberData.Defs (2.5s)
✔ [7634/7644] Built DifferentialGeometry.Tensor.RSTensor.Field (3.1s)
✔ [7635/7645] Built DifferentialGeometry.Geometry.Metric.TensorInner.Fiber.MetricData (2.2s)
✔ [7637/7649] Built DifferentialGeometry.Geometry.Metric.TensorInner.Tangent.Riemannian (1.9s)
✔ [7638/7649] Built DifferentialGeometry.Geometry.Connection.TensorNabla.Model.Tensor0S (2.5s)
✔ [7639/7649] Built DifferentialGeometry.Geometry.Metric.TensorInner.Cotangent.Riemannian (3.3s)
✔ [7640/7649] Built DifferentialGeometry.Geometry.Connection.TensorNabla.Model.TensorRS (3.2s)
✔ [7641/7650] Built DifferentialGeometry.Geometry.Metric.TensorInner.Cotangent.InverseMetric (2.3s)
✔ [7642/7650] Built DifferentialGeometry.Geometry.Connection.TensorNabla.Model.Smoothness (2.7s)
✔ [7643/7650] Built DifferentialGeometry.Geometry.Coordinates.MetricCompatibility.Inverse (4.8s)
✔ [7644/7653] Built DifferentialGeometry.Geometry.Coordinates.Fields.Tensor (2.3s)
✔ [7645/7654] Built DifferentialGeometry.Geometry.Connection.TensorNabla.Connection.Smooth (1.9s)
✔ [7646/7654] Built DifferentialGeometry.Geometry.Coordinates.MetricCompatibility.Covariant (4.6s)
✔ [7647/7654] Built DifferentialGeometry.Tensor.Multilinear.PredualBasis (1.7s)
✔ [7648/7654] Built DifferentialGeometry.Geometry.Connection.LocalFrameRegularity (4.2s)
✔ [7649/7654] Built DifferentialGeometry.Geometry.Curvature.Sections.Trace (1.7s)
✔ [7650/7654] Built DifferentialGeometry.Geometry.Coordinates.MetricCompatibility.Coordinate (3.3s)
✔ [7651/7654] Built DifferentialGeometry.Tensor.RSTensor.Algebra.Contraction (14s)
✔ [7652/7654] Built DifferentialGeometry.Geometry.Operator.Gradient.Regularity (2.0s)
✔ [7653/7657] Built DifferentialGeometry.Geometry.Curvature.Riemann.Tensor (2.4s)
✔ [7654/7659] Built DifferentialGeometry.Geometry.Connection.TensorNabla.Connection.Tangent (2.2s)
✔ [7655/7661] Built DifferentialGeometry.Geometry.Connection.TensorNabla.Connection.Endomorphism (4.6s)
✔ [7656/7661] Built DifferentialGeometry.Geometry.Connection.TensorNabla.FixedChart.Models (1.9s)
✔ [7657/7661] Built DifferentialGeometry.Tensor.Multilinear.Bundle.Evaluation (6.9s)
✔ [7658/7662] Built DifferentialGeometry.Geometry.Connection.TensorNabla.FixedChart.Nabla0S (2.2s)
✔ [7659/7666] Built DifferentialGeometry.Geometry.Connection.TensorNabla.RawDefs.MCovariant (1.0s)
✔ [7660/7667] Built DifferentialGeometry.Geometry.Connection.TensorNabla.RawDefs.Bundled (2.0s)
✔ [7661/7667] Built DifferentialGeometry.Geometry.Connection.TensorNabla.Regularity.LocalFrame (2.5s)
✔ [7662/7669] Built DifferentialGeometry.Geometry.Connection.TensorNabla.Regularity.Derivation (5.1s)
✔ [7663/7669] Built DifferentialGeometry.Geometry.Connection.TensorNabla.Regularity.Tensor0S (2.0s)
✔ [7664/7672] Built DifferentialGeometry.Geometry.Connection.TensorNabla.Iterated.Basic (3.7s)
✔ [7665/7673] Built DifferentialGeometry.Geometry.Curvature.Riemann.Basic.Field (6.1s)
✔ [7666/7673] Built DifferentialGeometry.Geometry.Coordinates.Connection.Coefficients (2.3s)
✔ [7667/7674] Built DifferentialGeometry.Geometry.Curvature.Riemann.Basic.Pointwise (5.5s)
✔ [7668/7674] Built DifferentialGeometry.Geometry.Coordinates.NablaComponents.Basic (2.8s)
✔ [7670/7677] Built DifferentialGeometry.Geometry.Curvature.Riemann.Basic.Sections (4.9s)
✔ [7671/7677] Built DifferentialGeometry.Geometry.Coordinates.NablaComponents.TwoTensor (3.1s)
✔ [7672/7677] Built DifferentialGeometry.Geometry.Coordinates.NablaComponents.Tensor0S (3.7s)
✔ [7673/7677] Built DifferentialGeometry.Geometry.Metric.MetricFiberData.Hom (2.9s)
✔ [7674/7679] Built DifferentialGeometry.Geometry.Curvature.Sections.Connection (2.8s)
✔ [7675/7679] Built DifferentialGeometry.Geometry.Metric.TensorInner.FiberMetric.Tensor0SMetric (4.7s)
✔ [7676/7679] Built DifferentialGeometry.Tensor.RSTensor.Algebra.Product (1.9s)
✔ [7677/7679] Built DifferentialGeometry.Geometry.Metric.TensorInner.Tensor0S.LinearAlgebra (2.0s)
✔ [7678/7686] Built DifferentialGeometry.Geometry.Metric.TensorInner.Tensor0S.Coordinates.Expansion (3.9s)
✔ [7681/7687] Built DifferentialGeometry.Geometry.Metric.TensorInner.Tensor0S.Algebra.Product (6.1s)
✔ [7682/7688] Built DifferentialGeometry.Geometry.Metric.TensorInner.Tensor0S.Calculus.CovariantDerivative (7.4s)
✔ [7683/7688] Built DifferentialGeometry.Geometry.Metric.TensorInner.Tensor0S.Coordinates.KroneckerQuadraticForm (2.3s)
✔ [7684/7689] Built DifferentialGeometry.Geometry.Coordinates.NablaComponents.OneForm.Basic (2.6s)
✔ [7685/7690] Built DifferentialGeometry.Geometry.Metric.TensorInner.Tensor0S.Coordinates.MetricComparison (4.2s)
✔ [7686/7691] Built DifferentialGeometry.Geometry.Coordinates.NablaComponents.OneForm.Pairing (2.5s)
✔ [7687/7691] Built DifferentialGeometry.Geometry.Operator.Laplacian.Rough (5.3s)
✔ [7688/7691] Built DifferentialGeometry.Geometry.Coordinates.NablaComponents.OneForm.ConnectionProduct (3.1s)
✔ [7689/7691] Built DifferentialGeometry.Geometry.Coordinates.NablaComponents.OneForm.Moving (2.3s)
✔ [7690/7694] Built DifferentialGeometry.Geometry.Coordinates.NablaComponents.OneForm.Smoothness (2.5s)
✔ [7691/7695] Built DifferentialGeometry.Geometry.Connection.TensorNabla.Regularity.TensorRS (3.1s)
✔ [7692/7697] Built DifferentialGeometry.Geometry.Coordinates.NablaComponents.TensorRS.Basic (2.3s)
✔ [7693/7699] Built DifferentialGeometry.Geometry.Coordinates.NablaComponents.TensorRS.ModelBridge (3.5s)
✔ [7694/7700] Built DifferentialGeometry.Geometry.Coordinates.NablaComponents.TensorRS.ApplyInput (3.7s)
✔ [7695/7700] Built DifferentialGeometry.Tensor.RicciIdentity.ContractionProductRules (1.2s)
✔ [7696/7702] Built DifferentialGeometry.Geometry.Coordinates.NablaComponents.TensorRS.Formula (3.0s)
✔ [7697/7702] Built DifferentialGeometry.Tensor.RicciIdentity.SlotAlgebra (1.4s)
✔ [7698/7703] Built DifferentialGeometry.Geometry.Coordinates.NablaComponents.TensorRS.RankOneTwo (2.5s)
✔ [7699/7703] Built DifferentialGeometry.Geometry.Connection.RicciIdentity.Tensor0S.CurvatureAction (3.7s)
✔ [7700/7705] Built DifferentialGeometry.Geometry.Connection.RicciIdentity.MixedComponents (2.9s)
✔ [7701/7708] Built DifferentialGeometry.Geometry.Connection.RicciIdentity.OneForm.Realization (3.6s)
✔ [7702/7708] Built DifferentialGeometry.Geometry.Connection.TensorNabla.Regularity.TotalNabla0S (1.0s)
✔ [7703/7708] Built DifferentialGeometry.Geometry.Connection.RicciIdentity.Tensor0S.Realization (2.5s)
✔ [7704/7708] Built DifferentialGeometry.Geometry.Connection.TensorNabla.Tensor0S.ConnectionDifference (2.4s)
✔ [7705/7709] Built DifferentialGeometry.Geometry.Connection.RicciIdentity.Tensor0S.Formula (5.7s)
✔ [7706/7709] Built DifferentialGeometry.Analysis.TimeInterval (1.6s)
✔ [7707/7711] Built DifferentialGeometry.Geometry.Operator.Hessian.Trace.Realization (4.9s)
✔ [7708/7712] Built DifferentialGeometry.Geometry.Operator.Laplacian.Minimum (3.4s)
✔ [7709/7712] Built DifferentialGeometry.Geometry.Metric.RiemannianMetricTensor (3.3s)
✔ [7710/7715] Built DifferentialGeometry.Geometry.Metric.QuadraticBounds.Unit (3.2s)
✔ [7711/7716] Built DifferentialGeometry.Geometry.Connection.MetricCompatibility.Tensor.Metric (2.8s)
✔ [7712/7716] Built DifferentialGeometry.Geometry.Metric.QuadraticBounds.TimeSlab (2.9s)
✔ [7713/7716] Built DifferentialGeometry.Tensor.RSTensor.Coordinates.BasisEvaluation (2.8s)
✔ [7714/7719] Built DifferentialGeometry.Geometry.Metric.Family.Basic (3.8s)
✔ [7715/7719] Built DifferentialGeometry.Geometry.Operator.Family.Basic (4.6s)
✔ [7716/7719] Built DifferentialGeometry.Bundle.Hom.Trace (2.1s)
✔ [7717/7721] Built DifferentialGeometry.Bundle.ContinuousLinearMapSection.Basic (2.7s)
✔ [7718/7721] Built DifferentialGeometry.Geometry.Metric.Pullback.PartialDiffeomorph.OpenSubtype (2.9s)
✔ [7719/7723] Built DifferentialGeometry.Analysis.Integration.Measure.Riemannian.Basic (1.9s)
✔ [7720/7723] Built DifferentialGeometry.Analysis.Integration.Measure.Riemannian.Invariance (3.6s)
✔ [7721/7725] Built DifferentialGeometry.Topology.Manifold.InteriorBoundary (1.5s)
✔ [7722/7725] Built DifferentialGeometry.Analysis.Integration.Measure.Riemannian.Properties (2.4s)
✔ [7724/7733] Built DifferentialGeometry.Geometry.Connection.Realization.Basic (1.9s)
✔ [7729/7733] Built DifferentialGeometry.Geometry.Connection.Realization.Embedding (3.7s)
✔ [7731/7737] Built DifferentialGeometry.Analysis.Integration.L2.Basic (2.1s)
✔ [7732/7738] Built DifferentialGeometry.Geometry.Connection.Realization.ConcreteConnection (2.5s)
✔ [7735/7738] Built DifferentialGeometry.Analysis.Integration.L2.CompactSupport (3.2s)
✔ [7736/7738] Built DifferentialGeometry.Analysis.Integration.DivergenceTheorem.Local.Formula (2.5s)
✔ [7737/7742] Built DifferentialGeometry.Analysis.Integration.DivergenceTheorem.Local.CoefficientPullback (1.0s)
✔ [7738/7745] Built DifferentialGeometry.Analysis.Integration.Measure.Jacobian.Derivative (1.9s)
✔ [7739/7748] Built DifferentialGeometry.Analysis.Integration.Measure.Family.Defs (2.3s)
✔ [7741/7751] Built DifferentialGeometry.Analysis.Integration.Measure.Family.Decomposition (2.7s)
✔ [7743/7751] Built DifferentialGeometry.Analysis.Integration.Measure.Family.Basic (4.4s)
✔ [7744/7752] Built DifferentialGeometry.Analysis.Integration.DivergenceTheorem.Local.IntegrationByParts (3.7s)
✔ [7745/7753] Built DifferentialGeometry.Analysis.Integration.DivergenceTheorem.Local.ChartInvariance (3.2s)
✔ [7746/7755] Built DifferentialGeometry.Analysis.Integration.DivergenceTheorem.Global.PartitionOfUnity (2.0s)
✔ [7747/7755] Built DifferentialGeometry.Geometry.Operator.Laplacian.Basic (2.1s)
✔ [7748/7759] Built DifferentialGeometry.Geometry.Operator.Laplacian.VossWeylFormula (2.4s)
✔ [7749/7759] Built DifferentialGeometry.Geometry.Connection.ChartBridge.Connection.Christoffel (1.9s)
✔ [7750/7760] Built DifferentialGeometry.Geometry.Operator.Hessian.Basic (3.0s)
✔ [7751/7764] Built DifferentialGeometry.Geometry.Curvature.Riemann.Defs (3.4s)
✔ [7752/7764] Built DifferentialGeometry.Geometry.Operator.Hessian.Trace.ChartGramRegularity (2.2s)
✔ [7753/7764] Built DifferentialGeometry.Geometry.Connection.LeviCivita.Basic (2.2s)
✔ [7754/7764] Built DifferentialGeometry.Geometry.Connection.LeviCivita.Koszul.Basic (2.3s)
✔ [7755/7771] Built DifferentialGeometry.Geometry.Operator.Hessian.Trace.ChartDensityDerivative (2.6s)
✔ [7756/7771] Built DifferentialGeometry.Geometry.Operator.Hessian.Trace.ChartInverseGramDerivative (3.5s)
✔ [7757/7771] Built DifferentialGeometry.Geometry.Connection.LeviCivita.Koszul.Formula (5.9s)
✔ [7758/7771] Built DifferentialGeometry.Analysis.Parabolic.Operator (2.8s)
✔ [7759/7771] Built DifferentialGeometry.Geometry.Operator.Hessian.TraceFormula (4.0s)
✔ [7760/7771] Built DifferentialGeometry.Geometry.Curvature.Riemann.Ricci (3.1s)
✔ [7761/7773] Built DifferentialGeometry.Geometry.Connection.ChartFrame.ChartMetric (2.6s)
✔ [7762/7773] Built DifferentialGeometry.Geometry.Metric.Family.Continuity (3.5s)
✔ [7763/7777] Built DifferentialGeometry.Tensor.RSTensor.Functoriality.Pullback (1.8s)
✔ [7764/7777] Built DifferentialGeometry.Geometry.Metric.Family.Stationary (2.5s)
✔ [7765/7777] Built DifferentialGeometry.Geometry.Curvature.Algebraic.Form (1.6s)
✔ [7766/7777] Built DifferentialGeometry.Analysis.Convex.Tensor04SectionalNonnegativeCone (2.1s)
✔ [7767/7777] Built DifferentialGeometry.Analysis.Parabolic.ScalarHeat.TimeDependent (2.6s)
✔ [7768/7777] Built DifferentialGeometry.Geometry.Curvature.Algebraic.Tensor (2.2s)
✔ [7769/7779] Built DifferentialGeometry.Analysis.Parabolic.MaximumPrinciple.Scalar.Weak (5.7s)
✔ [7770/7780] Built DifferentialGeometry.Geometry.Curvature.Algebraic.SectionalCone (2.3s)
✔ [7771/7780] Built DifferentialGeometry.Geometry.Connection.TensorNabla.Connection.OneJet (3.9s)
✔ [7772/7781] Built DifferentialGeometry.Analysis.Parabolic.MaximumPrinciple.Scalar.HeatPotential.Weak (2.8s)
✔ [7773/7782] Built DifferentialGeometry.Geometry.Curvature.Algebraic.CurvatureOperatorCone (2.2s)
✔ [7774/7782] Built DifferentialGeometry.Geometry.Connection.MetricTrace.Connection (3.7s)
✔ [7775/7783] Built DifferentialGeometry.Analysis.Parabolic.MaximumPrinciple.Cone.Dual (2.3s)
✔ [7776/7783] Built DifferentialGeometry.Geometry.Connection.MetricTrace.CovariantFourTensor (3.1s)
✔ [7777/7784] Built DifferentialGeometry.Analysis.Parabolic.MaximumPrinciple.Cone.InnerDual (2.4s)
✔ [7778/7784] Built DifferentialGeometry.Geometry.Curvature.Components.Basic (3.4s)
✔ [7779/7785] Built DifferentialGeometry.Geometry.Connection.MetricTrace.CovariantTwoTensor (5.3s)
✔ [7780/7786] Built DifferentialGeometry.Analysis.Parabolic.MaximumPrinciple.Convex.Semilinear (7.8s)
✔ [7781/7786] Built DifferentialGeometry.Geometry.Curvature.Components.Lowering (2.4s)
✔ [7782/7786] Built DifferentialGeometry.Geometry.Connection.MetricTrace.Higher (3.6s)
✔ [7783/7787] Built DifferentialGeometry.Analysis.Parabolic.MaximumPrinciple.Convex.Bundle (7.7s)
✔ [7784/7788] Built DifferentialGeometry.Geometry.Curvature.Components.TraceOneForm (2.7s)
✔ [7785/7789] Built DifferentialGeometry.Geometry.Curvature.Components.RicciTrace (2.7s)
✔ [7786/7789] Built DifferentialGeometry.Geometry.Curvature.Components.LocalFrame (2.6s)
✔ [7787/7791] Built DifferentialGeometry.Geometry.Curvature.Components.Christoffel (4.2s)
✔ [7788/7791] Built DifferentialGeometry.Geometry.Curvature.Components.RicciIdentity (2.5s)
✔ [7789/7792] Built DifferentialGeometry.Geometry.Connection.LeviCivita.Characterization.Torsion (2.0s)
✔ [7790/7792] Built DifferentialGeometry.Geometry.Curvature.Bochner.Scalar.Basic (5.6s)
✔ [7791/7797] Built DifferentialGeometry.Geometry.Curvature.Riemann.Bianchi (5.3s)
✔ [7792/7798] Built DifferentialGeometry.Geometry.Connection.LeviCivita.Characterization.Uniqueness (2.6s)
✔ [7793/7800] Built DifferentialGeometry.Geometry.Connection.LeviCivita.Smooth.MetricFlatBasis (4.2s)
✔ [7794/7800] Built DifferentialGeometry.Geometry.Connection.LeviCivita.Smooth.CovariantDerivative (2.6s)
✔ [7795/7800] Built DifferentialGeometry.Geometry.Connection.LeviCivita.Smooth.MetricCoord (2.4s)
✔ [7796/7800] Built DifferentialGeometry.Geometry.Connection.LeviCivita.Hessian.Basic (2.5s)
✔ [7797/7802] Built DifferentialGeometry.Geometry.Connection.LeviCivita.Smooth.Model (3.0s)
✔ [7798/7808] Built DifferentialGeometry.Geometry.Connection.LeviCivita.Smooth.Christoffel (3.7s)
✔ [7799/7808] Built DifferentialGeometry.Geometry.Connection.TensorNabla.Iterated.Linearity (1.0s)
✔ [7800/7808] Built DifferentialGeometry.Geometry.Connection.LeviCivita.Curvature.Identities (6.4s)
✔ [7801/7808] Built DifferentialGeometry.Geometry.Connection.TensorNabla.Tensor0S.Algebra.ContractionLeibniz (2.8s)
✔ [7802/7810] Built DifferentialGeometry.Geometry.Connection.TensorNabla.Naturality.SlotPermutation (2.2s)
✔ [7803/7810] Built DifferentialGeometry.Geometry.Connection.MetricTrace.CovariantDerivative (4.4s)
✔ [7804/7812] Built DifferentialGeometry.Geometry.Curvature.DimensionThree.Algebra.Curvature (4.0s)
✔ [7805/7812] Built DifferentialGeometry.Geometry.Connection.LeviCivita.Curvature.Sections (4.6s)
✔ [7806/7813] Built DifferentialGeometry.Geometry.Curvature.DimensionThree.Algebra.Pinching (2.6s)
✔ [7807/7813] Built DifferentialGeometry.Geometry.Curvature.DimensionThree.Reconstruction.RiemannFromRicci (4.6s)
✔ [7808/7813] Built DifferentialGeometry.Geometry.Curvature.Metric.Defs (3.7s)
✔ [7809/7813] Built DifferentialGeometry.Geometry.Curvature.Bounds.QuadraticForm (2.2s)
✔ [7810/7813] Built DifferentialGeometry.Geometry.Curvature.DimensionThree.Reconstruction.RicciControlsRiemann (6.5s)
✔ [7811/7813] Built DifferentialGeometry.Geometry.Curvature.Algebraic.TensorMetric (2.2s)
✔ [7812/7815] Built DifferentialGeometry.Geometry.Curvature.Algebraic.CurvatureOperatorConeMetric (2.5s)
✔ [7813/7817] Built DifferentialGeometry.Geometry.Connection.ChartFrame.ChartSection (3.0s)
✔ [7814/7818] Built DifferentialGeometry.Geometry.Connection.LeviCivita.Chart.Local (3.3s)
✔ [7815/7821] Built DifferentialGeometry.Geometry.Connection.ChartFrame.ChartLieBracket (2.8s)
✔ [7816/7821] Built DifferentialGeometry.Geometry.Connection.LeviCivita.Chart.Metric (3.6s)
✔ [7817/7822] Built DifferentialGeometry.Geometry.Connection.LeviCivita.Chart.Torsion (1.0s)
✔ [7818/7823] Built DifferentialGeometry.Geometry.Connection.LeviCivita.Chart.Smoothness (3.0s)
✔ [7819/7823] Built DifferentialGeometry.Geometry.Connection.LeviCivita.Defs (3.2s)
✔ [7820/7827] Built DifferentialGeometry.Geometry.Curvature.CurvatureOperator.Defs (4.8s)
✔ [7821/7829] Built DifferentialGeometry.Geometry.Connection.LeviCivita.Characterization.CanonicalConnection (2.1s)
✔ [7822/7829] Built DifferentialGeometry.Geometry.Connection.TensorNabla.Differentiability.Cotangent (6.6s)
✔ [7823/7829] Built DifferentialGeometry.Geometry.Curvature.CurvatureOperator.Sections (6.0s)
✔ [7824/7829] Built DifferentialGeometry.Geometry.Metric.TensorInner.FiberMetric.Tensor0SMetricContinuity (2.5s)
✔ [7825/7831] Built DifferentialGeometry.Geometry.Connection.TensorNabla.Differentiability.Tensor (11s)
✔ [7826/7831] Built DifferentialGeometry.Geometry.Curvature.CurvatureOperator.Ricci.Basic (8.6s)
✔ [7827/7831] Built DifferentialGeometry.Geometry.Connection.ChartBridge.Scalar.Gradient (2.5s)
✔ [7828/7833] Built DifferentialGeometry.Geometry.Curvature.Metric.LeviCivita (2.7s)
✔ [7829/7833] Built DifferentialGeometry.Geometry.Curvature.CurvatureOperator.Identities.Ricci (5.2s)
✔ [7830/7833] Built DifferentialGeometry.Geometry.Curvature.Bounds.RicciOperatorNorm (2.8s)
✔ [7831/7837] Built DifferentialGeometry.Geometry.Metric.Scaling (2.9s)
✔ [7832/7837] Built DifferentialGeometry.Geometry.Metric.TensorInner.Tensor0S.Scaling (2.2s)
✔ [7833/7837] Built DifferentialGeometry.Geometry.Connection.LeviCivita.Scaling (5.9s)
✔ [7834/7838] Built DifferentialGeometry.Geometry.Operator.Scaling (2.3s)
✔ [7835/7842] Built DifferentialGeometry.Geometry.Curvature.Metric.Scaling (2.5s)
✔ [7836/7842] Built DifferentialGeometry.Analysis.Parabolic.MaximumPrinciple.Tensor.Basic (3.2s)
✔ [7837/7842] Built DifferentialGeometry.Geometry.Curvature.DimensionThree.CurvatureOperator.LeastEigenvalue (7.6s)
✔ [7838/7842] Built DifferentialGeometry.Geometry.Operator.Heat.Tensor (2.9s)
✔ [7839/7842] Built DifferentialGeometry.Analysis.Parabolic.MaximumPrinciple.Tensor.Barrier.Basic (3.1s)
✔ [7840/7842] Built DifferentialGeometry.Analysis.Parabolic.MaximumPrinciple.Tensor.Reaction.Realization (2.0s)
✔ [7841/7844] Built DifferentialGeometry.Geometry.Flow.RicciFlow.Preservation.PositiveRicciReaction (6.4s)
✔ [7842/7844] Built DifferentialGeometry.Geometry.Connection.Smoothness (2.2s)
✔ [7843/7852] Built DifferentialGeometry.Geometry.Flow.RicciFlow.Solution.Defs (2.2s)
✔ [7847/7857] Built DifferentialGeometry.Geometry.Metric.TensorInner.Tangent.ContinuousRiemannianMetric (1.7s)
✔ [7848/7857] Built DifferentialGeometry.Geometry.Metric.Distance.Basic (1.9s)
✔ [7849/7858] Built DifferentialGeometry.Geometry.Metric.TensorInner.Tangent.NormDiamond (2.3s)
✔ [7850/7858] Built DifferentialGeometry.Geometry.Curvature.Bochner.Tensor.Basic (6.8s)
✔ [7851/7861] Built DifferentialGeometry.Geometry.Metric.Comparison.DistanceScaling (2.2s)
✔ [7852/7862] Built DifferentialGeometry.Geometry.Metric.Completeness (3.1s)
✔ [7853/7864] Built DifferentialGeometry.Geometry.Flow.RicciFlow.Solution.Basic (4.4s)
✔ [7854/7873] Built DifferentialGeometry.Geometry.Flow.RicciFlow.Solution.Components (6.4s)
✔ [7855/7873] Built DifferentialGeometry.Geometry.Flow.RicciFlow.Solution.RicciNorm (3.1s)
✔ [7856/7874] Built DifferentialGeometry.Geometry.Curvature.Riemann.Contractions (3.3s)
✔ [7857/7875] Built DifferentialGeometry.Geometry.Flow.RicciFlow.Evolution.Metric.Basic (2.4s)
✔ [7858/7875] Built DifferentialGeometry.Analysis.Parabolic.MaximumPrinciple.Tensor.FirstNull.Basic (3.8s)
✔ [7859/7876] Built DifferentialGeometry.Geometry.Flow.RicciFlow.Evolution.Metric.InverseSmooth (4.1s)
✔ [7860/7877] Built DifferentialGeometry.Analysis.Parabolic.MaximumPrinciple.Tensor.FirstNull.Compactness (2.8s)
✔ [7861/7877] Built DifferentialGeometry.Geometry.Flow.RicciFlow.Evolution.Metric.Covariant (3.0s)
✔ [7862/7878] Built DifferentialGeometry.Analysis.Parabolic.MaximumPrinciple.Tensor.FirstNull.Signs (3.1s)
✔ [7863/7878] Built DifferentialGeometry.Geometry.Flow.RicciFlow.Evolution.Metric.Evolution (4.7s)
✔ [7864/7881] Built DifferentialGeometry.Analysis.Parabolic.MaximumPrinciple.Tensor.Regularity (2.6s)
✔ [7865/7881] Built DifferentialGeometry.Geometry.Flow.RicciFlow.Evolution.Connection.Components (3.2s)
✔ [7866/7881] Built DifferentialGeometry.Analysis.Parabolic.MaximumPrinciple.Tensor.Barrier.Continuation (2.3s)
✔ [7867/7881] Built DifferentialGeometry.Analysis.Parabolic.MaximumPrinciple.Tensor.Barrier.Certification (2.8s)
✔ [7868/7881] Built DifferentialGeometry.Geometry.Flow.RicciFlow.Evolution.Connection.Pairing (2.4s)
✔ [7869/7883] Built DifferentialGeometry.Analysis.Parabolic.MaximumPrinciple.Tensor.Weak (2.6s)
✔ [7870/7883] Built DifferentialGeometry.Geometry.Flow.RicciFlow.Evolution.Connection.Christoffel (2.6s)
✔ [7871/7884] Built DifferentialGeometry.Geometry.Flow.RicciFlow.Estimates.MetricVariation (2.8s)
✔ [7872/7884] Built DifferentialGeometry.Geometry.Flow.RicciFlow.Evolution.Ricci.Estimate.QuadraticForm (2.4s)
✔ [7873/7885] Built DifferentialGeometry.Geometry.Flow.RicciFlow.Evolution.Connection.Evolution (2.4s)
✔ [7874/7887] Built DifferentialGeometry.Geometry.Flow.RicciFlow.Evolution.Ricci.Derivation.Trace (2.9s)
✔ [7875/7892] Built DifferentialGeometry.Geometry.Flow.RicciFlow.Evolution.Ricci.Derivation.ChristoffelAlgebra (3.5s)
✔ [7876/7892] Built DifferentialGeometry.Geometry.Flow.RicciFlow.Evolution.Ricci.Derivation.ChristoffelCoordinates (3.8s)
✔ [7877/7892] Built DifferentialGeometry.Geometry.Flow.RicciFlow.Evolution.Ricci.Derivation.Bianchi (3.0s)
✔ [7878/7892] Built DifferentialGeometry.Geometry.Flow.RicciFlow.Evolution.Ricci.Derivation.Commutator (3.6s)
✔ [7879/7895] Built DifferentialGeometry.Geometry.Flow.RicciFlow.Evolution.Ricci.Derivation.CoordinateRegularity (4.8s)
✔ [7881/7897] Built DifferentialGeometry.Geometry.Flow.RicciFlow.Evolution.Ricci.Derivation.CoordinateIdentities (3.6s)
✔ [7883/7897] Built DifferentialGeometry.Analysis.Convex.SupportFunction (1.6s)
✔ [7884/7900] Built DifferentialGeometry.Geometry.Flow.RicciFlow.Evolution.Ricci.Equation.Lichnerowicz (6.9s)
✔ [7885/7900] Built DifferentialGeometry.Analysis.Calculus.Derivative.Right (2.1s)
✔ [7886/7901] Built DifferentialGeometry.Analysis.Convex.MovingSetDistance (2.6s)
✔ [7887/7901] Built DifferentialGeometry.Geometry.Flow.RicciFlow.Evolution.Ricci.Equation.Norm (3.2s)
✔ [7888/7903] Built DifferentialGeometry.Geometry.Flow.RicciFlow.Evolution.Scalar.Basic (2.2s)
✔ [7890/7903] Built DifferentialGeometry.Geometry.Curvature.DimensionThree.CurvatureOperator.Metric (3.2s)
✔ [7891/7903] Built DifferentialGeometry.Geometry.Flow.RicciFlow.Evolution.Scalar.TraceAlgebra (2.0s)
✔ [7892/7903] Built DifferentialGeometry.Geometry.Curvature.DimensionThree.HamiltonIvey.Reaction (10s)
✔ [7893/7903] Built DifferentialGeometry.Geometry.Curvature.DimensionThree.CurvatureOperatorBasis (3.8s)
✔ [7894/7903] Built DifferentialGeometry.Geometry.Flow.RicciFlow.Evolution.Scalar.RmTrace (6.2s)
✔ [7895/7903] Built DifferentialGeometry.Geometry.Curvature.DimensionThree.HamiltonIvey.RegionDistance (4.4s)
✔ [7896/7903] Built DifferentialGeometry.Geometry.Flow.RicciFlow.Evolution.Scalar.EvolutionEquation (3.6s)
✔ [7897/7904] Built DifferentialGeometry.Geometry.Curvature.DimensionThree.HamiltonIvey.FiberRegion (3.3s)
✔ [7898/7906] Built DifferentialGeometry.Geometry.Flow.RicciFlow.Preservation.ScalarLowerBound (3.4s)
✔ [7899/7906] Built DifferentialGeometry.Geometry.Flow.RicciFlow.Evolution.Scalar.IntrinsicDerivation (6.4s)
✔ [7900/7908] Built DifferentialGeometry.Analysis.ODE.Flow.ClosedInterval (2.2s)
✔ [7901/7908] Built DifferentialGeometry.Topology.Order.Interval (1.3s)
✔ [7902/7909] Built DifferentialGeometry.Geometry.Flow.RicciFlow.Solution.Regularity (3.8s)
✔ [7903/7909] Built DifferentialGeometry.Topology.Manifold.ExtChartAt (1.5s)
✔ [7904/7909] Built DifferentialGeometry.Analysis.ODE.Flow.Interval (1.8s)
✔ [7905/7909] Built DifferentialGeometry.Geometry.Flow.RicciFlow.Preservation.PositiveRicci (10s)
✔ [7906/7909] Built DifferentialGeometry.Geometry.Flow.RicciFlow.Estimates.Uhlenbeck.Frame (8.8s)
✔ [7907/7909] Built DifferentialGeometry.Analysis.ODE.Flow.BundleLinearODE (4.4s)
✔ [7908/7912] Built DifferentialGeometry.Geometry.Flow.RicciFlow.DimensionThree.HamiltonIvey.Pinching (5.4s)
✔ [7909/7912] Built DifferentialGeometry.Geometry.Flow.RicciFlow.Evolution.RegularityHypotheses (2.5s)
✔ [7910/7914] Built DifferentialGeometry.Geometry.Flow.RicciFlow.Evolution.Connection.MetricCovariantDerivative (2.5s)
✔ [7911/7914] Built DifferentialGeometry.Geometry.Flow.RicciFlow.Evolution.Connection.CurvatureDerivative.Basic (2.2s)
✔ [7912/7914] Built DifferentialGeometry.Geometry.Connection.Coordinates.CovariantDerivativeComponents (1.8s)
✔ [7913/7916] Built DifferentialGeometry.Geometry.Connection.Coordinates.CovariantDerivativeRealization (2.3s)
✔ [7914/7917] Built DifferentialGeometry.Geometry.Flow.RicciFlow.Estimates.Curvature.NormEvolution (6.2s)
✔ [7915/7917] Built DifferentialGeometry.Geometry.Flow.RicciFlow.Estimates.Curvature.NormHeatEquation (3.1s)
✔ [7916/7923] Built DifferentialGeometry.Geometry.Flow.RicciFlow.Estimates.Shi.Derivatives.First (3.8s)
✔ [7917/7924] Built DifferentialGeometry.Geometry.Metric.TensorInner.FiberMetric.Tensor0SMetricDeriv (4.6s)
✔ [7918/7924] Built DifferentialGeometry.Geometry.Flow.RicciFlow.Estimates.Shi.Derivatives.Higher (5.6s)
✔ [7919/7926] Built DifferentialGeometry.Geometry.Metric.QuadraticBounds.FiniteArrayNorm (2.4s)
✔ [7920/7926] Built DifferentialGeometry.Geometry.Flow.RicciFlow.Evolution.Curvature.Derivatives.Evolution.Basic (2.4s)
✔ [7921/7926] Built DifferentialGeometry.Geometry.Flow.RicciFlow.Evolution.Curvature.Derivatives.Components (2.2s)
✔ [7922/7926] Built DifferentialGeometry.Geometry.Flow.RicciFlow.Evolution.Curvature.CovariantDerivativeFields (2.7s)
✔ [7923/7933] Built DifferentialGeometry.Geometry.Flow.RicciFlow.Evolution.Curvature.Derivatives.Commutator.Basic (2.4s)
✔ [7924/7935] Built DifferentialGeometry.Geometry.Flow.RicciFlow.Evolution.Curvature.IteratedCovariantDerivativeFields (2.6s)
✔ [7925/7935] Built DifferentialGeometry.Geometry.Flow.RicciFlow.Preservation.Pinching.TraceFreeRicci.Norm (919ms)
✔ [7926/7935] Built DifferentialGeometry.Geometry.Flow.RicciFlow.Evolution.Curvature.Raising (2.2s)
✔ [7927/7935] Built DifferentialGeometry.Geometry.Connection.TensorNabla.Tensor0S.Algebra.ProductLeibniz (2.4s)
✔ [7928/7935] Built DifferentialGeometry.Geometry.Flow.RicciFlow.Preservation.Pinching.Definitions (4.9s)
✔ [7929/7939] Built DifferentialGeometry.Geometry.Flow.RicciFlow.Preservation.Pinching.TraceFreeRicci.HeatEquation (2.6s)
✔ [7930/7939] Built DifferentialGeometry.Geometry.Flow.RicciFlow.Preservation.Pinching.Quotient.Evolution (3.3s)
✔ [7931/7943] Built DifferentialGeometry.Analysis.ODE.Gronwall.Integral (2.3s)
✔ [7932/7943] Built DifferentialGeometry.Geometry.Flow.RicciFlow.Preservation.Pinching.Reaction.Hamilton (3.7s)
✔ [7933/7943] Built DifferentialGeometry.Bundle.PartialMfderiv.TimeDerivative (2.0s)
✔ [7934/7943] Built DifferentialGeometry.Analysis.ODE.TimeDependentFlow.ChartLocalExistence.PicardIntegral (1.9s)
✔ [7935/7943] Built DifferentialGeometry.Geometry.Flow.RicciFlow.Preservation.Pinching.TraceFreeRicci.Evolution (3.2s)
✔ [7936/7943] Built DifferentialGeometry.Geometry.Metric.Family.Uhlenbeck (7.9s)
✔ [7937/7946] Built DifferentialGeometry.Analysis.ODE.Existence.ForwardVariationalFromZero (4.5s)
✔ [7938/7949] Built DifferentialGeometry.Geometry.Flow.RicciFlow.Preservation.Pinching.Evolution.Solution (3.2s)
✔ [7939/7949] Built DifferentialGeometry.Analysis.ODE.Existence.GlobalLipschitzAffine (1.0s)
✔ [7940/7949] Built DifferentialGeometry.Geometry.Connection.ChartBridge.Metric.InverseGram (2.2s)
✔ [7941/7949] Built DifferentialGeometry.Geometry.Flow.RicciFlow.Estimates.Uhlenbeck.CurvatureEvolution (7.0s)
✔ [7942/7950] Built DifferentialGeometry.Geometry.Metric.Family.TensorNorm (4.2s)
✔ [7943/7950] Built DifferentialGeometry.Geometry.Flow.RicciFlow.Estimates.Uhlenbeck.Isometry (6.0s)
✔ [7944/7950] Built DifferentialGeometry.Geometry.Flow.RicciFlow.Solution.CurvatureContinuity (2.4s)
✔ [7945/7950] Built DifferentialGeometry.Analysis.FiniteDimensional.Rank (1.6s)
✔ [7946/7950] Built DifferentialGeometry.Geometry.Flow.RicciFlow.Estimates.Uhlenbeck.InverseMetric (2.0s)
✔ [7947/7950] Built DifferentialGeometry.Geometry.Flow.RicciFlow.DimensionThree.HamiltonIvey.Transport (2.6s)
✔ [7948/7950] Built DifferentialGeometry.Geometry.Flow.RicciFlow.Estimates.Uhlenbeck.FrameExistence (2.4s)
✔ [7949/7977] Built DifferentialGeometry.Geometry.Flow.RicciFlow.DimensionThree.HamiltonIvey.RegionTransfer (2.7s)
✔ [7973/7985] Built DifferentialGeometry.Tensor.Alternating.Reindexing.FiniteEquivalence (1.5s)
✔ [7975/7985] Built DifferentialGeometry.Tensor.Alternating.Reindexing.Permutation (1.7s)
✔ [7976/7985] Built DifferentialGeometry.Tensor.Alternating.Block (1.8s)
✔ [7978/7988] Built DifferentialGeometry.Tensor.Alternating.Coordinates.MultiKroneckerDelta (2.6s)
✔ [7979/7988] Built DifferentialGeometry.Geometry.Curvature.DimensionThree.CurvatureReactionAlgebra (3.2s)
✔ [7981/7988] Built DifferentialGeometry.Tensor.Alternating.Coordinates.Basis (2.1s)
✔ [7982/7990] Built DifferentialGeometry.Geometry.Curvature.QuadraticContraction (2.2s)
✔ [7983/7992] Built DifferentialGeometry.Geometry.Metric.ExteriorPower (3.3s)
✔ [7984/7992] Built DifferentialGeometry.Geometry.Curvature.DimensionThree.CurvatureOperatorNormalization (2.9s)
✔ [7986/7992] Built DifferentialGeometry.Geometry.Metric.ExteriorPowerSmooth (2.0s)
✔ [7987/7992] Built DifferentialGeometry.Geometry.Curvature.EuclideanQuadratic (1.9s)
✔ [7988/7993] Built DifferentialGeometry.Geometry.Metric.ExteriorEndomorphism (3.0s)
✔ [7989/7993] Built DifferentialGeometry.Geometry.Curvature.QuadraticTensor (4.4s)
✔ [7990/7993] Built DifferentialGeometry.Geometry.Curvature.CurvatureOperator.ExteriorRepresentation (2.6s)
✔ [7991/7998] Built DifferentialGeometry.Geometry.Metric.TensorInner.FiberMetric.Tensor0SMetricIneq (2.1s)
✔ [7992/7998] Built DifferentialGeometry.Geometry.Curvature.DimensionThree.ExteriorReaction (5.0s)
✔ [7994/7998] Built DifferentialGeometry.Geometry.Metric.TensorInner.FiberMetric.Tensor0SMetricCongr (2.1s)
✔ [7995/7998] Built DifferentialGeometry.Tensor.Alternating.Bundle.Defs (6.3s)
✔ [7996/7998] Built DifferentialGeometry.Geometry.Curvature.CurvatureOperator.Kernel (2.9s)
✔ [7997/8005] Built DifferentialGeometry.Geometry.Curvature.DimensionThree.CurvatureOperatorKernel (3.2s)
✔ [7998/8005] Built DifferentialGeometry.Geometry.Metric.PointwiseInner.DualMetric (3.6s)
✔ [7999/8005] Built DifferentialGeometry.Geometry.Metric.PointwiseInner.Defs (1.8s)
✔ [8000/8007] Built DifferentialGeometry.Geometry.Metric.PointwiseInner.Algebra (3.1s)
✔ [8001/8008] Built DifferentialGeometry.Geometry.Metric.TensorInner.Tensor0S.Bundle.InnerProduct (2.4s)
✔ [8002/8008] Built DifferentialGeometry.Analysis.Integration.L2.Pairing.Defs (2.0s)
✔ [8003/8009] Built DifferentialGeometry.Geometry.Metric.TensorInner.Fiber.PositiveDefiniteBilinearBoundedUnitBall (1.9s)
✔ [8004/8009] Built DifferentialGeometry.Geometry.Metric.TensorInner.Tensor0S.Chart.Inner (2.3s)
✔ [8005/8011] Built DifferentialGeometry.Analysis.Integration.L2.Pairing.Algebra (2.6s)
✔ [8006/8012] Built DifferentialGeometry.Geometry.Metric.TensorInner.Tensor0S.Chart.ContinuousLinearMap (2.6s)
✔ [8007/8012] Built DifferentialGeometry.Analysis.Integration.L2.Pairing.CauchySchwarz (2.6s)
✔ [8008/8015] Built DifferentialGeometry.Geometry.Metric.TensorInner.Tensor0S.Coordinates.InnerBridge (3.8s)
✔ [8009/8015] Built DifferentialGeometry.Analysis.Integration.L2.SmoothSections.Defs (5.5s)
✔ [8010/8015] Built DifferentialGeometry.Geometry.Metric.TensorInner.Tensor0S.Bundle.SectionRegularity (2.4s)
✔ [8011/8015] Built DifferentialGeometry.Geometry.Metric.TensorInner.TensorRS.Riemannian (2.5s)
✔ [8012/8015] Built DifferentialGeometry.Geometry.Metric.PointwiseInner.MetricLowering (3.7s)
✔ [8013/8019] Built DifferentialGeometry.Analysis.Integration.L2.SmoothSections.Integrability (3.1s)
✔ [8014/8019] Built DifferentialGeometry.Bundle.Dual (1.5s)
✔ [8015/8022] Built DifferentialGeometry.Analysis.Integration.L2.SmoothSections.PreHilbert (2.1s)
✔ [8016/8022] Built DifferentialGeometry.Geometry.Connection.Subbundle (1.8s)
✔ [8017/8023] Built DifferentialGeometry.Geometry.Connection.Realization.SmoothSections (2.5s)
✔ [8019/8023] Built DifferentialGeometry.Geometry.Connection.Realization.TensorNabla (3.0s)
✔ [8020/8024] Built DifferentialGeometry.Geometry.Connection.Realization.Tensor0SBridge (4.2s)
✔ [8021/8025] Built DifferentialGeometry.Geometry.Connection.HomBundle.General (6.1s)
✔ [8022/8030] Built DifferentialGeometry.Tensor.Multilinear.BundleCurry (6.4s)
✔ [8023/8030] Built DifferentialGeometry.Geometry.Connection.HomBundle.Basic (7.0s)
✔ [8024/8031] Built DifferentialGeometry.Geometry.Connection.Trivial (1.8s)
✔ [8025/8034] Built DifferentialGeometry.Geometry.Connection.Pullback (3.6s)
✔ [8026/8035] Built DifferentialGeometry.Geometry.Connection.TensorNabla.Multilinear (6.6s)
✔ [8027/8040] Built DifferentialGeometry.Geometry.Connection.TensorNabla.Tensor0S.Basic (9.2s)
✔ [8028/8040] Built DifferentialGeometry.Tensor.RSTensor.Reindexing.CovariantSlot (11s)
✔ [8029/8040] Built DifferentialGeometry.Geometry.Connection.TensorNabla.TensorRS.Basic (2.8s)
✔ [8030/8040] Built DifferentialGeometry.Geometry.Metric.PointwiseInner.SlotPermutation (2.1s)
✔ [8031/8040] Built DifferentialGeometry.Analysis.Spectral.Tensor.Variational.CovDerivPointwise (3.5s)
✔ [8032/8040] Built DifferentialGeometry.Analysis.Spectral.Tensor.Variational.FrameInvariance (4.1s)
✔ [8033/8040] Built DifferentialGeometry.Analysis.Spectral.Tensor.Variational.CovDerivSupport (2.8s)
✔ [8034/8044] Built DifferentialGeometry.Analysis.Spectral.Tensor.Variational.Continuity (4.6s)
✔ [8035/8044] Built DifferentialGeometry.Geometry.Connection.ChartTensorNabla.Tensor0S.Tensor0SChartChristoffel (3.4s)
✔ [8036/8046] Built DifferentialGeometry.Analysis.Spectral.Tensor.Variational.PreHilbert (3.4s)
✔ [8037/8046] Built DifferentialGeometry.Geometry.Connection.ChartTensorNabla.Tensor0S.ChartTensor0SCovariantDerivative (3.5s)
✔ [8038/8048] Built DifferentialGeometry.Analysis.Spectral.Tensor.CovGrad.Product.Scalar (3.7s)
✔ [8039/8048] Built DifferentialGeometry.Geometry.Connection.TensorNabla.Tensor0S.PartialEvaluation (2.7s)
✔ [8040/8051] Built DifferentialGeometry.Geometry.Connection.ChartTensorNabla.Tensor0S.ChartLeviCivitaParallelExtend (2.4s)
✔ [8041/8051] Built DifferentialGeometry.Geometry.Connection.ChartTensorNabla.Agreement.ChartTensor0SCovariantDerivativeAgreement (2.5s)
✔ [8042/8051] Built DifferentialGeometry.Analysis.Spectral.Tensor.CovGrad.Defs (6.1s)
✔ [8043/8051] Built DifferentialGeometry.Geometry.Connection.ChartTensorNabla.Tensor0S.Tensor0SIntrinsicChartCurryFactor (3.4s)
✔ [8044/8051] Built DifferentialGeometry.Geometry.Connection.ChartTensorNabla.Tensor0S.ChartTensor0SSlotShift (2.3s)
✔ [8045/8051] Built DifferentialGeometry.Geometry.Connection.ChartFrame.RicciIdentitySmoothFrame (6.0s)
✔ [8046/8051] Built DifferentialGeometry.Analysis.Spectral.Tensor.CovGrad.Bridge.Metric (3.4s)
✔ [8047/8052] Built DifferentialGeometry.Geometry.Connection.ChartTensorNabla.Agreement.TensorSectionMDifferentiability (2.8s)
✔ [8048/8054] Built DifferentialGeometry.Analysis.Elliptic.ConnectionLaplacian.IntegrationByParts.FirstOrder.DirichletPairing (2.3s)
✔ [8049/8054] Built DifferentialGeometry.Geometry.Connection.MetricCompatibility.Tensor.CovariantCompatibility (6.0s)
✔ [8050/8054] Built DifferentialGeometry.Geometry.Connection.ChartTensorNabla.TensorRS.ChartTensorRSCovariantDerivative (5.4s)
✔ [8051/8054] Built DifferentialGeometry.Geometry.Connection.ChartTensorNabla.Tensor0S.Tensor0SChartParallelExtend (2.0s)
✔ [8052/8056] Built DifferentialGeometry.Geometry.Connection.MetricCompatibility.Tensor.MixedCompatibility (3.5s)
✔ [8053/8060] Built DifferentialGeometry.Geometry.Connection.ChartTensorNabla.TensorRS.ChartTensorRSCurryFactor (3.7s)
✔ [8054/8060] Built DifferentialGeometry.Geometry.Connection.ChartTensorNabla.Tensor0S.Tensor0SIntrinsicChartRank0 (2.9s)
✔ [8055/8060] Built DifferentialGeometry.Geometry.Connection.ChartTensorNabla.Agreement.ChartTensor0SCovariantDerivativeAgreementSucc (4.8s)
✔ [8056/8060] Built DifferentialGeometry.Geometry.Connection.ChartTensorNabla.Tensor0S.ChartTensor0SLeviCivitaParallelExtend (2.9s)
✔ [8057/8061] Built DifferentialGeometry.Geometry.Connection.ChartTensorNabla.TensorRS.ChartTensorRSCovariantDerivativeAgreement (6.2s)
✔ [8058/8065] Built DifferentialGeometry.Geometry.Connection.MetricCompatibility.Tensor.Lowering (8.9s)
✔ [8059/8067] Built DifferentialGeometry.Analysis.Integration.DivergenceTheorem.Global.CompactSupport (2.6s)
✔ [8060/8067] Built DifferentialGeometry.Analysis.Elliptic.ConnectionLaplacian.IntegrationByParts.CovariantTwoTensor.Pointwise (3.3s)
✔ [8061/8067] Built DifferentialGeometry.Analysis.Integration.Measure.LocalRestriction (3.3s)
✔ [8062/8067] Built DifferentialGeometry.Analysis.Integration.L2.Tensor.InnerSectionSmoothness (2.8s)
✔ [8063/8069] Built DifferentialGeometry.Analysis.Integration.DivergenceTheorem.Global.Support (3.5s)
✔ [8064/8069] Built DifferentialGeometry.Analysis.Integration.DivergenceTheorem.Global.IntegrationByParts (2.2s)
✔ [8065/8069] Built DifferentialGeometry.Geometry.Connection.ChartFrame.OrthonormalBasis (2.3s)
✔ [8066/8069] Built DifferentialGeometry.Analysis.Elliptic.ConnectionLaplacian.IntegrationByParts.FirstOrder.CovariantDerivative (3.3s)
✔ [8067/8072] Built DifferentialGeometry.Geometry.Connection.Laplacian.ConnectionLaplacian (4.1s)
✔ [8068/8073] Built DifferentialGeometry.Analysis.Elliptic.ConnectionLaplacian.IntegrationByParts.FirstOrder.LoweredCovariantDerivative (3.9s)
✔ [8069/8078] Built DifferentialGeometry.Bundle.SmoothScalarGerm (1.8s)
✔ [8070/8078] Built DifferentialGeometry.Geometry.Operator.Gradient.NormSquared (2.3s)
✔ [8071/8078] Built DifferentialGeometry.Geometry.Connection.ChartBridge.Scalar.Hessian (5.9s)
✔ [8072/8078] Built DifferentialGeometry.Geometry.Connection.ChartBridge.Scalar.HessianNorm (2.9s)
✔ [8073/8078] Built DifferentialGeometry.Geometry.Connection.ChartBridge.Scalar.Laplacian (2.8s)
✔ [8074/8078] Built DifferentialGeometry.Geometry.Curvature.Bochner.OrthonormalFrameTrace (4.8s)
✔ [8075/8078] Built DifferentialGeometry.Geometry.Curvature.Bochner.WeitzenbockIdentity (6.7s)
✔ [8076/8078] Built DifferentialGeometry.Geometry.Connection.Laplacian.TensorConnLaplacian (12s)
✔ [8077/8078] Built DifferentialGeometry.Geometry.Curvature.CurvatureOperator.Identities.TensorCommutator (5.5s)
✔ [12655/12667] Built DifferentialGeometry.External.DeGiorgi.Common (28s)
✔ [12656/12667] Built DifferentialGeometry.External.DeGiorgi.WholeSpaceSobolev (8.6s)
✔ [12657/12672] Built DifferentialGeometry.External.DeGiorgi.Foundations (3.5s)
✔ [12658/12675] Built DifferentialGeometry.External.DeGiorgi.EllipticCoefficients (4.3s)
✔ [12659/12675] Built DifferentialGeometry.External.DeGiorgi.SobolevSpace.WeakDerivatives (5.9s)
✔ [12660/12675] Built DifferentialGeometry.Analysis.Integration.Measure.Family.Metric (2.6s)
✔ [12661/12675] Built DifferentialGeometry.Analysis.Schauder.Elliptic.CompactEllipticity (1.0s)
✔ [12662/12675] Built DifferentialGeometry.External.DeGiorgi.SobolevSpace.Witnesses (6.2s)
✔ [12663/12675] Built DifferentialGeometry.Analysis.Integration.Measure.Family.VolumeVariation (2.4s)
✔ [12664/12678] Built DifferentialGeometry.External.DeGiorgi.SobolevSpace.Approximation (8.1s)
✔ [12665/12679] Built DifferentialGeometry.Analysis.Integration.DivergenceTheorem.Green.GradientFormula (3.4s)
✔ [12666/12679] Built DifferentialGeometry.Analysis.Sobolev.Tools.Translation (5.3s)
✔ [12667/12684] Built DifferentialGeometry.Analysis.Spectral.Tensor.ChartTensor.Inner.LowerAllUpperIndices (3.3s)
✔ [12668/12684] Built DifferentialGeometry.Analysis.Integration.DivergenceTheorem.Green.Identities (2.0s)
✔ [12669/12684] Built DifferentialGeometry.Analysis.Sobolev.Tools.Mollification.Kernel (4.2s)
✔ [12670/12684] Built DifferentialGeometry.Analysis.Spectral.Tensor.ChartTensor.Inner.Defs (2.8s)
✔ [12671/12684] Built DifferentialGeometry.Analysis.Spectral.Tensor.Estimates.ChristoffelCorrection.ChristoffelBound (2.1s)
✔ [12672/12684] Built DifferentialGeometry.Analysis.Integration.DivergenceTheorem.Global.Family (2.4s)
✔ [12673/12686] Built DifferentialGeometry.Analysis.Sobolev.Tools.Convolution (4.2s)
✔ [12674/12686] Built DifferentialGeometry.Analysis.Spectral.Tensor.ChartTensor.Inner.InnerJointCont (2.5s)
✔ [12675/12687] Built DifferentialGeometry.Analysis.Spectral.Tensor.ChartTensor.Inner.InnerBridge (2.4s)
✔ [12676/12691] Built DifferentialGeometry.Analysis.Sobolev.Tools.DifferenceQuotient (5.4s)
✔ [12677/12691] Built DifferentialGeometry.Analysis.Elliptic.ConnectionLaplacian.Iterates (2.7s)
✔ [12678/12693] Built DifferentialGeometry.Analysis.Spectral.Tensor.ChartTensor.InnerBounds.InnerLowerBound (2.9s)
✔ [12679/12693] Built DifferentialGeometry.Analysis.Sobolev.Nirenberg.H2Regularity.Defs (4.2s)
✔ [12680/12693] Built DifferentialGeometry.Geometry.Operator.Gradient.MetricSharpSmoothness (2.5s)
✔ [12681/12693] Built DifferentialGeometry.Analysis.Elliptic.MetricExtension (7.5s)
✔ [12682/12693] Built DifferentialGeometry.Analysis.Spectral.Tensor.ChartTensor.ChartGeometry.GoodSetMeasure (4.8s)
✔ [12683/12696] Built DifferentialGeometry.Analysis.Elliptic.ConnectionLaplacian.ChartCoordinateExpansion.LocalizedFrame.Basic (4.0s)
✔ [12684/12696] Built DifferentialGeometry.Analysis.Elliptic.ConnectionLaplacian.ChartCoordinateExpansion.LocalizedFrame.Coordinates (4.8s)
✔ [12685/12696] Built DifferentialGeometry.Analysis.Elliptic.ConnectionLaplacian.ChartCoordinateExpansion.FrameTrace (4.0s)
✔ [12686/12696] Built DifferentialGeometry.Geometry.Metric.TensorInner.FiberNorm.Defs (1.9s)
✔ [12687/12696] Built DifferentialGeometry.Geometry.Connection.DivergenceCovariantTrace (5.7s)
✔ [12688/12697] Built DifferentialGeometry.Analysis.Elliptic.ConnectionLaplacian.IntegrationByParts.SecondOrder.Basic (6.1s)
✔ [12689/12703] Built DifferentialGeometry.Geometry.Metric.TensorInner.FiberNorm.Components (1.9s)
✔ [12690/12703] Built DifferentialGeometry.Analysis.Elliptic.ConnectionLaplacian.IntegrationByParts.CovariantTwoTensor.Basic (7.3s)
✔ [12691/12703] Built DifferentialGeometry.Geometry.Metric.TensorInner.Tensor0S.Bundle.Riemannian (2.6s)
✔ [12692/12703] Built DifferentialGeometry.Geometry.Metric.TensorInner.FiberNorm.OrthonormalFrame.Tensor02 (2.9s)
✔ [12693/12703] Built DifferentialGeometry.Analysis.Elliptic.ConnectionLaplacian.IntegrationByParts.CovariantTensor.Basic (8.9s)
✔ [12694/12703] Built DifferentialGeometry.Analysis.Elliptic.ConnectionLaplacian.Garding.FirstDerivativeBound (4.1s)
✔ [12695/12703] Built DifferentialGeometry.Geometry.Metric.TensorInner.FiberMetric.Tensor0SInnerSectionContinuity (3.0s)
✔ [12696/12703] Built DifferentialGeometry.Analysis.Elliptic.ConnectionLaplacian.IntegrationByParts.CovariantTensor.Lowering (5.7s)
✔ [12697/12703] Built DifferentialGeometry.Geometry.Metric.TensorInner.TensorRS.RiemannianBundle (4.1s)
✔ [12698/12703] Built DifferentialGeometry.Analysis.Elliptic.ConnectionLaplacian.Weitzenbock.IntegratedCovariantTensor (4.1s)
✔ [12699/12703] Built DifferentialGeometry.Geometry.Metric.TensorInner.FiberNorm.Inner (2.8s)
✔ [12700/12703] Built DifferentialGeometry.Geometry.Metric.TensorInner.FiberNorm.OrthonormalFrame.TensorRS (3.4s)
✔ [12701/12703] Built DifferentialGeometry.Geometry.Curvature.CurvatureOperator.Bounds.Tensor.FiberNorm (7.6s)
✔ [12702/12705] Built DifferentialGeometry.Geometry.Curvature.RoughLaplacian.Weitzenbock.IntegratedSecondOrder (4.9s)
✔ [12703/12709] Built DifferentialGeometry.Geometry.Metric.TensorInner.TensorRS.Pairing (2.9s)
✔ [12704/12714] Built DifferentialGeometry.Geometry.Curvature.CurvatureOperator.Identities.TensorThirdOrder (4.6s)
✔ [12705/12715] Built DifferentialGeometry.Analysis.Elliptic.ConnectionLaplacian.Garding.SecondDerivativeBound (4.2s)
✔ [12706/12715] Built DifferentialGeometry.Geometry.Connection.MetricCompatibility.Commutation.ParallelNaturality (4.5s)
✔ [12707/12715] Built DifferentialGeometry.Analysis.Integration.L2.Tensor.FiberNormIdentity (1.9s)
✔ [12708/12717] Built DifferentialGeometry.Geometry.Connection.ChartTensorNabla.Agreement.Tensor0SRSCovariantDerivativeAgreement (5.6s)
✔ [12709/12718] Built DifferentialGeometry.Geometry.Curvature.RoughLaplacian.Commutator.GradientField (10s)
✔ [12710/12718] Built DifferentialGeometry.Analysis.Elliptic.ConnectionLaplacian.Garding.SecondOrder (5.4s)
✔ [12711/12718] Built DifferentialGeometry.Geometry.Curvature.RoughLaplacian.Commutator.Abstract (5.8s)
✔ [12712/12718] Built DifferentialGeometry.Analysis.Integration.L2.Tensor.FiberNormBounds (4.4s)
✔ [12713/12718] Built DifferentialGeometry.Analysis.Elliptic.ConnectionLaplacian.Garding.CurvatureControlledSecondOrder (11s)
✔ [12714/12719] Built DifferentialGeometry.Geometry.Curvature.RoughLaplacian.Commutator.Identity (5.9s)
✔ [12715/12723] Built DifferentialGeometry.Geometry.Curvature.RoughLaplacian.Commutator.Naturality (5.5s)
✔ [12716/12723] Built DifferentialGeometry.Geometry.Metric.PointwiseInner.Bounds (2.6s)
✔ [12717/12725] Built DifferentialGeometry.Geometry.Curvature.RoughLaplacian.Commutator.FreeDirection (5.0s)
✔ [12718/12725] Built DifferentialGeometry.Tensor.RSTensor.Norm.Operator (2.6s)
✔ [12719/12725] Built DifferentialGeometry.Geometry.Curvature.RoughLaplacian.Commutator.CurvatureDefect (6.7s)
✔ [12720/12725] Built DifferentialGeometry.Geometry.Metric.TensorInner.FiberNorm.Algebra (2.8s)
✔ [12721/12735] Built DifferentialGeometry.Geometry.Metric.TensorInner.FiberNorm.PointwiseBound (2.7s)
✔ [12722/12735] Built DifferentialGeometry.Geometry.Curvature.CurvatureOperator.Bounds.CovariantTwoTensor.FrameExpansion (5.3s)
✔ [12723/12735] Built DifferentialGeometry.Geometry.Curvature.CurvatureOperator.Bounds.Tensor.Pointwise (4.6s)
✔ [12724/12735] Built DifferentialGeometry.Geometry.Connection.TensorNabla.Naturality.LocalCongruence (2.5s)
✔ [12725/12737] Built DifferentialGeometry.Geometry.Curvature.CurvatureOperator.Bounds.CovariantTwoTensor.FiberNorm (4.2s)
✔ [12726/12737] Built DifferentialGeometry.Analysis.Elliptic.ConnectionLaplacian.Garding.PointwiseCurvatureBound (6.1s)
✔ [12727/12737] Built DifferentialGeometry.Geometry.Metric.TensorInner.FiberNorm.SlotCurry.Defs (2.5s)
✔ [12728/12740] Built DifferentialGeometry.Geometry.Curvature.SecondOrderDefect.FrameComponentBound (4.7s)
✔ [12729/12740] Built DifferentialGeometry.Geometry.Metric.TensorInner.FiberNorm.SlotCurry.Reconstruction (2.9s)
✔ [12730/12740] Built DifferentialGeometry.Geometry.Curvature.SecondOrderDefect.MetricTraceFrame (6.0s)
✔ [12731/12740] Built DifferentialGeometry.Geometry.Curvature.RoughLaplacian.Commutator.SlotZeroFrameTrace (6.1s)
✔ [12732/12740] Built DifferentialGeometry.Geometry.Curvature.SecondOrderDefect.OffDiagonalCurvatureCore (5.6s)
✔ [12733/12740] Built DifferentialGeometry.Geometry.Curvature.RoughLaplacian.Commutator.TraceDiscrepancy (5.7s)
✔ [12734/12741] Built DifferentialGeometry.Geometry.Curvature.SecondOrderDefect.PartialMetricTrace (5.1s)
✔ [12735/12741] Built DifferentialGeometry.Geometry.Connection.Laplacian.FrozenFrameTrace (4.7s)
✔ [12736/12741] Built DifferentialGeometry.Geometry.Metric.Coordinates.QuadraticBounds (2.1s)
✔ [12737/12741] Built DifferentialGeometry.Geometry.Curvature.SecondOrderDefect.FrameCurvatureCore (6.2s)
✔ [12738/12741] Built DifferentialGeometry.Geometry.Curvature.SecondOrderDefect.GradientSlotLeibniz (6.0s)
✔ [12739/12748] Built DifferentialGeometry.Geometry.Curvature.Bochner.Tensor.Pointwise.Basic (6.9s)
✔ [12740/12748] Built DifferentialGeometry.Geometry.Curvature.Bochner.Tensor.Pointwise.FieldDecomposition (4.9s)
✔ [12741/12748] Built DifferentialGeometry.Tensor.RSTensor.BundleTrivialization.ChartJacobianClmSmoothness (2.6s)
✔ [12742/12748] Built DifferentialGeometry.Tensor.RSTensor.BundleTrivialization.ChartJacobianMatrixEntrySmoothness (2.4s)
✔ [12743/12748] Built DifferentialGeometry.Analysis.Spectral.Tensor.ChartTensor.ChartGeometry.JinvContinuity (2.7s)
✔ [12744/12753] Built DifferentialGeometry.Analysis.Spectral.Tensor.NormEstimates.NormComparison (3.5s)
✔ [12745/12753] Built DifferentialGeometry.Analysis.Spectral.Tensor.UniformChartBounds.Metric.InverseGramLowerBound (4.1s)
✔ [12746/12753] Built DifferentialGeometry.Analysis.Integration.L2.Hilbert.Defs (1.9s)
✔ [12747/12753] Built DifferentialGeometry.Analysis.Spectral.Tensor.UniformChartBounds.Metric.ChartGramContinuity (2.5s)
✔ [12748/12753] Built DifferentialGeometry.Analysis.Spectral.Tensor.Variational.H1Compl (3.6s)
✔ [12749/12753] Built DifferentialGeometry.Analysis.Spectral.Tensor.UniformChartBounds.Metric.GramUpperBound (2.7s)
✔ [12750/12757] Built DifferentialGeometry.Analysis.Spectral.Tensor.Variational.Defs (3.6s)
✔ [12751/12757] Built DifferentialGeometry.External.DeGiorgi.SobolevSpace.PositivePartPrelude (17s)
✔ [12752/12757] Built DifferentialGeometry.Analysis.Spectral.Tensor.Spectrum.Resolvent (2.7s)
✔ [12753/12757] Built DifferentialGeometry.External.DeGiorgi.SobolevSpace (3.8s)
✔ [12754/12760] Built DifferentialGeometry.Analysis.Spectral.Tensor.Rellich.Resolvent (2.6s)
✔ [12755/12760] Built DifferentialGeometry.Analysis.Sobolev.Euclidean.IteratedSobolevSpace.IteratedSobolev (5.7s)
✔ [12756/12760] Built DifferentialGeometry.Analysis.Sobolev.Tools.ArzelaAscoli (4.5s)
✔ [12757/12762] Built DifferentialGeometry.Analysis.Sobolev.Chart.Defs (5.5s)
✔ [12758/12765] Built DifferentialGeometry.Analysis.Sobolev.Tools.FrechetKolmogorov (8.3s)
✔ [12759/12765] Built DifferentialGeometry.Analysis.Sobolev.Chart.BanachCompleteness.Banach (4.5s)
✔ [12760/12773] Built DifferentialGeometry.Analysis.Sobolev.Euclidean.Embedding.Rellich.Basic (5.5s)
✔ [12761/12773] Built DifferentialGeometry.External.DeGiorgi.LpFunctionToolkit (2.0s)
✔ [12762/12773] Built DifferentialGeometry.Analysis.Sobolev.Chart.AtlasNorm.Atlas (5.2s)
✔ [12763/12773] Built DifferentialGeometry.Analysis.Integration.Measure.Chart.Rellich (4.4s)
✔ [12764/12773] Built DifferentialGeometry.Analysis.Integration.Measure.Chart.MeasureComparison (8.3s)
✔ [12765/12773] Built DifferentialGeometry.Analysis.Sobolev.Manifold.Rellich.Compactness (7.1s)
✔ [12766/12773] Built DifferentialGeometry.Analysis.Spectral.Tensor.ChartTensor.Components.Defs (9.6s)
✔ [12767/12774] Built DifferentialGeometry.Analysis.Spectral.Tensor.UniformChartBounds.FiberNorm.SummandBound (6.2s)
✔ [12768/12774] Built DifferentialGeometry.Tensor.RSTensor.BundleTrivialization.Tensor0SBundleLocalityIdentities (2.4s)
✔ [12769/12778] Built DifferentialGeometry.Analysis.Spectral.Tensor.UniformChartBounds.FiberNorm.ChartBound (6.7s)
✔ [12770/12780] Built DifferentialGeometry.Analysis.Spectral.Tensor.UniformChartBounds.FiberNorm.UniformBound (4.3s)
✔ [12771/12780] Built DifferentialGeometry.Tensor.RSTensor.BundleTrivialization.TensorRSBundleLocalityIdentities (2.7s)
✔ [12772/12781] Built DifferentialGeometry.Geometry.Curvature.CurvatureOperator.Bounds.Uniform.SmoothTensor (5.5s)
✔ [12773/12781] Built DifferentialGeometry.Tensor.RSTensor.BundleTrivialization.TensorRSBundleTransition (4.5s)
✔ [12774/12783] Built DifferentialGeometry.Analysis.Integration.L2.SmoothSections.GenuineCurvatureField (4.4s)
✔ [12775/12783] Built DifferentialGeometry.Analysis.Spectral.Tensor.ChartTensor.InnerBounds.InnerUpperBound (2.6s)
✔ [12776/12783] Built DifferentialGeometry.Analysis.Spectral.Tensor.ChartTensor.Inner.TensorRSContRiemannianBundle (5.7s)
✔ [12777/12783] Built DifferentialGeometry.Geometry.Curvature.RoughLaplacian.MovingFrame.CurvatureTraceSmoothness (17s)
✔ [12778/12783] Built DifferentialGeometry.Analysis.Spectral.Tensor.TrivProj.ChartTwistIdentity (5.1s)
✔ [12779/12783] Built DifferentialGeometry.Analysis.Spectral.Tensor.UniformChartBounds.Tensor.FiberFromModel (5.5s)
✔ [12780/12783] Built DifferentialGeometry.Analysis.Spectral.Tensor.UniformChartBounds.Tensor.FiberToModel (5.4s)
✔ [12781/12789] Built DifferentialGeometry.Analysis.Spectral.Tensor.ChartTensor.InnerBounds.InnerPointwiseUpperBound (4.0s)
✔ [12782/12789] Built DifferentialGeometry.Analysis.Sobolev.HebeyBlock.FiberNorm.FiberNormRiemannianBridge (2.7s)
✔ [12783/12789] Built DifferentialGeometry.Analysis.Sobolev.Intrinsic.Defs (4.4s)
✔ [12784/12789] Built DifferentialGeometry.Analysis.Sobolev.Intrinsic.Equivalence.Basic (5.3s)
✔ [12785/12790] Built DifferentialGeometry.Analysis.Spectral.Tensor.Estimates.ChartComponent.ComponentSobolevBound (4.6s)
✔ [12786/12790] Built DifferentialGeometry.Analysis.Spectral.Tensor.Estimates.ChartComponent.ComponentL2Bound (4.1s)
✔ [12787/12792] Built DifferentialGeometry.Analysis.Sobolev.Manifold.Embedding.Basic (5.1s)
✔ [12788/12792] Built DifferentialGeometry.Analysis.Spectral.Tensor.Estimates.ComponentL2.TensorSection (5.4s)
✔ [12789/12793] Built DifferentialGeometry.Analysis.Sobolev.Manifold.Measure.UniformChartComparison (4.0s)
✔ [12790/12793] Built DifferentialGeometry.Analysis.Sobolev.HebeyBlock.FiberNorm.OffCentreFibreCore (5.0s)
✔ [12791/12793] Built DifferentialGeometry.Analysis.Sobolev.Manifold.Embedding.Manifold (4.6s)
✔ [12792/12797] Built DifferentialGeometry.Analysis.Sobolev.Euclidean.WeakDerivative.Closedness (4.7s)
✔ [12793/12797] Built DifferentialGeometry.Analysis.Sobolev.Tools.Mollification.Basic (4.1s)
✔ [12794/12798] Built DifferentialGeometry.Analysis.Sobolev.Tools.Mollification.Lp (5.7s)
✔ [12795/12798] Built DifferentialGeometry.Analysis.Sobolev.Tools.Mollification.WeakDerivative (4.7s)
✔ [12796/12798] Built DifferentialGeometry.Analysis.Sobolev.Euclidean.Multiplication.Multiply (4.3s)
✔ [12797/12803] Built DifferentialGeometry.Analysis.Sobolev.Euclidean.Density (6.3s)
✔ [12798/12804] Built DifferentialGeometry.Analysis.Sobolev.Euclidean.Completeness.IteratedSobolevCauchy (3.9s)
✔ [12799/12804] Built DifferentialGeometry.Analysis.Sobolev.Euclidean.Completeness.IteratedSobolevBanach (4.6s)
✔ [12800/12804] Built DifferentialGeometry.Analysis.Sobolev.Euclidean.ChainRule.Defs (4.1s)
✔ [12801/12804] Built DifferentialGeometry.Analysis.Sobolev.Chart.BanachCompleteness.Completeness (3.9s)
✔ [12802/12804] Built DifferentialGeometry.Analysis.Sobolev.Chart.BanachCompleteness.CompletenessLp (4.6s)
✔ [12803/12806] Built DifferentialGeometry.Analysis.Sobolev.Chart.SmoothDensity.Defs (4.6s)
✔ [12804/12807] Built DifferentialGeometry.External.DeGiorgi.UnitBallApproximationCore.Profiles (4.2s)
✔ [12805/12820] Built DifferentialGeometry.External.DeGiorgi.UnitBallApproximationCore.Rescaling (4.7s)
✔ [12806/12820] Built DifferentialGeometry.External.DeGiorgi.UnitBallApproximationCore.Dilation (4.9s)
✔ [12807/12820] Built DifferentialGeometry.External.DeGiorgi.UnitBallApproximationCore.Approximation (6.5s)
✔ [12808/12821] Built DifferentialGeometry.External.DeGiorgi.UnitBallApproximationCore (3.5s)
✔ [12809/12821] Built DifferentialGeometry.External.DeGiorgi.UnitBallApproximation (3.5s)
✔ [12810/12821] Built DifferentialGeometry.External.DeGiorgi.Poincare (10s)
✔ [12811/12821] Built DifferentialGeometry.External.DeGiorgi.BallExtension.Core (4.0s)
✔ [12812/12821] Built DifferentialGeometry.External.DeGiorgi.BallExtension.Geometry (6.2s)
✔ [12813/12821] Built DifferentialGeometry.External.DeGiorgi.BallExtension.RoughInput (5.1s)
✔ [12814/12825] Built DifferentialGeometry.Analysis.Sobolev.Euclidean.ChainRule.ChainRuleHigherK (3.8s)
✔ [12815/12827] Built DifferentialGeometry.Analysis.Sobolev.Euclidean.ChainRule.CompChainRuleK (7.4s)
✔ [12816/12828] Built DifferentialGeometry.External.DeGiorgi.BallExtension.SmoothCore (4.6s)
✔ [12817/12829] Built DifferentialGeometry.Analysis.Sobolev.Chart.ChartTransition.TransitionDiffeo (6.8s)
✔ [12818/12831] Built DifferentialGeometry.External.DeGiorgi.BallExtension.ApproximationControl (6.2s)
✔ [12819/12831] Built DifferentialGeometry.Analysis.Sobolev.Chart.ChartTransition.ChartPullbackSmooth (6.5s)
✔ [12820/12832] Built DifferentialGeometry.External.DeGiorgi.BallExtension.SmoothApproximation (6.5s)
✔ [12821/12832] Built DifferentialGeometry.Analysis.Sobolev.Chart.ChartTransition.Transition (5.7s)
✔ [12822/12832] Built DifferentialGeometry.External.DeGiorgi.BallExtension (4.2s)
✔ [12823/12833] Built DifferentialGeometry.Analysis.Sobolev.Chart.SmoothDensity.ChartSobolevDensity (6.3s)
✔ [12824/12833] Built DifferentialGeometry.External.DeGiorgi.BallExtensionEstimates (7.3s)
✔ [12825/12836] Built DifferentialGeometry.Analysis.Sobolev.Approximation.Density.Preliminaries (4.3s)
✔ [12826/12836] Built DifferentialGeometry.Analysis.Sobolev.Manifold.Embedding.Subcritical (6.2s)
✔ [12827/12836] Built DifferentialGeometry.Analysis.Sobolev.Chart.CrossChartBounds.CrossChartBound (4.6s)
✔ [12828/12836] Built DifferentialGeometry.External.DeGiorgi.SobolevPoincare (5.4s)
✔ [12829/12837] Built DifferentialGeometry.Analysis.Sobolev.Euclidean.Multiplication.MultiplyQuant (5.1s)
✔ [12830/12839] Built DifferentialGeometry.Analysis.Sobolev.Euclidean.Embedding.Morrey.RieszKernel (5.0s)
✔ [12831/12839] Built DifferentialGeometry.Analysis.Sobolev.Approximation.Density.Smooth (4.8s)
✔ [12832/12839] Built DifferentialGeometry.Analysis.Sobolev.Euclidean.Embedding.Morrey.SmoothHolderBound (7.7s)
✔ [12833/12844] Built DifferentialGeometry.Analysis.Sobolev.Tools.StrictStrongSupport (5.9s)
✔ [12834/12845] Built DifferentialGeometry.Analysis.Sobolev.Euclidean.Embedding.Morrey.SmoothInequality (6.5s)
✔ [12835/12845] Built DifferentialGeometry.Analysis.Sobolev.Chart.CrossChartBounds.CrossChartBoundStrict (9.4s)
✔ [12836/12847] Built DifferentialGeometry.Analysis.Sobolev.Chart.ChartTransition.MeasurablePullback (4.5s)
✔ [12837/12847] Built DifferentialGeometry.Analysis.Sobolev.Euclidean.Embedding.Morrey.Basic (10s)
✔ [12838/12847] Built DifferentialGeometry.Analysis.Sobolev.Chart.CrossChartBounds.CrossChartIdentity (6.1s)
✔ [12839/12847] Built DifferentialGeometry.Analysis.Sobolev.Chart.BanachCompleteness.BanachManifold (4.8s)
✔ [12840/12847] Built DifferentialGeometry.Analysis.Sobolev.Euclidean.Multiplication.MultiplyQuantK (4.7s)
✔ [12841/12847] Built DifferentialGeometry.Analysis.Sobolev.Euclidean.Embedding.Morrey.HigherOrder (8.4s)
✔ [12842/12850] Built DifferentialGeometry.Analysis.Sobolev.Euclidean.SupportAndDomain.CrossChartBoundStrictMemWkp (9.8s)
✔ [12843/12855] Built DifferentialGeometry.Analysis.Sobolev.Approximation.Density.FirstOrder (8.0s)
✔ [12844/12855] Built DifferentialGeometry.Analysis.Sobolev.Tensor.Chart.Components (5.3s)
✔ [12845/12855] Built DifferentialGeometry.Analysis.Sobolev.Manifold.Morrey.Basic (9.0s)
✔ [12846/12855] Built DifferentialGeometry.Analysis.Sobolev.Tensor.PartitionOfUnity.WeightedNorm (4.7s)
✔ [12847/12855] Built DifferentialGeometry.Analysis.Sobolev.Manifold.Embedding.Iterated (8.4s)
✔ [12848/12855] Built DifferentialGeometry.Analysis.Sobolev.Tensor.PartitionOfUnity.WeightedSobolevNorm (8.8s)
✔ [12849/12855] Built DifferentialGeometry.Analysis.Sobolev.Euclidean.Embedding.Local.BallL2 (7.9s)
✔ [12850/12856] Built DifferentialGeometry.Analysis.Sobolev.TensorHilbert.Hilbert.Defs (7.9s)
✔ [12851/12856] Built DifferentialGeometry.Analysis.Elliptic.ConnectionLaplacian.ChartCoordinateExpansion.ChartComponentFrameTrace (7.1s)
✔ [12852/12856] Built DifferentialGeometry.Analysis.Sobolev.Embedding.Tensor.ManifoldC0 (8.9s)
✔ [12853/12858] Built DifferentialGeometry.Analysis.Sobolev.Embedding.CovariantDerivative.Cm (5.3s)
✔ [12854/12858] Built DifferentialGeometry.Analysis.Spectral.Tensor.CovGrad.Iterated.Linear (4.4s)
✔ [12855/12858] Built DifferentialGeometry.Geometry.Connection.ChartTensorNabla.TensorRS.ChartTensorRSSecondCovariantDerivative (3.3s)
✔ [12856/12858] Built DifferentialGeometry.Analysis.Spectral.Tensor.CovGrad.Metric.ContractionLeibnizGrid (7.4s)
✔ [12857/12861] Built DifferentialGeometry.Geometry.Connection.CovApplyCovRSChartBasisExtension (3.3s)
✔ [12858/12863] Built DifferentialGeometry.Analysis.Elliptic.TensorRegularity.Defs (5.0s)
✔ [12859/12863] Built DifferentialGeometry.Analysis.Spectral.Tensor.ChartTensor.Components.ChristoffelDecomp (6.0s)
✔ [12860/12865] Built DifferentialGeometry.Analysis.Elliptic.TensorRegularity.CovDeriv.IntrinsicComponent (4.7s)
✔ [12861/12865] Built DifferentialGeometry.Analysis.Elliptic.TensorRegularity.CovDeriv.SlotCorrectionComponent (7.3s)
✔ [12862/12865] Built DifferentialGeometry.Analysis.Elliptic.TensorRegularity.CovDeriv.ComponentFormula (6.1s)
✔ [12863/12867] Built DifferentialGeometry.Analysis.Elliptic.TensorRegularity.CovDeriv.ChartForm (6.4s)
✔ [12864/12867] Built DifferentialGeometry.Analysis.Elliptic.TensorRegularity.CovDeriv.ChartFormLowerOrder (5.0s)
✔ [12865/12867] Built DifferentialGeometry.Analysis.Elliptic.TensorRegularity.DirichletForm.CovChartMetricGramInv (5.5s)
✔ [12866/12878] Built DifferentialGeometry.Analysis.Elliptic.TensorRegularity.DirichletForm.RotatedTestSection (6.5s)
✔ [12867/12878] Built DifferentialGeometry.Analysis.Elliptic.Operator.ChartMeasureEquiv (5.1s)
✔ [12868/12878] Built DifferentialGeometry.Analysis.Elliptic.Operator.ChartLocalLaplacian (5.3s)
✔ [12869/12880] Built DifferentialGeometry.Analysis.Elliptic.TensorRegularity.InteriorRegularity.PrincipalForm (4.1s)
✔ [12870/12880] Built DifferentialGeometry.Analysis.Elliptic.TensorRegularity.DirichletForm.ChartWeakIdentity (5.1s)
✔ [12871/12880] Built DifferentialGeometry.Geometry.Curvature.CurvatureOperator.TensorAction.HomBundleLeibniz (4.3s)
✔ [12872/12880] Built DifferentialGeometry.Analysis.Elliptic.TensorRegularity.CovDeriv.ComponentSecondFormula (5.8s)
✔ [12873/12880] Built DifferentialGeometry.Geometry.Connection.TensorNabla.Curvature.Tensor0S (4.7s)
✔ [12874/12888] Built DifferentialGeometry.Analysis.Elliptic.TensorRegularity.SecondCovDerivExpansion.SmoothExtensionComponent (5.0s)
✔ [12875/12888] Built DifferentialGeometry.Geometry.Connection.ChartBridge.Curvature.Riemann (6.1s)
✔ [12876/12891] Built DifferentialGeometry.Analysis.Elliptic.TensorRegularity.SecondCovDerivExpansion.LocalSecondCovariantDerivativeProjection (5.8s)
✔ [12877/12892] Built DifferentialGeometry.Geometry.Connection.ChartBridge.Curvature.Ricci (4.2s)
✔ [12878/12892] Built DifferentialGeometry.Analysis.Elliptic.TensorRegularity.CovDeriv.SmoothExtensionExpansion (5.9s)
✔ [12879/12892] Built DifferentialGeometry.Analysis.Spectral.Tensor.CovGrad.OperatorField.OrderZero (5.1s)
✔ [12880/12892] Built DifferentialGeometry.Geometry.Connection.ChartBridge.Curvature.BasisIdentity (4.1s)
✔ [12881/12892] Built DifferentialGeometry.Geometry.Metric.TensorInner.FiberNorm.SlotCurry.Bound (2.3s)
✔ [12882/12892] Built DifferentialGeometry.Analysis.Elliptic.ConnectionLaplacian.ChartCoordinateExpansion.LocalSecondDerivativeFormula (4.4s)
✔ [12883/12892] Built DifferentialGeometry.Analysis.Spectral.Tensor.CovGrad.OperatorField.EvaluationLeibniz (6.0s)
✔ [12884/12901] Built DifferentialGeometry.Geometry.Connection.ChartBridge.Curvature.BasisIdentityOffCenter (4.0s)
✔ [12885/12901] Built DifferentialGeometry.Analysis.Elliptic.ConnectionLaplacian.PointwiseBounds.UniformChartCoefficients (7.1s)
✔ [12886/12901] Built DifferentialGeometry.Analysis.Spectral.Tensor.CovGrad.OperatorField.Calculus.Covariant (9.6s)
✔ [12887/12901] Built DifferentialGeometry.Analysis.Spectral.Tensor.UniformChartBounds.Curvature.RiemannTensor (4.4s)
✔ [12888/12902] Built DifferentialGeometry.Analysis.Spectral.Tensor.CovGrad.OperatorField.Bounds.Contraction (5.0s)
✔ [12889/12902] Built DifferentialGeometry.Geometry.Curvature.CurvatureOperator.Bounds.Uniform.OperatorNorm (7.5s)
✔ [12890/12902] Built DifferentialGeometry.Analysis.Spectral.Tensor.CovGrad.OperatorField.Calculus.DifferentiatedTower (5.3s)
✔ [12891/12902] Built DifferentialGeometry.Geometry.Comparison.BonnetMyers.RicciBound (2.8s)
✔ [12892/12902] Built DifferentialGeometry.Geometry.Curvature.CurvatureOperator.TensorAction.UnitEvaluation (7.8s)
✔ [12893/12902] Built DifferentialGeometry.Geometry.Curvature.CurvatureOperator.Bounds.Uniform.FrameEnergy (7.6s)
✔ [12894/12904] Built DifferentialGeometry.Geometry.Curvature.CurvatureOperator.Bounds.Uniform.Proportional (5.9s)
✔ [12895/12906] Built DifferentialGeometry.Analysis.Spectral.Tensor.CovGrad.Curvature.DifferentialOperatorProportionalBounds (4.3s)
✔ [12896/12906] Built DifferentialGeometry.Bundle.TangentChart (2.7s)
✔ [12897/12906] Built DifferentialGeometry.Geometry.Curvature.RoughLaplacian.CurvatureOperator.FrozenOperator (11s)
✔ [12898/12907] Built DifferentialGeometry.Geometry.Connection.MetricCompatibility.Chart.GramChristoffel (2.3s)
✔ [12899/12908] Built DifferentialGeometry.Geometry.Geodesic.Equation.Basic (4.8s)
✔ [12900/12908] Built DifferentialGeometry.Geometry.Curvature.RoughLaplacian.CurvatureOperator.FrameIndependentOperator (10s)
✔ [12901/12908] Built DifferentialGeometry.Bundle.VelocityLift (1.7s)
✔ [12902/12908] Built DifferentialGeometry.Geometry.Connection.ParallelTransport.Derivative.MFDerivAlongCurve (2.1s)
✔ [12903/12909] Built DifferentialGeometry.Geometry.Connection.ParallelTransport.AlongCurve (5.6s)
✔ [12904/12912] Built DifferentialGeometry.Geometry.Curvature.RoughLaplacian.CurvatureOperator.OperatorField (9.9s)
✔ [12905/12914] Built DifferentialGeometry.Geometry.Geodesic.Chart.TransitionMap (2.3s)
✔ [12906/12914] Built DifferentialGeometry.Geometry.Curvature.RoughLaplacian.CurvatureOperator.CovariantDerivativeGrid (6.0s)
✔ [12907/12914] Built DifferentialGeometry.Geometry.Geodesic.Chart.TransitionJacobian (2.5s)
✔ [12908/12914] Built DifferentialGeometry.Geometry.Connection.ParallelTransport.Construction.LocalODE (6.2s)
✔ [12909/12916] Built DifferentialGeometry.Geometry.Curvature.RoughLaplacian.CurvatureOperator.DifferentiatedCurvature (21s)
✔ [12910/12916] Built DifferentialGeometry.Geometry.Connection.MetricCompatibility.Chart.Transition (4.5s)
✔ [12911/12917] Built DifferentialGeometry.Geometry.Curvature.RoughLaplacian.RicciTrace.Basic (7.1s)
✔ [12912/12917] Built DifferentialGeometry.Geometry.Connection.ChartBridge.Curvature.BasisBracket (3.8s)
✔ [12913/12918] Built DifferentialGeometry.Geometry.Connection.ParallelTransport.Derivative.CovariantDerivativeAlong (5.6s)
✔ [12914/12919] Built DifferentialGeometry.Geometry.Connection.ParallelTransport.Construction.Existence (8.1s)
✔ [12915/12922] Built DifferentialGeometry.Geometry.Comparison.Variation.Coordinates.FixedChartIdentities (7.4s)
✔ [12916/12922] Built DifferentialGeometry.Geometry.Comparison.Variation.Curve.ArcLength (3.4s)
✔ [12917/12922] Built DifferentialGeometry.Geometry.Comparison.Variation.Curve.SpeedDerivative (4.3s)
✔ [12918/12923] Built DifferentialGeometry.Geometry.Comparison.Variation.FirstVariation.Basic (7.3s)
✔ [12919/12923] Built DifferentialGeometry.Geometry.Comparison.Variation.Covariant.CurvatureCommutation (5.1s)
✔ [12920/12923] Built DifferentialGeometry.Geometry.Geodesic.Flow.VectorField (3.3s)
✔ [12921/12924] Built DifferentialGeometry.Geometry.Comparison.Variation.FirstVariation.RegularParameter (3.1s)
✔ [12922/12924] Built DifferentialGeometry.Geometry.Comparison.Variation.SecondVariation.Basic (12s)
✔ [12923/12928] Built DifferentialGeometry.Geometry.Geodesic.Local.Existence (2.2s)
✔ [12924/12928] Built DifferentialGeometry.Analysis.ODE.Flow.Uniqueness (1.7s)
✔ [12925/12928] Built DifferentialGeometry.Geometry.Comparison.Variation.Curve.PathLength (2.5s)
✔ [12926/12933] Built DifferentialGeometry.Geometry.Geodesic.Flow.Uniqueness (2.0s)
✔ [12927/12933] Built DifferentialGeometry.Geometry.Geodesic.Local.Uniqueness (2.0s)
✔ [12928/12936] Built DifferentialGeometry.Geometry.Geodesic.Maximal.Interval (2.7s)
✔ [12929/12938] Built DifferentialGeometry.Geometry.Geodesic.Local.Smoothness (2.4s)
✔ [12930/12940] Built DifferentialGeometry.Geometry.Exponential.Defs (2.9s)
✔ [12931/12940] Built DifferentialGeometry.Geometry.Geodesic.Flow.ChartPhase (4.6s)
✔ [12932/12940] Built DifferentialGeometry.Bundle.FiberBundleHausdorff (1.1s)
✔ [12933/12940] Built DifferentialGeometry.Geometry.Exponential.ChartFlow.Orbit.Basic (2.8s)
✔ [12934/12941] Built DifferentialGeometry.Geometry.Exponential.ChartFlow.Coordinates.Chart (2.7s)
✔ [12935/12942] Built DifferentialGeometry.Geometry.Exponential.ChartFlow.Coordinates.VectorField (3.8s)
✔ [12936/12945] Built DifferentialGeometry.Geometry.Exponential.Smoothness.AtZero.VelocitySlice (2.7s)
✔ [12937/12945] Built DifferentialGeometry.Geometry.Geodesic.Equation.FromIntegralCurve (2.9s)
✔ [12938/12945] Built DifferentialGeometry.Geometry.Exponential.ChartFlow.Rescaling.Basic (2.4s)
✔ [12939/12945] Built DifferentialGeometry.Geometry.Exponential.Smoothness.AtZero.Representation (2.5s)
✔ [12940/12945] Built DifferentialGeometry.Geometry.Geodesic.Equation.ProjectionDerivative (2.4s)
✔ [12941/12948] Built DifferentialGeometry.Geometry.Exponential.Smoothness.AtZero.ZeroSectionConstancy (3.1s)
✔ [12942/12949] Built DifferentialGeometry.Geometry.Geodesic.Flow.CrossVectorFieldReduction (2.9s)
✔ [12943/12949] Built DifferentialGeometry.Geometry.Exponential.ChartFlow.Orbit.UniformUniqueness (2.4s)
✔ [12944/12949] Built DifferentialGeometry.Geometry.Exponential.Smoothness.AtZero.ZeroSectionMatch (2.5s)
✔ [12945/12951] Built DifferentialGeometry.Geometry.Comparison.Variation.Field.Realization (3.3s)
✔ [12946/12952] Built DifferentialGeometry.Geometry.Exponential.ChartFlow.Orbit.UniformExistence (3.2s)
✔ [12947/12956] Built DifferentialGeometry.Geometry.Geodesic.Maximal.Uniqueness (2.1s)
✔ [12948/12956] Built DifferentialGeometry.Geometry.Exponential.ChartFlow.Orbit.TangentLift (3.7s)
✔ [12949/12960] Built DifferentialGeometry.Geometry.Geodesic.Reparametrization.Affine (4.0s)
✔ [12950/12960] Built DifferentialGeometry.Geometry.Exponential.ChartFlow.Orbit.PreconnectedPropagation (2.9s)
✔ [12951/12960] Built DifferentialGeometry.Geometry.Exponential.ChartFlow.Orbit.InverseManifoldChain (3.5s)
✔ [12952/12960] Built DifferentialGeometry.Geometry.Geodesic.Maximal.Rescaling (3.0s)
✔ [12953/12960] Built DifferentialGeometry.Geometry.Exponential.ChartFlow.Orbit.Existence (2.9s)
✔ [12954/12960] Built DifferentialGeometry.Geometry.Exponential.ChartFlow.Rescaling.Lift (3.6s)
✔ [12955/12961] Built DifferentialGeometry.Geometry.Exponential.Smoothness.AtZero.Smoothness (2.4s)
✔ [12956/12961] Built DifferentialGeometry.Geometry.Exponential.Smoothness.AtZero.Derivative (6.1s)
✔ [12957/12966] Built DifferentialGeometry.Geometry.Exponential.LocalDiffeomorphism (3.5s)
✔ [12958/12967] Built DifferentialGeometry.Geometry.Comparison.NormalCoordinates.Basic (5.8s)
✔ [12959/12967] Built DifferentialGeometry.Geometry.Exponential.ChartFlow.Continuity (2.5s)
✔ [12960/12967] Built DifferentialGeometry.Geometry.Metric.TensorInner.Tangent.MetricData (2.1s)
✔ [12961/12967] Built DifferentialGeometry.Geometry.Exponential.ChartFlow.Rescaling.SmallVelocity (2.8s)
✔ [12962/12968] Built DifferentialGeometry.Geometry.Exponential.Smoothness.AwayFromZero.ChartFlow (5.3s)
✔ [12963/12968] Built DifferentialGeometry.Geometry.Metric.Coordinates.InnerExpansion (2.1s)
✔ [12964/12968] Built DifferentialGeometry.Analysis.Calculus.SmoothExtension.Curve (1.9s)
✔ [12965/12968] Built DifferentialGeometry.Geometry.Exponential.NormalCoordinates.Frame (2.3s)
✔ [12966/12973] Built DifferentialGeometry.Geometry.Exponential.NormalCoordinates.Framed (3.7s)
✔ [12967/12973] Built DifferentialGeometry.Analysis.ODE.TimeDependentFlow.SmoothDependence.GlobalClosedManifold (2.4s)
✔ [12968/12973] Built DifferentialGeometry.Geometry.Comparison.InjectivityRadius.Basic (5.0s)
✔ [12969/12973] Built DifferentialGeometry.Geometry.Exponential.Radial (2.2s)
✔ [12970/12976] Built DifferentialGeometry.Analysis.ODE.TimeDependentFlow.SmoothDependence.CompactTrajectory (2.4s)
✔ [12971/12976] Built DifferentialGeometry.Analysis.ODE.Flow.Complete (1.9s)
✔ [12972/12979] Built DifferentialGeometry.Geometry.Connection.ParallelTransport.AffineReparam (2.0s)
✔ [12973/12980] Built DifferentialGeometry.Geometry.Exponential.Smoothness.Domain (3.5s)
✔ [12974/12980] Built DifferentialGeometry.Geometry.Comparison.Variation.Jacobi.Basic (2.9s)
✔ [12975/12980] Built DifferentialGeometry.Analysis.Calculus.AbsolutelyContinuous (2.3s)
✔ [12976/12980] Built DifferentialGeometry.Geometry.Geodesic.Maximal.Homogeneity (2.0s)
✔ [12977/12982] Built DifferentialGeometry.Geometry.Exponential.GaussLemma.Pullback (10s)
✔ [12978/12983] Built DifferentialGeometry.Analysis.Calculus.Seminorm.Radial (2.2s)
✔ [12979/12984] Built DifferentialGeometry.Geometry.Metric.Path.Speed (1.7s)
✔ [12980/12986] Built DifferentialGeometry.Geometry.Exponential.GaussLemma.Basic (7.9s)
✔ [12981/12988] Built DifferentialGeometry.Geometry.Comparison.HopfRinow.LocalGeodesicSeed (2.5s)
✔ [12982/12990] Built DifferentialGeometry.Geometry.Comparison.HopfRinow.GeodesicSpeedBound (3.7s)
✔ [12983/12990] Built DifferentialGeometry.Analysis.ODE.Regularity.SecondOrderBootstrap (1.4s)
✔ [12984/12990] Built DifferentialGeometry.Geometry.Comparison.HopfRinow.ChartVelocityConvergence (3.6s)
✔ [12985/12993] Built DifferentialGeometry.Geometry.Exponential.RadialGeodesic (2.4s)
✔ [12986/12993] Built DifferentialGeometry.Geometry.Geodesic.Chart.Regularity (2.2s)
✔ [12987/12998] Built DifferentialGeometry.Geometry.Comparison.HopfRinow.EndpointContinuation (5.3s)
✔ [12988/12998] Built DifferentialGeometry.Geometry.Comparison.HopfRinow.Basic (3.2s)
✔ [12989/12998] Built DifferentialGeometry.Geometry.Metric.Distance.Finiteness (2.1s)
✔ [12990/12999] Built DifferentialGeometry.Geometry.Exponential.Intrinsic.Geodesic.Basic (5.5s)
✔ [12991/13001] Built DifferentialGeometry.Geometry.Exponential.Intrinsic.Geodesic.Continuity (9.8s)
✔ [12992/13002] Built DifferentialGeometry.Geometry.Connection.ParallelTransport.Construction.Smoothness (3.6s)
✔ [12993/13002] Built DifferentialGeometry.Geometry.Exponential.MinimizingGeodesic (11s)
✔ [12994/13004] Built DifferentialGeometry.Geometry.Exponential.Intrinsic.Velocity (3.0s)
✔ [12995/13008] Built DifferentialGeometry.Geometry.Curvature.Coordinates.RiemannTensorBridge (2.6s)
✔ [12996/13008] Built DifferentialGeometry.Geometry.Connection.ParallelTransport.Frame (2.8s)
✔ [12997/13008] Built DifferentialGeometry.Geometry.Exponential.Smoothness.AtZero.IntrinsicDerivative (2.4s)
✔ [12998/13010] Built DifferentialGeometry.Geometry.Curvature.Metric.SectionalCone (2.2s)
✔ [12999/13012] Built DifferentialGeometry.Geometry.Exponential.Variation.Smoothness (5.6s)
✔ [13000/13012] Built DifferentialGeometry.Geometry.Curvature.Metric.Sectional (3.3s)
✔ [13001/13012] Built DifferentialGeometry.Geometry.Comparison.Variation.PerpendicularFrame.Basic (5.3s)
✔ [13002/13012] Built DifferentialGeometry.Geometry.Curvature.CurvatureOperator.Endomorphism (3.0s)
✔ [13003/13012] Built DifferentialGeometry.Geometry.Comparison.Variation.SecondVariation.Minimizer (4.3s)
✔ [13004/13012] Built DifferentialGeometry.Analysis.InnerProductSpace.SpectralBounds (1.9s)
✔ [13005/13017] Built DifferentialGeometry.Geometry.Comparison.BonnetMyers.LengthBound (4.1s)
✔ [13006/13017] Built DifferentialGeometry.Geometry.Curvature.Bochner.Tensor.Norm.Decomposition (2.5s)
✔ [13007/13017] Built DifferentialGeometry.Geometry.Comparison.BonnetMyers.SectionalRicci (2.4s)
✔ [13008/13017] Built DifferentialGeometry.Geometry.Metric.TensorInner.FiberMetric.Tensor0SInnerLeibniz (3.6s)
✔ [13009/13017] Built DifferentialGeometry.Geometry.Curvature.CurvatureRicciContraction (17s)
✔ [13010/13022] Built DifferentialGeometry.Geometry.Curvature.Bochner.Tensor.Norm.Product (3.3s)
✔ [13011/13022] Built DifferentialGeometry.Geometry.Curvature.DimensionThree.RicciReaction (5.8s)
✔ [13012/13022] Built DifferentialGeometry.Geometry.Operator.LaplacianLinearity (1.0s)
✔ [13013/13022] Built DifferentialGeometry.Geometry.Operator.Laplacian.TensorInner (4.7s)
✔ [13014/13022] Built DifferentialGeometry.Geometry.Flow.RicciFlow.DimensionThree.HamiltonIvey.FixedFrameEvolution (7.3s)
✔ [13015/13022] Built DifferentialGeometry.Geometry.Curvature.DimensionThree.CurvatureOperatorRank (4.3s)
✔ [13016/13022] Built DifferentialGeometry.Analysis.Parabolic.MaximumPrinciple.Convex.Componentwise (2.4s)
✔ [13017/13023] Built DifferentialGeometry.Geometry.Flow.RicciFlow.Evolution.TensorInnerLaplacian (2.2s)
✔ [13018/13024] Built DifferentialGeometry.Geometry.Curvature.DimensionThree.ExteriorRank (4.3s)
✔ [13019/13024] Built DifferentialGeometry.Geometry.Flow.RicciFlow.Estimates.Uhlenbeck.CurvatureOperatorHeatReaction (2.2s)
✔ [13020/13025] Built DifferentialGeometry.Geometry.Connection.ParallelTransport.Construction.Endpoint (4.2s)
✔ [13021/13025] Built DifferentialGeometry.Geometry.Flow.RicciFlow.DimensionThree.HamiltonIvey.Continuity (7.7s)
✔ [13022/13025] Built DifferentialGeometry.Geometry.Comparison.Variation.Covariant.ChainRule (2.8s)
✔ [13023/13025] Built DifferentialGeometry.Geometry.Flow.RicciFlow.DimensionThree.HamiltonIvey.CurvatureEvolution (2.1s)
✔ [13024/13029] Built DifferentialGeometry.Geometry.Connection.LeviCivita.Christoffel.CorrectionContraction (2.3s)
✔ [13025/13031] Built DifferentialGeometry.Geometry.Connection.LeviCivita.Christoffel.CorrectionAtBasepoint (1.8s)
✔ [13026/13031] Built DifferentialGeometry.Geometry.Connection.LeviCivita.Extension.LinearTangent (2.8s)
✔ [13027/13034] Built DifferentialGeometry.Geometry.Flow.RicciFlow.Evolution.Metric.LocalFrameInverse (2.5s)
✔ [13028/13035] Built DifferentialGeometry.Geometry.Connection.ParallelTransport.Radial.Basic (15s)
✔ [13029/13035] Built DifferentialGeometry.Geometry.Flow.RicciFlow.Solution.Restriction (2.4s)
✔ [13030/13037] Built DifferentialGeometry.Analysis.Calculus.Matrix.Determinant (1.8s)
✔ [13031/13037] Built DifferentialGeometry.Geometry.Flow.RicciFlow.Scaling.Parabolic (3.5s)
✔ [13032/13037] Built DifferentialGeometry.Geometry.Connection.ParallelTransport.Radial.TensorExtension (10s)
✔ [13033/13037] Built DifferentialGeometry.Geometry.Curvature.DimensionThree.CurvatureOperatorBounds (2.4s)
✔ [13034/13037] Built DifferentialGeometry.Analysis.Calculus.Inverse.MatrixSmoothness (1.7s)
✔ [13035/13037] Built DifferentialGeometry.Geometry.Flow.RicciFlow.DimensionThree.HamiltonIvey.MaximumPrinciple (30s)
✔ [13036/13038] Built DifferentialGeometry.Geometry.Flow.RicciFlow.Perelman.CanonicalNeighborhood.PinchingDatum (5.8s)
✔ [13037/13046] Built DifferentialGeometry.Geometry.Curvature.CurvatureOperator.Identities.SecondBianchi (3.9s)
✔ [13038/13046] Built DifferentialGeometry.Geometry.Connection.TensorNabla.Curvature.TensorRS (2.7s)
✔ [13039/13046] Built DifferentialGeometry.Geometry.Connection.ParsevalFrameField (3.2s)
✔ [13040/13046] Built DifferentialGeometry.Geometry.Curvature.Bochner.Tensor.Weitzenbock (2.7s)
✔ [13041/13046] Built DifferentialGeometry.Geometry.Curvature.CurvatureOperator.Identities.ContractedBianchi (6.3s)
✔ [13042/13048] Built DifferentialGeometry.Geometry.Curvature.CurvatureOperator.Derivatives.Slotwise (7.7s)
✔ [13043/13048] Built DifferentialGeometry.Geometry.Curvature.CurvatureOperator.Derivatives.ParsevalTrace (6.4s)
✔ [13044/13048] Built DifferentialGeometry.Analysis.ODE.Gronwall.SecondOrder (2.3s)
✔ [13045/13048] Built DifferentialGeometry.Geometry.Curvature.CurvatureOperator.Derivatives.Pointwise (4.2s)
✔ [13046/13048] Built DifferentialGeometry.Geometry.Comparison.Variation.Covariant.Gronwall (4.1s)
✔ [13047/13051] Built DifferentialGeometry.Geometry.Curvature.CurvatureOperator.Derivatives.Norm (2.5s)
✔ [13048/13052] Built DifferentialGeometry.Analysis.Integration.Measure.Parametric.Defs (1.7s)
✔ [13049/13060] Built DifferentialGeometry.Analysis.Integration.Measure.Parametric.Density (1.0s)
✔ [13050/13061] Built DifferentialGeometry.Geometry.Comparison.Variation.Jacobi.Variation (2.3s)
✔ [13051/13061] Built DifferentialGeometry.Geometry.Comparison.Variation.Field.Smoothness (2.8s)
✔ [13052/13061] Built DifferentialGeometry.Analysis.Integration.Measure.Parametric.Evaluation (3.6s)
✔ [13053/13064] Built DifferentialGeometry.Geometry.Comparison.Convexity.Geodesic (5.5s)
✔ [13054/13064] Built DifferentialGeometry.Geometry.Exponential.Variation.Radial (3.6s)
✔ [13055/13064] Built DifferentialGeometry.Geometry.Metric.Exhaustion (1.2s)
✔ [13056/13064] Built DifferentialGeometry.Geometry.Exponential.Variation.Jacobi (5.6s)
✔ [13057/13065] Built DifferentialGeometry.Geometry.Comparison.HopfRinow.Proper (4.3s)
✔ [13058/13065] Built DifferentialGeometry.Geometry.Comparison.Volume.NormalChartMeasure (4.4s)
✔ [13059/13065] Built DifferentialGeometry.Geometry.Curvature.Naturality.OpenSubtype (3.1s)
✔ [13060/13065] Built DifferentialGeometry.Geometry.Comparison.Volume.Radial.Gronwall (10s)
✔ [13061/13070] Built DifferentialGeometry.Geometry.Comparison.Volume.Radial.JacobiBounds (7.7s)
✔ [13062/13070] Built DifferentialGeometry.Bundle.TangentOpenRestriction (1.6s)
✔ [13063/13070] Built DifferentialGeometry.Geometry.Comparison.Volume.Radial.JacobiScaling (7.5s)
✔ [13064/13073] Built DifferentialGeometry.Geometry.Exponential.Intrinsic.Framed.Coordinates (5.7s)
✔ [13065/13073] Built DifferentialGeometry.Geometry.Connection.TensorNabla.Naturality.OpenRestriction (2.1s)
✔ [13066/13073] Built DifferentialGeometry.Geometry.Comparison.Volume.JacobianBounds (8.5s)
✔ [13067/13077] Built DifferentialGeometry.Geometry.Geodesic.Flow.VelocityLift (2.8s)
✔ [13068/13077] Built DifferentialGeometry.Geometry.Geodesic.Naturality.OpenSubtype (2.6s)
✔ [13069/13077] Built DifferentialGeometry.Geometry.Comparison.Volume.Ball.Basic (15s)
✔ [13070/13077] Built DifferentialGeometry.Geometry.Exponential.Intrinsic.Agreement (2.4s)
✔ [13071/13077] Built DifferentialGeometry.Geometry.Compactness.CheegerGromov.Pointed.Defs (2.2s)
✔ [13072/13080] Built DifferentialGeometry.Geometry.Exponential.Intrinsic.Restriction (2.5s)
✔ [13073/13080] Built DifferentialGeometry.Geometry.Compactness.CheegerGromov.Pointed.Metric.Instances (2.2s)
