/Users/mjkang/.codex/worktrees/statement-433-migration/poincare/Poincare/Statement.lean:155:2: warning: Try this: 
  letI̵

The goal is a proposition, so `let` is preferred over `letI`.
The difference between `let` and `letI` is that `letI` inlines the value.
But this is not relevant for proofs because of proof irrelevance.

Note: This linter can be disabled with `set_option linter.style.haveILetI false`
/Users/mjkang/.codex/worktrees/statement-433-migration/poincare/Poincare/Statement.lean:167:8: warning: Try this: 
  letI̵

The goal is a proposition, so `let` is preferred over `letI`.
The difference between `let` and `letI` is that `letI` inlines the value.
But this is not relevant for proofs because of proof irrelevance.

Note: This linter can be disabled with `set_option linter.style.haveILetI false`
/Users/mjkang/.codex/worktrees/statement-433-migration/poincare/Poincare/Statement.lean:200:2: warning: Try this: 
  letI̵

The goal is a proposition, so `let` is preferred over `letI`.
The difference between `let` and `letI` is that `letI` inlines the value.
But this is not relevant for proofs because of proof irrelevance.

Note: This linter can be disabled with `set_option linter.style.haveILetI false`
/Users/mjkang/.codex/worktrees/statement-433-migration/poincare/Poincare/Statement.lean:216:8: warning: Try this: 
  letI̵

The goal is a proposition, so `let` is preferred over `letI`.
The difference between `let` and `letI` is that `letI` inlines the value.
But this is not relevant for proofs because of proof irrelevance.

Note: This linter can be disabled with `set_option linter.style.haveILetI false`
/Users/mjkang/.codex/worktrees/statement-433-migration/poincare/Poincare/Statement.lean:249:4: warning: Try this: 
  letI̵

The goal is a proposition, so `let` is preferred over `letI`.
The difference between `let` and `letI` is that `letI` inlines the value.
But this is not relevant for proofs because of proof irrelevance.

Note: This linter can be disabled with `set_option linter.style.haveILetI false`
/Users/mjkang/.codex/worktrees/statement-433-migration/poincare/Poincare/Statement.lean:296:2: warning: Try this: 
  letI̵

The goal is a proposition, so `let` is preferred over `letI`.
The difference between `let` and `letI` is that `letI` inlines the value.
But this is not relevant for proofs because of proof irrelevance.

Note: This linter can be disabled with `set_option linter.style.haveILetI false`
/Users/mjkang/.codex/worktrees/statement-433-migration/poincare/Poincare/Statement.lean:419:23: error: Type mismatch: After simplification, term
  hz
 has type
  ∃ a, ∃ (h : 0 ≤ a ∧ a ≤ 1), (F k) ⟨a, ⋯⟩ = z
but is expected to have type
  ∃ a, ∃ (h : 0 ≤ a ∧ a ≤ 1), (F k'.castSucc) ⟨a, ⋯⟩ = z
/Users/mjkang/.codex/worktrees/statement-433-migration/poincare/Poincare/Statement.lean:963:25: error(lean.unknownIdentifier): Unknown constant `Set.Icc.convexCombo`
/Users/mjkang/.codex/worktrees/statement-433-migration/poincare/Poincare/Statement.lean:964:16: error(lean.unknownIdentifier): Unknown constant `Set.Icc.convexCombo`
/Users/mjkang/.codex/worktrees/statement-433-migration/poincare/Poincare/Statement.lean:1654:2: error: Type mismatch: After simplification, term
  hrun j hjle hjlt
 has type
  ∀ (x : ℝ) (hp : 0 ≤ x) (hq : x ≤ 1),
    ⟨x, ⋯⟩ ∈ Set.uIcc (t ⟨↑start + ↑k, ⋯⟩) (t ⟨↑start + ↑k + 1, ⋯⟩) → Not (γ ⟨x, ⋯⟩ = v)
but is expected to have type
  ∀ (x : ℝ) (hp : 0 ≤ x) (hq : x ≤ 1),
    ⟨x, ⋯⟩ ∈ Set.uIcc (t ⟨↑start + ↑k, ⋯⟩) (t ⟨↑start + (↑k + 1), ⋯⟩) → Not (γ ⟨x, ⋯⟩ = v)
/Users/mjkang/.codex/worktrees/statement-433-migration/poincare/Poincare/Statement.lean:2631:4: error: No goals to be solved
/Users/mjkang/.codex/worktrees/statement-433-migration/poincare/Poincare/Statement.lean:2652:10: error: No goals to be solved
/Users/mjkang/.codex/worktrees/statement-433-migration/poincare/Poincare/Statement.lean:3215:0: warning: Definition `threeSphere_stereographicOpenCoverPackage` is a proposition; use `theorem` instead of `def`

Note: This linter can be disabled with `set_option linter.defProp false`
/Users/mjkang/.codex/worktrees/statement-433-migration/poincare/Poincare/Statement.lean:3428:2: warning: Try this: 
  haveI̵

The goal is a proposition, so `have` is preferred over `haveI`.
The difference between `have` and `haveI` is that `haveI` inlines the value.
But this is not relevant for proofs because of proof irrelevance.

Note: This linter can be disabled with `set_option linter.style.haveILetI false`
/Users/mjkang/.codex/worktrees/statement-433-migration/poincare/Poincare/Statement.lean:3444:2: warning: Try this: 
  letI̵

The goal is a proposition, so `let` is preferred over `letI`.
The difference between `let` and `letI` is that `letI` inlines the value.
But this is not relevant for proofs because of proof irrelevance.

Note: This linter can be disabled with `set_option linter.style.haveILetI false`
/Users/mjkang/.codex/worktrees/statement-433-migration/poincare/Poincare/Statement.lean:3534:4: error: Type mismatch: After simplification, term
  Set.Countable.preimage hs Subtype.val_injective
 has type
  @Set.Countable { x // x ∈ (stereographic' 3 a).source } (Subtype.val ⁻¹' s)
but is expected to have type
  @Set.Countable ↑(stereographic' 3 a).source {p | ↑p ∈ s}
/Users/mjkang/.codex/worktrees/statement-433-migration/poincare/Poincare/Statement.lean:3535:2: warning: Try this: 
  letI̵

The goal is a proposition, so `let` is preferred over `letI`.
The difference between `let` and `letI` is that `letI` inlines the value.
But this is not relevant for proofs because of proof irrelevance.

Note: This linter can be disabled with `set_option linter.style.haveILetI false`
/Users/mjkang/.codex/worktrees/statement-433-migration/poincare/Poincare/Statement.lean:3619:4: warning: `LocPathConnectedSpace` has been deprecated: Use `LocallyPathConnectedSpace` instead
/Users/mjkang/.codex/worktrees/statement-433-migration/poincare/Poincare/Statement.lean:3622:9: warning: `LocPathConnectedSpace` has been deprecated: Use `LocallyPathConnectedSpace` instead
/Users/mjkang/.codex/worktrees/statement-433-migration/poincare/Poincare/Statement.lean:3623:4: warning: `ChartedSpace.locPathConnectedSpace` has been deprecated: Use `ChartedSpace.locallyPathConnectedSpace` instead
/Users/mjkang/.codex/worktrees/statement-433-migration/poincare/Poincare/Statement.lean:3622:2: warning: Try this: 
  letI̵

The goal is a proposition, so `let` is preferred over `letI`.
The difference between `let` and `letI` is that `letI` inlines the value.
But this is not relevant for proofs because of proof irrelevance.

Note: This linter can be disabled with `set_option linter.style.haveILetI false`
/Users/mjkang/.codex/worktrees/statement-433-migration/poincare/Poincare/Statement.lean:3625:61: warning: `IsOpen.locPathConnectedSpace` has been deprecated: Use `IsOpen.locallyPathConnectedSpace` instead
/Users/mjkang/.codex/worktrees/statement-433-migration/poincare/Poincare/Statement.lean:3625:8: error(lean.synthInstanceFailed): failed to synthesize instance of type class
  LocallyPathConnectedSpace ThreeSphere

Hint: Type class instance resolution failures can be inspected with the `set_option trace.Meta.synthInstance true` command.
/Users/mjkang/.codex/worktrees/statement-433-migration/poincare/Poincare/Statement.lean:4128:4: warning: `LocPathConnectedSpace` has been deprecated: Use `LocallyPathConnectedSpace` instead
/Users/mjkang/.codex/worktrees/statement-433-migration/poincare/Poincare/Statement.lean:4129:76: warning: `Topology.IsOpenEmbedding.locPathConnectedSpace` has been deprecated: Use `Topology.IsOpenEmbedding.locallyPathConnectedSpace` instead
/Users/mjkang/.codex/worktrees/statement-433-migration/poincare/Poincare/Statement.lean:4225:2: warning: Try this: 
  haveI̵

The goal is a proposition, so `have` is preferred over `haveI`.
The difference between `have` and `haveI` is that `haveI` inlines the value.
But this is not relevant for proofs because of proof irrelevance.

Note: This linter can be disabled with `set_option linter.style.haveILetI false`
/Users/mjkang/.codex/worktrees/statement-433-migration/poincare/Poincare/Statement.lean:4273:2: warning: Try this: 
  haveI̵

The goal is a proposition, so `have` is preferred over `haveI`.
The difference between `have` and `haveI` is that `haveI` inlines the value.
But this is not relevant for proofs because of proof irrelevance.

Note: This linter can be disabled with `set_option linter.style.haveILetI false`
/Users/mjkang/.codex/worktrees/statement-433-migration/poincare/Poincare/Statement.lean:4314:10: error: Type mismatch: After simplification, term
  contMDiff_isOpenEmbedding hsource
 has type
  @ContMDiff ℝ DenselyNormedField.toNontriviallyNormedField (EuclideanSpace ℝ (Fin 3))
    (PiLp.normedAddCommGroup 2 fun x => ℝ) (PiLp.normedSpace 2 ℝ fun x => ℝ) (EuclideanSpace ℝ (Fin 3))
    PseudoMetricSpace.toUniformSpace.toTopologicalSpace (𝓡 3) (↑{a, b}ᶜ) instTopologicalSpaceSubtype
    hsource.singletonChartedSpace (EuclideanSpace ℝ (Fin 3)) (PiLp.normedAddCommGroup 2 fun x => ℝ)
    (PiLp.normedSpace 2 ℝ fun x => ℝ) (EuclideanSpace ℝ (Fin 3)) PseudoMetricSpace.toUniformSpace.toTopologicalSpace
    (𝓡 3) (EuclideanSpace ℝ (Fin 3)) PseudoMetricSpace.toUniformSpace.toTopologicalSpace
    (chartedSpaceSelf (EuclideanSpace ℝ (Fin 3))) ∞ fun p =>
    ↑((threeSphere_twoPointComplement_homeomorph_puncturedChart hab) p)
but is expected to have type
  @ContMDiff ℝ DenselyNormedField.toNontriviallyNormedField (EuclideanSpace ℝ (Fin 3))
    (PiLp.normedAddCommGroup 2 fun x => ℝ) (PiLp.normedSpace 2 ℝ fun x => ℝ) (EuclideanSpace ℝ (Fin 3))
    PseudoMetricSpace.toUniformSpace.toTopologicalSpace (𝓡 3) (↑{a, b}ᶜ) instTopologicalSpaceSubtype
    (threeSphere_twoPointComplement_puncturedChartChartedSpace hab) (EuclideanSpace ℝ (Fin 3))
    (PiLp.normedAddCommGroup 2 fun x => ℝ) (PiLp.normedSpace 2 ℝ fun x => ℝ) (EuclideanSpace ℝ (Fin 3))
    (PiLp.topologicalSpace 2 fun x => ℝ) (𝓡 3) (EuclideanSpace ℝ (Fin 3)) (PiLp.topologicalSpace 2 fun x => ℝ)
    (chartedSpaceSelf (EuclideanSpace ℝ (Fin 3))) ∞
    (Subtype.val ∘ ⇑(threeSphere_twoPointComplement_homeomorph_puncturedChart hab))
/Users/mjkang/.codex/worktrees/statement-433-migration/poincare/Poincare/Statement.lean:4349:16: error: Type mismatch: After simplification, term
  contMDiff_isOpenEmbedding hsource
 has type
  @ContMDiff ℝ DenselyNormedField.toNontriviallyNormedField (EuclideanSpace ℝ (Fin 3))
    (PiLp.normedAddCommGroup 2 fun x => ℝ) (PiLp.normedSpace 2 ℝ fun x => ℝ) (EuclideanSpace ℝ (Fin 3))
    PseudoMetricSpace.toUniformSpace.toTopologicalSpace (𝓡 3) (↑{a, b}ᶜ) instTopologicalSpaceSubtype
    hsource.singletonChartedSpace (EuclideanSpace ℝ (Fin 3)) (PiLp.normedAddCommGroup 2 fun x => ℝ)
    (PiLp.normedSpace 2 ℝ fun x => ℝ) (EuclideanSpace ℝ (Fin 3)) PseudoMetricSpace.toUniformSpace.toTopologicalSpace
    (𝓡 3) (EuclideanSpace ℝ (Fin 3)) PseudoMetricSpace.toUniformSpace.toTopologicalSpace
    (chartedSpaceSelf (EuclideanSpace ℝ (Fin 3))) ∞ fun p =>
    ↑((threeSphere_twoPointComplement_homeomorph_puncturedChart hab) p)
but is expected to have type
  @ContMDiff ℝ DenselyNormedField.toNontriviallyNormedField (EuclideanSpace ℝ (Fin 3))
    (PiLp.normedAddCommGroup 2 fun x => ℝ) (PiLp.normedSpace 2 ℝ fun x => ℝ) (EuclideanSpace ℝ (Fin 3))
    PseudoMetricSpace.toUniformSpace.toTopologicalSpace (𝓡 3) (↑{a, b}ᶜ) instTopologicalSpaceSubtype
    (threeSphere_twoPointComplement_puncturedChartChartedSpace hab) (EuclideanSpace ℝ (Fin 3))
    (PiLp.normedAddCommGroup 2 fun x => ℝ) (PiLp.normedSpace 2 ℝ fun x => ℝ) (EuclideanSpace ℝ (Fin 3))
    (PiLp.topologicalSpace 2 fun x => ℝ) (𝓡 3) (EuclideanSpace ℝ (Fin 3)) (PiLp.topologicalSpace 2 fun x => ℝ)
    (chartedSpaceSelf (EuclideanSpace ℝ (Fin 3))) ∞
    (Subtype.val ∘ ⇑(threeSphere_twoPointComplement_homeomorph_puncturedChart hab))
/Users/mjkang/.codex/worktrees/statement-433-migration/poincare/Poincare/Statement.lean:4398:10: error: Type mismatch: After simplification, term
  contMDiff_isOpenEmbedding hsource
 has type
  @ContMDiff ℝ DenselyNormedField.toNontriviallyNormedField (EuclideanSpace ℝ (Fin 3))
    (PiLp.normedAddCommGroup 2 fun x => ℝ) (PiLp.normedSpace 2 ℝ fun x => ℝ) (EuclideanSpace ℝ (Fin 3))
    PseudoMetricSpace.toUniformSpace.toTopologicalSpace (𝓡 3)
    (↑((stereographic' 3 a).source ∩ (stereographic' 3 b).source)) instTopologicalSpaceSubtype
    hsource.singletonChartedSpace (EuclideanSpace ℝ (Fin 3)) (PiLp.normedAddCommGroup 2 fun x => ℝ)
    (PiLp.normedSpace 2 ℝ fun x => ℝ) (EuclideanSpace ℝ (Fin 3)) PseudoMetricSpace.toUniformSpace.toTopologicalSpace
    (𝓡 3) (EuclideanSpace ℝ (Fin 3)) PseudoMetricSpace.toUniformSpace.toTopologicalSpace
    (chartedSpaceSelf (EuclideanSpace ℝ (Fin 3))) ∞ fun p =>
    ↑((threeSphere_stereographicSources_inter_homeomorph_puncturedChart hab) p)
but is expected to have type
  @ContMDiff ℝ DenselyNormedField.toNontriviallyNormedField (EuclideanSpace ℝ (Fin 3))
    (PiLp.normedAddCommGroup 2 fun x => ℝ) (PiLp.normedSpace 2 ℝ fun x => ℝ) (EuclideanSpace ℝ (Fin 3))
    PseudoMetricSpace.toUniformSpace.toTopologicalSpace (𝓡 3)
    (↑((stereographic' 3 a).source ∩ (stereographic' 3 b).source)) instTopologicalSpaceSubtype
    (threeSphere_stereographicSources_inter_puncturedChartChartedSpace hab) (EuclideanSpace ℝ (Fin 3))
    (PiLp.normedAddCommGroup 2 fun x => ℝ) (PiLp.normedSpace 2 ℝ fun x => ℝ) (EuclideanSpace ℝ (Fin 3))
    (PiLp.topologicalSpace 2 fun x => ℝ) (𝓡 3) (EuclideanSpace ℝ (Fin 3)) (PiLp.topologicalSpace 2 fun x => ℝ)
    (chartedSpaceSelf (EuclideanSpace ℝ (Fin 3))) ∞
    (Subtype.val ∘ ⇑(threeSphere_stereographicSources_inter_homeomorph_puncturedChart hab))
/Users/mjkang/.codex/worktrees/statement-433-migration/poincare/Poincare/Statement.lean:4436:16: error: Type mismatch: After simplification, term
  contMDiff_isOpenEmbedding hsource
 has type
  @ContMDiff ℝ DenselyNormedField.toNontriviallyNormedField (EuclideanSpace ℝ (Fin 3))
    (PiLp.normedAddCommGroup 2 fun x => ℝ) (PiLp.normedSpace 2 ℝ fun x => ℝ) (EuclideanSpace ℝ (Fin 3))
    PseudoMetricSpace.toUniformSpace.toTopologicalSpace (𝓡 3)
    (↑((stereographic' 3 a).source ∩ (stereographic' 3 b).source)) instTopologicalSpaceSubtype
    hsource.singletonChartedSpace (EuclideanSpace ℝ (Fin 3)) (PiLp.normedAddCommGroup 2 fun x => ℝ)
    (PiLp.normedSpace 2 ℝ fun x => ℝ) (EuclideanSpace ℝ (Fin 3)) PseudoMetricSpace.toUniformSpace.toTopologicalSpace
    (𝓡 3) (EuclideanSpace ℝ (Fin 3)) PseudoMetricSpace.toUniformSpace.toTopologicalSpace
    (chartedSpaceSelf (EuclideanSpace ℝ (Fin 3))) ∞ fun p =>
    ↑((threeSphere_stereographicSources_inter_homeomorph_puncturedChart hab) p)
but is expected to have type
  @ContMDiff ℝ DenselyNormedField.toNontriviallyNormedField (EuclideanSpace ℝ (Fin 3))
    (PiLp.normedAddCommGroup 2 fun x => ℝ) (PiLp.normedSpace 2 ℝ fun x => ℝ) (EuclideanSpace ℝ (Fin 3))
    PseudoMetricSpace.toUniformSpace.toTopologicalSpace (𝓡 3)
    (↑((stereographic' 3 a).source ∩ (stereographic' 3 b).source)) instTopologicalSpaceSubtype
    (threeSphere_stereographicSources_inter_puncturedChartChartedSpace hab) (EuclideanSpace ℝ (Fin 3))
    (PiLp.normedAddCommGroup 2 fun x => ℝ) (PiLp.normedSpace 2 ℝ fun x => ℝ) (EuclideanSpace ℝ (Fin 3))
    (PiLp.topologicalSpace 2 fun x => ℝ) (𝓡 3) (EuclideanSpace ℝ (Fin 3)) (PiLp.topologicalSpace 2 fun x => ℝ)
    (chartedSpaceSelf (EuclideanSpace ℝ (Fin 3))) ∞
    (Subtype.val ∘ ⇑(threeSphere_stereographicSources_inter_homeomorph_puncturedChart hab))
/Users/mjkang/.codex/worktrees/statement-433-migration/poincare/Poincare/Statement.lean:4515:2: warning: Try this: 
  letI̵

The goal is a proposition, so `let` is preferred over `letI`.
The difference between `let` and `letI` is that `letI` inlines the value.
But this is not relevant for proofs because of proof irrelevance.

Note: This linter can be disabled with `set_option linter.style.haveILetI false`
/Users/mjkang/.codex/worktrees/statement-433-migration/poincare/Poincare/Statement.lean:4615:10: error: Type mismatch: After simplification, term
  contMDiff_isOpenEmbedding hsource
 has type
  @ContMDiff ℝ DenselyNormedField.toNontriviallyNormedField (EuclideanSpace ℝ (Fin 3))
    (PiLp.normedAddCommGroup 2 fun x => ℝ) (PiLp.normedSpace 2 ℝ fun x => ℝ) (EuclideanSpace ℝ (Fin 3))
    PseudoMetricSpace.toUniformSpace.toTopologicalSpace (𝓡 3) (↑{threeSphere_antipodeInSource v}ᶜ)
    instTopologicalSpaceSubtype hsource.singletonChartedSpace (EuclideanSpace ℝ (Fin 3))
    (PiLp.normedAddCommGroup 2 fun x => ℝ) (PiLp.normedSpace 2 ℝ fun x => ℝ) (EuclideanSpace ℝ (Fin 3))
    PseudoMetricSpace.toUniformSpace.toTopologicalSpace (𝓡 3) (EuclideanSpace ℝ (Fin 3))
    PseudoMetricSpace.toUniformSpace.toTopologicalSpace (chartedSpaceSelf (EuclideanSpace ℝ (Fin 3))) ∞ fun p =>
    ↑((threeSphere_antipodalSourceOverlap_homeomorph_puncturedChart v) p)
but is expected to have type
  @ContMDiff ℝ DenselyNormedField.toNontriviallyNormedField (EuclideanSpace ℝ (Fin 3))
    (PiLp.normedAddCommGroup 2 fun x => ℝ) (PiLp.normedSpace 2 ℝ fun x => ℝ) (EuclideanSpace ℝ (Fin 3))
    PseudoMetricSpace.toUniformSpace.toTopologicalSpace (𝓡 3) (↑{threeSphere_antipodeInSource v}ᶜ)
    instTopologicalSpaceSubtype (threeSphere_antipodalSourceOverlap_puncturedChartChartedSpace v)
    (EuclideanSpace ℝ (Fin 3)) (PiLp.normedAddCommGroup 2 fun x => ℝ) (PiLp.normedSpace 2 ℝ fun x => ℝ)
    (EuclideanSpace ℝ (Fin 3)) (PiLp.topologicalSpace 2 fun x => ℝ) (𝓡 3) (EuclideanSpace ℝ (Fin 3))
    (PiLp.topologicalSpace 2 fun x => ℝ) (chartedSpaceSelf (EuclideanSpace ℝ (Fin 3))) ∞
    (Subtype.val ∘ ⇑(threeSphere_antipodalSourceOverlap_homeomorph_puncturedChart v))
/Users/mjkang/.codex/worktrees/statement-433-migration/poincare/Poincare/Statement.lean:4653:16: error: Type mismatch: After simplification, term
  contMDiff_isOpenEmbedding hsource
 has type
  @ContMDiff ℝ DenselyNormedField.toNontriviallyNormedField (EuclideanSpace ℝ (Fin 3))
    (PiLp.normedAddCommGroup 2 fun x => ℝ) (PiLp.normedSpace 2 ℝ fun x => ℝ) (EuclideanSpace ℝ (Fin 3))
    PseudoMetricSpace.toUniformSpace.toTopologicalSpace (𝓡 3) (↑{threeSphere_antipodeInSource v}ᶜ)
    instTopologicalSpaceSubtype hsource.singletonChartedSpace (EuclideanSpace ℝ (Fin 3))
    (PiLp.normedAddCommGroup 2 fun x => ℝ) (PiLp.normedSpace 2 ℝ fun x => ℝ) (EuclideanSpace ℝ (Fin 3))
    PseudoMetricSpace.toUniformSpace.toTopologicalSpace (𝓡 3) (EuclideanSpace ℝ (Fin 3))
    PseudoMetricSpace.toUniformSpace.toTopologicalSpace (chartedSpaceSelf (EuclideanSpace ℝ (Fin 3))) ∞ fun p =>
    ↑((threeSphere_antipodalSourceOverlap_homeomorph_puncturedChart v) p)
but is expected to have type
  @ContMDiff ℝ DenselyNormedField.toNontriviallyNormedField (EuclideanSpace ℝ (Fin 3))
    (PiLp.normedAddCommGroup 2 fun x => ℝ) (PiLp.normedSpace 2 ℝ fun x => ℝ) (EuclideanSpace ℝ (Fin 3))
    PseudoMetricSpace.toUniformSpace.toTopologicalSpace (𝓡 3) (↑{threeSphere_antipodeInSource v}ᶜ)
    instTopologicalSpaceSubtype (threeSphere_antipodalSourceOverlap_puncturedChartChartedSpace v)
    (EuclideanSpace ℝ (Fin 3)) (PiLp.normedAddCommGroup 2 fun x => ℝ) (PiLp.normedSpace 2 ℝ fun x => ℝ)
    (EuclideanSpace ℝ (Fin 3)) (PiLp.topologicalSpace 2 fun x => ℝ) (𝓡 3) (EuclideanSpace ℝ (Fin 3))
    (PiLp.topologicalSpace 2 fun x => ℝ) (chartedSpaceSelf (EuclideanSpace ℝ (Fin 3))) ∞
    (Subtype.val ∘ ⇑(threeSphere_antipodalSourceOverlap_homeomorph_puncturedChart v))
/Users/mjkang/.codex/worktrees/statement-433-migration/poincare/Poincare/Statement.lean:4757:2: warning: Try this: 
  letI̵

The goal is a proposition, so `let` is preferred over `letI`.
The difference between `let` and `letI` is that `letI` inlines the value.
But this is not relevant for proofs because of proof irrelevance.

Note: This linter can be disabled with `set_option linter.style.haveILetI false`
/Users/mjkang/.codex/worktrees/statement-433-migration/poincare/Poincare/Statement.lean:4862:10: error: Type mismatch: After simplification, term
  contMDiff_isOpenEmbedding hsource
 has type
  @ContMDiff ℝ DenselyNormedField.toNontriviallyNormedField (EuclideanSpace ℝ (Fin 3))
    (PiLp.normedAddCommGroup 2 fun x => ℝ) (PiLp.normedSpace 2 ℝ fun x => ℝ) (EuclideanSpace ℝ (Fin 3))
    PseudoMetricSpace.toUniformSpace.toTopologicalSpace (𝓡 3)
    (↑((stereographic' 3 v).source ∩ (stereographic' 3 (-v)).source)) instTopologicalSpaceSubtype
    hsource.singletonChartedSpace (EuclideanSpace ℝ (Fin 3)) (PiLp.normedAddCommGroup 2 fun x => ℝ)
    (PiLp.normedSpace 2 ℝ fun x => ℝ) (EuclideanSpace ℝ (Fin 3)) PseudoMetricSpace.toUniformSpace.toTopologicalSpace
    (𝓡 3) (EuclideanSpace ℝ (Fin 3)) PseudoMetricSpace.toUniformSpace.toTopologicalSpace
    (chartedSpaceSelf (EuclideanSpace ℝ (Fin 3))) ∞ fun p =>
    ↑((threeSphere_antipodalSourceOverlap_homeomorph_puncturedChart v)
        ((threeSphere_antipodalActualOverlap_homeomorph_sourceOverlap v) p))
but is expected to have type
  @ContMDiff ℝ DenselyNormedField.toNontriviallyNormedField (EuclideanSpace ℝ (Fin 3))
    (PiLp.normedAddCommGroup 2 fun x => ℝ) (PiLp.normedSpace 2 ℝ fun x => ℝ) (EuclideanSpace ℝ (Fin 3))
    PseudoMetricSpace.toUniformSpace.toTopologicalSpace (𝓡 3)
    (↑((stereographic' 3 v).source ∩ (stereographic' 3 (-v)).source)) instTopologicalSpaceSubtype
    (threeSphere_antipodalActualOverlap_puncturedChartChartedSpace v) (EuclideanSpace ℝ (Fin 3))
    (PiLp.normedAddCommGroup 2 fun x => ℝ) (PiLp.normedSpace 2 ℝ fun x => ℝ) (EuclideanSpace ℝ (Fin 3))
    (PiLp.topologicalSpace 2 fun x => ℝ) (𝓡 3) (EuclideanSpace ℝ (Fin 3)) (PiLp.topologicalSpace 2 fun x => ℝ)
    (chartedSpaceSelf (EuclideanSpace ℝ (Fin 3))) ∞
    ((fun p => ↑((threeSphere_antipodalSourceOverlap_homeomorph_puncturedChart v) p)) ∘
      ⇑(threeSphere_antipodalActualOverlap_homeomorph_sourceOverlap v))
/Users/mjkang/.codex/worktrees/statement-433-migration/poincare/Poincare/Statement.lean:4908:16: error: Type mismatch: After simplification, term
  contMDiff_isOpenEmbedding hsource
 has type
  @ContMDiff ℝ DenselyNormedField.toNontriviallyNormedField (EuclideanSpace ℝ (Fin 3))
    (PiLp.normedAddCommGroup 2 fun x => ℝ) (PiLp.normedSpace 2 ℝ fun x => ℝ) (EuclideanSpace ℝ (Fin 3))
    PseudoMetricSpace.toUniformSpace.toTopologicalSpace (𝓡 3)
    (↑((stereographic' 3 v).source ∩ (stereographic' 3 (-v)).source)) instTopologicalSpaceSubtype
    hsource.singletonChartedSpace (EuclideanSpace ℝ (Fin 3)) (PiLp.normedAddCommGroup 2 fun x => ℝ)
    (PiLp.normedSpace 2 ℝ fun x => ℝ) (EuclideanSpace ℝ (Fin 3)) PseudoMetricSpace.toUniformSpace.toTopologicalSpace
    (𝓡 3) (EuclideanSpace ℝ (Fin 3)) PseudoMetricSpace.toUniformSpace.toTopologicalSpace
    (chartedSpaceSelf (EuclideanSpace ℝ (Fin 3))) ∞ fun p =>
    ↑((threeSphere_antipodalSourceOverlap_homeomorph_puncturedChart v)
        ((threeSphere_antipodalActualOverlap_homeomorph_sourceOverlap v) p))
but is expected to have type
  @ContMDiff ℝ DenselyNormedField.toNontriviallyNormedField (EuclideanSpace ℝ (Fin 3))
    (PiLp.normedAddCommGroup 2 fun x => ℝ) (PiLp.normedSpace 2 ℝ fun x => ℝ) (EuclideanSpace ℝ (Fin 3))
    PseudoMetricSpace.toUniformSpace.toTopologicalSpace (𝓡 3)
    (↑((stereographic' 3 v).source ∩ (stereographic' 3 (-v)).source)) instTopologicalSpaceSubtype
    (threeSphere_antipodalActualOverlap_puncturedChartChartedSpace v) (EuclideanSpace ℝ (Fin 3))
    (PiLp.normedAddCommGroup 2 fun x => ℝ) (PiLp.normedSpace 2 ℝ fun x => ℝ) (EuclideanSpace ℝ (Fin 3))
    (PiLp.topologicalSpace 2 fun x => ℝ) (𝓡 3) (EuclideanSpace ℝ (Fin 3)) (PiLp.topologicalSpace 2 fun x => ℝ)
    (chartedSpaceSelf (EuclideanSpace ℝ (Fin 3))) ∞
    ((fun p => ↑((threeSphere_antipodalSourceOverlap_homeomorph_puncturedChart v) p)) ∘
      ⇑(threeSphere_antipodalActualOverlap_homeomorph_sourceOverlap v))
/Users/mjkang/.codex/worktrees/statement-433-migration/poincare/Poincare/Statement.lean:4974:13: warning: `Set.mem_setOf_eq` has been deprecated: Use `Set.mem_ofPred_eq` instead
/Users/mjkang/.codex/worktrees/statement-433-migration/poincare/Poincare/Statement.lean:4995:19: warning: `Set.mem_setOf_eq` has been deprecated: Use `Set.mem_ofPred_eq` instead
/Users/mjkang/.codex/worktrees/statement-433-migration/poincare/Poincare/Statement.lean:5043:2: warning: Try this: 
  letI̵

The goal is a proposition, so `let` is preferred over `letI`.
The difference between `let` and `letI` is that `letI` inlines the value.
But this is not relevant for proofs because of proof irrelevance.

Note: This linter can be disabled with `set_option linter.style.haveILetI false`
/Users/mjkang/.codex/worktrees/statement-433-migration/poincare/Poincare/Statement.lean:5059:8: warning: Try this: 
  letI̵

The goal is a proposition, so `let` is preferred over `letI`.
The difference between `let` and `letI` is that `letI` inlines the value.
But this is not relevant for proofs because of proof irrelevance.

Note: This linter can be disabled with `set_option linter.style.haveILetI false`
/Users/mjkang/.codex/worktrees/statement-433-migration/poincare/Poincare/Statement.lean:5216:2: warning: Try this: 
  letI̵

The goal is a proposition, so `let` is preferred over `letI`.
The difference between `let` and `letI` is that `letI` inlines the value.
But this is not relevant for proofs because of proof irrelevance.

Note: This linter can be disabled with `set_option linter.style.haveILetI false`
/Users/mjkang/.codex/worktrees/statement-433-migration/poincare/Poincare/Statement.lean:5232:8: warning: Try this: 
  letI̵

The goal is a proposition, so `let` is preferred over `letI`.
The difference between `let` and `letI` is that `letI` inlines the value.
But this is not relevant for proofs because of proof irrelevance.

Note: This linter can be disabled with `set_option linter.style.haveILetI false`
/Users/mjkang/.codex/worktrees/statement-433-migration/poincare/Poincare/Statement.lean:5258:8: warning: Try this: 
  letI̵

The goal is a proposition, so `let` is preferred over `letI`.
The difference between `let` and `letI` is that `letI` inlines the value.
But this is not relevant for proofs because of proof irrelevance.

Note: This linter can be disabled with `set_option linter.style.haveILetI false`
/Users/mjkang/.codex/worktrees/statement-433-migration/poincare/Poincare/Statement.lean:5575:2: warning: Try this: 
  letI̵

The goal is a proposition, so `let` is preferred over `letI`.
The difference between `let` and `letI` is that `letI` inlines the value.
But this is not relevant for proofs because of proof irrelevance.

Note: This linter can be disabled with `set_option linter.style.haveILetI false`
/Users/mjkang/.codex/worktrees/statement-433-migration/poincare/Poincare/Statement.lean:5577:2: warning: Try this: 
  letI̵

The goal is a proposition, so `let` is preferred over `letI`.
The difference between `let` and `letI` is that `letI` inlines the value.
But this is not relevant for proofs because of proof irrelevance.

Note: This linter can be disabled with `set_option linter.style.haveILetI false`
/Users/mjkang/.codex/worktrees/statement-433-migration/poincare/Poincare/Statement.lean:5594:10: warning: Try this: 
  letI̵

The goal is a proposition, so `let` is preferred over `letI`.
The difference between `let` and `letI` is that `letI` inlines the value.
But this is not relevant for proofs because of proof irrelevance.

Note: This linter can be disabled with `set_option linter.style.haveILetI false`
/Users/mjkang/.codex/worktrees/statement-433-migration/poincare/Poincare/Statement.lean:5596:10: warning: Try this: 
  letI̵

The goal is a proposition, so `let` is preferred over `letI`.
The difference between `let` and `letI` is that `letI` inlines the value.
But this is not relevant for proofs because of proof irrelevance.

Note: This linter can be disabled with `set_option linter.style.haveILetI false`
/Users/mjkang/.codex/worktrees/statement-433-migration/poincare/Poincare/Statement.lean:5877:4: warning: `LocPathConnectedSpace` has been deprecated: Use `LocallyPathConnectedSpace` instead
/Users/mjkang/.codex/worktrees/statement-433-migration/poincare/Poincare/Statement.lean:5878:2: warning: Try this: 
  letI̵

The goal is a proposition, so `let` is preferred over `letI`.
The difference between `let` and `letI` is that `letI` inlines the value.
But this is not relevant for proofs because of proof irrelevance.

Note: This linter can be disabled with `set_option linter.style.haveILetI false`
/Users/mjkang/.codex/worktrees/statement-433-migration/poincare/Poincare/Statement.lean:5879:8: warning: `ChartedSpace.locPathConnectedSpace` has been deprecated: Use `ChartedSpace.locallyPathConnectedSpace` instead
/Users/mjkang/.codex/worktrees/statement-433-migration/poincare/Poincare/Statement.lean:5885:8: warning: Try this: 
  letI̵

The goal is a proposition, so `let` is preferred over `letI`.
The difference between `let` and `letI` is that `letI` inlines the value.
But this is not relevant for proofs because of proof irrelevance.

Note: This linter can be disabled with `set_option linter.style.haveILetI false`
/Users/mjkang/.codex/worktrees/statement-433-migration/poincare/Poincare/Statement.lean:5886:14: warning: `ChartedSpace.locPathConnectedSpace` has been deprecated: Use `ChartedSpace.locallyPathConnectedSpace` instead
/Users/mjkang/.codex/worktrees/statement-433-migration/poincare/Poincare/Statement.lean:5893:2: warning: Try this: 
  letI̵

The goal is a proposition, so `let` is preferred over `letI`.
The difference between `let` and `letI` is that `letI` inlines the value.
But this is not relevant for proofs because of proof irrelevance.

Note: This linter can be disabled with `set_option linter.style.haveILetI false`
/Users/mjkang/.codex/worktrees/statement-433-migration/poincare/Poincare/Statement.lean:5900:8: warning: Try this: 
  letI̵

The goal is a proposition, so `let` is preferred over `letI`.
The difference between `let` and `letI` is that `letI` inlines the value.
But this is not relevant for proofs because of proof irrelevance.

Note: This linter can be disabled with `set_option linter.style.haveILetI false`
/Users/mjkang/.codex/worktrees/statement-433-migration/poincare/Poincare/Statement.lean:6010:17: warning: `LocPathConnectedSpace` has been deprecated: Use `LocallyPathConnectedSpace` instead
/Users/mjkang/.codex/worktrees/statement-433-migration/poincare/Poincare/Statement.lean:6041:17: warning: `LocPathConnectedSpace` has been deprecated: Use `LocallyPathConnectedSpace` instead
/Users/mjkang/.codex/worktrees/statement-433-migration/poincare/Poincare/Statement.lean:6075:17: warning: `LocPathConnectedSpace` has been deprecated: Use `LocallyPathConnectedSpace` instead
/Users/mjkang/.codex/worktrees/statement-433-migration/poincare/Poincare/Statement.lean:6103:4: warning: Try this: 
  haveI̵

The goal is a proposition, so `have` is preferred over `haveI`.
The difference between `have` and `haveI` is that `haveI` inlines the value.
But this is not relevant for proofs because of proof irrelevance.

Note: This linter can be disabled with `set_option linter.style.haveILetI false`
/Users/mjkang/.codex/worktrees/statement-433-migration/poincare/Poincare/Statement.lean:6115:4: warning: Try this: 
  letI̵

The goal is a proposition, so `let` is preferred over `letI`.
The difference between `let` and `letI` is that `letI` inlines the value.
But this is not relevant for proofs because of proof irrelevance.

Note: This linter can be disabled with `set_option linter.style.haveILetI false`
/Users/mjkang/.codex/worktrees/statement-433-migration/poincare/Poincare/Statement.lean:6193:2: error: Type mismatch: After simplification, term
  Path.Homotopic.map hU { toFun := Subtype.val, continuous_toFun := continuous_subtype_val }
 has type
  @Path.Homotopic Y inst✝¹ (↑xU) (↑yU)
    ({ toFun := fun t => ⟨p t, ⋯⟩, continuous_toFun := ⋯, source' := ⋯, target' := ⋯ }.map ⋯)
    ({ toFun := fun t => ⟨q t, ⋯⟩, continuous_toFun := ⋯, source' := ⋯, target' := ⋯ }.map ⋯)
but is expected to have type
  @Path.Homotopic Y inst✝¹ x y p q
/Users/mjkang/.codex/worktrees/statement-433-migration/poincare/Poincare/Statement.lean:6238:2: warning: Try this: 
  letI̵

The goal is a proposition, so `let` is preferred over `letI`.
The difference between `let` and `letI` is that `letI` inlines the value.
But this is not relevant for proofs because of proof irrelevance.

Note: This linter can be disabled with `set_option linter.style.haveILetI false`
/Users/mjkang/.codex/worktrees/statement-433-migration/poincare/Poincare/Statement.lean:6416:4: error: Type mismatch: After simplification, term
  (overlapPath (unitInterval.symm t)).property.left
 has type
  @Membership.mem Y (Set Y) Set.instMembership U ↑(overlapPath (unitInterval.symm t))
but is expected to have type
  @Membership.mem Y (Set Y) Set.instMembership U (r (unitInterval.symm t))
/Users/mjkang/.codex/worktrees/statement-433-migration/poincare/Poincare/Statement.lean:6419:4: error: Type mismatch: After simplification, term
  (overlapPath (unitInterval.symm t)).property.right
 has type
  @Membership.mem Y (Set Y) Set.instMembership V ↑(overlapPath (unitInterval.symm t))
but is expected to have type
  @Membership.mem Y (Set Y) Set.instMembership V (r (unitInterval.symm t))
/Users/mjkang/.codex/worktrees/statement-433-migration/poincare/Poincare/Statement.lean:6876:4: error: Type mismatch: After simplification, term
  hclose
 has type
  @Eq Y (tailPts (Fin.last (L + R))) x₀
but is expected to have type
  @Eq Y (tailPts ⟨L + R, ⋯⟩) x₀
/Users/mjkang/.codex/worktrees/statement-433-migration/poincare/Poincare/Statement.lean:7044:4: error: Type mismatch: After simplification, term
  hclose
 has type
  @Eq Y (tailPts (Fin.last (L + R))) x₀
but is expected to have type
  @Eq Y (tailPts ⟨L + R, ⋯⟩) x₀
/Users/mjkang/.codex/worktrees/statement-433-migration/poincare/Poincare/Statement.lean:7199:4: error: Type mismatch: After simplification, term
  hStart (Exists.intro 0 (Path.source (tailSegs start)))
 has type
  @Membership.mem Y (Set Y) Set.instMembership V (tailPts start.castSucc)
but is expected to have type
  @Membership.mem Y (Set Y) Set.instMembership V (tailPts ⟨↑start, ⋯⟩)
/Users/mjkang/.codex/worktrees/statement-433-migration/poincare/Poincare/Statement.lean:7969:4: error: Type mismatch: After simplification, term
  hStart (Exists.intro 0 (Path.source (tailSegs start)))
 has type
  @Membership.mem Y (Set Y) Set.instMembership V (tailPts start.castSucc)
but is expected to have type
  @Membership.mem Y (Set Y) Set.instMembership V (tailPts ⟨↑start, ⋯⟩)
/Users/mjkang/.codex/worktrees/statement-433-migration/poincare/Poincare/Statement.lean:8066:4: error: Type mismatch: After simplification, term
  hStart (Exists.intro 0 (Path.source (tailSegs start)))
 has type
  @Membership.mem Y (Set Y) Set.instMembership V (tailPts start.castSucc)
but is expected to have type
  @Membership.mem Y (Set Y) Set.instMembership V (tailPts ⟨↑start, ⋯⟩)
/Users/mjkang/.codex/worktrees/statement-433-migration/poincare/Poincare/Statement.lean:8291:6: error: Type mismatch: After simplification, term
  IsOpen.preimage (Path.continuous γ) hV
 has type
  @IsOpen (↑unitInterval) instTopologicalSpaceSubtype (⇑γ ⁻¹' V)
but is expected to have type
  @IsOpen (↑unitInterval) instTopologicalSpaceSubtype {t | γ t ∈ V}
/Users/mjkang/.codex/worktrees/statement-433-migration/poincare/Poincare/Statement.lean:8292:6: error: Type mismatch: After simplification, term
  IsOpen.preimage (Path.continuous γ) hU
 has type
  @IsOpen (↑unitInterval) instTopologicalSpaceSubtype (⇑γ ⁻¹' U)
but is expected to have type
  @IsOpen (↑unitInterval) instTopologicalSpaceSubtype {t | γ t ∈ U}
/Users/mjkang/.codex/worktrees/statement-433-migration/poincare/Poincare/Statement.lean:8372:2: error: Type mismatch: After simplification, term
  hCastBack
 has type
  @Path.Homotopic X inst✝³ basepoint basepoint { toFun := ⇑γ, continuous_toFun := ⋯, source' := ⋯, target' := ⋯ }
    { toFun := ⇑(Path.refl basepoint), continuous_toFun := ⋯, source' := ⋯, target' := ⋯ }
but is expected to have type
  @Path.Homotopic X inst✝³ basepoint basepoint γ (Path.refl basepoint)
/Users/mjkang/.codex/worktrees/statement-433-migration/poincare/Poincare/Statement.lean:8521:2: warning: Try this: 
  letI̵

The goal is a proposition, so `let` is preferred over `letI`.
The difference between `let` and `letI` is that `letI` inlines the value.
But this is not relevant for proofs because of proof irrelevance.

Note: This linter can be disabled with `set_option linter.style.haveILetI false`
/Users/mjkang/.codex/worktrees/statement-433-migration/poincare/Poincare/Statement.lean:8607:2: warning: Try this: 
  letI̵

The goal is a proposition, so `let` is preferred over `letI`.
The difference between `let` and `letI` is that `letI` inlines the value.
But this is not relevant for proofs because of proof irrelevance.

Note: This linter can be disabled with `set_option linter.style.haveILetI false`
/Users/mjkang/.codex/worktrees/statement-433-migration/poincare/Poincare/Statement.lean:8608:2: warning: Try this: 
  letI̵

The goal is a proposition, so `let` is preferred over `letI`.
The difference between `let` and `letI` is that `letI` inlines the value.
But this is not relevant for proofs because of proof irrelevance.

Note: This linter can be disabled with `set_option linter.style.haveILetI false`
/Users/mjkang/.codex/worktrees/statement-433-migration/poincare/Poincare/Statement.lean:8619:2: warning: Try this: 
  letI̵

The goal is a proposition, so `let` is preferred over `letI`.
The difference between `let` and `letI` is that `letI` inlines the value.
But this is not relevant for proofs because of proof irrelevance.

Note: This linter can be disabled with `set_option linter.style.haveILetI false`
/Users/mjkang/.codex/worktrees/statement-433-migration/poincare/Poincare/Statement.lean:8650:2: warning: Try this: 
  letI̵

The goal is a proposition, so `let` is preferred over `letI`.
The difference between `let` and `letI` is that `letI` inlines the value.
But this is not relevant for proofs because of proof irrelevance.

Note: This linter can be disabled with `set_option linter.style.haveILetI false`
/Users/mjkang/.codex/worktrees/statement-433-migration/poincare/Poincare/Statement.lean:8652:2: warning: Try this: 
  letI̵

The goal is a proposition, so `let` is preferred over `letI`.
The difference between `let` and `letI` is that `letI` inlines the value.
But this is not relevant for proofs because of proof irrelevance.

Note: This linter can be disabled with `set_option linter.style.haveILetI false`
/Users/mjkang/.codex/worktrees/statement-433-migration/poincare/Poincare/Statement.lean:8654:2: warning: Try this: 
  letI̵

The goal is a proposition, so `let` is preferred over `letI`.
The difference between `let` and `letI` is that `letI` inlines the value.
But this is not relevant for proofs because of proof irrelevance.

Note: This linter can be disabled with `set_option linter.style.haveILetI false`
/Users/mjkang/.codex/worktrees/statement-433-migration/poincare/Poincare/Statement.lean:8767:2: warning: Try this: 
  letI̵

The goal is a proposition, so `let` is preferred over `letI`.
The difference between `let` and `letI` is that `letI` inlines the value.
But this is not relevant for proofs because of proof irrelevance.

Note: This linter can be disabled with `set_option linter.style.haveILetI false`
/Users/mjkang/.codex/worktrees/statement-433-migration/poincare/Poincare/Statement.lean:8856:4: error: Type mismatch: After simplification, term
  Set.Countable.preimage hs Subtype.val_injective
 has type
  @Set.Countable { x // x ∈ (stereographic' 2 a).source } (Subtype.val ⁻¹' s)
but is expected to have type
  @Set.Countable ↑(stereographic' 2 a).source {p | ↑p ∈ s}
/Users/mjkang/.codex/worktrees/statement-433-migration/poincare/Poincare/Statement.lean:8857:2: warning: Try this: 
  letI̵

The goal is a proposition, so `let` is preferred over `letI`.
The difference between `let` and `letI` is that `letI` inlines the value.
But this is not relevant for proofs because of proof irrelevance.

Note: This linter can be disabled with `set_option linter.style.haveILetI false`
/Users/mjkang/.codex/worktrees/statement-433-migration/poincare/Poincare/Statement.lean:8919:2: warning: Try this: 
  letI̵

The goal is a proposition, so `let` is preferred over `letI`.
The difference between `let` and `letI` is that `letI` inlines the value.
But this is not relevant for proofs because of proof irrelevance.

Note: This linter can be disabled with `set_option linter.style.haveILetI false`
/Users/mjkang/.codex/worktrees/statement-433-migration/poincare/Poincare/Statement.lean:8921:2: warning: Try this: 
  letI̵

The goal is a proposition, so `let` is preferred over `letI`.
The difference between `let` and `letI` is that `letI` inlines the value.
But this is not relevant for proofs because of proof irrelevance.

Note: This linter can be disabled with `set_option linter.style.haveILetI false`
/Users/mjkang/.codex/worktrees/statement-433-migration/poincare/Poincare/Statement.lean:8923:2: warning: Try this: 
  letI̵

The goal is a proposition, so `let` is preferred over `letI`.
The difference between `let` and `letI` is that `letI` inlines the value.
But this is not relevant for proofs because of proof irrelevance.

Note: This linter can be disabled with `set_option linter.style.haveILetI false`
/Users/mjkang/.codex/worktrees/statement-433-migration/poincare/Poincare/Statement.lean:8999:2: warning: Try this: 
  letI̵

The goal is a proposition, so `let` is preferred over `letI`.
The difference between `let` and `letI` is that `letI` inlines the value.
But this is not relevant for proofs because of proof irrelevance.

Note: This linter can be disabled with `set_option linter.style.haveILetI false`
/Users/mjkang/.codex/worktrees/statement-433-migration/poincare/Poincare/Statement.lean:9011:2: warning: Try this: 
  letI̵

The goal is a proposition, so `let` is preferred over `letI`.
The difference between `let` and `letI` is that `letI` inlines the value.
But this is not relevant for proofs because of proof irrelevance.

Note: This linter can be disabled with `set_option linter.style.haveILetI false`
/Users/mjkang/.codex/worktrees/statement-433-migration/poincare/Poincare/Statement.lean:9013:2: warning: Try this: 
  letI̵

The goal is a proposition, so `let` is preferred over `letI`.
The difference between `let` and `letI` is that `letI` inlines the value.
But this is not relevant for proofs because of proof irrelevance.

Note: This linter can be disabled with `set_option linter.style.haveILetI false`
/Users/mjkang/.codex/worktrees/statement-433-migration/poincare/Poincare/Statement.lean:9025:2: warning: Try this: 
  letI̵

The goal is a proposition, so `let` is preferred over `letI`.
The difference between `let` and `letI` is that `letI` inlines the value.
But this is not relevant for proofs because of proof irrelevance.

Note: This linter can be disabled with `set_option linter.style.haveILetI false`
/Users/mjkang/.codex/worktrees/statement-433-migration/poincare/Poincare/Statement.lean:9039:2: warning: Try this: 
  letI̵

The goal is a proposition, so `let` is preferred over `letI`.
The difference between `let` and `letI` is that `letI` inlines the value.
But this is not relevant for proofs because of proof irrelevance.

Note: This linter can be disabled with `set_option linter.style.haveILetI false`
/Users/mjkang/.codex/worktrees/statement-433-migration/poincare/Poincare/Statement.lean:9051:2: warning: Try this: 
  letI̵

The goal is a proposition, so `let` is preferred over `letI`.
The difference between `let` and `letI` is that `letI` inlines the value.
But this is not relevant for proofs because of proof irrelevance.

Note: This linter can be disabled with `set_option linter.style.haveILetI false`
/Users/mjkang/.codex/worktrees/statement-433-migration/poincare/Poincare/Statement.lean:9067:2: warning: Try this: 
  letI̵

The goal is a proposition, so `let` is preferred over `letI`.
The difference between `let` and `letI` is that `letI` inlines the value.
But this is not relevant for proofs because of proof irrelevance.

Note: This linter can be disabled with `set_option linter.style.haveILetI false`
/Users/mjkang/.codex/worktrees/statement-433-migration/poincare/Poincare/Statement.lean:9133:2: warning: Try this: 
  letI̵

The goal is a proposition, so `let` is preferred over `letI`.
The difference between `let` and `letI` is that `letI` inlines the value.
But this is not relevant for proofs because of proof irrelevance.

Note: This linter can be disabled with `set_option linter.style.haveILetI false`
/Users/mjkang/.codex/worktrees/statement-433-migration/poincare/Poincare/Statement.lean:9135:2: warning: Try this: 
  letI̵

The goal is a proposition, so `let` is preferred over `letI`.
The difference between `let` and `letI` is that `letI` inlines the value.
But this is not relevant for proofs because of proof irrelevance.

Note: This linter can be disabled with `set_option linter.style.haveILetI false`
/Users/mjkang/.codex/worktrees/statement-433-migration/poincare/Poincare/Statement.lean:9137:2: warning: Try this: 
  letI̵

The goal is a proposition, so `let` is preferred over `letI`.
The difference between `let` and `letI` is that `letI` inlines the value.
But this is not relevant for proofs because of proof irrelevance.

Note: This linter can be disabled with `set_option linter.style.haveILetI false`
/Users/mjkang/.codex/worktrees/statement-433-migration/poincare/Poincare/Statement.lean:9453:4: error: Type mismatch: After simplification, term
  hclose
 has type
  @Eq Y (tailPts (Fin.last (L + R + A))) x₀
but is expected to have type
  @Eq Y (tailPts ⟨L + R + A, ⋯⟩) x₀
/Users/mjkang/.codex/worktrees/statement-433-migration/poincare/Poincare/Statement.lean:9726:4: error: Type mismatch: After simplification, term
  hclose
 has type
  @Eq Y (tailPts (Fin.last (L + R + A))) x₀
but is expected to have type
  @Eq Y (tailPts ⟨L + R + A, ⋯⟩) x₀
/Users/mjkang/.codex/worktrees/statement-433-migration/poincare/Poincare/Statement.lean:10081:4: error: Type mismatch: After simplification, term
  hclose
 has type
  @Eq Y (tailPts (Fin.last (L + R + A + B))) x₀
but is expected to have type
  @Eq Y (tailPts ⟨L + R + A + B, ⋯⟩) x₀
/Users/mjkang/.codex/worktrees/statement-433-migration/poincare/Poincare/Statement.lean:10574:4: error: Type mismatch: After simplification, term
  hclose
 has type
  @Eq Y (tailPts (Fin.last (L + R + A + B + C))) x₀
but is expected to have type
  @Eq Y (tailPts ⟨L + R + A + B + C, ⋯⟩) x₀
/Users/mjkang/.codex/worktrees/statement-433-migration/poincare/Poincare/Statement.lean:10784:4: error: Type mismatch: After simplification, term
  hclose
 has type
  @Eq Y (tailPts (Fin.last (L + R + A + B + C))) x₀
but is expected to have type
  @Eq Y (tailPts ⟨L + R + A + B + C, ⋯⟩) x₀
/Users/mjkang/.codex/worktrees/statement-433-migration/poincare/Poincare/Statement.lean:11377:4: error: Type mismatch: After simplification, term
  hclose
 has type
  @Eq Y (tailPts (Fin.last (L + R + A + B + C + D))) x₀
but is expected to have type
  @Eq Y (tailPts ⟨L + R + A + B + C + D, ⋯⟩) x₀
/Users/mjkang/.codex/worktrees/statement-433-migration/poincare/Poincare/Statement.lean:11641:4: error: Type mismatch: After simplification, term
  hclose
 has type
  @Eq Y (tailPts (Fin.last (L + R + A + B + C + D))) x₀
but is expected to have type
  @Eq Y (tailPts ⟨L + R + A + B + C + D, ⋯⟩) x₀
/Users/mjkang/.codex/worktrees/statement-433-migration/poincare/Poincare/Statement.lean:12405:4: error: Type mismatch: After simplification, term
  hclose
 has type
  @Eq Y (tailPts (Fin.last (L + R + A + B + C + D + E))) x₀
but is expected to have type
  @Eq Y (tailPts ⟨L + R + A + B + C + D + E, ⋯⟩) x₀
/Users/mjkang/.codex/worktrees/statement-433-migration/poincare/Poincare/Statement.lean:12715:4: error: Type mismatch: After simplification, term
  hclose
 has type
  @Eq Y (tailPts (Fin.last (L + R + A + B + C + D + E))) x₀
but is expected to have type
  @Eq Y (tailPts ⟨L + R + A + B + C + D + E, ⋯⟩) x₀
/Users/mjkang/.codex/worktrees/statement-433-migration/poincare/Poincare/Statement.lean:13384:4: error: Type mismatch: After simplification, term
  hclose
 has type
  @Eq Y (tailPts (Fin.last (L + R + A + B + C + D + E + F))) x₀
but is expected to have type
  @Eq Y (tailPts ⟨L + R + A + B + C + D + E + F, ⋯⟩) x₀
/Users/mjkang/.codex/worktrees/statement-433-migration/poincare/Poincare/Statement.lean:13990:2: warning: Try this: 
  letI̵

The goal is a proposition, so `let` is preferred over `letI`.
The difference between `let` and `letI` is that `letI` inlines the value.
But this is not relevant for proofs because of proof irrelevance.

Note: This linter can be disabled with `set_option linter.style.haveILetI false`
/Users/mjkang/.codex/worktrees/statement-433-migration/poincare/Poincare/Statement.lean:14034:2: warning: Try this: 
  letI̵

The goal is a proposition, so `let` is preferred over `letI`.
The difference between `let` and `letI` is that `letI` inlines the value.
But this is not relevant for proofs because of proof irrelevance.

Note: This linter can be disabled with `set_option linter.style.haveILetI false`
/Users/mjkang/.codex/worktrees/statement-433-migration/poincare/Poincare/Statement.lean:14037:2: warning: Try this: 
  letI̵

The goal is a proposition, so `let` is preferred over `letI`.
The difference between `let` and `letI` is that `letI` inlines the value.
But this is not relevant for proofs because of proof irrelevance.

Note: This linter can be disabled with `set_option linter.style.haveILetI false`
/Users/mjkang/.codex/worktrees/statement-433-migration/poincare/Poincare/Statement.lean:14040:2: warning: Try this: 
  letI̵

The goal is a proposition, so `let` is preferred over `letI`.
The difference between `let` and `letI` is that `letI` inlines the value.
But this is not relevant for proofs because of proof irrelevance.

Note: This linter can be disabled with `set_option linter.style.haveILetI false`
/Users/mjkang/.codex/worktrees/statement-433-migration/poincare/Poincare/Statement.lean:14090:2: warning: Try this: 
  letI̵

The goal is a proposition, so `let` is preferred over `letI`.
The difference between `let` and `letI` is that `letI` inlines the value.
But this is not relevant for proofs because of proof irrelevance.

Note: This linter can be disabled with `set_option linter.style.haveILetI false`
/Users/mjkang/.codex/worktrees/statement-433-migration/poincare/Poincare/Statement.lean:14133:2: warning: Try this: 
  letI̵

The goal is a proposition, so `let` is preferred over `letI`.
The difference between `let` and `letI` is that `letI` inlines the value.
But this is not relevant for proofs because of proof irrelevance.

Note: This linter can be disabled with `set_option linter.style.haveILetI false`
/Users/mjkang/.codex/worktrees/statement-433-migration/poincare/Poincare/Statement.lean:14136:2: warning: Try this: 
  letI̵

The goal is a proposition, so `let` is preferred over `letI`.
The difference between `let` and `letI` is that `letI` inlines the value.
But this is not relevant for proofs because of proof irrelevance.

Note: This linter can be disabled with `set_option linter.style.haveILetI false`
/Users/mjkang/.codex/worktrees/statement-433-migration/poincare/Poincare/Statement.lean:14139:2: warning: Try this: 
  letI̵

The goal is a proposition, so `let` is preferred over `letI`.
The difference between `let` and `letI` is that `letI` inlines the value.
But this is not relevant for proofs because of proof irrelevance.

Note: This linter can be disabled with `set_option linter.style.haveILetI false`
/Users/mjkang/.codex/worktrees/statement-433-migration/poincare/Poincare/Statement.lean:14195:2: warning: Try this: 
  letI̵

The goal is a proposition, so `let` is preferred over `letI`.
The difference between `let` and `letI` is that `letI` inlines the value.
But this is not relevant for proofs because of proof irrelevance.

Note: This linter can be disabled with `set_option linter.style.haveILetI false`
/Users/mjkang/.codex/worktrees/statement-433-migration/poincare/Poincare/Statement.lean:14198:2: warning: Try this: 
  letI̵

The goal is a proposition, so `let` is preferred over `letI`.
The difference between `let` and `letI` is that `letI` inlines the value.
But this is not relevant for proofs because of proof irrelevance.

Note: This linter can be disabled with `set_option linter.style.haveILetI false`
/Users/mjkang/.codex/worktrees/statement-433-migration/poincare/Poincare/Statement.lean:14208:2: warning: Try this: 
  letI̵

The goal is a proposition, so `let` is preferred over `letI`.
The difference between `let` and `letI` is that `letI` inlines the value.
But this is not relevant for proofs because of proof irrelevance.

Note: This linter can be disabled with `set_option linter.style.haveILetI false`
/Users/mjkang/.codex/worktrees/statement-433-migration/poincare/Poincare/Statement.lean:14302:2: warning: Try this: 
  letI̵

The goal is a proposition, so `let` is preferred over `letI`.
The difference between `let` and `letI` is that `letI` inlines the value.
But this is not relevant for proofs because of proof irrelevance.

Note: This linter can be disabled with `set_option linter.style.haveILetI false`
/Users/mjkang/.codex/worktrees/statement-433-migration/poincare/Poincare/Statement.lean:14305:2: warning: Try this: 
  letI̵

The goal is a proposition, so `let` is preferred over `letI`.
The difference between `let` and `letI` is that `letI` inlines the value.
But this is not relevant for proofs because of proof irrelevance.

Note: This linter can be disabled with `set_option linter.style.haveILetI false`
/Users/mjkang/.codex/worktrees/statement-433-migration/poincare/Poincare/Statement.lean:14315:2: warning: Try this: 
  letI̵

The goal is a proposition, so `let` is preferred over `letI`.
The difference between `let` and `letI` is that `letI` inlines the value.
But this is not relevant for proofs because of proof irrelevance.

Note: This linter can be disabled with `set_option linter.style.haveILetI false`
/Users/mjkang/.codex/worktrees/statement-433-migration/poincare/Poincare/Statement.lean:14412:2: warning: Try this: 
  letI̵

The goal is a proposition, so `let` is preferred over `letI`.
The difference between `let` and `letI` is that `letI` inlines the value.
But this is not relevant for proofs because of proof irrelevance.

Note: This linter can be disabled with `set_option linter.style.haveILetI false`
/Users/mjkang/.codex/worktrees/statement-433-migration/poincare/Poincare/Statement.lean:14415:2: warning: Try this: 
  letI̵

The goal is a proposition, so `let` is preferred over `letI`.
The difference between `let` and `letI` is that `letI` inlines the value.
But this is not relevant for proofs because of proof irrelevance.

Note: This linter can be disabled with `set_option linter.style.haveILetI false`
/Users/mjkang/.codex/worktrees/statement-433-migration/poincare/Poincare/Statement.lean:14418:2: warning: Try this: 
  letI̵

The goal is a proposition, so `let` is preferred over `letI`.
The difference between `let` and `letI` is that `letI` inlines the value.
But this is not relevant for proofs because of proof irrelevance.

Note: This linter can be disabled with `set_option linter.style.haveILetI false`
/Users/mjkang/.codex/worktrees/statement-433-migration/poincare/Poincare/Statement.lean:14469:2: warning: Try this: 
  letI̵

The goal is a proposition, so `let` is preferred over `letI`.
The difference between `let` and `letI` is that `letI` inlines the value.
But this is not relevant for proofs because of proof irrelevance.

Note: This linter can be disabled with `set_option linter.style.haveILetI false`
/Users/mjkang/.codex/worktrees/statement-433-migration/poincare/Poincare/Statement.lean:14472:2: warning: Try this: 
  letI̵

The goal is a proposition, so `let` is preferred over `letI`.
The difference between `let` and `letI` is that `letI` inlines the value.
But this is not relevant for proofs because of proof irrelevance.

Note: This linter can be disabled with `set_option linter.style.haveILetI false`
/Users/mjkang/.codex/worktrees/statement-433-migration/poincare/Poincare/Statement.lean:14475:2: warning: Try this: 
  letI̵

The goal is a proposition, so `let` is preferred over `letI`.
The difference between `let` and `letI` is that `letI` inlines the value.
But this is not relevant for proofs because of proof irrelevance.

Note: This linter can be disabled with `set_option linter.style.haveILetI false`
/Users/mjkang/.codex/worktrees/statement-433-migration/poincare/Poincare/Statement.lean:14536:2: warning: Try this: 
  letI̵

The goal is a proposition, so `let` is preferred over `letI`.
The difference between `let` and `letI` is that `letI` inlines the value.
But this is not relevant for proofs because of proof irrelevance.

Note: This linter can be disabled with `set_option linter.style.haveILetI false`
/Users/mjkang/.codex/worktrees/statement-433-migration/poincare/Poincare/Statement.lean:14539:2: warning: Try this: 
  letI̵

The goal is a proposition, so `let` is preferred over `letI`.
The difference between `let` and `letI` is that `letI` inlines the value.
But this is not relevant for proofs because of proof irrelevance.

Note: This linter can be disabled with `set_option linter.style.haveILetI false`
/Users/mjkang/.codex/worktrees/statement-433-migration/poincare/Poincare/Statement.lean:14542:2: warning: Try this: 
  letI̵

The goal is a proposition, so `let` is preferred over `letI`.
The difference between `let` and `letI` is that `letI` inlines the value.
But this is not relevant for proofs because of proof irrelevance.

Note: This linter can be disabled with `set_option linter.style.haveILetI false`
/Users/mjkang/.codex/worktrees/statement-433-migration/poincare/Poincare/Statement.lean:14607:2: warning: Try this: 
  letI̵

The goal is a proposition, so `let` is preferred over `letI`.
The difference between `let` and `letI` is that `letI` inlines the value.
But this is not relevant for proofs because of proof irrelevance.

Note: This linter can be disabled with `set_option linter.style.haveILetI false`
/Users/mjkang/.codex/worktrees/statement-433-migration/poincare/Poincare/Statement.lean:14610:2: warning: Try this: 
  letI̵

The goal is a proposition, so `let` is preferred over `letI`.
The difference between `let` and `letI` is that `letI` inlines the value.
But this is not relevant for proofs because of proof irrelevance.

Note: This linter can be disabled with `set_option linter.style.haveILetI false`
/Users/mjkang/.codex/worktrees/statement-433-migration/poincare/Poincare/Statement.lean:14613:2: warning: Try this: 
  letI̵

The goal is a proposition, so `let` is preferred over `letI`.
The difference between `let` and `letI` is that `letI` inlines the value.
But this is not relevant for proofs because of proof irrelevance.

Note: This linter can be disabled with `set_option linter.style.haveILetI false`
/Users/mjkang/.codex/worktrees/statement-433-migration/poincare/Poincare/Statement.lean:14681:2: warning: Try this: 
  letI̵

The goal is a proposition, so `let` is preferred over `letI`.
The difference between `let` and `letI` is that `letI` inlines the value.
But this is not relevant for proofs because of proof irrelevance.

Note: This linter can be disabled with `set_option linter.style.haveILetI false`
/Users/mjkang/.codex/worktrees/statement-433-migration/poincare/Poincare/Statement.lean:14684:2: warning: Try this: 
  letI̵

The goal is a proposition, so `let` is preferred over `letI`.
The difference between `let` and `letI` is that `letI` inlines the value.
But this is not relevant for proofs because of proof irrelevance.

Note: This linter can be disabled with `set_option linter.style.haveILetI false`
/Users/mjkang/.codex/worktrees/statement-433-migration/poincare/Poincare/Statement.lean:14687:2: warning: Try this: 
  letI̵

The goal is a proposition, so `let` is preferred over `letI`.
The difference between `let` and `letI` is that `letI` inlines the value.
But this is not relevant for proofs because of proof irrelevance.

Note: This linter can be disabled with `set_option linter.style.haveILetI false`
/Users/mjkang/.codex/worktrees/statement-433-migration/poincare/Poincare/Statement.lean:14750:2: warning: Try this: 
  letI̵

The goal is a proposition, so `let` is preferred over `letI`.
The difference between `let` and `letI` is that `letI` inlines the value.
But this is not relevant for proofs because of proof irrelevance.

Note: This linter can be disabled with `set_option linter.style.haveILetI false`
/Users/mjkang/.codex/worktrees/statement-433-migration/poincare/Poincare/Statement.lean:14753:2: warning: Try this: 
  letI̵

The goal is a proposition, so `let` is preferred over `letI`.
The difference between `let` and `letI` is that `letI` inlines the value.
But this is not relevant for proofs because of proof irrelevance.

Note: This linter can be disabled with `set_option linter.style.haveILetI false`
/Users/mjkang/.codex/worktrees/statement-433-migration/poincare/Poincare/Statement.lean:14756:2: warning: Try this: 
  letI̵

The goal is a proposition, so `let` is preferred over `letI`.
The difference between `let` and `letI` is that `letI` inlines the value.
But this is not relevant for proofs because of proof irrelevance.

Note: This linter can be disabled with `set_option linter.style.haveILetI false`
/Users/mjkang/.codex/worktrees/statement-433-migration/poincare/Poincare/Statement.lean:15054:2: warning: Try this: 
  letI̵

The goal is a proposition, so `let` is preferred over `letI`.
The difference between `let` and `letI` is that `letI` inlines the value.
But this is not relevant for proofs because of proof irrelevance.

Note: This linter can be disabled with `set_option linter.style.haveILetI false`
/Users/mjkang/.codex/worktrees/statement-433-migration/poincare/Poincare/Statement.lean:15057:2: warning: Try this: 
  letI̵

The goal is a proposition, so `let` is preferred over `letI`.
The difference between `let` and `letI` is that `letI` inlines the value.
But this is not relevant for proofs because of proof irrelevance.

Note: This linter can be disabled with `set_option linter.style.haveILetI false`
/Users/mjkang/.codex/worktrees/statement-433-migration/poincare/Poincare/Statement.lean:15060:2: warning: Try this: 
  letI̵

The goal is a proposition, so `let` is preferred over `letI`.
The difference between `let` and `letI` is that `letI` inlines the value.
But this is not relevant for proofs because of proof irrelevance.

Note: This linter can be disabled with `set_option linter.style.haveILetI false`
/Users/mjkang/.codex/worktrees/statement-433-migration/poincare/Poincare/Statement.lean:15095:2: warning: Try this: 
  letI̵

The goal is a proposition, so `let` is preferred over `letI`.
The difference between `let` and `letI` is that `letI` inlines the value.
But this is not relevant for proofs because of proof irrelevance.

Note: This linter can be disabled with `set_option linter.style.haveILetI false`
/Users/mjkang/.codex/worktrees/statement-433-migration/poincare/Poincare/Statement.lean:15098:2: warning: Try this: 
  letI̵

The goal is a proposition, so `let` is preferred over `letI`.
The difference between `let` and `letI` is that `letI` inlines the value.
But this is not relevant for proofs because of proof irrelevance.

Note: This linter can be disabled with `set_option linter.style.haveILetI false`
/Users/mjkang/.codex/worktrees/statement-433-migration/poincare/Poincare/Statement.lean:15101:2: warning: Try this: 
  letI̵

The goal is a proposition, so `let` is preferred over `letI`.
The difference between `let` and `letI` is that `letI` inlines the value.
But this is not relevant for proofs because of proof irrelevance.

Note: This linter can be disabled with `set_option linter.style.haveILetI false`
/Users/mjkang/.codex/worktrees/statement-433-migration/poincare/Poincare/Statement.lean:15159:2: warning: Try this: 
  letI̵

The goal is a proposition, so `let` is preferred over `letI`.
The difference between `let` and `letI` is that `letI` inlines the value.
But this is not relevant for proofs because of proof irrelevance.

Note: This linter can be disabled with `set_option linter.style.haveILetI false`
/Users/mjkang/.codex/worktrees/statement-433-migration/poincare/Poincare/Statement.lean:15162:2: warning: Try this: 
  letI̵

The goal is a proposition, so `let` is preferred over `letI`.
The difference between `let` and `letI` is that `letI` inlines the value.
But this is not relevant for proofs because of proof irrelevance.

Note: This linter can be disabled with `set_option linter.style.haveILetI false`
/Users/mjkang/.codex/worktrees/statement-433-migration/poincare/Poincare/Statement.lean:15165:2: warning: Try this: 
  letI̵

The goal is a proposition, so `let` is preferred over `letI`.
The difference between `let` and `letI` is that `letI` inlines the value.
But this is not relevant for proofs because of proof irrelevance.

Note: This linter can be disabled with `set_option linter.style.haveILetI false`
/Users/mjkang/.codex/worktrees/statement-433-migration/poincare/Poincare/Statement.lean:15227:2: warning: Try this: 
  letI̵

The goal is a proposition, so `let` is preferred over `letI`.
The difference between `let` and `letI` is that `letI` inlines the value.
But this is not relevant for proofs because of proof irrelevance.

Note: This linter can be disabled with `set_option linter.style.haveILetI false`
/Users/mjkang/.codex/worktrees/statement-433-migration/poincare/Poincare/Statement.lean:15230:2: warning: Try this: 
  letI̵

The goal is a proposition, so `let` is preferred over `letI`.
The difference between `let` and `letI` is that `letI` inlines the value.
But this is not relevant for proofs because of proof irrelevance.

Note: This linter can be disabled with `set_option linter.style.haveILetI false`
/Users/mjkang/.codex/worktrees/statement-433-migration/poincare/Poincare/Statement.lean:15233:2: warning: Try this: 
  letI̵

The goal is a proposition, so `let` is preferred over `letI`.
The difference between `let` and `letI` is that `letI` inlines the value.
But this is not relevant for proofs because of proof irrelevance.

Note: This linter can be disabled with `set_option linter.style.haveILetI false`
/Users/mjkang/.codex/worktrees/statement-433-migration/poincare/Poincare/Statement.lean:15282:2: warning: Try this: 
  letI̵

The goal is a proposition, so `let` is preferred over `letI`.
The difference between `let` and `letI` is that `letI` inlines the value.
But this is not relevant for proofs because of proof irrelevance.

Note: This linter can be disabled with `set_option linter.style.haveILetI false`
/Users/mjkang/.codex/worktrees/statement-433-migration/poincare/Poincare/Statement.lean:15285:2: warning: Try this: 
  letI̵

The goal is a proposition, so `let` is preferred over `letI`.
The difference between `let` and `letI` is that `letI` inlines the value.
But this is not relevant for proofs because of proof irrelevance.

Note: This linter can be disabled with `set_option linter.style.haveILetI false`
/Users/mjkang/.codex/worktrees/statement-433-migration/poincare/Poincare/Statement.lean:15313:2: warning: Try this: 
  letI̵

The goal is a proposition, so `let` is preferred over `letI`.
The difference between `let` and `letI` is that `letI` inlines the value.
But this is not relevant for proofs because of proof irrelevance.

Note: This linter can be disabled with `set_option linter.style.haveILetI false`
/Users/mjkang/.codex/worktrees/statement-433-migration/poincare/Poincare/Statement.lean:15316:2: warning: Try this: 
  letI̵

The goal is a proposition, so `let` is preferred over `letI`.
The difference between `let` and `letI` is that `letI` inlines the value.
But this is not relevant for proofs because of proof irrelevance.

Note: This linter can be disabled with `set_option linter.style.haveILetI false`
/Users/mjkang/.codex/worktrees/statement-433-migration/poincare/Poincare/Statement.lean:16581:2: warning: Try this: 
  letI̵

The goal is a proposition, so `let` is preferred over `letI`.
The difference between `let` and `letI` is that `letI` inlines the value.
But this is not relevant for proofs because of proof irrelevance.

Note: This linter can be disabled with `set_option linter.style.haveILetI false`
/Users/mjkang/.codex/worktrees/statement-433-migration/poincare/Poincare/Statement.lean:16584:2: warning: Try this: 
  letI̵

The goal is a proposition, so `let` is preferred over `letI`.
The difference between `let` and `letI` is that `letI` inlines the value.
But this is not relevant for proofs because of proof irrelevance.

Note: This linter can be disabled with `set_option linter.style.haveILetI false`
/Users/mjkang/.codex/worktrees/statement-433-migration/poincare/Poincare/Statement.lean:16633:2: warning: Try this: 
  letI̵

The goal is a proposition, so `let` is preferred over `letI`.
The difference between `let` and `letI` is that `letI` inlines the value.
But this is not relevant for proofs because of proof irrelevance.

Note: This linter can be disabled with `set_option linter.style.haveILetI false`
/Users/mjkang/.codex/worktrees/statement-433-migration/poincare/Poincare/Statement.lean:16636:2: warning: Try this: 
  letI̵

The goal is a proposition, so `let` is preferred over `letI`.
The difference between `let` and `letI` is that `letI` inlines the value.
But this is not relevant for proofs because of proof irrelevance.

Note: This linter can be disabled with `set_option linter.style.haveILetI false`
/Users/mjkang/.codex/worktrees/statement-433-migration/poincare/Poincare/Statement.lean:17080:2: warning: Try this: 
  letI̵

The goal is a proposition, so `let` is preferred over `letI`.
The difference between `let` and `letI` is that `letI` inlines the value.
But this is not relevant for proofs because of proof irrelevance.

Note: This linter can be disabled with `set_option linter.style.haveILetI false`
/Users/mjkang/.codex/worktrees/statement-433-migration/poincare/Poincare/Statement.lean:17083:2: warning: Try this: 
  letI̵

The goal is a proposition, so `let` is preferred over `letI`.
The difference between `let` and `letI` is that `letI` inlines the value.
But this is not relevant for proofs because of proof irrelevance.

Note: This linter can be disabled with `set_option linter.style.haveILetI false`
/Users/mjkang/.codex/worktrees/statement-433-migration/poincare/Poincare/Statement.lean:17086:2: warning: Try this: 
  letI̵

The goal is a proposition, so `let` is preferred over `letI`.
The difference between `let` and `letI` is that `letI` inlines the value.
But this is not relevant for proofs because of proof irrelevance.

Note: This linter can be disabled with `set_option linter.style.haveILetI false`
/Users/mjkang/.codex/worktrees/statement-433-migration/poincare/Poincare/Statement.lean:17162:2: warning: Try this: 
  letI̵

The goal is a proposition, so `let` is preferred over `letI`.
The difference between `let` and `letI` is that `letI` inlines the value.
But this is not relevant for proofs because of proof irrelevance.

Note: This linter can be disabled with `set_option linter.style.haveILetI false`
/Users/mjkang/.codex/worktrees/statement-433-migration/poincare/Poincare/Statement.lean:17165:2: warning: Try this: 
  letI̵

The goal is a proposition, so `let` is preferred over `letI`.
The difference between `let` and `letI` is that `letI` inlines the value.
But this is not relevant for proofs because of proof irrelevance.

Note: This linter can be disabled with `set_option linter.style.haveILetI false`
/Users/mjkang/.codex/worktrees/statement-433-migration/poincare/Poincare/Statement.lean:17168:2: warning: Try this: 
  letI̵

The goal is a proposition, so `let` is preferred over `letI`.
The difference between `let` and `letI` is that `letI` inlines the value.
But this is not relevant for proofs because of proof irrelevance.

Note: This linter can be disabled with `set_option linter.style.haveILetI false`
/Users/mjkang/.codex/worktrees/statement-433-migration/poincare/Poincare/Statement.lean:17297:2: warning: Try this: 
  letI̵

The goal is a proposition, so `let` is preferred over `letI`.
The difference between `let` and `letI` is that `letI` inlines the value.
But this is not relevant for proofs because of proof irrelevance.

Note: This linter can be disabled with `set_option linter.style.haveILetI false`
/Users/mjkang/.codex/worktrees/statement-433-migration/poincare/Poincare/Statement.lean:17300:2: warning: Try this: 
  letI̵

The goal is a proposition, so `let` is preferred over `letI`.
The difference between `let` and `letI` is that `letI` inlines the value.
But this is not relevant for proofs because of proof irrelevance.

Note: This linter can be disabled with `set_option linter.style.haveILetI false`
/Users/mjkang/.codex/worktrees/statement-433-migration/poincare/Poincare/Statement.lean:17303:2: warning: Try this: 
  letI̵

The goal is a proposition, so `let` is preferred over `letI`.
The difference between `let` and `letI` is that `letI` inlines the value.
But this is not relevant for proofs because of proof irrelevance.

Note: This linter can be disabled with `set_option linter.style.haveILetI false`
/Users/mjkang/.codex/worktrees/statement-433-migration/poincare/Poincare/Statement.lean:17803:2: warning: Try this: 
  letI̵

The goal is a proposition, so `let` is preferred over `letI`.
The difference between `let` and `letI` is that `letI` inlines the value.
But this is not relevant for proofs because of proof irrelevance.

Note: This linter can be disabled with `set_option linter.style.haveILetI false`
/Users/mjkang/.codex/worktrees/statement-433-migration/poincare/Poincare/Statement.lean:17806:2: warning: Try this: 
  letI̵

The goal is a proposition, so `let` is preferred over `letI`.
The difference between `let` and `letI` is that `letI` inlines the value.
But this is not relevant for proofs because of proof irrelevance.

Note: This linter can be disabled with `set_option linter.style.haveILetI false`
/Users/mjkang/.codex/worktrees/statement-433-migration/poincare/Poincare/Statement.lean:17809:2: warning: Try this: 
  letI̵

The goal is a proposition, so `let` is preferred over `letI`.
The difference between `let` and `letI` is that `letI` inlines the value.
But this is not relevant for proofs because of proof irrelevance.

Note: This linter can be disabled with `set_option linter.style.haveILetI false`
/Users/mjkang/.codex/worktrees/statement-433-migration/poincare/Poincare/Statement.lean:17897:2: warning: Try this: 
  letI̵

The goal is a proposition, so `let` is preferred over `letI`.
The difference between `let` and `letI` is that `letI` inlines the value.
But this is not relevant for proofs because of proof irrelevance.

Note: This linter can be disabled with `set_option linter.style.haveILetI false`
/Users/mjkang/.codex/worktrees/statement-433-migration/poincare/Poincare/Statement.lean:17900:2: warning: Try this: 
  letI̵

The goal is a proposition, so `let` is preferred over `letI`.
The difference between `let` and `letI` is that `letI` inlines the value.
But this is not relevant for proofs because of proof irrelevance.

Note: This linter can be disabled with `set_option linter.style.haveILetI false`
/Users/mjkang/.codex/worktrees/statement-433-migration/poincare/Poincare/Statement.lean:17903:2: warning: Try this: 
  letI̵

The goal is a proposition, so `let` is preferred over `letI`.
The difference between `let` and `letI` is that `letI` inlines the value.
But this is not relevant for proofs because of proof irrelevance.

Note: This linter can be disabled with `set_option linter.style.haveILetI false`
/Users/mjkang/.codex/worktrees/statement-433-migration/poincare/Poincare/Statement.lean:18121:2: warning: Try this: 
  letI̵

The goal is a proposition, so `let` is preferred over `letI`.
The difference between `let` and `letI` is that `letI` inlines the value.
But this is not relevant for proofs because of proof irrelevance.

Note: This linter can be disabled with `set_option linter.style.haveILetI false`
/Users/mjkang/.codex/worktrees/statement-433-migration/poincare/Poincare/Statement.lean:18124:2: warning: Try this: 
  letI̵

The goal is a proposition, so `let` is preferred over `letI`.
The difference between `let` and `letI` is that `letI` inlines the value.
But this is not relevant for proofs because of proof irrelevance.

Note: This linter can be disabled with `set_option linter.style.haveILetI false`
/Users/mjkang/.codex/worktrees/statement-433-migration/poincare/Poincare/Statement.lean:18127:2: warning: Try this: 
  letI̵

The goal is a proposition, so `let` is preferred over `letI`.
The difference between `let` and `letI` is that `letI` inlines the value.
But this is not relevant for proofs because of proof irrelevance.

Note: This linter can be disabled with `set_option linter.style.haveILetI false`
/Users/mjkang/.codex/worktrees/statement-433-migration/poincare/Poincare/Statement.lean:18276:2: warning: Try this: 
  letI̵

The goal is a proposition, so `let` is preferred over `letI`.
The difference between `let` and `letI` is that `letI` inlines the value.
But this is not relevant for proofs because of proof irrelevance.

Note: This linter can be disabled with `set_option linter.style.haveILetI false`
/Users/mjkang/.codex/worktrees/statement-433-migration/poincare/Poincare/Statement.lean:18279:2: warning: Try this: 
  letI̵

The goal is a proposition, so `let` is preferred over `letI`.
The difference between `let` and `letI` is that `letI` inlines the value.
But this is not relevant for proofs because of proof irrelevance.

Note: This linter can be disabled with `set_option linter.style.haveILetI false`
/Users/mjkang/.codex/worktrees/statement-433-migration/poincare/Poincare/Statement.lean:18282:2: warning: Try this: 
  letI̵

The goal is a proposition, so `let` is preferred over `letI`.
The difference between `let` and `letI` is that `letI` inlines the value.
But this is not relevant for proofs because of proof irrelevance.

Note: This linter can be disabled with `set_option linter.style.haveILetI false`
/Users/mjkang/.codex/worktrees/statement-433-migration/poincare/Poincare/Statement.lean:18434:2: warning: Try this: 
  letI̵

The goal is a proposition, so `let` is preferred over `letI`.
The difference between `let` and `letI` is that `letI` inlines the value.
But this is not relevant for proofs because of proof irrelevance.

Note: This linter can be disabled with `set_option linter.style.haveILetI false`
/Users/mjkang/.codex/worktrees/statement-433-migration/poincare/Poincare/Statement.lean:18437:2: warning: Try this: 
  letI̵

The goal is a proposition, so `let` is preferred over `letI`.
The difference between `let` and `letI` is that `letI` inlines the value.
But this is not relevant for proofs because of proof irrelevance.

Note: This linter can be disabled with `set_option linter.style.haveILetI false`
/Users/mjkang/.codex/worktrees/statement-433-migration/poincare/Poincare/Statement.lean:18440:2: warning: Try this: 
  letI̵

The goal is a proposition, so `let` is preferred over `letI`.
The difference between `let` and `letI` is that `letI` inlines the value.
But this is not relevant for proofs because of proof irrelevance.

Note: This linter can be disabled with `set_option linter.style.haveILetI false`
/Users/mjkang/.codex/worktrees/statement-433-migration/poincare/Poincare/Statement.lean:18589:2: warning: Try this: 
  letI̵

The goal is a proposition, so `let` is preferred over `letI`.
The difference between `let` and `letI` is that `letI` inlines the value.
But this is not relevant for proofs because of proof irrelevance.

Note: This linter can be disabled with `set_option linter.style.haveILetI false`
/Users/mjkang/.codex/worktrees/statement-433-migration/poincare/Poincare/Statement.lean:18592:2: warning: Try this: 
  letI̵

The goal is a proposition, so `let` is preferred over `letI`.
The difference between `let` and `letI` is that `letI` inlines the value.
But this is not relevant for proofs because of proof irrelevance.

Note: This linter can be disabled with `set_option linter.style.haveILetI false`
/Users/mjkang/.codex/worktrees/statement-433-migration/poincare/Poincare/Statement.lean:18595:2: warning: Try this: 
  letI̵

The goal is a proposition, so `let` is preferred over `letI`.
The difference between `let` and `letI` is that `letI` inlines the value.
But this is not relevant for proofs because of proof irrelevance.

Note: This linter can be disabled with `set_option linter.style.haveILetI false`
/Users/mjkang/.codex/worktrees/statement-433-migration/poincare/Poincare/Statement.lean:18930:4: error: Type mismatch: After simplification, term
  hclose
 has type
  @Eq ThreeSphere (tailPts (Fin.last (L + R + A + B))) x₀
but is expected to have type
  @Eq ThreeSphere (tailPts ⟨L + R + A + B, ⋯⟩) x₀
/Users/mjkang/.codex/worktrees/statement-433-migration/poincare/Poincare/Statement.lean:19023:2: warning: Try this: 
  letI̵

The goal is a proposition, so `let` is preferred over `letI`.
The difference between `let` and `letI` is that `letI` inlines the value.
But this is not relevant for proofs because of proof irrelevance.

Note: This linter can be disabled with `set_option linter.style.haveILetI false`
/Users/mjkang/.codex/worktrees/statement-433-migration/poincare/Poincare/Statement.lean:19026:2: warning: Try this: 
  letI̵

The goal is a proposition, so `let` is preferred over `letI`.
The difference between `let` and `letI` is that `letI` inlines the value.
But this is not relevant for proofs because of proof irrelevance.

Note: This linter can be disabled with `set_option linter.style.haveILetI false`
/Users/mjkang/.codex/worktrees/statement-433-migration/poincare/Poincare/Statement.lean:19029:2: warning: Try this: 
  letI̵

The goal is a proposition, so `let` is preferred over `letI`.
The difference between `let` and `letI` is that `letI` inlines the value.
But this is not relevant for proofs because of proof irrelevance.

Note: This linter can be disabled with `set_option linter.style.haveILetI false`
/Users/mjkang/.codex/worktrees/statement-433-migration/poincare/Poincare/Statement.lean:19297:4: error: Type mismatch: After simplification, term
  hclose
 has type
  @Eq ThreeSphere (tailPts (Fin.last (L + R + A + B))) x₀
but is expected to have type
  @Eq ThreeSphere (tailPts ⟨L + R + A + B, ⋯⟩) x₀
/Users/mjkang/.codex/worktrees/statement-433-migration/poincare/Poincare/Statement.lean:19390:2: warning: Try this: 
  letI̵

The goal is a proposition, so `let` is preferred over `letI`.
The difference between `let` and `letI` is that `letI` inlines the value.
But this is not relevant for proofs because of proof irrelevance.

Note: This linter can be disabled with `set_option linter.style.haveILetI false`
/Users/mjkang/.codex/worktrees/statement-433-migration/poincare/Poincare/Statement.lean:19393:2: warning: Try this: 
  letI̵

The goal is a proposition, so `let` is preferred over `letI`.
The difference between `let` and `letI` is that `letI` inlines the value.
But this is not relevant for proofs because of proof irrelevance.

Note: This linter can be disabled with `set_option linter.style.haveILetI false`
/Users/mjkang/.codex/worktrees/statement-433-migration/poincare/Poincare/Statement.lean:19396:2: warning: Try this: 
  letI̵

The goal is a proposition, so `let` is preferred over `letI`.
The difference between `let` and `letI` is that `letI` inlines the value.
But this is not relevant for proofs because of proof irrelevance.

Note: This linter can be disabled with `set_option linter.style.haveILetI false`
/Users/mjkang/.codex/worktrees/statement-433-migration/poincare/Poincare/Statement.lean:19793:4: error: Type mismatch: After simplification, term
  hclose
 has type
  @Eq ThreeSphere (tailPts (Fin.last (L + R + A + B + C))) x₀
but is expected to have type
  @Eq ThreeSphere (tailPts ⟨L + R + A + B + C, ⋯⟩) x₀
/Users/mjkang/.codex/worktrees/statement-433-migration/poincare/Poincare/Statement.lean:19903:2: warning: Try this: 
  letI̵

The goal is a proposition, so `let` is preferred over `letI`.
The difference between `let` and `letI` is that `letI` inlines the value.
But this is not relevant for proofs because of proof irrelevance.

Note: This linter can be disabled with `set_option linter.style.haveILetI false`
/Users/mjkang/.codex/worktrees/statement-433-migration/poincare/Poincare/Statement.lean:19906:2: warning: Try this: 
  letI̵

The goal is a proposition, so `let` is preferred over `letI`.
The difference between `let` and `letI` is that `letI` inlines the value.
But this is not relevant for proofs because of proof irrelevance.

Note: This linter can be disabled with `set_option linter.style.haveILetI false`
/Users/mjkang/.codex/worktrees/statement-433-migration/poincare/Poincare/Statement.lean:19909:2: warning: Try this: 
  letI̵

The goal is a proposition, so `let` is preferred over `letI`.
The difference between `let` and `letI` is that `letI` inlines the value.
But this is not relevant for proofs because of proof irrelevance.

Note: This linter can be disabled with `set_option linter.style.haveILetI false`
/Users/mjkang/.codex/worktrees/statement-433-migration/poincare/Poincare/Statement.lean:20107:4: error: Type mismatch: After simplification, term
  hclose
 has type
  @Eq ThreeSphere (tailPts (Fin.last (L + R + A + B + C))) x₀
but is expected to have type
  @Eq ThreeSphere (tailPts ⟨L + R + A + B + C, ⋯⟩) x₀
/Users/mjkang/.codex/worktrees/statement-433-migration/poincare/Poincare/Statement.lean:20217:2: warning: Try this: 
  letI̵

The goal is a proposition, so `let` is preferred over `letI`.
The difference between `let` and `letI` is that `letI` inlines the value.
But this is not relevant for proofs because of proof irrelevance.

Note: This linter can be disabled with `set_option linter.style.haveILetI false`
/Users/mjkang/.codex/worktrees/statement-433-migration/poincare/Poincare/Statement.lean:20220:2: warning: Try this: 
  letI̵

The goal is a proposition, so `let` is preferred over `letI`.
The difference between `let` and `letI` is that `letI` inlines the value.
But this is not relevant for proofs because of proof irrelevance.

Note: This linter can be disabled with `set_option linter.style.haveILetI false`
/Users/mjkang/.codex/worktrees/statement-433-migration/poincare/Poincare/Statement.lean:20223:2: warning: Try this: 
  letI̵

The goal is a proposition, so `let` is preferred over `letI`.
The difference between `let` and `letI` is that `letI` inlines the value.
But this is not relevant for proofs because of proof irrelevance.

Note: This linter can be disabled with `set_option linter.style.haveILetI false`
/Users/mjkang/.codex/worktrees/statement-433-migration/poincare/Poincare/Statement.lean:21579:4: error: Type mismatch: After simplification, term
  hclose
 has type
  @Eq ThreeSphere (tailPts (Fin.last (L + R + A + B + C + D))) x₀
but is expected to have type
  @Eq ThreeSphere (tailPts ⟨L + R + A + B + C + D, ⋯⟩) x₀
/Users/mjkang/.codex/worktrees/statement-433-migration/poincare/Poincare/Statement.lean:21706:2: warning: Try this: 
  letI̵

The goal is a proposition, so `let` is preferred over `letI`.
The difference between `let` and `letI` is that `letI` inlines the value.
But this is not relevant for proofs because of proof irrelevance.

Note: This linter can be disabled with `set_option linter.style.haveILetI false`
/Users/mjkang/.codex/worktrees/statement-433-migration/poincare/Poincare/Statement.lean:21709:2: warning: Try this: 
  letI̵

The goal is a proposition, so `let` is preferred over `letI`.
The difference between `let` and `letI` is that `letI` inlines the value.
But this is not relevant for proofs because of proof irrelevance.

Note: This linter can be disabled with `set_option linter.style.haveILetI false`
/Users/mjkang/.codex/worktrees/statement-433-migration/poincare/Poincare/Statement.lean:21712:2: warning: Try this: 
  letI̵

The goal is a proposition, so `let` is preferred over `letI`.
The difference between `let` and `letI` is that `letI` inlines the value.
But this is not relevant for proofs because of proof irrelevance.

Note: This linter can be disabled with `set_option linter.style.haveILetI false`
/Users/mjkang/.codex/worktrees/statement-433-migration/poincare/Poincare/Statement.lean:21956:4: error: Type mismatch: After simplification, term
  hclose
 has type
  @Eq ThreeSphere (tailPts (Fin.last (L + R + A + B + C + D))) x₀
but is expected to have type
  @Eq ThreeSphere (tailPts ⟨L + R + A + B + C + D, ⋯⟩) x₀
/Users/mjkang/.codex/worktrees/statement-433-migration/poincare/Poincare/Statement.lean:22083:2: warning: Try this: 
  letI̵

The goal is a proposition, so `let` is preferred over `letI`.
The difference between `let` and `letI` is that `letI` inlines the value.
But this is not relevant for proofs because of proof irrelevance.

Note: This linter can be disabled with `set_option linter.style.haveILetI false`
/Users/mjkang/.codex/worktrees/statement-433-migration/poincare/Poincare/Statement.lean:22086:2: warning: Try this: 
  letI̵

The goal is a proposition, so `let` is preferred over `letI`.
The difference between `let` and `letI` is that `letI` inlines the value.
But this is not relevant for proofs because of proof irrelevance.

Note: This linter can be disabled with `set_option linter.style.haveILetI false`
/Users/mjkang/.codex/worktrees/statement-433-migration/poincare/Poincare/Statement.lean:22089:2: warning: Try this: 
  letI̵

The goal is a proposition, so `let` is preferred over `letI`.
The difference between `let` and `letI` is that `letI` inlines the value.
But this is not relevant for proofs because of proof irrelevance.

Note: This linter can be disabled with `set_option linter.style.haveILetI false`
/Users/mjkang/.codex/worktrees/statement-433-migration/poincare/Poincare/Statement.lean:22374:4: error: Type mismatch: After simplification, term
  hclose
 has type
  @Eq ThreeSphere (tailPts (Fin.last (L + R + A + B + C + D + E₀))) x₀
but is expected to have type
  @Eq ThreeSphere (tailPts ⟨L + R + A + B + C + D + E₀, ⋯⟩) x₀
/Users/mjkang/.codex/worktrees/statement-433-migration/poincare/Poincare/Statement.lean:22518:2: warning: Try this: 
  letI̵

The goal is a proposition, so `let` is preferred over `letI`.
The difference between `let` and `letI` is that `letI` inlines the value.
But this is not relevant for proofs because of proof irrelevance.

Note: This linter can be disabled with `set_option linter.style.haveILetI false`
/Users/mjkang/.codex/worktrees/statement-433-migration/poincare/Poincare/Statement.lean:22521:2: warning: Try this: 
  letI̵

The goal is a proposition, so `let` is preferred over `letI`.
The difference between `let` and `letI` is that `letI` inlines the value.
But this is not relevant for proofs because of proof irrelevance.

Note: This linter can be disabled with `set_option linter.style.haveILetI false`
/Users/mjkang/.codex/worktrees/statement-433-migration/poincare/Poincare/Statement.lean:22524:2: warning: Try this: 
  letI̵

The goal is a proposition, so `let` is preferred over `letI`.
The difference between `let` and `letI` is that `letI` inlines the value.
But this is not relevant for proofs because of proof irrelevance.

Note: This linter can be disabled with `set_option linter.style.haveILetI false`
/Users/mjkang/.codex/worktrees/statement-433-migration/poincare/Poincare/Statement.lean:22851:4: error: Type mismatch: After simplification, term
  hclose
 has type
  @Eq ThreeSphere (tailPts (Fin.last (L + R + A + B + C + D + E₀ + F₀))) x₀
but is expected to have type
  @Eq ThreeSphere (tailPts ⟨L + R + A + B + C + D + E₀ + F₀, ⋯⟩) x₀
/Users/mjkang/.codex/worktrees/statement-433-migration/poincare/Poincare/Statement.lean:23013:2: warning: Try this: 
  letI̵

The goal is a proposition, so `let` is preferred over `letI`.
The difference between `let` and `letI` is that `letI` inlines the value.
But this is not relevant for proofs because of proof irrelevance.

Note: This linter can be disabled with `set_option linter.style.haveILetI false`
/Users/mjkang/.codex/worktrees/statement-433-migration/poincare/Poincare/Statement.lean:23016:2: warning: Try this: 
  letI̵

The goal is a proposition, so `let` is preferred over `letI`.
The difference between `let` and `letI` is that `letI` inlines the value.
But this is not relevant for proofs because of proof irrelevance.

Note: This linter can be disabled with `set_option linter.style.haveILetI false`
/Users/mjkang/.codex/worktrees/statement-433-migration/poincare/Poincare/Statement.lean:23019:2: warning: Try this: 
  letI̵

The goal is a proposition, so `let` is preferred over `letI`.
The difference between `let` and `letI` is that `letI` inlines the value.
But this is not relevant for proofs because of proof irrelevance.

Note: This linter can be disabled with `set_option linter.style.haveILetI false`
/Users/mjkang/.codex/worktrees/statement-433-migration/poincare/Poincare/Statement.lean:23312:4: error: Type mismatch: After simplification, term
  hclose
 has type
  @Eq ThreeSphere (tailPts (Fin.last (L + R + A + B + C + D + E₀))) x₀
but is expected to have type
  @Eq ThreeSphere (tailPts ⟨L + R + A + B + C + D + E₀, ⋯⟩) x₀
/Users/mjkang/.codex/worktrees/statement-433-migration/poincare/Poincare/Statement.lean:23456:2: warning: Try this: 
  letI̵

The goal is a proposition, so `let` is preferred over `letI`.
The difference between `let` and `letI` is that `letI` inlines the value.
But this is not relevant for proofs because of proof irrelevance.

Note: This linter can be disabled with `set_option linter.style.haveILetI false`
/Users/mjkang/.codex/worktrees/statement-433-migration/poincare/Poincare/Statement.lean:23459:2: warning: Try this: 
  letI̵

The goal is a proposition, so `let` is preferred over `letI`.
The difference between `let` and `letI` is that `letI` inlines the value.
But this is not relevant for proofs because of proof irrelevance.

Note: This linter can be disabled with `set_option linter.style.haveILetI false`
/Users/mjkang/.codex/worktrees/statement-433-migration/poincare/Poincare/Statement.lean:23462:2: warning: Try this: 
  letI̵

The goal is a proposition, so `let` is preferred over `letI`.
The difference between `let` and `letI` is that `letI` inlines the value.
But this is not relevant for proofs because of proof irrelevance.

Note: This linter can be disabled with `set_option linter.style.haveILetI false`
/Users/mjkang/.codex/worktrees/statement-433-migration/poincare/Poincare/Statement.lean:23794:4: error: Type mismatch: After simplification, term
  hclose
 has type
  @Eq ThreeSphere (tailPts (Fin.last (L + R + A + B + C + D + E₀ + F₀))) x₀
but is expected to have type
  @Eq ThreeSphere (tailPts ⟨L + R + A + B + C + D + E₀ + F₀, ⋯⟩) x₀
/Users/mjkang/.codex/worktrees/statement-433-migration/poincare/Poincare/Statement.lean:23956:2: warning: Try this: 
  letI̵

The goal is a proposition, so `let` is preferred over `letI`.
The difference between `let` and `letI` is that `letI` inlines the value.
But this is not relevant for proofs because of proof irrelevance.

Note: This linter can be disabled with `set_option linter.style.haveILetI false`
/Users/mjkang/.codex/worktrees/statement-433-migration/poincare/Poincare/Statement.lean:23959:2: warning: Try this: 
  letI̵

The goal is a proposition, so `let` is preferred over `letI`.
The difference between `let` and `letI` is that `letI` inlines the value.
But this is not relevant for proofs because of proof irrelevance.

Note: This linter can be disabled with `set_option linter.style.haveILetI false`
/Users/mjkang/.codex/worktrees/statement-433-migration/poincare/Poincare/Statement.lean:23962:2: warning: Try this: 
  letI̵

The goal is a proposition, so `let` is preferred over `letI`.
The difference between `let` and `letI` is that `letI` inlines the value.
But this is not relevant for proofs because of proof irrelevance.

Note: This linter can be disabled with `set_option linter.style.haveILetI false`
/Users/mjkang/.codex/worktrees/statement-433-migration/poincare/Poincare/Statement.lean:24096:2: warning: Try this: 
  letI̵

The goal is a proposition, so `let` is preferred over `letI`.
The difference between `let` and `letI` is that `letI` inlines the value.
But this is not relevant for proofs because of proof irrelevance.

Note: This linter can be disabled with `set_option linter.style.haveILetI false`
/Users/mjkang/.codex/worktrees/statement-433-migration/poincare/Poincare/Statement.lean:24099:2: warning: Try this: 
  letI̵

The goal is a proposition, so `let` is preferred over `letI`.
The difference between `let` and `letI` is that `letI` inlines the value.
But this is not relevant for proofs because of proof irrelevance.

Note: This linter can be disabled with `set_option linter.style.haveILetI false`
/Users/mjkang/.codex/worktrees/statement-433-migration/poincare/Poincare/Statement.lean:24102:2: warning: Try this: 
  letI̵

The goal is a proposition, so `let` is preferred over `letI`.
The difference between `let` and `letI` is that `letI` inlines the value.
But this is not relevant for proofs because of proof irrelevance.

Note: This linter can be disabled with `set_option linter.style.haveILetI false`
/Users/mjkang/.codex/worktrees/statement-433-migration/poincare/Poincare/Statement.lean:24403:2: warning: Try this: 
  letI̵

The goal is a proposition, so `let` is preferred over `letI`.
The difference between `let` and `letI` is that `letI` inlines the value.
But this is not relevant for proofs because of proof irrelevance.

Note: This linter can be disabled with `set_option linter.style.haveILetI false`
/Users/mjkang/.codex/worktrees/statement-433-migration/poincare/Poincare/Statement.lean:24406:2: warning: Try this: 
  letI̵

The goal is a proposition, so `let` is preferred over `letI`.
The difference between `let` and `letI` is that `letI` inlines the value.
But this is not relevant for proofs because of proof irrelevance.

Note: This linter can be disabled with `set_option linter.style.haveILetI false`
/Users/mjkang/.codex/worktrees/statement-433-migration/poincare/Poincare/Statement.lean:24409:2: warning: Try this: 
  letI̵

The goal is a proposition, so `let` is preferred over `letI`.
The difference between `let` and `letI` is that `letI` inlines the value.
But this is not relevant for proofs because of proof irrelevance.

Note: This linter can be disabled with `set_option linter.style.haveILetI false`
/Users/mjkang/.codex/worktrees/statement-433-migration/poincare/Poincare/Statement.lean:24715:2: warning: Try this: 
  letI̵

The goal is a proposition, so `let` is preferred over `letI`.
The difference between `let` and `letI` is that `letI` inlines the value.
But this is not relevant for proofs because of proof irrelevance.

Note: This linter can be disabled with `set_option linter.style.haveILetI false`
/Users/mjkang/.codex/worktrees/statement-433-migration/poincare/Poincare/Statement.lean:24718:2: warning: Try this: 
  letI̵

The goal is a proposition, so `let` is preferred over `letI`.
The difference between `let` and `letI` is that `letI` inlines the value.
But this is not relevant for proofs because of proof irrelevance.

Note: This linter can be disabled with `set_option linter.style.haveILetI false`
/Users/mjkang/.codex/worktrees/statement-433-migration/poincare/Poincare/Statement.lean:24721:2: warning: Try this: 
  letI̵

The goal is a proposition, so `let` is preferred over `letI`.
The difference between `let` and `letI` is that `letI` inlines the value.
But this is not relevant for proofs because of proof irrelevance.

Note: This linter can be disabled with `set_option linter.style.haveILetI false`
/Users/mjkang/.codex/worktrees/statement-433-migration/poincare/Poincare/Statement.lean:25062:2: warning: Try this: 
  letI̵

The goal is a proposition, so `let` is preferred over `letI`.
The difference between `let` and `letI` is that `letI` inlines the value.
But this is not relevant for proofs because of proof irrelevance.

Note: This linter can be disabled with `set_option linter.style.haveILetI false`
/Users/mjkang/.codex/worktrees/statement-433-migration/poincare/Poincare/Statement.lean:25065:2: warning: Try this: 
  letI̵

The goal is a proposition, so `let` is preferred over `letI`.
The difference between `let` and `letI` is that `letI` inlines the value.
But this is not relevant for proofs because of proof irrelevance.

Note: This linter can be disabled with `set_option linter.style.haveILetI false`
/Users/mjkang/.codex/worktrees/statement-433-migration/poincare/Poincare/Statement.lean:25068:2: warning: Try this: 
  letI̵

The goal is a proposition, so `let` is preferred over `letI`.
The difference between `let` and `letI` is that `letI` inlines the value.
But this is not relevant for proofs because of proof irrelevance.

Note: This linter can be disabled with `set_option linter.style.haveILetI false`
/Users/mjkang/.codex/worktrees/statement-433-migration/poincare/Poincare/Statement.lean:25419:2: warning: Try this: 
  letI̵

The goal is a proposition, so `let` is preferred over `letI`.
The difference between `let` and `letI` is that `letI` inlines the value.
But this is not relevant for proofs because of proof irrelevance.

Note: This linter can be disabled with `set_option linter.style.haveILetI false`
/Users/mjkang/.codex/worktrees/statement-433-migration/poincare/Poincare/Statement.lean:25422:2: warning: Try this: 
  letI̵

The goal is a proposition, so `let` is preferred over `letI`.
The difference between `let` and `letI` is that `letI` inlines the value.
But this is not relevant for proofs because of proof irrelevance.

Note: This linter can be disabled with `set_option linter.style.haveILetI false`
/Users/mjkang/.codex/worktrees/statement-433-migration/poincare/Poincare/Statement.lean:25425:2: warning: Try this: 
  letI̵

The goal is a proposition, so `let` is preferred over `letI`.
The difference between `let` and `letI` is that `letI` inlines the value.
But this is not relevant for proofs because of proof irrelevance.

Note: This linter can be disabled with `set_option linter.style.haveILetI false`
/Users/mjkang/.codex/worktrees/statement-433-migration/poincare/Poincare/Statement.lean:25956:2: warning: Try this: 
  letI̵

The goal is a proposition, so `let` is preferred over `letI`.
The difference between `let` and `letI` is that `letI` inlines the value.
But this is not relevant for proofs because of proof irrelevance.

Note: This linter can be disabled with `set_option linter.style.haveILetI false`
/Users/mjkang/.codex/worktrees/statement-433-migration/poincare/Poincare/Statement.lean:25959:2: warning: Try this: 
  letI̵

The goal is a proposition, so `let` is preferred over `letI`.
The difference between `let` and `letI` is that `letI` inlines the value.
But this is not relevant for proofs because of proof irrelevance.

Note: This linter can be disabled with `set_option linter.style.haveILetI false`
/Users/mjkang/.codex/worktrees/statement-433-migration/poincare/Poincare/Statement.lean:25962:2: warning: Try this: 
  letI̵

The goal is a proposition, so `let` is preferred over `letI`.
The difference between `let` and `letI` is that `letI` inlines the value.
But this is not relevant for proofs because of proof irrelevance.

Note: This linter can be disabled with `set_option linter.style.haveILetI false`
/Users/mjkang/.codex/worktrees/statement-433-migration/poincare/Poincare/Statement.lean:26156:2: warning: Try this: 
  letI̵

The goal is a proposition, so `let` is preferred over `letI`.
The difference between `let` and `letI` is that `letI` inlines the value.
But this is not relevant for proofs because of proof irrelevance.

Note: This linter can be disabled with `set_option linter.style.haveILetI false`
/Users/mjkang/.codex/worktrees/statement-433-migration/poincare/Poincare/Statement.lean:26159:2: warning: Try this: 
  letI̵

The goal is a proposition, so `let` is preferred over `letI`.
The difference between `let` and `letI` is that `letI` inlines the value.
But this is not relevant for proofs because of proof irrelevance.

Note: This linter can be disabled with `set_option linter.style.haveILetI false`
/Users/mjkang/.codex/worktrees/statement-433-migration/poincare/Poincare/Statement.lean:26162:2: warning: Try this: 
  letI̵

The goal is a proposition, so `let` is preferred over `letI`.
The difference between `let` and `letI` is that `letI` inlines the value.
But this is not relevant for proofs because of proof irrelevance.

Note: This linter can be disabled with `set_option linter.style.haveILetI false`
/Users/mjkang/.codex/worktrees/statement-433-migration/poincare/Poincare/Statement.lean:26687:2: warning: Try this: 
  letI̵

The goal is a proposition, so `let` is preferred over `letI`.
The difference between `let` and `letI` is that `letI` inlines the value.
But this is not relevant for proofs because of proof irrelevance.

Note: This linter can be disabled with `set_option linter.style.haveILetI false`
/Users/mjkang/.codex/worktrees/statement-433-migration/poincare/Poincare/Statement.lean:26690:2: warning: Try this: 
  letI̵

The goal is a proposition, so `let` is preferred over `letI`.
The difference between `let` and `letI` is that `letI` inlines the value.
But this is not relevant for proofs because of proof irrelevance.

Note: This linter can be disabled with `set_option linter.style.haveILetI false`
/Users/mjkang/.codex/worktrees/statement-433-migration/poincare/Poincare/Statement.lean:26693:2: warning: Try this: 
  letI̵

The goal is a proposition, so `let` is preferred over `letI`.
The difference between `let` and `letI` is that `letI` inlines the value.
But this is not relevant for proofs because of proof irrelevance.

Note: This linter can be disabled with `set_option linter.style.haveILetI false`
/Users/mjkang/.codex/worktrees/statement-433-migration/poincare/Poincare/Statement.lean:26870:2: warning: Try this: 
  letI̵

The goal is a proposition, so `let` is preferred over `letI`.
The difference between `let` and `letI` is that `letI` inlines the value.
But this is not relevant for proofs because of proof irrelevance.

Note: This linter can be disabled with `set_option linter.style.haveILetI false`
/Users/mjkang/.codex/worktrees/statement-433-migration/poincare/Poincare/Statement.lean:26873:2: warning: Try this: 
  letI̵

The goal is a proposition, so `let` is preferred over `letI`.
The difference between `let` and `letI` is that `letI` inlines the value.
But this is not relevant for proofs because of proof irrelevance.

Note: This linter can be disabled with `set_option linter.style.haveILetI false`
/Users/mjkang/.codex/worktrees/statement-433-migration/poincare/Poincare/Statement.lean:26876:2: warning: Try this: 
  letI̵

The goal is a proposition, so `let` is preferred over `letI`.
The difference between `let` and `letI` is that `letI` inlines the value.
But this is not relevant for proofs because of proof irrelevance.

Note: This linter can be disabled with `set_option linter.style.haveILetI false`
/Users/mjkang/.codex/worktrees/statement-433-migration/poincare/Poincare/Statement.lean:27145:2: warning: Try this: 
  letI̵

The goal is a proposition, so `let` is preferred over `letI`.
The difference between `let` and `letI` is that `letI` inlines the value.
But this is not relevant for proofs because of proof irrelevance.

Note: This linter can be disabled with `set_option linter.style.haveILetI false`
/Users/mjkang/.codex/worktrees/statement-433-migration/poincare/Poincare/Statement.lean:27148:2: warning: Try this: 
  letI̵

The goal is a proposition, so `let` is preferred over `letI`.
The difference between `let` and `letI` is that `letI` inlines the value.
But this is not relevant for proofs because of proof irrelevance.

Note: This linter can be disabled with `set_option linter.style.haveILetI false`
/Users/mjkang/.codex/worktrees/statement-433-migration/poincare/Poincare/Statement.lean:27151:2: warning: Try this: 
  letI̵

The goal is a proposition, so `let` is preferred over `letI`.
The difference between `let` and `letI` is that `letI` inlines the value.
But this is not relevant for proofs because of proof irrelevance.

Note: This linter can be disabled with `set_option linter.style.haveILetI false`
/Users/mjkang/.codex/worktrees/statement-433-migration/poincare/Poincare/Statement.lean:27654:6: error: No goals to be solved
/Users/mjkang/.codex/worktrees/statement-433-migration/poincare/Poincare/Statement.lean:27736:6: error: No goals to be solved
/Users/mjkang/.codex/worktrees/statement-433-migration/poincare/Poincare/Statement.lean:27849:6: error: No goals to be solved
/Users/mjkang/.codex/worktrees/statement-433-migration/poincare/Poincare/Statement.lean:27870:6: error: No goals to be solved
/Users/mjkang/.codex/worktrees/statement-433-migration/poincare/Poincare/Statement.lean:28001:6: error: No goals to be solved
/Users/mjkang/.codex/worktrees/statement-433-migration/poincare/Poincare/Statement.lean:28022:6: error: No goals to be solved
/Users/mjkang/.codex/worktrees/statement-433-migration/poincare/Poincare/Statement.lean:28145:6: error: No goals to be solved
/Users/mjkang/.codex/worktrees/statement-433-migration/poincare/Poincare/Statement.lean:28166:6: error: No goals to be solved
/Users/mjkang/.codex/worktrees/statement-433-migration/poincare/Poincare/Statement.lean:28183:6: error: No goals to be solved
/Users/mjkang/.codex/worktrees/statement-433-migration/poincare/Poincare/Statement.lean:28320:6: error: No goals to be solved
/Users/mjkang/.codex/worktrees/statement-433-migration/poincare/Poincare/Statement.lean:28341:6: error: No goals to be solved
/Users/mjkang/.codex/worktrees/statement-433-migration/poincare/Poincare/Statement.lean:28358:6: error: No goals to be solved
/Users/mjkang/.codex/worktrees/statement-433-migration/poincare/Poincare/Statement.lean:28511:6: error: No goals to be solved
/Users/mjkang/.codex/worktrees/statement-433-migration/poincare/Poincare/Statement.lean:28532:6: error: No goals to be solved
/Users/mjkang/.codex/worktrees/statement-433-migration/poincare/Poincare/Statement.lean:28549:6: error: No goals to be solved
/Users/mjkang/.codex/worktrees/statement-433-migration/poincare/Poincare/Statement.lean:28566:6: error: No goals to be solved
/Users/mjkang/.codex/worktrees/statement-433-migration/poincare/Poincare/Statement.lean:28734:6: error: No goals to be solved
/Users/mjkang/.codex/worktrees/statement-433-migration/poincare/Poincare/Statement.lean:28755:6: error: No goals to be solved
/Users/mjkang/.codex/worktrees/statement-433-migration/poincare/Poincare/Statement.lean:28772:6: error: No goals to be solved
/Users/mjkang/.codex/worktrees/statement-433-migration/poincare/Poincare/Statement.lean:28789:6: error: No goals to be solved
/Users/mjkang/.codex/worktrees/statement-433-migration/poincare/Poincare/Statement.lean:28975:6: error: No goals to be solved
/Users/mjkang/.codex/worktrees/statement-433-migration/poincare/Poincare/Statement.lean:28996:6: error: No goals to be solved
/Users/mjkang/.codex/worktrees/statement-433-migration/poincare/Poincare/Statement.lean:29013:6: error: No goals to be solved
/Users/mjkang/.codex/worktrees/statement-433-migration/poincare/Poincare/Statement.lean:29030:6: error: No goals to be solved
/Users/mjkang/.codex/worktrees/statement-433-migration/poincare/Poincare/Statement.lean:29047:6: error: No goals to be solved
/Users/mjkang/.codex/worktrees/statement-433-migration/poincare/Poincare/Statement.lean:29250:6: error: No goals to be solved
/Users/mjkang/.codex/worktrees/statement-433-migration/poincare/Poincare/Statement.lean:29271:6: error: No goals to be solved
/Users/mjkang/.codex/worktrees/statement-433-migration/poincare/Poincare/Statement.lean:29288:6: error: No goals to be solved
/Users/mjkang/.codex/worktrees/statement-433-migration/poincare/Poincare/Statement.lean:29305:6: error: No goals to be solved
/Users/mjkang/.codex/worktrees/statement-433-migration/poincare/Poincare/Statement.lean:29322:6: error: No goals to be solved
/Users/mjkang/.codex/worktrees/statement-433-migration/poincare/Poincare/Statement.lean:29542:6: error: No goals to be solved
/Users/mjkang/.codex/worktrees/statement-433-migration/poincare/Poincare/Statement.lean:29563:6: error: No goals to be solved
/Users/mjkang/.codex/worktrees/statement-433-migration/poincare/Poincare/Statement.lean:29580:6: error: No goals to be solved
/Users/mjkang/.codex/worktrees/statement-433-migration/poincare/Poincare/Statement.lean:29597:6: error: No goals to be solved
/Users/mjkang/.codex/worktrees/statement-433-migration/poincare/Poincare/Statement.lean:29614:6: error: No goals to be solved
/Users/mjkang/.codex/worktrees/statement-433-migration/poincare/Poincare/Statement.lean:29631:6: error: No goals to be solved
/Users/mjkang/.codex/worktrees/statement-433-migration/poincare/Poincare/Statement.lean:29880:6: error: No goals to be solved
/Users/mjkang/.codex/worktrees/statement-433-migration/poincare/Poincare/Statement.lean:29901:6: error: No goals to be solved
/Users/mjkang/.codex/worktrees/statement-433-migration/poincare/Poincare/Statement.lean:29918:6: error: No goals to be solved
/Users/mjkang/.codex/worktrees/statement-433-migration/poincare/Poincare/Statement.lean:29935:6: error: No goals to be solved
/Users/mjkang/.codex/worktrees/statement-433-migration/poincare/Poincare/Statement.lean:29952:6: error: No goals to be solved
/Users/mjkang/.codex/worktrees/statement-433-migration/poincare/Poincare/Statement.lean:29969:6: error: No goals to be solved
/Users/mjkang/.codex/worktrees/statement-433-migration/poincare/Poincare/Statement.lean:29986:6: error: No goals to be solved
/Users/mjkang/.codex/worktrees/statement-433-migration/poincare/Poincare/Statement.lean:30273:6: error: No goals to be solved
/Users/mjkang/.codex/worktrees/statement-433-migration/poincare/Poincare/Statement.lean:30294:6: error: No goals to be solved
/Users/mjkang/.codex/worktrees/statement-433-migration/poincare/Poincare/Statement.lean:30311:6: error: No goals to be solved
/Users/mjkang/.codex/worktrees/statement-433-migration/poincare/Poincare/Statement.lean:30328:6: error: No goals to be solved
/Users/mjkang/.codex/worktrees/statement-433-migration/poincare/Poincare/Statement.lean:30345:6: error: No goals to be solved
/Users/mjkang/.codex/worktrees/statement-433-migration/poincare/Poincare/Statement.lean:30362:6: error: No goals to be solved
/Users/mjkang/.codex/worktrees/statement-433-migration/poincare/Poincare/Statement.lean:30379:6: error: No goals to be solved
/Users/mjkang/.codex/worktrees/statement-433-migration/poincare/Poincare/Statement.lean:30396:6: error: No goals to be solved
/Users/mjkang/.codex/worktrees/statement-433-migration/poincare/Poincare/Statement.lean:30717:6: error: No goals to be solved
/Users/mjkang/.codex/worktrees/statement-433-migration/poincare/Poincare/Statement.lean:30738:6: error: No goals to be solved
/Users/mjkang/.codex/worktrees/statement-433-migration/poincare/Poincare/Statement.lean:30755:6: error: No goals to be solved
/Users/mjkang/.codex/worktrees/statement-433-migration/poincare/Poincare/Statement.lean:30772:6: error: No goals to be solved
/Users/mjkang/.codex/worktrees/statement-433-migration/poincare/Poincare/Statement.lean:30789:6: error: No goals to be solved
/Users/mjkang/.codex/worktrees/statement-433-migration/poincare/Poincare/Statement.lean:30806:6: error: No goals to be solved
/Users/mjkang/.codex/worktrees/statement-433-migration/poincare/Poincare/Statement.lean:30823:6: error: No goals to be solved
/Users/mjkang/.codex/worktrees/statement-433-migration/poincare/Poincare/Statement.lean:30840:6: error: No goals to be solved
/Users/mjkang/.codex/worktrees/statement-433-migration/poincare/Poincare/Statement.lean:30857:6: error: No goals to be solved
/Users/mjkang/.codex/worktrees/statement-433-migration/poincare/Poincare/Statement.lean:31152:6: error: No goals to be solved
/Users/mjkang/.codex/worktrees/statement-433-migration/poincare/Poincare/Statement.lean:31173:6: error: No goals to be solved
/Users/mjkang/.codex/worktrees/statement-433-migration/poincare/Poincare/Statement.lean:31190:6: error: No goals to be solved
/Users/mjkang/.codex/worktrees/statement-433-migration/poincare/Poincare/Statement.lean:31207:6: error: No goals to be solved
/Users/mjkang/.codex/worktrees/statement-433-migration/poincare/Poincare/Statement.lean:31224:6: error: No goals to be solved
/Users/mjkang/.codex/worktrees/statement-433-migration/poincare/Poincare/Statement.lean:31241:6: error: No goals to be solved
/Users/mjkang/.codex/worktrees/statement-433-migration/poincare/Poincare/Statement.lean:31490:6: error: No goals to be solved
/Users/mjkang/.codex/worktrees/statement-433-migration/poincare/Poincare/Statement.lean:31511:6: error: No goals to be solved
/Users/mjkang/.codex/worktrees/statement-433-migration/poincare/Poincare/Statement.lean:31528:6: error: No goals to be solved
/Users/mjkang/.codex/worktrees/statement-433-migration/poincare/Poincare/Statement.lean:31545:6: error: No goals to be solved
/Users/mjkang/.codex/worktrees/statement-433-migration/poincare/Poincare/Statement.lean:31562:6: error: No goals to be solved
/Users/mjkang/.codex/worktrees/statement-433-migration/poincare/Poincare/Statement.lean:31579:6: error: No goals to be solved
/Users/mjkang/.codex/worktrees/statement-433-migration/poincare/Poincare/Statement.lean:31596:6: error: No goals to be solved
/Users/mjkang/.codex/worktrees/statement-433-migration/poincare/Poincare/Statement.lean:31883:6: error: No goals to be solved
/Users/mjkang/.codex/worktrees/statement-433-migration/poincare/Poincare/Statement.lean:31904:6: error: No goals to be solved
/Users/mjkang/.codex/worktrees/statement-433-migration/poincare/Poincare/Statement.lean:31921:6: error: No goals to be solved
/Users/mjkang/.codex/worktrees/statement-433-migration/poincare/Poincare/Statement.lean:31938:6: error: No goals to be solved
/Users/mjkang/.codex/worktrees/statement-433-migration/poincare/Poincare/Statement.lean:31955:6: error: No goals to be solved
/Users/mjkang/.codex/worktrees/statement-433-migration/poincare/Poincare/Statement.lean:31972:6: error: No goals to be solved
/Users/mjkang/.codex/worktrees/statement-433-migration/poincare/Poincare/Statement.lean:31989:6: error: No goals to be solved
/Users/mjkang/.codex/worktrees/statement-433-migration/poincare/Poincare/Statement.lean:32006:6: error: No goals to be solved
/Users/mjkang/.codex/worktrees/statement-433-migration/poincare/Poincare/Statement.lean:32327:6: error: No goals to be solved
/Users/mjkang/.codex/worktrees/statement-433-migration/poincare/Poincare/Statement.lean:32348:6: error: No goals to be solved
/Users/mjkang/.codex/worktrees/statement-433-migration/poincare/Poincare/Statement.lean:32365:6: error: No goals to be solved
/Users/mjkang/.codex/worktrees/statement-433-migration/poincare/Poincare/Statement.lean:32382:6: error: No goals to be solved
/Users/mjkang/.codex/worktrees/statement-433-migration/poincare/Poincare/Statement.lean:32399:6: error: No goals to be solved
/Users/mjkang/.codex/worktrees/statement-433-migration/poincare/Poincare/Statement.lean:32416:6: error: No goals to be solved
/Users/mjkang/.codex/worktrees/statement-433-migration/poincare/Poincare/Statement.lean:32433:6: error: No goals to be solved
/Users/mjkang/.codex/worktrees/statement-433-migration/poincare/Poincare/Statement.lean:32450:6: error: No goals to be solved
/Users/mjkang/.codex/worktrees/statement-433-migration/poincare/Poincare/Statement.lean:32467:6: error: No goals to be solved
/Users/mjkang/.codex/worktrees/statement-433-migration/poincare/Poincare/Statement.lean:32663:2: warning: Try this: 
  letI̵

The goal is a proposition, so `let` is preferred over `letI`.
The difference between `let` and `letI` is that `letI` inlines the value.
But this is not relevant for proofs because of proof irrelevance.

Note: This linter can be disabled with `set_option linter.style.haveILetI false`
/Users/mjkang/.codex/worktrees/statement-433-migration/poincare/Poincare/Statement.lean:32665:2: warning: Try this: 
  letI̵

The goal is a proposition, so `let` is preferred over `letI`.
The difference between `let` and `letI` is that `letI` inlines the value.
But this is not relevant for proofs because of proof irrelevance.

Note: This linter can be disabled with `set_option linter.style.haveILetI false`
/Users/mjkang/.codex/worktrees/statement-433-migration/poincare/Poincare/Statement.lean:32667:2: warning: Try this: 
  letI̵

The goal is a proposition, so `let` is preferred over `letI`.
The difference between `let` and `letI` is that `letI` inlines the value.
But this is not relevant for proofs because of proof irrelevance.

Note: This linter can be disabled with `set_option linter.style.haveILetI false`
/Users/mjkang/.codex/worktrees/statement-433-migration/poincare/Poincare/Statement.lean:32724:2: warning: Try this: 
  letI̵

The goal is a proposition, so `let` is preferred over `letI`.
The difference between `let` and `letI` is that `letI` inlines the value.
But this is not relevant for proofs because of proof irrelevance.

Note: This linter can be disabled with `set_option linter.style.haveILetI false`
/Users/mjkang/.codex/worktrees/statement-433-migration/poincare/Poincare/Statement.lean:32726:2: warning: Try this: 
  letI̵

The goal is a proposition, so `let` is preferred over `letI`.
The difference between `let` and `letI` is that `letI` inlines the value.
But this is not relevant for proofs because of proof irrelevance.

Note: This linter can be disabled with `set_option linter.style.haveILetI false`
/Users/mjkang/.codex/worktrees/statement-433-migration/poincare/Poincare/Statement.lean:32728:2: warning: Try this: 
  letI̵

The goal is a proposition, so `let` is preferred over `letI`.
The difference between `let` and `letI` is that `letI` inlines the value.
But this is not relevant for proofs because of proof irrelevance.

Note: This linter can be disabled with `set_option linter.style.haveILetI false`
/Users/mjkang/.codex/worktrees/statement-433-migration/poincare/Poincare/Statement.lean:32774:2: warning: Try this: 
  letI̵

The goal is a proposition, so `let` is preferred over `letI`.
The difference between `let` and `letI` is that `letI` inlines the value.
But this is not relevant for proofs because of proof irrelevance.

Note: This linter can be disabled with `set_option linter.style.haveILetI false`
/Users/mjkang/.codex/worktrees/statement-433-migration/poincare/Poincare/Statement.lean:32776:2: warning: Try this: 
  letI̵

The goal is a proposition, so `let` is preferred over `letI`.
The difference between `let` and `letI` is that `letI` inlines the value.
But this is not relevant for proofs because of proof irrelevance.

Note: This linter can be disabled with `set_option linter.style.haveILetI false`
/Users/mjkang/.codex/worktrees/statement-433-migration/poincare/Poincare/Statement.lean:32778:2: warning: Try this: 
  letI̵

The goal is a proposition, so `let` is preferred over `letI`.
The difference between `let` and `letI` is that `letI` inlines the value.
But this is not relevant for proofs because of proof irrelevance.

Note: This linter can be disabled with `set_option linter.style.haveILetI false`
/Users/mjkang/.codex/worktrees/statement-433-migration/poincare/Poincare/Statement.lean:32857:2: warning: Try this: 
  letI̵

The goal is a proposition, so `let` is preferred over `letI`.
The difference between `let` and `letI` is that `letI` inlines the value.
But this is not relevant for proofs because of proof irrelevance.

Note: This linter can be disabled with `set_option linter.style.haveILetI false`
/Users/mjkang/.codex/worktrees/statement-433-migration/poincare/Poincare/Statement.lean:32859:2: warning: Try this: 
  letI̵

The goal is a proposition, so `let` is preferred over `letI`.
The difference between `let` and `letI` is that `letI` inlines the value.
But this is not relevant for proofs because of proof irrelevance.

Note: This linter can be disabled with `set_option linter.style.haveILetI false`
/Users/mjkang/.codex/worktrees/statement-433-migration/poincare/Poincare/Statement.lean:32861:2: warning: Try this: 
  letI̵

The goal is a proposition, so `let` is preferred over `letI`.
The difference between `let` and `letI` is that `letI` inlines the value.
But this is not relevant for proofs because of proof irrelevance.

Note: This linter can be disabled with `set_option linter.style.haveILetI false`
/Users/mjkang/.codex/worktrees/statement-433-migration/poincare/Poincare/Statement.lean:33606:6: error: Type mismatch: After simplification, term
  htailNorth k
 has type
  ∀ (x : ℝ) (hp : 0 ≤ x) (hq : x ≤ 1),
    ⟨x, ⋯⟩ ∈ Set.uIcc (t ⟨↑stop + 1 + ↑k, ⋯⟩) (t ⟨↑stop + 1 + ↑k + 1, ⋯⟩) → ¬γ ⟨x, ⋯⟩ = threeSphere_northPole
but is expected to have type
  ∀ (x : ℝ) (hp : 0 ≤ x) (hq : x ≤ 1),
    ¬(γ.subpath (t ⟨↑stop + 1 + ↑k, ⋯⟩) (t ⟨↑stop + 1 + (↑k + 1), ⋯⟩)) ⟨x, ⋯⟩ = threeSphere_northPole
/Users/mjkang/.codex/worktrees/statement-433-migration/poincare/Poincare/Statement.lean:33849:6: error: No goals to be solved
/Users/mjkang/.codex/worktrees/statement-433-migration/poincare/Poincare/Statement.lean:34037:6: error: Type mismatch: After simplification, term
  htailNorth k
 has type
  ∀ (x : ℝ) (hp : 0 ≤ x) (hq : x ≤ 1),
    ⟨x, ⋯⟩ ∈ Set.uIcc (t ⟨↑stop + 1 + ↑k, ⋯⟩) (t ⟨↑stop + 1 + ↑k + 1, ⋯⟩) → ¬γ ⟨x, ⋯⟩ = threeSphere_northPole
but is expected to have type
  ∀ (x : ℝ) (hp : 0 ≤ x) (hq : x ≤ 1),
    ¬(γ.subpath (t ⟨↑stop + 1 + ↑k, ⋯⟩) (t ⟨↑stop + 1 + (↑k + 1), ⋯⟩)) ⟨x, ⋯⟩ = threeSphere_northPole
/Users/mjkang/.codex/worktrees/statement-433-migration/poincare/Poincare/Statement.lean:34339:6: error: No goals to be solved
/Users/mjkang/.codex/worktrees/statement-433-migration/poincare/Poincare/Statement.lean:34538:6: error: Type mismatch: After simplification, term
  htailNorth k
 has type
  ∀ (x : ℝ) (hp : 0 ≤ x) (hq : x ≤ 1),
    ⟨x, ⋯⟩ ∈ Set.uIcc (t ⟨↑stop + 1 + ↑k, ⋯⟩) (t ⟨↑stop + 1 + ↑k + 1, ⋯⟩) → ¬γ ⟨x, ⋯⟩ = threeSphere_northPole
but is expected to have type
  ∀ (x : ℝ) (hp : 0 ≤ x) (hq : x ≤ 1),
    ¬(γ.subpath (t ⟨↑stop + 1 + ↑k, ⋯⟩) (t ⟨↑stop + 1 + (↑k + 1), ⋯⟩)) ⟨x, ⋯⟩ = threeSphere_northPole
/Users/mjkang/.codex/worktrees/statement-433-migration/poincare/Poincare/Statement.lean:34898:6: error: No goals to be solved
/Users/mjkang/.codex/worktrees/statement-433-migration/poincare/Poincare/Statement.lean:35110:6: error: Type mismatch: After simplification, term
  htailNorth k
 has type
  ∀ (x : ℝ) (hp : 0 ≤ x) (hq : x ≤ 1),
    ⟨x, ⋯⟩ ∈ Set.uIcc (t ⟨↑stop + 1 + ↑k, ⋯⟩) (t ⟨↑stop + 1 + ↑k + 1, ⋯⟩) → ¬γ ⟨x, ⋯⟩ = threeSphere_northPole
but is expected to have type
  ∀ (x : ℝ) (hp : 0 ≤ x) (hq : x ≤ 1),
    ¬(γ.subpath (t ⟨↑stop + 1 + ↑k, ⋯⟩) (t ⟨↑stop + 1 + (↑k + 1), ⋯⟩)) ⟨x, ⋯⟩ = threeSphere_northPole
/Users/mjkang/.codex/worktrees/statement-433-migration/poincare/Poincare/Statement.lean:35529:6: error: No goals to be solved
/Users/mjkang/.codex/worktrees/statement-433-migration/poincare/Poincare/Statement.lean:36057:6: error: Type mismatch: After simplification, term
  htailSouth k
 has type
  ∀ (x : ℝ) (hp : 0 ≤ x) (hq : x ≤ 1),
    ⟨x, ⋯⟩ ∈ Set.uIcc (t ⟨↑stop + 1 + ↑k, ⋯⟩) (t ⟨↑stop + 1 + ↑k + 1, ⋯⟩) → ¬γ ⟨x, ⋯⟩ = -threeSphere_northPole
but is expected to have type
  ∀ (x : ℝ) (hp : 0 ≤ x) (hq : x ≤ 1),
    ¬(γ.subpath (t ⟨↑stop + 1 + ↑k, ⋯⟩) (t ⟨↑stop + 1 + (↑k + 1), ⋯⟩)) ⟨x, ⋯⟩ = -threeSphere_northPole
/Users/mjkang/.codex/worktrees/statement-433-migration/poincare/Poincare/Statement.lean:36125:6: error: No goals to be solved
/Users/mjkang/.codex/worktrees/statement-433-migration/poincare/Poincare/Statement.lean:36279:6: error: Type mismatch: After simplification, term
  htailSouth k
 has type
  ∀ (x : ℝ) (hp : 0 ≤ x) (hq : x ≤ 1),
    ⟨x, ⋯⟩ ∈ Set.uIcc (t ⟨↑stop + 1 + ↑k, ⋯⟩) (t ⟨↑stop + 1 + ↑k + 1, ⋯⟩) → ¬γ ⟨x, ⋯⟩ = -threeSphere_northPole
but is expected to have type
  ∀ (x : ℝ) (hp : 0 ≤ x) (hq : x ≤ 1),
    ¬(γ.subpath (t ⟨↑stop + 1 + ↑k, ⋯⟩) (t ⟨↑stop + 1 + (↑k + 1), ⋯⟩)) ⟨x, ⋯⟩ = -threeSphere_northPole
/Users/mjkang/.codex/worktrees/statement-433-migration/poincare/Poincare/Statement.lean:36405:6: error: No goals to be solved
/Users/mjkang/.codex/worktrees/statement-433-migration/poincare/Poincare/Statement.lean:36570:6: error: Type mismatch: After simplification, term
  htailSouth k
 has type
  ∀ (x : ℝ) (hp : 0 ≤ x) (hq : x ≤ 1),
    ⟨x, ⋯⟩ ∈ Set.uIcc (t ⟨↑stop + 1 + ↑k, ⋯⟩) (t ⟨↑stop + 1 + ↑k + 1, ⋯⟩) → ¬γ ⟨x, ⋯⟩ = -threeSphere_northPole
but is expected to have type
  ∀ (x : ℝ) (hp : 0 ≤ x) (hq : x ≤ 1),
    ¬(γ.subpath (t ⟨↑stop + 1 + ↑k, ⋯⟩) (t ⟨↑stop + 1 + (↑k + 1), ⋯⟩)) ⟨x, ⋯⟩ = -threeSphere_northPole
/Users/mjkang/.codex/worktrees/statement-433-migration/poincare/Poincare/Statement.lean:36755:6: error: No goals to be solved
/Users/mjkang/.codex/worktrees/statement-433-migration/poincare/Poincare/Statement.lean:36943:6: error: Type mismatch: After simplification, term
  htailSouth k
 has type
  ∀ (x : ℝ) (hp : 0 ≤ x) (hq : x ≤ 1),
    ⟨x, ⋯⟩ ∈ Set.uIcc (t ⟨↑stop + 1 + ↑k, ⋯⟩) (t ⟨↑stop + 1 + ↑k + 1, ⋯⟩) → ¬γ ⟨x, ⋯⟩ = -threeSphere_northPole
but is expected to have type
  ∀ (x : ℝ) (hp : 0 ≤ x) (hq : x ≤ 1),
    ¬(γ.subpath (t ⟨↑stop + 1 + ↑k, ⋯⟩) (t ⟨↑stop + 1 + (↑k + 1), ⋯⟩)) ⟨x, ⋯⟩ = -threeSphere_northPole
/Users/mjkang/.codex/worktrees/statement-433-migration/poincare/Poincare/Statement.lean:37245:6: error: No goals to be solved
/Users/mjkang/.codex/worktrees/statement-433-migration/poincare/Poincare/Statement.lean:37444:6: error: Type mismatch: After simplification, term
  htailSouth k
 has type
  ∀ (x : ℝ) (hp : 0 ≤ x) (hq : x ≤ 1),
    ⟨x, ⋯⟩ ∈ Set.uIcc (t ⟨↑stop + 1 + ↑k, ⋯⟩) (t ⟨↑stop + 1 + ↑k + 1, ⋯⟩) → ¬γ ⟨x, ⋯⟩ = -threeSphere_northPole
but is expected to have type
  ∀ (x : ℝ) (hp : 0 ≤ x) (hq : x ≤ 1),
    ¬(γ.subpath (t ⟨↑stop + 1 + ↑k, ⋯⟩) (t ⟨↑stop + 1 + (↑k + 1), ⋯⟩)) ⟨x, ⋯⟩ = -threeSphere_northPole
/Users/mjkang/.codex/worktrees/statement-433-migration/poincare/Poincare/Statement.lean:37804:6: error: No goals to be solved
/Users/mjkang/.codex/worktrees/statement-433-migration/poincare/Poincare/Statement.lean:38015:6: error: Type mismatch: After simplification, term
  htailSouth k
 has type
  ∀ (x : ℝ) (hp : 0 ≤ x) (hq : x ≤ 1),
    ⟨x, ⋯⟩ ∈ Set.uIcc (t ⟨↑stop + 1 + ↑k, ⋯⟩) (t ⟨↑stop + 1 + ↑k + 1, ⋯⟩) → ¬γ ⟨x, ⋯⟩ = -threeSphere_northPole
but is expected to have type
  ∀ (x : ℝ) (hp : 0 ≤ x) (hq : x ≤ 1),
    ¬(γ.subpath (t ⟨↑stop + 1 + ↑k, ⋯⟩) (t ⟨↑stop + 1 + (↑k + 1), ⋯⟩)) ⟨x, ⋯⟩ = -threeSphere_northPole
/Users/mjkang/.codex/worktrees/statement-433-migration/poincare/Poincare/Statement.lean:38434:6: error: No goals to be solved
/Users/mjkang/.codex/worktrees/statement-433-migration/poincare/Poincare/Statement.lean:38612:6: error: Type mismatch: After simplification, term
  htailSouth k
 has type
  ∀ (x : ℝ) (hp : 0 ≤ x) (hq : x ≤ 1),
    ⟨x, ⋯⟩ ∈ Set.uIcc (t ⟨↑stop + 1 + ↑k, ⋯⟩) (t ⟨↑stop + 1 + ↑k + 1, ⋯⟩) → ¬γ ⟨x, ⋯⟩ = -threeSphere_northPole
but is expected to have type
  ∀ (x : ℝ) (hp : 0 ≤ x) (hq : x ≤ 1),
    ¬(γ.subpath (t ⟨↑stop + 1 + ↑k, ⋯⟩) (t ⟨↑stop + 1 + (↑k + 1), ⋯⟩)) ⟨x, ⋯⟩ = -threeSphere_northPole
/Users/mjkang/.codex/worktrees/statement-433-migration/poincare/Poincare/Statement.lean:38855:6: error: No goals to be solved
/Users/mjkang/.codex/worktrees/statement-433-migration/poincare/Poincare/Statement.lean:39020:6: error: Type mismatch: After simplification, term
  htailNorth k
 has type
  ∀ (x : ℝ) (hp : 0 ≤ x) (hq : x ≤ 1),
    ⟨x, ⋯⟩ ∈ Set.uIcc (t ⟨↑stop + 1 + ↑k, ⋯⟩) (t ⟨↑stop + 1 + ↑k + 1, ⋯⟩) → ¬γ ⟨x, ⋯⟩ = threeSphere_northPole
but is expected to have type
  ∀ (x : ℝ) (hp : 0 ≤ x) (hq : x ≤ 1),
    ¬(γ.subpath (t ⟨↑stop + 1 + ↑k, ⋯⟩) (t ⟨↑stop + 1 + (↑k + 1), ⋯⟩)) ⟨x, ⋯⟩ = threeSphere_northPole
/Users/mjkang/.codex/worktrees/statement-433-migration/poincare/Poincare/Statement.lean:39205:6: error: No goals to be solved
/Users/mjkang/.codex/worktrees/statement-433-migration/poincare/Poincare/Statement.lean:39358:6: error: Type mismatch: After simplification, term
  htailNorth k
 has type
  ∀ (x : ℝ) (hp : 0 ≤ x) (hq : x ≤ 1),
    ⟨x, ⋯⟩ ∈ Set.uIcc (t ⟨↑stop + 1 + ↑k, ⋯⟩) (t ⟨↑stop + 1 + ↑k + 1, ⋯⟩) → ¬γ ⟨x, ⋯⟩ = threeSphere_northPole
but is expected to have type
  ∀ (x : ℝ) (hp : 0 ≤ x) (hq : x ≤ 1),
    ¬(γ.subpath (t ⟨↑stop + 1 + ↑k, ⋯⟩) (t ⟨↑stop + 1 + (↑k + 1), ⋯⟩)) ⟨x, ⋯⟩ = threeSphere_northPole
/Users/mjkang/.codex/worktrees/statement-433-migration/poincare/Poincare/Statement.lean:39484:6: error: No goals to be solved
/Users/mjkang/.codex/worktrees/statement-433-migration/poincare/Poincare/Statement.lean:39638:6: error: Type mismatch: After simplification, term
  htailNorth k
 has type
  ∀ (x : ℝ) (hp : 0 ≤ x) (hq : x ≤ 1),
    ⟨x, ⋯⟩ ∈ Set.uIcc (t ⟨↑stop + 1 + ↑k, ⋯⟩) (t ⟨↑stop + 1 + ↑k + 1, ⋯⟩) → ¬γ ⟨x, ⋯⟩ = threeSphere_northPole
but is expected to have type
  ∀ (x : ℝ) (hp : 0 ≤ x) (hq : x ≤ 1),
    ¬(γ.subpath (t ⟨↑stop + 1 + ↑k, ⋯⟩) (t ⟨↑stop + 1 + (↑k + 1), ⋯⟩)) ⟨x, ⋯⟩ = threeSphere_northPole
/Users/mjkang/.codex/worktrees/statement-433-migration/poincare/Poincare/Statement.lean:39764:6: error: No goals to be solved
/Users/mjkang/.codex/worktrees/statement-433-migration/poincare/Poincare/Statement.lean:39917:6: error: Type mismatch: After simplification, term
  htailSouth k
 has type
  ∀ (x : ℝ) (hp : 0 ≤ x) (hq : x ≤ 1),
    ⟨x, ⋯⟩ ∈ Set.uIcc (t ⟨↑stop + 1 + ↑k, ⋯⟩) (t ⟨↑stop + 1 + ↑k + 1, ⋯⟩) → ¬γ ⟨x, ⋯⟩ = -threeSphere_northPole
but is expected to have type
  ∀ (x : ℝ) (hp : 0 ≤ x) (hq : x ≤ 1),
    ¬(γ.subpath (t ⟨↑stop + 1 + ↑k, ⋯⟩) (t ⟨↑stop + 1 + (↑k + 1), ⋯⟩)) ⟨x, ⋯⟩ = -threeSphere_northPole
/Users/mjkang/.codex/worktrees/statement-433-migration/poincare/Poincare/Statement.lean:40043:6: error: No goals to be solved
/Users/mjkang/.codex/worktrees/statement-433-migration/poincare/Poincare/Statement.lean:40185:6: error: Type mismatch: After simplification, term
  htailNorth k
 has type
  ∀ (x : ℝ) (hp : 0 ≤ x) (hq : x ≤ 1),
    ⟨x, ⋯⟩ ∈ Set.uIcc (t ⟨↑stop + 1 + ↑k, ⋯⟩) (t ⟨↑stop + 1 + ↑k + 1, ⋯⟩) → ¬γ ⟨x, ⋯⟩ = threeSphere_northPole
but is expected to have type
  ∀ (x : ℝ) (hp : 0 ≤ x) (hq : x ≤ 1),
    ¬(γ.subpath (t ⟨↑stop + 1 + ↑k, ⋯⟩) (t ⟨↑stop + 1 + (↑k + 1), ⋯⟩)) ⟨x, ⋯⟩ = threeSphere_northPole
/Users/mjkang/.codex/worktrees/statement-433-migration/poincare/Poincare/Statement.lean:40253:6: error: No goals to be solved
/Users/mjkang/.codex/worktrees/statement-433-migration/poincare/Poincare/Statement.lean:40395:6: error: Type mismatch: After simplification, term
  htailNorth k
 has type
  ∀ (x : ℝ) (hp : 0 ≤ x) (hq : x ≤ 1),
    ⟨x, ⋯⟩ ∈ Set.uIcc (t ⟨↑stop + 1 + ↑k, ⋯⟩) (t ⟨↑stop + 1 + ↑k + 1, ⋯⟩) → ¬γ ⟨x, ⋯⟩ = threeSphere_northPole
but is expected to have type
  ∀ (x : ℝ) (hp : 0 ≤ x) (hq : x ≤ 1),
    ¬(γ.subpath (t ⟨↑stop + 1 + ↑k, ⋯⟩) (t ⟨↑stop + 1 + (↑k + 1), ⋯⟩)) ⟨x, ⋯⟩ = threeSphere_northPole
/Users/mjkang/.codex/worktrees/statement-433-migration/poincare/Poincare/Statement.lean:40463:6: error: No goals to be solved
/Users/mjkang/.codex/worktrees/statement-433-migration/poincare/Poincare/Statement.lean:40605:6: error: Type mismatch: After simplification, term
  htailSouth k
 has type
  ∀ (x : ℝ) (hp : 0 ≤ x) (hq : x ≤ 1),
    ⟨x, ⋯⟩ ∈ Set.uIcc (t ⟨↑stop + 1 + ↑k, ⋯⟩) (t ⟨↑stop + 1 + ↑k + 1, ⋯⟩) → ¬γ ⟨x, ⋯⟩ = -threeSphere_northPole
but is expected to have type
  ∀ (x : ℝ) (hp : 0 ≤ x) (hq : x ≤ 1),
    ¬(γ.subpath (t ⟨↑stop + 1 + ↑k, ⋯⟩) (t ⟨↑stop + 1 + (↑k + 1), ⋯⟩)) ⟨x, ⋯⟩ = -threeSphere_northPole
/Users/mjkang/.codex/worktrees/statement-433-migration/poincare/Poincare/Statement.lean:40673:6: error: No goals to be solved
/Users/mjkang/.codex/worktrees/statement-433-migration/poincare/Poincare/Statement.lean:40803:4: error: Type mismatch: After simplification, term
  h0
 has type
  @Eq (↑unitInterval) (t 0) 0
but is expected to have type
  @Eq (↑unitInterval) (t (Fin.cast ⋯ (Fin.castAdd (M + 1 + (L + 1) + (K + 1) + (T + 1) + (R + 1) + (A₀ + 1)) 0))) 0
/Users/mjkang/.codex/worktrees/statement-433-migration/poincare/Poincare/Statement.lean:40875:8: error: Type mismatch: After simplification, term
  hSub
 has type
  @Path.Homotopic ThreeSphere instTopologicalSpaceSubtype
    (γ (t (Fin.cast ⋯ (Fin.castAdd (M + 1 + (L + 1) + (K + 1) + (T + 1) + (R + 1) + (A₀ + 1)) 0))))
    (γ (t (Fin.last (N + 1 + (M + 1) + (L + 1) + (K + 1) + (T + 1) + (R + 1) + (A₀ + 1)))))
    (γ.subpath (t (Fin.cast ⋯ (Fin.castAdd (M + 1 + (L + 1) + (K + 1) + (T + 1) + (R + 1) + (A₀ + 1)) 0)))
      (t (Fin.last (N + 1 + (M + 1) + (L + 1) + (K + 1) + (T + 1) + (R + 1) + (A₀ + 1)))))
    ((Path.refl (γ (t (Fin.cast ⋯ (Fin.castAdd (M + 1 + (L + 1) + (K + 1) + (T + 1) + (R + 1) + (A₀ + 1)) 0))))).cast ⋯
      ⋯)
but is expected to have type
  @Path.Homotopic ThreeSphere instTopologicalSpaceSubtype (γ (t 0))
    (γ (t (Fin.last (N + 1 + (M + 1) + (L + 1) + (K + 1) + (T + 1) + (R + 1) + (A₀ + 1)))))
    (γ.subpath (t 0) (t (Fin.last (N + 1 + (M + 1) + (L + 1) + (K + 1) + (T + 1) + (R + 1) + (A₀ + 1)))))
    ((Path.refl (γ (t 0))).cast ⋯ ⋯)
/Users/mjkang/.codex/worktrees/statement-433-migration/poincare/Poincare/Statement.lean:41001:4: error: Type mismatch: After simplification, term
  h0
 has type
  @Eq (↑unitInterval) (t 0) 0
but is expected to have type
  @Eq (↑unitInterval)
    (t (Fin.cast ⋯ (Fin.castAdd (M + 1 + (L + 1) + (K + 1) + (T + 1) + (R + 1) + (A₀ + 1) + (B₀ + 1)) 0))) 0
/Users/mjkang/.codex/worktrees/statement-433-migration/poincare/Poincare/Statement.lean:41082:8: error: Type mismatch: After simplification, term
  hSub
 has type
  @Path.Homotopic ThreeSphere instTopologicalSpaceSubtype
    (γ (t (Fin.cast ⋯ (Fin.castAdd (M + 1 + (L + 1) + (K + 1) + (T + 1) + (R + 1) + (A₀ + 1) + (B₀ + 1)) 0))))
    (γ (t (Fin.last (N + 1 + (M + 1) + (L + 1) + (K + 1) + (T + 1) + (R + 1) + (A₀ + 1) + (B₀ + 1)))))
    (γ.subpath (t (Fin.cast ⋯ (Fin.castAdd (M + 1 + (L + 1) + (K + 1) + (T + 1) + (R + 1) + (A₀ + 1) + (B₀ + 1)) 0)))
      (t (Fin.last (N + 1 + (M + 1) + (L + 1) + (K + 1) + (T + 1) + (R + 1) + (A₀ + 1) + (B₀ + 1)))))
    ((Path.refl
          (γ
            (t
              (Fin.cast ⋯ (Fin.castAdd (M + 1 + (L + 1) + (K + 1) + (T + 1) + (R + 1) + (A₀ + 1) + (B₀ + 1)) 0))))).cast
      ⋯ ⋯)
but is expected to have type
  @Path.Homotopic ThreeSphere instTopologicalSpaceSubtype (γ (t 0))
    (γ (t (Fin.last (N + 1 + (M + 1) + (L + 1) + (K + 1) + (T + 1) + (R + 1) + (A₀ + 1) + (B₀ + 1)))))
    (γ.subpath (t 0) (t (Fin.last (N + 1 + (M + 1) + (L + 1) + (K + 1) + (T + 1) + (R + 1) + (A₀ + 1) + (B₀ + 1)))))
    ((Path.refl (γ (t 0))).cast ⋯ ⋯)
/Users/mjkang/.codex/worktrees/statement-433-migration/poincare/Poincare/Statement.lean:41208:4: error: Type mismatch: After simplification, term
  h0
 has type
  @Eq (↑unitInterval) (t 0) 0
but is expected to have type
  @Eq (↑unitInterval)
    (t (Fin.cast ⋯ (Fin.castAdd (M + 1 + (L + 1) + (K + 1) + (T + 1) + (R + 1) + (A₀ + 1) + (B₀ + 1)) 0))) 0
/Users/mjkang/.codex/worktrees/statement-433-migration/poincare/Poincare/Statement.lean:41289:8: error: Type mismatch: After simplification, term
  hSub
 has type
  @Path.Homotopic ThreeSphere instTopologicalSpaceSubtype
    (γ (t (Fin.cast ⋯ (Fin.castAdd (M + 1 + (L + 1) + (K + 1) + (T + 1) + (R + 1) + (A₀ + 1) + (B₀ + 1)) 0))))
    (γ (t (Fin.last (N + 1 + (M + 1) + (L + 1) + (K + 1) + (T + 1) + (R + 1) + (A₀ + 1) + (B₀ + 1)))))
    (γ.subpath (t (Fin.cast ⋯ (Fin.castAdd (M + 1 + (L + 1) + (K + 1) + (T + 1) + (R + 1) + (A₀ + 1) + (B₀ + 1)) 0)))
      (t (Fin.last (N + 1 + (M + 1) + (L + 1) + (K + 1) + (T + 1) + (R + 1) + (A₀ + 1) + (B₀ + 1)))))
    ((Path.refl
          (γ
            (t
              (Fin.cast ⋯ (Fin.castAdd (M + 1 + (L + 1) + (K + 1) + (T + 1) + (R + 1) + (A₀ + 1) + (B₀ + 1)) 0))))).cast
      ⋯ ⋯)
but is expected to have type
  @Path.Homotopic ThreeSphere instTopologicalSpaceSubtype (γ (t 0))
    (γ (t (Fin.last (N + 1 + (M + 1) + (L + 1) + (K + 1) + (T + 1) + (R + 1) + (A₀ + 1) + (B₀ + 1)))))
    (γ.subpath (t 0) (t (Fin.last (N + 1 + (M + 1) + (L + 1) + (K + 1) + (T + 1) + (R + 1) + (A₀ + 1) + (B₀ + 1)))))
    ((Path.refl (γ (t 0))).cast ⋯ ⋯)
/Users/mjkang/.codex/worktrees/statement-433-migration/poincare/Poincare/Statement.lean:41392:4: error: Type mismatch: After simplification, term
  h0
 has type
  @Eq (↑unitInterval) (t 0) 0
but is expected to have type
  @Eq (↑unitInterval) (t (Fin.cast ⋯ (Fin.castAdd (M + 1 + (L + 1) + (K + 1) + (T + 1) + (R + 1) + (A₀ + 1)) 0))) 0
/Users/mjkang/.codex/worktrees/statement-433-migration/poincare/Poincare/Statement.lean:41464:8: error: Type mismatch: After simplification, term
  hSub
 has type
  @Path.Homotopic ThreeSphere instTopologicalSpaceSubtype
    (γ (t (Fin.cast ⋯ (Fin.castAdd (M + 1 + (L + 1) + (K + 1) + (T + 1) + (R + 1) + (A₀ + 1)) 0))))
    (γ (t (Fin.last (N + 1 + (M + 1) + (L + 1) + (K + 1) + (T + 1) + (R + 1) + (A₀ + 1)))))
    (γ.subpath (t (Fin.cast ⋯ (Fin.castAdd (M + 1 + (L + 1) + (K + 1) + (T + 1) + (R + 1) + (A₀ + 1)) 0)))
      (t (Fin.last (N + 1 + (M + 1) + (L + 1) + (K + 1) + (T + 1) + (R + 1) + (A₀ + 1)))))
    ((Path.refl (γ (t (Fin.cast ⋯ (Fin.castAdd (M + 1 + (L + 1) + (K + 1) + (T + 1) + (R + 1) + (A₀ + 1)) 0))))).cast ⋯
      ⋯)
but is expected to have type
  @Path.Homotopic ThreeSphere instTopologicalSpaceSubtype (γ (t 0))
    (γ (t (Fin.last (N + 1 + (M + 1) + (L + 1) + (K + 1) + (T + 1) + (R + 1) + (A₀ + 1)))))
    (γ.subpath (t 0) (t (Fin.last (N + 1 + (M + 1) + (L + 1) + (K + 1) + (T + 1) + (R + 1) + (A₀ + 1)))))
    ((Path.refl (γ (t 0))).cast ⋯ ⋯)
/Users/mjkang/.codex/worktrees/statement-433-migration/poincare/Poincare/Statement.lean:41546:4: error: Type mismatch: After simplification, term
  h0
 has type
  @Eq (↑unitInterval) (t 0) 0
but is expected to have type
  @Eq (↑unitInterval) (t (Fin.cast ⋯ (Fin.castAdd (M + 1 + (L + 1) + (K + 1) + (T + 1) + (R + 1)) 0))) 0
/Users/mjkang/.codex/worktrees/statement-433-migration/poincare/Poincare/Statement.lean:41617:4: error: Type mismatch: After simplification, term
  hSub
 has type
  @Path.Homotopic ThreeSphere instTopologicalSpaceSubtype
    (γ (t (Fin.cast ⋯ (Fin.castAdd (M + 1 + (L + 1) + (K + 1) + (T + 1) + (R + 1)) 0))))
    (γ (t (Fin.last (N + 1 + (M + 1) + (L + 1) + (K + 1) + (T + 1) + (R + 1)))))
    (γ.subpath (t (Fin.cast ⋯ (Fin.castAdd (M + 1 + (L + 1) + (K + 1) + (T + 1) + (R + 1)) 0)))
      (t (Fin.last (N + 1 + (M + 1) + (L + 1) + (K + 1) + (T + 1) + (R + 1)))))
    ((Path.refl (γ (t (Fin.cast ⋯ (Fin.castAdd (M + 1 + (L + 1) + (K + 1) + (T + 1) + (R + 1)) 0))))).cast ⋯ ⋯)
but is expected to have type
  @Path.Homotopic ThreeSphere instTopologicalSpaceSubtype (γ (t 0))
    (γ (t (Fin.last (N + 1 + (M + 1) + (L + 1) + (K + 1) + (T + 1) + (R + 1)))))
    (γ.subpath (t 0) (t (Fin.last (N + 1 + (M + 1) + (L + 1) + (K + 1) + (T + 1) + (R + 1)))))
    ((Path.refl (γ (t 0))).cast ⋯ ⋯)
/Users/mjkang/.codex/worktrees/statement-433-migration/poincare/Poincare/Statement.lean:41724:4: error: Type mismatch: After simplification, term
  h0
 has type
  @Eq (↑unitInterval) (t 0) 0
but is expected to have type
  @Eq (↑unitInterval) (t (Fin.cast ⋯ (Fin.castAdd (M + 1 + (L + 1) + (K + 1) + (T + 1) + (R + 1)) 0))) 0
/Users/mjkang/.codex/worktrees/statement-433-migration/poincare/Poincare/Statement.lean:41795:4: error: Type mismatch: After simplification, term
  hSub
 has type
  @Path.Homotopic ThreeSphere instTopologicalSpaceSubtype
    (γ (t (Fin.cast ⋯ (Fin.castAdd (M + 1 + (L + 1) + (K + 1) + (T + 1) + (R + 1)) 0))))
    (γ (t (Fin.last (N + 1 + (M + 1) + (L + 1) + (K + 1) + (T + 1) + (R + 1)))))
    (γ.subpath (t (Fin.cast ⋯ (Fin.castAdd (M + 1 + (L + 1) + (K + 1) + (T + 1) + (R + 1)) 0)))
      (t (Fin.last (N + 1 + (M + 1) + (L + 1) + (K + 1) + (T + 1) + (R + 1)))))
    ((Path.refl (γ (t (Fin.cast ⋯ (Fin.castAdd (M + 1 + (L + 1) + (K + 1) + (T + 1) + (R + 1)) 0))))).cast ⋯ ⋯)
but is expected to have type
  @Path.Homotopic ThreeSphere instTopologicalSpaceSubtype (γ (t 0))
    (γ (t (Fin.last (N + 1 + (M + 1) + (L + 1) + (K + 1) + (T + 1) + (R + 1)))))
    (γ.subpath (t 0) (t (Fin.last (N + 1 + (M + 1) + (L + 1) + (K + 1) + (T + 1) + (R + 1)))))
    ((Path.refl (γ (t 0))).cast ⋯ ⋯)
/Users/mjkang/.codex/worktrees/statement-433-migration/poincare/Poincare/Statement.lean:41890:4: error: Type mismatch: After simplification, term
  h0
 has type
  @Eq (↑unitInterval) (t 0) 0
but is expected to have type
  @Eq (↑unitInterval) (t (Fin.cast ⋯ (Fin.castAdd (M + 1 + (L + 1) + (K + 1) + (T + 1)) 0))) 0
/Users/mjkang/.codex/worktrees/statement-433-migration/poincare/Poincare/Statement.lean:41952:4: error: Type mismatch: After simplification, term
  hSub
 has type
  @Path.Homotopic ThreeSphere instTopologicalSpaceSubtype
    (γ (t (Fin.cast ⋯ (Fin.castAdd (M + 1 + (L + 1) + (K + 1) + (T + 1)) 0))))
    (γ (t (Fin.last (N + 1 + (M + 1) + (L + 1) + (K + 1) + (T + 1)))))
    (γ.subpath (t (Fin.cast ⋯ (Fin.castAdd (M + 1 + (L + 1) + (K + 1) + (T + 1)) 0)))
      (t (Fin.last (N + 1 + (M + 1) + (L + 1) + (K + 1) + (T + 1)))))
    ((Path.refl (γ (t (Fin.cast ⋯ (Fin.castAdd (M + 1 + (L + 1) + (K + 1) + (T + 1)) 0))))).cast ⋯ ⋯)
but is expected to have type
  @Path.Homotopic ThreeSphere instTopologicalSpaceSubtype (γ (t 0))
    (γ (t (Fin.last (N + 1 + (M + 1) + (L + 1) + (K + 1) + (T + 1)))))
    (γ.subpath (t 0) (t (Fin.last (N + 1 + (M + 1) + (L + 1) + (K + 1) + (T + 1))))) ((Path.refl (γ (t 0))).cast ⋯ ⋯)
/Users/mjkang/.codex/worktrees/statement-433-migration/poincare/Poincare/Statement.lean:42045:4: error: Type mismatch: After simplification, term
  h0
 has type
  @Eq (↑unitInterval) (t 0) 0
but is expected to have type
  @Eq (↑unitInterval) (t (Fin.cast ⋯ (Fin.castAdd (M + 1 + (L + 1) + (K + 1) + (T + 1)) 0))) 0
/Users/mjkang/.codex/worktrees/statement-433-migration/poincare/Poincare/Statement.lean:42107:4: error: Type mismatch: After simplification, term
  hSub
 has type
  @Path.Homotopic ThreeSphere instTopologicalSpaceSubtype
    (γ (t (Fin.cast ⋯ (Fin.castAdd (M + 1 + (L + 1) + (K + 1) + (T + 1)) 0))))
    (γ (t (Fin.last (N + 1 + (M + 1) + (L + 1) + (K + 1) + (T + 1)))))
    (γ.subpath (t (Fin.cast ⋯ (Fin.castAdd (M + 1 + (L + 1) + (K + 1) + (T + 1)) 0)))
      (t (Fin.last (N + 1 + (M + 1) + (L + 1) + (K + 1) + (T + 1)))))
    ((Path.refl (γ (t (Fin.cast ⋯ (Fin.castAdd (M + 1 + (L + 1) + (K + 1) + (T + 1)) 0))))).cast ⋯ ⋯)
but is expected to have type
  @Path.Homotopic ThreeSphere instTopologicalSpaceSubtype (γ (t 0))
    (γ (t (Fin.last (N + 1 + (M + 1) + (L + 1) + (K + 1) + (T + 1)))))
    (γ.subpath (t 0) (t (Fin.last (N + 1 + (M + 1) + (L + 1) + (K + 1) + (T + 1))))) ((Path.refl (γ (t 0))).cast ⋯ ⋯)
/Users/mjkang/.codex/worktrees/statement-433-migration/poincare/Poincare/Statement.lean:42186:4: error: Type mismatch: After simplification, term
  h0
 has type
  @Eq (↑unitInterval) (t 0) 0
but is expected to have type
  @Eq (↑unitInterval) (t (Fin.cast ⋯ (Fin.castAdd (M + 1 + (L + 1) + (K + 1)) 0))) 0
/Users/mjkang/.codex/worktrees/statement-433-migration/poincare/Poincare/Statement.lean:42239:4: error: Type mismatch: After simplification, term
  hSub
 has type
  @Path.Homotopic ThreeSphere instTopologicalSpaceSubtype
    (γ (t (Fin.cast ⋯ (Fin.castAdd (M + 1 + (L + 1) + (K + 1)) 0))))
    (γ (t (Fin.last (N + 1 + (M + 1) + (L + 1) + (K + 1)))))
    (γ.subpath (t (Fin.cast ⋯ (Fin.castAdd (M + 1 + (L + 1) + (K + 1)) 0)))
      (t (Fin.last (N + 1 + (M + 1) + (L + 1) + (K + 1)))))
    ((Path.refl (γ (t (Fin.cast ⋯ (Fin.castAdd (M + 1 + (L + 1) + (K + 1)) 0))))).cast ⋯ ⋯)
but is expected to have type
  @Path.Homotopic ThreeSphere instTopologicalSpaceSubtype (γ (t 0))
    (γ (t (Fin.last (N + 1 + (M + 1) + (L + 1) + (K + 1)))))
    (γ.subpath (t 0) (t (Fin.last (N + 1 + (M + 1) + (L + 1) + (K + 1))))) ((Path.refl (γ (t 0))).cast ⋯ ⋯)
/Users/mjkang/.codex/worktrees/statement-433-migration/poincare/Poincare/Statement.lean:42318:4: error: Type mismatch: After simplification, term
  h0
 has type
  @Eq (↑unitInterval) (t 0) 0
but is expected to have type
  @Eq (↑unitInterval) (t (Fin.cast ⋯ (Fin.castAdd (M + 1 + (L + 1) + (K + 1)) 0))) 0
/Users/mjkang/.codex/worktrees/statement-433-migration/poincare/Poincare/Statement.lean:42371:4: error: Type mismatch: After simplification, term
  hSub
 has type
  @Path.Homotopic ThreeSphere instTopologicalSpaceSubtype
    (γ (t (Fin.cast ⋯ (Fin.castAdd (M + 1 + (L + 1) + (K + 1)) 0))))
    (γ (t (Fin.last (N + 1 + (M + 1) + (L + 1) + (K + 1)))))
    (γ.subpath (t (Fin.cast ⋯ (Fin.castAdd (M + 1 + (L + 1) + (K + 1)) 0)))
      (t (Fin.last (N + 1 + (M + 1) + (L + 1) + (K + 1)))))
    ((Path.refl (γ (t (Fin.cast ⋯ (Fin.castAdd (M + 1 + (L + 1) + (K + 1)) 0))))).cast ⋯ ⋯)
but is expected to have type
  @Path.Homotopic ThreeSphere instTopologicalSpaceSubtype (γ (t 0))
    (γ (t (Fin.last (N + 1 + (M + 1) + (L + 1) + (K + 1)))))
    (γ.subpath (t 0) (t (Fin.last (N + 1 + (M + 1) + (L + 1) + (K + 1))))) ((Path.refl (γ (t 0))).cast ⋯ ⋯)
/Users/mjkang/.codex/worktrees/statement-433-migration/poincare/Poincare/Statement.lean:42434:4: error: Type mismatch: After simplification, term
  h0
 has type
  @Eq (↑unitInterval) (t 0) 0
but is expected to have type
  @Eq (↑unitInterval) (t (Fin.cast ⋯ (Fin.castAdd (M + 1 + (L + 1)) 0))) 0
/Users/mjkang/.codex/worktrees/statement-433-migration/poincare/Poincare/Statement.lean:42477:4: error: Type mismatch: After simplification, term
  hSub
 has type
  @Path.Homotopic ThreeSphere instTopologicalSpaceSubtype (γ (t (Fin.cast ⋯ (Fin.castAdd (M + 1 + (L + 1)) 0))))
    (γ (t (Fin.last (N + 1 + (M + 1) + (L + 1)))))
    (γ.subpath (t (Fin.cast ⋯ (Fin.castAdd (M + 1 + (L + 1)) 0))) (t (Fin.last (N + 1 + (M + 1) + (L + 1)))))
    ((Path.refl (γ (t (Fin.cast ⋯ (Fin.castAdd (M + 1 + (L + 1)) 0))))).cast ⋯ ⋯)
but is expected to have type
  @Path.Homotopic ThreeSphere instTopologicalSpaceSubtype (γ (t 0)) (γ (t (Fin.last (N + 1 + (M + 1) + (L + 1)))))
    (γ.subpath (t 0) (t (Fin.last (N + 1 + (M + 1) + (L + 1))))) ((Path.refl (γ (t 0))).cast ⋯ ⋯)
/Users/mjkang/.codex/worktrees/statement-433-migration/poincare/Poincare/Statement.lean:42544:4: error: Type mismatch: After simplification, term
  h0
 has type
  @Eq (↑unitInterval) (t 0) 0
but is expected to have type
  @Eq (↑unitInterval) (t (Fin.cast ⋯ (Fin.castAdd (M + 1 + (L + 1)) 0))) 0
/Users/mjkang/.codex/worktrees/statement-433-migration/poincare/Poincare/Statement.lean:42587:4: error: Type mismatch: After simplification, term
  hSub
 has type
  @Path.Homotopic ThreeSphere instTopologicalSpaceSubtype (γ (t (Fin.cast ⋯ (Fin.castAdd (M + 1 + (L + 1)) 0))))
    (γ (t (Fin.last (N + 1 + (M + 1) + (L + 1)))))
    (γ.subpath (t (Fin.cast ⋯ (Fin.castAdd (M + 1 + (L + 1)) 0))) (t (Fin.last (N + 1 + (M + 1) + (L + 1)))))
    ((Path.refl (γ (t (Fin.cast ⋯ (Fin.castAdd (M + 1 + (L + 1)) 0))))).cast ⋯ ⋯)
but is expected to have type
  @Path.Homotopic ThreeSphere instTopologicalSpaceSubtype (γ (t 0)) (γ (t (Fin.last (N + 1 + (M + 1) + (L + 1)))))
    (γ.subpath (t 0) (t (Fin.last (N + 1 + (M + 1) + (L + 1))))) ((Path.refl (γ (t 0))).cast ⋯ ⋯)
/Users/mjkang/.codex/worktrees/statement-433-migration/poincare/Poincare/Statement.lean:42645:4: error: Type mismatch: After simplification, term
  h0
 has type
  @Eq (↑unitInterval) (t 0) 0
but is expected to have type
  @Eq (↑unitInterval) (t (Fin.cast ⋯ (Fin.castAdd (M + 1) 0))) 0
/Users/mjkang/.codex/worktrees/statement-433-migration/poincare/Poincare/Statement.lean:42678:4: error: Type mismatch: After simplification, term
  hSub
 has type
  @Path.Homotopic ThreeSphere instTopologicalSpaceSubtype (γ (t (Fin.cast ⋯ (Fin.castAdd (M + 1) 0))))
    (γ (t (Fin.last (N + 1 + (M + 1)))))
    (γ.subpath (t (Fin.cast ⋯ (Fin.castAdd (M + 1) 0))) (t (Fin.last (N + 1 + (M + 1)))))
    ((Path.refl (γ (t (Fin.cast ⋯ (Fin.castAdd (M + 1) 0))))).cast ⋯ ⋯)
but is expected to have type
  @Path.Homotopic ThreeSphere instTopologicalSpaceSubtype (γ (t 0)) (γ (t (Fin.last (N + 1 + (M + 1)))))
    (γ.subpath (t 0) (t (Fin.last (N + 1 + (M + 1))))) ((Path.refl (γ (t 0))).cast ⋯ ⋯)
/Users/mjkang/.codex/worktrees/statement-433-migration/poincare/Poincare/Statement.lean:42734:4: error: Type mismatch: After simplification, term
  h0
 has type
  @Eq (↑unitInterval) (t 0) 0
but is expected to have type
  @Eq (↑unitInterval) (t (Fin.cast ⋯ (Fin.castAdd (M + 1) 0))) 0
/Users/mjkang/.codex/worktrees/statement-433-migration/poincare/Poincare/Statement.lean:42767:4: error: Type mismatch: After simplification, term
  hSub
 has type
  @Path.Homotopic ThreeSphere instTopologicalSpaceSubtype (γ (t (Fin.cast ⋯ (Fin.castAdd (M + 1) 0))))
    (γ (t (Fin.last (N + 1 + (M + 1)))))
    (γ.subpath (t (Fin.cast ⋯ (Fin.castAdd (M + 1) 0))) (t (Fin.last (N + 1 + (M + 1)))))
    ((Path.refl (γ (t (Fin.cast ⋯ (Fin.castAdd (M + 1) 0))))).cast ⋯ ⋯)
but is expected to have type
  @Path.Homotopic ThreeSphere instTopologicalSpaceSubtype (γ (t 0)) (γ (t (Fin.last (N + 1 + (M + 1)))))
    (γ.subpath (t 0) (t (Fin.last (N + 1 + (M + 1))))) ((Path.refl (γ (t 0))).cast ⋯ ⋯)
/Users/mjkang/.codex/worktrees/statement-433-migration/poincare/Poincare/Statement.lean:42848:4: error: No goals to be solved
/Users/mjkang/.codex/worktrees/statement-433-migration/poincare/Poincare/Statement.lean:42942:4: error: No goals to be solved
/Users/mjkang/.codex/worktrees/statement-433-migration/poincare/Poincare/Statement.lean:43078:4: error: No goals to be solved
/Users/mjkang/.codex/worktrees/statement-433-migration/poincare/Poincare/Statement.lean:43176:4: error: No goals to be solved
/Users/mjkang/.codex/worktrees/statement-433-migration/poincare/Poincare/Statement.lean:43258:4: error: No goals to be solved
/Users/mjkang/.codex/worktrees/statement-433-migration/poincare/Poincare/Statement.lean:43338:4: error: No goals to be solved
/Users/mjkang/.codex/worktrees/statement-433-migration/poincare/Poincare/Statement.lean:43479:4: error: No goals to be solved
/Users/mjkang/.codex/worktrees/statement-433-migration/poincare/Poincare/Statement.lean:43568:4: error: No goals to be solved
/Users/mjkang/.codex/worktrees/statement-433-migration/poincare/Poincare/Statement.lean:43680:2: error: Type mismatch: After simplification, term
  Path.Homotopic.Quotient.eq.mp (Eq.trans (Eq.symm hquot) (hcollapse γ N t h0 h1 hsegment))
 has type
  (γ.cast ⋯ ⋯).Homotopic ((Path.refl threeSphere_equatorPoint).cast ⋯ ⋯)
but is expected to have type
  γ.Homotopic (Path.refl threeSphere_equatorPoint)
/Users/mjkang/.codex/worktrees/statement-433-migration/poincare/Poincare/Statement.lean:43696:10: error: Type mismatch: After simplification, term
  Path.Homotopic.Quotient.eq.mp (Eq.trans (Eq.symm hquot) (hcollapse γ N t h0 h1 hsegment))
 has type
  (γ.cast ⋯ ⋯).Homotopic ((Path.refl threeSphere_equatorPoint).cast ⋯ ⋯)
but is expected to have type
  γ.Homotopic (Path.refl threeSphere_equatorPoint)
/Users/mjkang/.codex/worktrees/statement-433-migration/poincare/Poincare/Statement.lean:43784:2: warning: Try this: 
  letI̵

The goal is a proposition, so `let` is preferred over `letI`.
The difference between `let` and `letI` is that `letI` inlines the value.
But this is not relevant for proofs because of proof irrelevance.

Note: This linter can be disabled with `set_option linter.style.haveILetI false`
/Users/mjkang/.codex/worktrees/statement-433-migration/poincare/Poincare/Statement.lean:43786:2: warning: Try this: 
  letI̵

The goal is a proposition, so `let` is preferred over `letI`.
The difference between `let` and `letI` is that `letI` inlines the value.
But this is not relevant for proofs because of proof irrelevance.

Note: This linter can be disabled with `set_option linter.style.haveILetI false`
/Users/mjkang/.codex/worktrees/statement-433-migration/poincare/Poincare/Statement.lean:43788:2: warning: Try this: 
  letI̵

The goal is a proposition, so `let` is preferred over `letI`.
The difference between `let` and `letI` is that `letI` inlines the value.
But this is not relevant for proofs because of proof irrelevance.

Note: This linter can be disabled with `set_option linter.style.haveILetI false`
/Users/mjkang/.codex/worktrees/statement-433-migration/poincare/Poincare/Statement.lean:43856:2: warning: Try this: 
  letI̵

The goal is a proposition, so `let` is preferred over `letI`.
The difference between `let` and `letI` is that `letI` inlines the value.
But this is not relevant for proofs because of proof irrelevance.

Note: This linter can be disabled with `set_option linter.style.haveILetI false`
/Users/mjkang/.codex/worktrees/statement-433-migration/poincare/Poincare/Statement.lean:43857:2: warning: Try this: 
  letI̵

The goal is a proposition, so `let` is preferred over `letI`.
The difference between `let` and `letI` is that `letI` inlines the value.
But this is not relevant for proofs because of proof irrelevance.

Note: This linter can be disabled with `set_option linter.style.haveILetI false`
/Users/mjkang/.codex/worktrees/statement-433-migration/poincare/Poincare/Statement.lean:43858:2: warning: Try this: 
  letI̵

The goal is a proposition, so `let` is preferred over `letI`.
The difference between `let` and `letI` is that `letI` inlines the value.
But this is not relevant for proofs because of proof irrelevance.

Note: This linter can be disabled with `set_option linter.style.haveILetI false`
/Users/mjkang/.codex/worktrees/statement-433-migration/poincare/Poincare/Statement.lean:44179:2: warning: Try this: 
  letI̵

The goal is a proposition, so `let` is preferred over `letI`.
The difference between `let` and `letI` is that `letI` inlines the value.
But this is not relevant for proofs because of proof irrelevance.

Note: This linter can be disabled with `set_option linter.style.haveILetI false`
/Users/mjkang/.codex/worktrees/statement-433-migration/poincare/Poincare/Statement.lean:44204:2: warning: Try this: 
  letI̵

The goal is a proposition, so `let` is preferred over `letI`.
The difference between `let` and `letI` is that `letI` inlines the value.
But this is not relevant for proofs because of proof irrelevance.

Note: This linter can be disabled with `set_option linter.style.haveILetI false`
/Users/mjkang/.codex/worktrees/statement-433-migration/poincare/Poincare/Statement.lean:44297:2: warning: Try this: 
  letI̵

The goal is a proposition, so `let` is preferred over `letI`.
The difference between `let` and `letI` is that `letI` inlines the value.
But this is not relevant for proofs because of proof irrelevance.

Note: This linter can be disabled with `set_option linter.style.haveILetI false`
/Users/mjkang/.codex/worktrees/statement-433-migration/poincare/Poincare/Statement.lean:44327:17: warning: `LocPathConnectedSpace` has been deprecated: Use `LocallyPathConnectedSpace` instead
/Users/mjkang/.codex/worktrees/statement-433-migration/poincare/Poincare/Statement.lean:44330:2: warning: Try this: 
  letI̵

The goal is a proposition, so `let` is preferred over `letI`.
The difference between `let` and `letI` is that `letI` inlines the value.
But this is not relevant for proofs because of proof irrelevance.

Note: This linter can be disabled with `set_option linter.style.haveILetI false`
/Users/mjkang/.codex/worktrees/statement-433-migration/poincare/Poincare/Statement.lean:44362:2: warning: Try this: 
  letI̵

The goal is a proposition, so `let` is preferred over `letI`.
The difference between `let` and `letI` is that `letI` inlines the value.
But this is not relevant for proofs because of proof irrelevance.

Note: This linter can be disabled with `set_option linter.style.haveILetI false`
/Users/mjkang/.codex/worktrees/statement-433-migration/poincare/Poincare/Statement.lean:44421:17: warning: `LocPathConnectedSpace` has been deprecated: Use `LocallyPathConnectedSpace` instead
/Users/mjkang/.codex/worktrees/statement-433-migration/poincare/Poincare/Statement.lean:44424:2: warning: Try this: 
  letI̵

The goal is a proposition, so `let` is preferred over `letI`.
The difference between `let` and `letI` is that `letI` inlines the value.
But this is not relevant for proofs because of proof irrelevance.

Note: This linter can be disabled with `set_option linter.style.haveILetI false`
/Users/mjkang/.codex/worktrees/statement-433-migration/poincare/Poincare/Statement.lean:44454:17: warning: `LocPathConnectedSpace` has been deprecated: Use `LocallyPathConnectedSpace` instead
/Users/mjkang/.codex/worktrees/statement-433-migration/poincare/Poincare/Statement.lean:44493:4: warning: Try this: 
  letI̵

The goal is a proposition, so `let` is preferred over `letI`.
The difference between `let` and `letI` is that `letI` inlines the value.
But this is not relevant for proofs because of proof irrelevance.

Note: This linter can be disabled with `set_option linter.style.haveILetI false`
/Users/mjkang/.codex/worktrees/statement-433-migration/poincare/Poincare/Statement.lean:44510:10: warning: Try this: 
  letI̵

The goal is a proposition, so `let` is preferred over `letI`.
The difference between `let` and `letI` is that `letI` inlines the value.
But this is not relevant for proofs because of proof irrelevance.

Note: This linter can be disabled with `set_option linter.style.haveILetI false`
/Users/mjkang/.codex/worktrees/statement-433-migration/poincare/Poincare/Statement.lean:44553:17: warning: `LocPathConnectedSpace` has been deprecated: Use `LocallyPathConnectedSpace` instead
/Users/mjkang/.codex/worktrees/statement-433-migration/poincare/Poincare/Statement.lean:44562:4: warning: Try this: 
  letI̵

The goal is a proposition, so `let` is preferred over `letI`.
The difference between `let` and `letI` is that `letI` inlines the value.
But this is not relevant for proofs because of proof irrelevance.

Note: This linter can be disabled with `set_option linter.style.haveILetI false`
/Users/mjkang/.codex/worktrees/statement-433-migration/poincare/Poincare/Statement.lean:44579:10: warning: Try this: 
  letI̵

The goal is a proposition, so `let` is preferred over `letI`.
The difference between `let` and `letI` is that `letI` inlines the value.
But this is not relevant for proofs because of proof irrelevance.

Note: This linter can be disabled with `set_option linter.style.haveILetI false`
/Users/mjkang/.codex/worktrees/statement-433-migration/poincare/Poincare/Statement.lean:44595:17: warning: `LocPathConnectedSpace` has been deprecated: Use `LocallyPathConnectedSpace` instead
/Users/mjkang/.codex/worktrees/statement-433-migration/poincare/Poincare/Statement.lean:44703:2: warning: Try this: 
  letI̵

The goal is a proposition, so `let` is preferred over `letI`.
The difference between `let` and `letI` is that `letI` inlines the value.
But this is not relevant for proofs because of proof irrelevance.

Note: This linter can be disabled with `set_option linter.style.haveILetI false`
/Users/mjkang/.codex/worktrees/statement-433-migration/poincare/Poincare/Statement.lean:45130:2: warning: Try this: 
  letI̵

The goal is a proposition, so `let` is preferred over `letI`.
The difference between `let` and `letI` is that `letI` inlines the value.
But this is not relevant for proofs because of proof irrelevance.

Note: This linter can be disabled with `set_option linter.style.haveILetI false`
/Users/mjkang/.codex/worktrees/statement-433-migration/poincare/Poincare/Statement.lean:45148:10: warning: Try this: 
  letI̵

The goal is a proposition, so `let` is preferred over `letI`.
The difference between `let` and `letI` is that `letI` inlines the value.
But this is not relevant for proofs because of proof irrelevance.

Note: This linter can be disabled with `set_option linter.style.haveILetI false`
/Users/mjkang/.codex/worktrees/statement-433-migration/poincare/Poincare/Statement.lean:45264:10: warning: Try this: 
  letI̵

The goal is a proposition, so `let` is preferred over `letI`.
The difference between `let` and `letI` is that `letI` inlines the value.
But this is not relevant for proofs because of proof irrelevance.

Note: This linter can be disabled with `set_option linter.style.haveILetI false`
/Users/mjkang/.codex/worktrees/statement-433-migration/poincare/Poincare/Statement.lean:45300:2: warning: Try this: 
  letI̵

The goal is a proposition, so `let` is preferred over `letI`.
The difference between `let` and `letI` is that `letI` inlines the value.
But this is not relevant for proofs because of proof irrelevance.

Note: This linter can be disabled with `set_option linter.style.haveILetI false`
/Users/mjkang/.codex/worktrees/statement-433-migration/poincare/Poincare/Statement.lean:45461:10: warning: Try this: 
  letI̵

The goal is a proposition, so `let` is preferred over `letI`.
The difference between `let` and `letI` is that `letI` inlines the value.
But this is not relevant for proofs because of proof irrelevance.

Note: This linter can be disabled with `set_option linter.style.haveILetI false`
/Users/mjkang/.codex/worktrees/statement-433-migration/poincare/Poincare/Statement.lean:45501:2: warning: Try this: 
  letI̵

The goal is a proposition, so `let` is preferred over `letI`.
The difference between `let` and `letI` is that `letI` inlines the value.
But this is not relevant for proofs because of proof irrelevance.

Note: This linter can be disabled with `set_option linter.style.haveILetI false`
/Users/mjkang/.codex/worktrees/statement-433-migration/poincare/Poincare/Statement.lean:45518:10: warning: Try this: 
  letI̵

The goal is a proposition, so `let` is preferred over `letI`.
The difference between `let` and `letI` is that `letI` inlines the value.
But this is not relevant for proofs because of proof irrelevance.

Note: This linter can be disabled with `set_option linter.style.haveILetI false`
/Users/mjkang/.codex/worktrees/statement-433-migration/poincare/Poincare/Statement.lean:46007:17: warning: `LocPathConnectedSpace` has been deprecated: Use `LocallyPathConnectedSpace` instead
/Users/mjkang/.codex/worktrees/statement-433-migration/poincare/Poincare/Statement.lean:46227:2: warning: Try this: 
  letI̵

The goal is a proposition, so `let` is preferred over `letI`.
The difference between `let` and `letI` is that `letI` inlines the value.
But this is not relevant for proofs because of proof irrelevance.

Note: This linter can be disabled with `set_option linter.style.haveILetI false`
/Users/mjkang/.codex/worktrees/statement-433-migration/poincare/Poincare/Statement.lean:46237:2: warning: Try this: 
  letI̵

The goal is a proposition, so `let` is preferred over `letI`.
The difference between `let` and `letI` is that `letI` inlines the value.
But this is not relevant for proofs because of proof irrelevance.

Note: This linter can be disabled with `set_option linter.style.haveILetI false`
/Users/mjkang/.codex/worktrees/statement-433-migration/poincare/Poincare/Statement.lean:46248:2: warning: Try this: 
  letI̵

The goal is a proposition, so `let` is preferred over `letI`.
The difference between `let` and `letI` is that `letI` inlines the value.
But this is not relevant for proofs because of proof irrelevance.

Note: This linter can be disabled with `set_option linter.style.haveILetI false`
/Users/mjkang/.codex/worktrees/statement-433-migration/poincare/Poincare/Statement.lean:46259:2: warning: Try this: 
  letI̵

The goal is a proposition, so `let` is preferred over `letI`.
The difference between `let` and `letI` is that `letI` inlines the value.
But this is not relevant for proofs because of proof irrelevance.

Note: This linter can be disabled with `set_option linter.style.haveILetI false`
/Users/mjkang/.codex/worktrees/statement-433-migration/poincare/Poincare/Statement.lean:46269:2: warning: Try this: 
  letI̵

The goal is a proposition, so `let` is preferred over `letI`.
The difference between `let` and `letI` is that `letI` inlines the value.
But this is not relevant for proofs because of proof irrelevance.

Note: This linter can be disabled with `set_option linter.style.haveILetI false`
/Users/mjkang/.codex/worktrees/statement-433-migration/poincare/Poincare/Statement.lean:47051:2: warning: Try this: 
  letI̵

The goal is a proposition, so `let` is preferred over `letI`.
The difference between `let` and `letI` is that `letI` inlines the value.
But this is not relevant for proofs because of proof irrelevance.

Note: This linter can be disabled with `set_option linter.style.haveILetI false`
/Users/mjkang/.codex/worktrees/statement-433-migration/poincare/Poincare/Statement.lean:47093:17: warning: `LocPathConnectedSpace` has been deprecated: Use `LocallyPathConnectedSpace` instead
/Users/mjkang/.codex/worktrees/statement-433-migration/poincare/Poincare/Statement.lean:47096:2: warning: Try this: 
  letI̵

The goal is a proposition, so `let` is preferred over `letI`.
The difference between `let` and `letI` is that `letI` inlines the value.
But this is not relevant for proofs because of proof irrelevance.

Note: This linter can be disabled with `set_option linter.style.haveILetI false`
/Users/mjkang/.codex/worktrees/statement-433-migration/poincare/Poincare/Statement.lean:47140:2: warning: Try this: 
  letI̵

The goal is a proposition, so `let` is preferred over `letI`.
The difference between `let` and `letI` is that `letI` inlines the value.
But this is not relevant for proofs because of proof irrelevance.

Note: This linter can be disabled with `set_option linter.style.haveILetI false`
/Users/mjkang/.codex/worktrees/statement-433-migration/poincare/Poincare/Statement.lean:47194:17: warning: `LocPathConnectedSpace` has been deprecated: Use `LocallyPathConnectedSpace` instead
/Users/mjkang/.codex/worktrees/statement-433-migration/poincare/Poincare/Statement.lean:47197:2: warning: Try this: 
  letI̵

The goal is a proposition, so `let` is preferred over `letI`.
The difference between `let` and `letI` is that `letI` inlines the value.
But this is not relevant for proofs because of proof irrelevance.

Note: This linter can be disabled with `set_option linter.style.haveILetI false`
/Users/mjkang/.codex/worktrees/statement-433-migration/poincare/Poincare/Statement.lean:47253:2: warning: Try this: 
  letI̵

The goal is a proposition, so `let` is preferred over `letI`.
The difference between `let` and `letI` is that `letI` inlines the value.
But this is not relevant for proofs because of proof irrelevance.

Note: This linter can be disabled with `set_option linter.style.haveILetI false`
/Users/mjkang/.codex/worktrees/statement-433-migration/poincare/Poincare/Statement.lean:47320:17: warning: `LocPathConnectedSpace` has been deprecated: Use `LocallyPathConnectedSpace` instead
/Users/mjkang/.codex/worktrees/statement-433-migration/poincare/Poincare/Statement.lean:47323:2: warning: Try this: 
  letI̵

The goal is a proposition, so `let` is preferred over `letI`.
The difference between `let` and `letI` is that `letI` inlines the value.
But this is not relevant for proofs because of proof irrelevance.

Note: This linter can be disabled with `set_option linter.style.haveILetI false`
/Users/mjkang/.codex/worktrees/statement-433-migration/poincare/Poincare/Statement.lean:47393:2: warning: Try this: 
  letI̵

The goal is a proposition, so `let` is preferred over `letI`.
The difference between `let` and `letI` is that `letI` inlines the value.
But this is not relevant for proofs because of proof irrelevance.

Note: This linter can be disabled with `set_option linter.style.haveILetI false`
/Users/mjkang/.codex/worktrees/statement-433-migration/poincare/Poincare/Statement.lean:47440:17: warning: `LocPathConnectedSpace` has been deprecated: Use `LocallyPathConnectedSpace` instead
/Users/mjkang/.codex/worktrees/statement-433-migration/poincare/Poincare/Statement.lean:47443:2: warning: Try this: 
  letI̵

The goal is a proposition, so `let` is preferred over `letI`.
The difference between `let` and `letI` is that `letI` inlines the value.
But this is not relevant for proofs because of proof irrelevance.

Note: This linter can be disabled with `set_option linter.style.haveILetI false`
/Users/mjkang/.codex/worktrees/statement-433-migration/poincare/Poincare/Statement.lean:47612:17: warning: `LocPathConnectedSpace` has been deprecated: Use `LocallyPathConnectedSpace` instead
/Users/mjkang/.codex/worktrees/statement-433-migration/poincare/Poincare/Statement.lean:47706:2: warning: Try this: 
  letI̵

The goal is a proposition, so `let` is preferred over `letI`.
The difference between `let` and `letI` is that `letI` inlines the value.
But this is not relevant for proofs because of proof irrelevance.

Note: This linter can be disabled with `set_option linter.style.haveILetI false`
/Users/mjkang/.codex/worktrees/statement-433-migration/poincare/Poincare/Statement.lean:47786:17: warning: `LocPathConnectedSpace` has been deprecated: Use `LocallyPathConnectedSpace` instead
/Users/mjkang/.codex/worktrees/statement-433-migration/poincare/Poincare/Statement.lean:47789:2: warning: Try this: 
  letI̵

The goal is a proposition, so `let` is preferred over `letI`.
The difference between `let` and `letI` is that `letI` inlines the value.
But this is not relevant for proofs because of proof irrelevance.

Note: This linter can be disabled with `set_option linter.style.haveILetI false`
/Users/mjkang/.codex/worktrees/statement-433-migration/poincare/Poincare/Statement.lean:47870:2: warning: Try this: 
  letI̵

The goal is a proposition, so `let` is preferred over `letI`.
The difference between `let` and `letI` is that `letI` inlines the value.
But this is not relevant for proofs because of proof irrelevance.

Note: This linter can be disabled with `set_option linter.style.haveILetI false`
/Users/mjkang/.codex/worktrees/statement-433-migration/poincare/Poincare/Statement.lean:47938:17: warning: `LocPathConnectedSpace` has been deprecated: Use `LocallyPathConnectedSpace` instead
/Users/mjkang/.codex/worktrees/statement-433-migration/poincare/Poincare/Statement.lean:47941:2: warning: Try this: 
  letI̵

The goal is a proposition, so `let` is preferred over `letI`.
The difference between `let` and `letI` is that `letI` inlines the value.
But this is not relevant for proofs because of proof irrelevance.

Note: This linter can be disabled with `set_option linter.style.haveILetI false`
