⚠ [2485/2958] Replayed Poincare.FlatModelConnection
warning: Poincare/FlatModelConnection.lean:159:4: Try this: intro σ hσ x _
⚠ [2702/2958] Replayed Poincare.ChartIdentification
warning: Poincare/ChartIdentification.lean:317:0: automatically included section variable(s) unused in theorem `mpullback_extChartAt_symm_apply`:
  [CompleteSpace E']
consider restructuring your `variable` declarations so that the variables are not in scope or explicitly omit them:
  omit [CompleteSpace E'] in theorem ...

Note: This linter can be disabled with `set_option linter.unusedSectionVars false`
⚠ [2713/2958] Replayed Poincare.MaximumPrinciple
warning: Poincare/MaximumPrinciple.lean:58:2: `push_neg` has been deprecated. Prefer using `push Not` instead.
If you'd rather continue using `push_neg` in your project, you can implement it as follows:
```
open Lean.Parser.Tactic in
macro "push_neg" cfg:optConfig loc:(location)? : tactic =>
  `(tactic| push $cfg:optConfig Not $[$loc]?)
```
warning: Poincare/MaximumPrinciple.lean:254:54: unused variable `ha`

Note: This linter can be disabled with `set_option linter.unusedVariables false`
warning: Poincare/MaximumPrinciple.lean:345:2: `push_neg` has been deprecated. Prefer using `push Not` instead.
If you'd rather continue using `push_neg` in your project, you can implement it as follows:
```
open Lean.Parser.Tactic in
macro "push_neg" cfg:optConfig loc:(location)? : tactic =>
  `(tactic| push $cfg:optConfig Not $[$loc]?)
```
warning: Poincare/MaximumPrinciple.lean:469:2: `push_neg` has been deprecated. Prefer using `push Not` instead.
If you'd rather continue using `push_neg` in your project, you can implement it as follows:
```
open Lean.Parser.Tactic in
macro "push_neg" cfg:optConfig loc:(location)? : tactic =>
  `(tactic| push $cfg:optConfig Not $[$loc]?)
```
warning: Poincare/MaximumPrinciple.lean:633:4: `push_neg` has been deprecated. Prefer using `push Not` instead.
If you'd rather continue using `push_neg` in your project, you can implement it as follows:
```
open Lean.Parser.Tactic in
macro "push_neg" cfg:optConfig loc:(location)? : tactic =>
  `(tactic| push $cfg:optConfig Not $[$loc]?)
```
warning: Poincare/MaximumPrinciple.lean:624:16: This simp argument is unused:
  Set.mem_sep_iff

Hint: Omit it from the simp argument list.
  simp [hS, S̵e̵t̵.̵m̵e̵m̵_̵s̵e̵p̵_̵i̵f̵f̵,̵ ̵Set.mem_inter_iff, Set.mem_preimage]

Note: This linter can be disabled with `set_option linter.unusedSimpArgs false`
⚠ [2843/4019] Replayed Poincare.LocalConnectionRegularity
warning: Poincare/LocalConnectionRegularity.lean:183:0: automatically included section variable(s) unused in theorem `CovariantDerivative.contMDiffAt_mlieBracket_of_contMDiffAt_three`:
  [T2Space M]
consider restructuring your `variable` declarations so that the variables are not in scope or explicitly omit them:
  omit [T2Space M] in theorem ...

Note: This linter can be disabled with `set_option linter.unusedSectionVars false`
warning: Poincare/LocalConnectionRegularity.lean:291:0: automatically included section variable(s) unused in theorem `CovariantDerivative.curvatureOp_congr_of_eventuallyEq`:
  [CompleteSpace E]
consider restructuring your `variable` declarations so that the variables are not in scope or explicitly omit them:
  omit [CompleteSpace E] in theorem ...

Note: This linter can be disabled with `set_option linter.unusedSectionVars false`
warning: Poincare/LocalConnectionRegularity.lean:332:0: automatically included section variable(s) unused in theorem `CovariantDerivative.curvatureTensorAt_congr_of_eventuallyEq`:
  [CompleteSpace E]
consider restructuring your `variable` declarations so that the variables are not in scope or explicitly omit them:
  omit [CompleteSpace E] in theorem ...

Note: This linter can be disabled with `set_option linter.unusedSectionVars false`
⚠ [2844/4019] Replayed Poincare.RicciFlowEquation
warning: Poincare/RicciFlowEquation.lean:104:0: automatically included section variable(s) unused in theorem `flat_isLeviCivitaAt`:
  [CompleteSpace F]
  [FiniteDimensional ℝ F]
consider restructuring your `variable` declarations so that the variables are not in scope or explicitly omit them:
  omit [CompleteSpace F] [FiniteDimensional ℝ F] in theorem ...

Note: This linter can be disabled with `set_option linter.unusedSectionVars false`
warning: Poincare/RicciFlowEquation.lean:153:0: automatically included section variable(s) unused in theorem `extend_model_space`:
  [CompleteSpace F]
  [FiniteDimensional ℝ F]
consider restructuring your `variable` declarations so that the variables are not in scope or explicitly omit them:
  omit [CompleteSpace F] [FiniteDimensional ℝ F] in theorem ...

Note: This linter can be disabled with `set_option linter.unusedSectionVars false`
⚠ [2845/4019] Replayed Poincare.CurvatureTensoriality
warning: Poincare/CurvatureTensoriality.lean:37:0: automatically included section variable(s) unused in theorem `CovariantDerivative.mdiffAt_extDerivFun_apply`:
  [FiniteDimensional ℝ E]
  [T2Space M]
consider restructuring your `variable` declarations so that the variables are not in scope or explicitly omit them:
  omit [FiniteDimensional ℝ E] [T2Space M] in theorem ...

Note: This linter can be disabled with `set_option linter.unusedSectionVars false`
warning: Poincare/CurvatureTensoriality.lean:180:0: automatically included section variable(s) unused in theorem `CovariantDerivative.curvatureOp_zero_field`:
  [FiniteDimensional ℝ E]
  [T2Space M]
  [I.Boundaryless]
  [CompleteSpace E]
  [cov.ContMDiffCovariantDerivative 1]
consider restructuring your `variable` declarations so that the variables are not in scope or explicitly omit them:
  omit [FiniteDimensional ℝ
  E] [T2Space M] [I.Boundaryless] [CompleteSpace E] [cov.ContMDiffCovariantDerivative 1] in theorem ...

Note: This linter can be disabled with `set_option linter.unusedSectionVars false`
warning: Poincare/CurvatureTensoriality.lean:381:0: automatically included section variable(s) unused in theorem `CovariantDerivative.ricciBilinearAt_add_left`:
  [I.Boundaryless]
consider restructuring your `variable` declarations so that the variables are not in scope or explicitly omit them:
  omit [I.Boundaryless] in theorem ...

Note: This linter can be disabled with `set_option linter.unusedSectionVars false`
warning: Poincare/CurvatureTensoriality.lean:387:0: automatically included section variable(s) unused in theorem `CovariantDerivative.ricciBilinearAt_smul_left`:
  [I.Boundaryless]
consider restructuring your `variable` declarations so that the variables are not in scope or explicitly omit them:
  omit [I.Boundaryless] in theorem ...

Note: This linter can be disabled with `set_option linter.unusedSectionVars false`
warning: Poincare/CurvatureTensoriality.lean:459:8: automatically included section variable(s) unused in theorem `_private.Poincare.CurvatureTensoriality.0.CovariantDerivative.eventually_mdiffAt_of_contMDiffAt`:
  [FiniteDimensional ℝ E]
  [T2Space M]
  [I.Boundaryless]
  [CompleteSpace E]
consider restructuring your `variable` declarations so that the variables are not in scope or explicitly omit them:
  omit [FiniteDimensional ℝ E] [T2Space M] [I.Boundaryless] [CompleteSpace E] in theorem ...

Note: This linter can be disabled with `set_option linter.unusedSectionVars false`
warning: Poincare/CurvatureTensoriality.lean:663:0: automatically included section variable(s) unused in theorem `CovariantDerivative.extDerivFun_congr`:
  [FiniteDimensional ℝ E]
  [T2Space M]
  [IsManifold I ∞ M]
  [I.Boundaryless]
  [CompleteSpace E]
consider restructuring your `variable` declarations so that the variables are not in scope or explicitly omit them:
  omit [FiniteDimensional ℝ E] [T2Space M] [IsManifold I ∞ M] [I.Boundaryless] [CompleteSpace E] in theorem ...

Note: This linter can be disabled with `set_option linter.unusedSectionVars false`
warning: Poincare/CurvatureTensoriality.lean:759:35: This simp argument is unused:
  LinearMap.coe_comp

Hint: Omit it from the simp argument list.
  simp only [LinearMap.comp_apply, LinearMap.neg_apply,
  ̵  ̵ ̵ ̵ ̵ ̵Module.Dual.transpose_apply, ̵L̵i̵n̵e̵a̵r̵M̵a̵p̵.̵c̵o̵e̵_̵c̵o̵m̵p̵,̵
        LinearEquiv.coe_coe, Function.comp_apply]

Note: This linter can be disabled with `set_option linter.unusedSimpArgs false`
warning: Poincare/CurvatureTensoriality.lean:760:27: This simp argument is unused:
  Function.comp_apply

Hint: Omit it from the simp argument list.
  simp only [LinearMap.comp_apply, LinearMap.neg_apply, Module.Dual.transpose_apply,
  ̲  ̲ ̲ ̲ ̲ ̲LinearMap.coe_comp, L̵i̵n̵e̵a̵r̵E̵q̵u̵i̵v̵.̵c̵o̵e̵_̵c̵o̵e̵,̵ ̵F̵u̵n̵c̵t̵i̵o̵n̵.̵c̵o̵m̵p̵_̵a̵p̵p̵l̵y̵]̵L̲i̲n̲e̲a̲r̲E̲q̲u̲i̲v̲.̲c̲o̲e̲_̲c̲o̲e̲]̲

Note: This linter can be disabled with `set_option linter.unusedSimpArgs false`
warning: Poincare/CurvatureTensoriality.lean:924:0: automatically included section variable(s) unused in theorem `CovariantDerivative.sectionalNumeratorAt_self`:
  [FiniteDimensional ℝ E]
  [T2Space M]
  [I.Boundaryless]
  [CompleteSpace E]
  [cov.ContMDiffCovariantDerivative 1]
consider restructuring your `variable` declarations so that the variables are not in scope or explicitly omit them:
  omit [FiniteDimensional ℝ
  E] [T2Space M] [I.Boundaryless] [CompleteSpace E] [cov.ContMDiffCovariantDerivative 1] in theorem ...

Note: This linter can be disabled with `set_option linter.unusedSectionVars false`
⚠ [2846/4019] Replayed Poincare.KoszulExistence
warning: Poincare/KoszulExistence.lean:28:0: automatically included section variable(s) unused in theorem `CovariantDerivative.extDerivFun_mul`:
  [CompleteSpace E]
  [IsManifold I 2 M]
consider restructuring your `variable` declarations so that the variables are not in scope or explicitly omit them:
  omit [CompleteSpace E] [IsManifold I 2 M] in theorem ...

Note: This linter can be disabled with `set_option linter.unusedSectionVars false`
warning: Poincare/KoszulExistence.lean:63:5: unused variable `hX`

Note: This linter can be disabled with `set_option linter.unusedVariables false`
warning: Poincare/KoszulExistence.lean:63:29: unused variable `hY`

Note: This linter can be disabled with `set_option linter.unusedVariables false`
warning: Poincare/KoszulExistence.lean:171:8: automatically included section variable(s) unused in theorem `_private.Poincare.KoszulExistence.0.CovariantDerivative.extDerivFun_congr'`:
  [CompleteSpace E]
  [IsManifold I 2 M]
  [FiniteDimensional ℝ E]
  [T2Space M]
consider restructuring your `variable` declarations so that the variables are not in scope or explicitly omit them:
  omit [CompleteSpace E] [IsManifold I 2 M] [FiniteDimensional ℝ E] [T2Space M] in theorem ...

Note: This linter can be disabled with `set_option linter.unusedSectionVars false`
warning: Poincare/KoszulExistence.lean:178:0: automatically included section variable(s) unused in theorem `CovariantDerivative.koszulRHS_zero_right`:
  [CompleteSpace E]
  [IsManifold I 2 M]
  [FiniteDimensional ℝ E]
  [T2Space M]
consider restructuring your `variable` declarations so that the variables are not in scope or explicitly omit them:
  omit [CompleteSpace E] [IsManifold I 2 M] [FiniteDimensional ℝ E] [T2Space M] in theorem ...

Note: This linter can be disabled with `set_option linter.unusedSectionVars false`
warning: Poincare/KoszulExistence.lean:216:5: unused variable `hgsymm`

Note: This linter can be disabled with `set_option linter.unusedVariables false`
warning: Poincare/KoszulExistence.lean:403:0: automatically included section variable(s) unused in theorem `CovariantDerivative.koszulRHS_sub_swap`:
  [CompleteSpace E]
  [IsManifold I 2 M]
  [FiniteDimensional ℝ E]
  [T2Space M]
consider restructuring your `variable` declarations so that the variables are not in scope or explicitly omit them:
  omit [CompleteSpace E] [IsManifold I 2 M] [FiniteDimensional ℝ E] [T2Space M] in theorem ...

Note: This linter can be disabled with `set_option linter.unusedSectionVars false`
warning: Poincare/KoszulExistence.lean:449:0: automatically included section variable(s) unused in theorem `CovariantDerivative.koszulRHS_add_swap_last`:
  [CompleteSpace E]
  [IsManifold I 2 M]
  [FiniteDimensional ℝ E]
  [T2Space M]
consider restructuring your `variable` declarations so that the variables are not in scope or explicitly omit them:
  omit [CompleteSpace E] [IsManifold I 2 M] [FiniteDimensional ℝ E] [T2Space M] in theorem ...

Note: This linter can be disabled with `set_option linter.unusedSectionVars false`
warning: Poincare/KoszulExistence.lean:497:0: automatically included section variable(s) unused in theorem `CovariantDerivative.koszulRHS_add_middle`:
  [FiniteDimensional ℝ E]
  [T2Space M]
consider restructuring your `variable` declarations so that the variables are not in scope or explicitly omit them:
  omit [FiniteDimensional ℝ E] [T2Space M] in theorem ...

Note: This linter can be disabled with `set_option linter.unusedSectionVars false`
warning: Poincare/KoszulExistence.lean:499:5: unused variable `hZ`

Note: This linter can be disabled with `set_option linter.unusedVariables false`
warning: Poincare/KoszulExistence.lean:549:0: automatically included section variable(s) unused in theorem `CovariantDerivative.koszulRHS_smul_middle`:
  [FiniteDimensional ℝ E]
  [T2Space M]
consider restructuring your `variable` declarations so that the variables are not in scope or explicitly omit them:
  omit [FiniteDimensional ℝ E] [T2Space M] in theorem ...

Note: This linter can be disabled with `set_option linter.unusedSectionVars false`
warning: Poincare/KoszulExistence.lean:552:29: unused variable `hZ`

Note: This linter can be disabled with `set_option linter.unusedVariables false`
warning: Poincare/KoszulExistence.lean:595:34: This simp argument is unused:
  map_neg

Hint: Omit it from the simp argument list.
  simp only [map_add, map_smul, m̵a̵p̵_̵n̵e̵g̵,̵ ̵ContinuousLinearMap.add_apply,
  ̵  ̵ ̵ ̵ ̵ ̵ContinuousLinearMap.smul_apply,
  ̲  ̲ ̲ ̲ ̲ ̲ContinuousLinearMap.neg_apply,
  ̵  ̵ ̵ ̵ ̵ ̵smul_eq_mul, neg_mul]

Note: This linter can be disabled with `set_option linter.unusedSimpArgs false`
warning: Poincare/KoszulExistence.lean:596:38: This simp argument is unused:
  ContinuousLinearMap.neg_apply

Hint: Omit it from the simp argument list.
  simp only [map_add, map_smul, map_neg, ContinuousLinearMap.add_apply,
        ContinuousLinearMap.smul_apply, C̵o̵n̵t̵i̵n̵u̵o̵u̵s̵L̵i̵n̵e̵a̵r̵M̵a̵p̵.̵n̵e̵g̵_̵a̵p̵p̵l̵y̵,̵smul_eq_mul, neg_mul]

Note: This linter can be disabled with `set_option linter.unusedSimpArgs false`
warning: Poincare/KoszulExistence.lean:605:0: automatically included section variable(s) unused in theorem `CovariantDerivative.koszulRHS_smul_left`:
  [FiniteDimensional ℝ E]
  [T2Space M]
consider restructuring your `variable` declarations so that the variables are not in scope or explicitly omit them:
  omit [FiniteDimensional ℝ E] [T2Space M] in theorem ...

Note: This linter can be disabled with `set_option linter.unusedSectionVars false`
warning: Poincare/KoszulExistence.lean:606:5: unused variable `hgsymm`

Note: This linter can be disabled with `set_option linter.unusedVariables false`
warning: Poincare/KoszulExistence.lean:608:29: unused variable `hY`

Note: This linter can be disabled with `set_option linter.unusedVariables false`
warning: Poincare/KoszulExistence.lean:609:5: unused variable `hZ`

Note: This linter can be disabled with `set_option linter.unusedVariables false`
warning: Poincare/KoszulExistence.lean:638:34: This simp argument is unused:
  map_neg

Hint: Omit it from the simp argument list.
  simp only [map_add, map_smul, m̵a̵p̵_̵n̵e̵g̵,̵ ̵ContinuousLinearMap.add_apply,
  ̵  ̵ ̵ ̵ ̵ ̵ContinuousLinearMap.smul_apply,
  ̲  ̲ ̲ ̲ ̲ ̲ContinuousLinearMap.neg_apply,
  ̵  ̵ ̵ ̵ ̵ ̵smul_eq_mul, neg_mul]

Note: This linter can be disabled with `set_option linter.unusedSimpArgs false`
warning: Poincare/KoszulExistence.lean:639:38: This simp argument is unused:
  ContinuousLinearMap.neg_apply

Hint: Omit it from the simp argument list.
  simp only [map_add, map_smul, map_neg, ContinuousLinearMap.add_apply,
        ContinuousLinearMap.smul_apply, C̵o̵n̵t̵i̵n̵u̵o̵u̵s̵L̵i̵n̵e̵a̵r̵M̵a̵p̵.̵n̵e̵g̵_̵a̵p̵p̵l̵y̵,̵smul_eq_mul, neg_mul]

Note: This linter can be disabled with `set_option linter.unusedSimpArgs false`
warning: Poincare/KoszulExistence.lean:646:34: This simp argument is unused:
  map_neg

Hint: Omit it from the simp argument list.
  simp only [map_add, map_smul, m̵a̵p̵_̵n̵e̵g̵,̵ ̵ContinuousLinearMap.add_apply,
  ̵  ̵ ̵ ̵ ̵ ̵ContinuousLinearMap.smul_apply,
  ̲  ̲ ̲ ̲ ̲ ̲ContinuousLinearMap.neg_apply,
  ̵  ̵ ̵ ̵ ̵ ̵smul_eq_mul, neg_mul]

Note: This linter can be disabled with `set_option linter.unusedSimpArgs false`
warning: Poincare/KoszulExistence.lean:647:38: This simp argument is unused:
  ContinuousLinearMap.neg_apply

Hint: Omit it from the simp argument list.
  simp only [map_add, map_smul, map_neg, ContinuousLinearMap.add_apply,
        ContinuousLinearMap.smul_apply, C̵o̵n̵t̵i̵n̵u̵o̵u̵s̵L̵i̵n̵e̵a̵r̵M̵a̵p̵.̵n̵e̵g̵_̵a̵p̵p̵l̵y̵,̵smul_eq_mul, neg_mul]

Note: This linter can be disabled with `set_option linter.unusedSimpArgs false`
warning: Poincare/KoszulExistence.lean:660:0: automatically included section variable(s) unused in theorem `CovariantDerivative.koszulRHS_add_left`:
  [FiniteDimensional ℝ E]
  [T2Space M]
consider restructuring your `variable` declarations so that the variables are not in scope or explicitly omit them:
  omit [FiniteDimensional ℝ E] [T2Space M] in theorem ...

Note: This linter can be disabled with `set_option linter.unusedSectionVars false`
warning: Poincare/KoszulExistence.lean:721:5: unused variable `hbg`

Note: This linter can be disabled with `set_option linter.unusedVariables false`
warning: Poincare/KoszulExistence.lean:806:0: automatically included section variable(s) unused in theorem `CovariantDerivative.koszulRHS_zero_left`:
  [CompleteSpace E]
  [IsManifold I 2 M]
  [FiniteDimensional ℝ E]
  [T2Space M]
consider restructuring your `variable` declarations so that the variables are not in scope or explicitly omit them:
  omit [CompleteSpace E] [IsManifold I 2 M] [FiniteDimensional ℝ E] [T2Space M] in theorem ...

Note: This linter can be disabled with `set_option linter.unusedSectionVars false`
warning: Poincare/KoszulExistence.lean:947:5: unused variable `hbg`

Note: This linter can be disabled with `set_option linter.unusedVariables false`
warning: Poincare/KoszulExistence.lean:1013:0: automatically included section variable(s) unused in theorem `CovariantDerivative.metricBilinAt_nondegenerate`:
  [CompleteSpace E]
  [IsManifold I 2 M]
  [FiniteDimensional ℝ E]
  [T2Space M]
consider restructuring your `variable` declarations so that the variables are not in scope or explicitly omit them:
  omit [CompleteSpace E] [IsManifold I 2 M] [FiniteDimensional ℝ E] [T2Space M] in theorem ...

Note: This linter can be disabled with `set_option linter.unusedSectionVars false`
warning: Poincare/KoszulExistence.lean:1026:0: automatically included section variable(s) unused in theorem `CovariantDerivative.metricBilinAt_apply`:
  [CompleteSpace E]
  [IsManifold I 2 M]
  [FiniteDimensional ℝ E]
  [T2Space M]
consider restructuring your `variable` declarations so that the variables are not in scope or explicitly omit them:
  omit [CompleteSpace E] [IsManifold I 2 M] [FiniteDimensional ℝ E] [T2Space M] in theorem ...

Note: This linter can be disabled with `set_option linter.unusedSectionVars false`
warning: Poincare/KoszulExistence.lean:1127:5: unused variable `hbg`

Note: This linter can be disabled with `set_option linter.unusedVariables false`
warning: Poincare/KoszulExistence.lean:1206:0: automatically included section variable(s) unused in theorem `CovariantDerivative.isRicciFlowSolutionAt_of_metric`:
  [FiniteDimensional ℝ E]
consider restructuring your `variable` declarations so that the variables are not in scope or explicitly omit them:
  omit [FiniteDimensional ℝ E] in theorem ...

Note: This linter can be disabled with `set_option linter.unusedSectionVars false`
⚠ [2847/4019] Replayed Poincare.EuclideanLeviCivitaCheck
warning: Poincare/EuclideanLeviCivitaCheck.lean:18:0: automatically included section variable(s) unused in theorem `CovariantDerivative.euclideanBundleMetric_symm`:
  [CompleteSpace F]
  [FiniteDimensional ℝ F]
consider restructuring your `variable` declarations so that the variables are not in scope or explicitly omit them:
  omit [CompleteSpace F] [FiniteDimensional ℝ F] in theorem ...

Note: This linter can be disabled with `set_option linter.unusedSectionVars false`
warning: Poincare/EuclideanLeviCivitaCheck.lean:30:0: automatically included section variable(s) unused in theorem `CovariantDerivative.euclideanBundleMetric_pairing_mdiff`:
  [CompleteSpace F]
  [FiniteDimensional ℝ F]
consider restructuring your `variable` declarations so that the variables are not in scope or explicitly omit them:
  omit [CompleteSpace F] [FiniteDimensional ℝ F] in theorem ...

Note: This linter can be disabled with `set_option linter.unusedSectionVars false`
⚠ [2848/4019] Replayed Poincare.CurvatureConditions
warning: Poincare/CurvatureConditions.lean:81:0: automatically included section variable(s) unused in theorem `CovariantDerivative.ricciTraceAt_eq_of_agree`:
  [I.Boundaryless]
consider restructuring your `variable` declarations so that the variables are not in scope or explicitly omit them:
  omit [I.Boundaryless] in theorem ...

Note: This linter can be disabled with `set_option linter.unusedSectionVars false`
warning: Poincare/CurvatureConditions.lean:134:0: automatically included section variable(s) unused in theorem `CovariantDerivative.ricciBilinearAt_eq_of_agree`:
  [CompleteSpace E]
consider restructuring your `variable` declarations so that the variables are not in scope or explicitly omit them:
  omit [CompleteSpace E] in theorem ...

Note: This linter can be disabled with `set_option linter.unusedSectionVars false`
warning: Poincare/CurvatureConditions.lean:145:0: automatically included section variable(s) unused in theorem `CovariantDerivative.HasNonnegRicciAt.of_agree`:
  [CompleteSpace E]
consider restructuring your `variable` declarations so that the variables are not in scope or explicitly omit them:
  omit [CompleteSpace E] in theorem ...

Note: This linter can be disabled with `set_option linter.unusedSectionVars false`
warning: Poincare/CurvatureConditions.lean:153:0: automatically included section variable(s) unused in theorem `CovariantDerivative.HasPosRicciAt.of_agree`:
  [CompleteSpace E]
consider restructuring your `variable` declarations so that the variables are not in scope or explicitly omit them:
  omit [CompleteSpace E] in theorem ...

Note: This linter can be disabled with `set_option linter.unusedSectionVars false`
warning: Poincare/CurvatureConditions.lean:161:0: automatically included section variable(s) unused in theorem `CovariantDerivative.IsEinsteinAt.of_agree`:
  [CompleteSpace E]
consider restructuring your `variable` declarations so that the variables are not in scope or explicitly omit them:
  omit [CompleteSpace E] in theorem ...

Note: This linter can be disabled with `set_option linter.unusedSectionVars false`
warning: Poincare/CurvatureConditions.lean:171:0: automatically included section variable(s) unused in theorem `CovariantDerivative.scalarCurvatureAt_eq_of_agree`:
  [CompleteSpace E]
consider restructuring your `variable` declarations so that the variables are not in scope or explicitly omit them:
  omit [CompleteSpace E] in theorem ...

Note: This linter can be disabled with `set_option linter.unusedSectionVars false`
warning: Poincare/CurvatureConditions.lean:189:0: automatically included section variable(s) unused in theorem `CovariantDerivative.curvatureOp_eq_of_agree`:
  [I.Boundaryless]
  [CompleteSpace E]
consider restructuring your `variable` declarations so that the variables are not in scope or explicitly omit them:
  omit [I.Boundaryless] [CompleteSpace E] in theorem ...

Note: This linter can be disabled with `set_option linter.unusedSectionVars false`
warning: Poincare/CurvatureConditions.lean:227:0: automatically included section variable(s) unused in theorem `CovariantDerivative.sectionalNumeratorAt_eq_of_agree`:
  [CompleteSpace E]
consider restructuring your `variable` declarations so that the variables are not in scope or explicitly omit them:
  omit [CompleteSpace E] in theorem ...

Note: This linter can be disabled with `set_option linter.unusedSectionVars false`
warning: Poincare/CurvatureConditions.lean:341:0: automatically included section variable(s) unused in theorem `scaled_symm`:
  [FiniteDimensional ℝ E]
  [T2Space M]
  [IsManifold I ∞ M]
  [I.Boundaryless]
consider restructuring your `variable` declarations so that the variables are not in scope or explicitly omit them:
  omit [FiniteDimensional ℝ E] [T2Space M] [IsManifold I ∞ M] [I.Boundaryless] in theorem ...

Note: This linter can be disabled with `set_option linter.unusedSectionVars false`
warning: Poincare/CurvatureConditions.lean:348:0: automatically included section variable(s) unused in theorem `scaled_nondegenerate`:
  [FiniteDimensional ℝ E]
  [T2Space M]
  [IsManifold I ∞ M]
  [I.Boundaryless]
consider restructuring your `variable` declarations so that the variables are not in scope or explicitly omit them:
  omit [FiniteDimensional ℝ E] [T2Space M] [IsManifold I ∞ M] [I.Boundaryless] in theorem ...

Note: This linter can be disabled with `set_option linter.unusedSectionVars false`
warning: Poincare/CurvatureConditions.lean:357:0: automatically included section variable(s) unused in theorem `scaled_pairing_mdiff`:
  [FiniteDimensional ℝ E]
  [T2Space M]
  [I.Boundaryless]
consider restructuring your `variable` declarations so that the variables are not in scope or explicitly omit them:
  omit [FiniteDimensional ℝ E] [T2Space M] [I.Boundaryless] in theorem ...

Note: This linter can be disabled with `set_option linter.unusedSectionVars false`
warning: Poincare/CurvatureConditions.lean:554:6: try 'simp' instead of 'simpa'

Note: This linter can be disabled with `set_option linter.unnecessarySimpa false`
warning: Poincare/CurvatureConditions.lean:594:0: automatically included section variable(s) unused in theorem `CovariantDerivative.einstein_scalar_tendsto_atTop`:
  [CompleteSpace E]
consider restructuring your `variable` declarations so that the variables are not in scope or explicitly omit them:
  omit [CompleteSpace E] in theorem ...

Note: This linter can be disabled with `set_option linter.unusedSectionVars false`
warning: Poincare/CurvatureConditions.lean:629:0: automatically included section variable(s) unused in theorem `CovariantDerivative.IsEinsteinAt.hasPosRicciAt`:
  [I.Boundaryless]
consider restructuring your `variable` declarations so that the variables are not in scope or explicitly omit them:
  omit [I.Boundaryless] in theorem ...

Note: This linter can be disabled with `set_option linter.unusedSectionVars false`
warning: Poincare/CurvatureConditions.lean:643:0: automatically included section variable(s) unused in theorem `CovariantDerivative.IsEinsteinAt.const_smul`:
  [I.Boundaryless]
consider restructuring your `variable` declarations so that the variables are not in scope or explicitly omit them:
  omit [I.Boundaryless] in theorem ...

Note: This linter can be disabled with `set_option linter.unusedSectionVars false`
warning: Poincare/CurvatureConditions.lean:674:0: automatically included section variable(s) unused in theorem `CovariantDerivative.IsRicciFlowSolutionAt.parabolic_reparam`:
  [T2Space M]
  [IsManifold I ∞ M]
  [I.Boundaryless]
consider restructuring your `variable` declarations so that the variables are not in scope or explicitly omit them:
  omit [T2Space M] [IsManifold I ∞ M] [I.Boundaryless] in theorem ...

Note: This linter can be disabled with `set_option linter.unusedSectionVars false`
⚠ [2849/4019] Replayed Poincare.ModelChristoffel
warning: Poincare/ModelChristoffel.lean:60:2: try 'simp' instead of 'simpa'

Note: This linter can be disabled with `set_option linter.unnecessarySimpa false`
warning: Poincare/ModelChristoffel.lean:63:0: automatically included section variable(s) unused in theorem `CovariantDerivative.fderiv_metric_symm`:
  [FiniteDimensional ℝ F]
consider restructuring your `variable` declarations so that the variables are not in scope or explicitly omit them:
  omit [FiniteDimensional ℝ F] in theorem ...

Note: This linter can be disabled with `set_option linter.unusedSectionVars false`
warning: Poincare/ModelChristoffel.lean:141:44: unused variable `x`

Note: This linter can be disabled with `set_option linter.unusedVariables false`
warning: Poincare/ModelChristoffel.lean:152:40: unused variable `x`

Note: This linter can be disabled with `set_option linter.unusedVariables false`
warning: Poincare/ModelChristoffel.lean:162:41: unused variable `x`

Note: This linter can be disabled with `set_option linter.unusedVariables false`
warning: Poincare/ModelChristoffel.lean:167:37: unused variable `x`

Note: This linter can be disabled with `set_option linter.unusedVariables false`
warning: Poincare/ModelChristoffel.lean:182:11: unused variable `x`

Note: This linter can be disabled with `set_option linter.unusedVariables false`
warning: Poincare/ModelChristoffel.lean:205:0: automatically included section variable(s) unused in theorem `CovariantDerivative.fderiv_metric_pairing`:
  [FiniteDimensional ℝ F]
consider restructuring your `variable` declarations so that the variables are not in scope or explicitly omit them:
  omit [FiniteDimensional ℝ F] in theorem ...

Note: This linter can be disabled with `set_option linter.unusedSectionVars false`
warning: Poincare/ModelChristoffel.lean:231:11: unused variable `x`

Note: This linter can be disabled with `set_option linter.unusedVariables false`
warning: Poincare/ModelChristoffel.lean:272:0: automatically included section variable(s) unused in theorem `CovariantDerivative.metric_pairing_mdiff`:
  [FiniteDimensional ℝ F]
  [CompleteSpace F]
consider restructuring your `variable` declarations so that the variables are not in scope or explicitly omit them:
  omit [FiniteDimensional ℝ F] [CompleteSpace F] in theorem ...

Note: This linter can be disabled with `set_option linter.unusedSectionVars false`
warning: Poincare/ModelChristoffel.lean:291:11: unused variable `x`

Note: This linter can be disabled with `set_option linter.unusedVariables false`
warning: Poincare/ModelChristoffel.lean:370:11: unused variable `y`

Note: This linter can be disabled with `set_option linter.unusedVariables false`
warning: Poincare/ModelChristoffel.lean:400:19: This simp argument is unused:
  mul_comm

Hint: Omit it from the simp argument list.
  simp [christoffelFunctional, ContinuousLinearMap.smul_apply,
  ̵  ̵ ̵ ̵ ̵ ̵ContinuousLinearMap.sub_apply,
  ̲  ̲ ̲ ̲ ̲ ̲ContinuousLinearMap.add_apply,
  ̵  ̵ ̵ ̵ ̵ ̵smul_eq_mul,̵ ̵m̵u̵l̵_̵c̵o̵m̵m̵]

Note: This linter can be disabled with `set_option linter.unusedSimpArgs false`
warning: Poincare/ModelChristoffel.lean:420:11: unused variable `y`

Note: This linter can be disabled with `set_option linter.unusedVariables false`
warning: Poincare/ModelChristoffel.lean:487:11: unused variable `y`

Note: This linter can be disabled with `set_option linter.unusedVariables false`
warning: Poincare/ModelChristoffel.lean:494:2: Try this: intro σ hσ x _
warning: Poincare/ModelChristoffel.lean:523:11: unused variable `x`

Note: This linter can be disabled with `set_option linter.unusedVariables false`
warning: Poincare/ModelChristoffel.lean:564:11: unused variable `y`

Note: This linter can be disabled with `set_option linter.unusedVariables false`
warning: Poincare/ModelChristoffel.lean:602:15: unused variable `y`

Note: This linter can be disabled with `set_option linter.unusedVariables false`
warning: Poincare/ModelChristoffel.lean:624:0: automatically included section variable(s) unused in theorem `CovariantDerivative.christoffelAt_const`:
  [CompleteSpace F]
consider restructuring your `variable` declarations so that the variables are not in scope or explicitly omit them:
  omit [CompleteSpace F] in theorem ...

Note: This linter can be disabled with `set_option linter.unusedSectionVars false`
warning: Poincare/ModelChristoffel.lean:630:33: This simp argument is unused:
  fderiv_const

Hint: Omit it from the simp argument list.
  simp [christoffelFunctional,̵ ̵f̵d̵e̵r̵i̵v̵_̵c̵o̵n̵s̵t̵]

Note: This linter can be disabled with `set_option linter.unusedSimpArgs false`
warning: Poincare/ModelChristoffel.lean:637:11: unused variable `y`

Note: This linter can be disabled with `set_option linter.unusedVariables false`
warning: Poincare/ModelChristoffel.lean:656:11: unused variable `y`

Note: This linter can be disabled with `set_option linter.unusedVariables false`
warning: Poincare/ModelChristoffel.lean:700:11: unused variable `y`

Note: This linter can be disabled with `set_option linter.unusedVariables false`
warning: Poincare/ModelChristoffel.lean:742:11: unused variable `x`

Note: This linter can be disabled with `set_option linter.unusedVariables false`
warning: Poincare/ModelChristoffel.lean:751:11: unused variable `x`

Note: This linter can be disabled with `set_option linter.unusedVariables false`
warning: Poincare/ModelChristoffel.lean:772:11: unused variable `x`

Note: This linter can be disabled with `set_option linter.unusedVariables false`
warning: Poincare/ModelChristoffel.lean:814:11: unused variable `x`

Note: This linter can be disabled with `set_option linter.unusedVariables false`
warning: Poincare/ModelChristoffel.lean:848:0: automatically included section variable(s) unused in theorem `CovariantDerivative.curvatureOp_modelLeviCivita_extend`:
  [CompleteSpace F]
consider restructuring your `variable` declarations so that the variables are not in scope or explicitly omit them:
  omit [CompleteSpace F] in theorem ...

Note: This linter can be disabled with `set_option linter.unusedSectionVars false`
warning: Poincare/ModelChristoffel.lean:850:11: unused variable `x`

Note: This linter can be disabled with `set_option linter.unusedVariables false`
warning: Poincare/ModelChristoffel.lean:927:11: unused variable `x`

Note: This linter can be disabled with `set_option linter.unusedVariables false`
⚠ [2850/4019] Replayed Poincare.ChartTransport
warning: Poincare/ChartTransport.lean:49:0: automatically included section variable(s) unused in theorem `CovariantDerivative.chartMetric_apply`:
  [IsManifold I 1 M]
consider restructuring your `variable` declarations so that the variables are not in scope or explicitly omit them:
  omit [IsManifold I 1 M] in theorem ...

Note: This linter can be disabled with `set_option linter.unusedSectionVars false`
warning: Poincare/ChartTransport.lean:278:0: automatically included section variable(s) unused in theorem `CovariantDerivative.blendedChartMetric_apply`:
  [IsManifold I 1 M]
consider restructuring your `variable` declarations so that the variables are not in scope or explicitly omit them:
  omit [IsManifold I 1 M] in theorem ...

Note: This linter can be disabled with `set_option linter.unusedSectionVars false`
warning: Poincare/ChartTransport.lean:353:0: automatically included section variable(s) unused in theorem `CovariantDerivative.exists_blending_cutoff`:
  [IsManifold I 1 M]
consider restructuring your `variable` declarations so that the variables are not in scope or explicitly omit them:
  omit [IsManifold I 1 M] in theorem ...

Note: This linter can be disabled with `set_option linter.unusedSectionVars false`
warning: Poincare/ChartTransport.lean:501:0: automatically included section variable(s) unused in theorem `CovariantDerivative.chartBilin_nondegenerate`:
  [CompleteSpace E]
consider restructuring your `variable` declarations so that the variables are not in scope or explicitly omit them:
  omit [CompleteSpace E] in theorem ...

Note: This linter can be disabled with `set_option linter.unusedSectionVars false`
warning: Poincare/ChartTransport.lean:578:9: unused variable `z'`

Note: This linter can be disabled with `set_option linter.unusedVariables false`
warning: Poincare/ChartTransport.lean:578:12: unused variable `v`

Note: This linter can be disabled with `set_option linter.unusedVariables false`
warning: Poincare/ChartTransport.lean:578:14: unused variable `w`

Note: This linter can be disabled with `set_option linter.unusedVariables false`
warning: Poincare/ChartTransport.lean:683:9: unused variable `z`

Note: This linter can be disabled with `set_option linter.unusedVariables false`
warning: Poincare/ChartTransport.lean:683:11: unused variable `v`

Note: This linter can be disabled with `set_option linter.unusedVariables false`
warning: Poincare/ChartTransport.lean:683:13: unused variable `w`

Note: This linter can be disabled with `set_option linter.unusedVariables false`
⚠ [2851/4019] Replayed Poincare.ModelLaplacian
warning: Poincare/ModelLaplacian.lean:78:4: This simp argument is unused:
  LinearMap.smul_comp

Hint: Omit it from the simp argument list.
  simp only [ContinuousLinearMap.coe_smul, LinearMap.comp_smul, map_smul, L̵i̵n̵e̵a̵r̵M̵a̵p̵.̵s̵m̵u̵l̵_̵c̵o̵m̵p̵,̵ ̵smul_eq_mul]

Note: This linter can be disabled with `set_option linter.unusedSimpArgs false`
warning: Poincare/ModelLaplacian.lean:147:37: This simp argument is unused:
  LinearMap.coe_comp

Hint: Omit it from the simp argument list.
  simp only [LinearMap.comp_apply, L̵i̵n̵e̵a̵r̵M̵a̵p̵.̵c̵o̵e̵_̵c̵o̵m̵p̵,̵
  ̵ ̵ ̵ ̵ ̵ ̵ ̵Function.comp_apply, LinearEquiv.coe_coe, LinearMap.smul_apply,
        LinearMap.id_apply, ContinuousLinearMap.coe_smul,
  ̵  ̵ ̵ ̵ ̵ ̵LinearMap.smul_apply, map_smul]

Note: This linter can be disabled with `set_option linter.unusedSimpArgs false`
warning: Poincare/ModelLaplacian.lean:148:6: This simp argument is unused:
  Function.comp_apply

Hint: Omit it from the simp argument list.
  simp only [LinearMap.comp_apply, LinearMap.coe_comp,
  ̵  ̵ ̵ ̵ ̵ ̵F̵u̵n̵c̵t̵i̵o̵n̵.̵c̵o̵m̵p̵_̵a̵p̵p̵l̵y̵,̵ ̵LinearEquiv.coe_coe, LinearMap.smul_apply,
        LinearMap.id_apply, ContinuousLinearMap.coe_smul,
  ̵  ̵ ̵ ̵ ̵ ̵LinearMap.smul_apply, map_smul]

Note: This linter can be disabled with `set_option linter.unusedSimpArgs false`
warning: Poincare/ModelLaplacian.lean:217:6: try 'simp' instead of 'simpa'

Note: This linter can be disabled with `set_option linter.unnecessarySimpa false`
warning: Poincare/ModelLaplacian.lean:218:41: This simp argument is unused:
  LinearMap.coe_comp

Hint: Omit it from the simp argument list.
  simp only [hL, LinearMap.comp_apply, L̵i̵n̵e̵a̵r̵M̵a̵p̵.̵c̵o̵e̵_̵c̵o̵m̵p̵,̵
  ̵ ̵ ̵ ̵ ̵ ̵ ̵Function.comp_apply, LinearEquiv.coe_coe, h1]

Note: This linter can be disabled with `set_option linter.unusedSimpArgs false`
warning: Poincare/ModelLaplacian.lean:219:6: This simp argument is unused:
  Function.comp_apply

Hint: Omit it from the simp argument list.
  simp only [hL, LinearMap.comp_apply, LinearMap.coe_comp, F̵u̵n̵c̵t̵i̵o̵n̵.̵c̵o̵m̵p̵_̵a̵p̵p̵l̵y̵,̵ ̵LinearEquiv.coe_coe, h1]

Note: This linter can be disabled with `set_option linter.unusedSimpArgs false`
warning: Poincare/ModelLaplacian.lean:338:2: `push_neg` has been deprecated. Prefer using `push Not` instead.
If you'd rather continue using `push_neg` in your project, you can implement it as follows:
```
open Lean.Parser.Tactic in
macro "push_neg" cfg:optConfig loc:(location)? : tactic =>
  `(tactic| push $cfg:optConfig Not $[$loc]?)
```
warning: Poincare/ModelLaplacian.lean:376:4: `push_neg` has been deprecated. Prefer using `push Not` instead.
If you'd rather continue using `push_neg` in your project, you can implement it as follows:
```
open Lean.Parser.Tactic in
macro "push_neg" cfg:optConfig loc:(location)? : tactic =>
  `(tactic| push $cfg:optConfig Not $[$loc]?)
```
warning: Poincare/ModelLaplacian.lean:397:6: `push_neg` has been deprecated. Prefer using `push Not` instead.
If you'd rather continue using `push_neg` in your project, you can implement it as follows:
```
open Lean.Parser.Tactic in
macro "push_neg" cfg:optConfig loc:(location)? : tactic =>
  `(tactic| push $cfg:optConfig Not $[$loc]?)
```
warning: Poincare/ModelLaplacian.lean:459:2: `push_neg` has been deprecated. Prefer using `push Not` instead.
If you'd rather continue using `push_neg` in your project, you can implement it as follows:
```
open Lean.Parser.Tactic in
macro "push_neg" cfg:optConfig loc:(location)? : tactic =>
  `(tactic| push $cfg:optConfig Not $[$loc]?)
```
warning: Poincare/ModelLaplacian.lean:510:6: Try this: intro s hs y hy hminv
warning: Poincare/ModelLaplacian.lean:587:11: unused variable `x`

Note: This linter can be disabled with `set_option linter.unusedVariables false`
warning: Poincare/ModelLaplacian.lean:603:50: This simp argument is unused:
  LinearMap.coe_comp

Hint: Omit it from the simp argument list.
  simp only [covariantHessianLin, LinearMap.mk₂_apply, covariantHessian, hΓ, map_zero, sub_zero,
  ̲  ̲ ̲ ̲LinearMap.comp_apply, L̵i̵n̵e̵a̵r̵M̵a̵p̵.̵c̵o̵e̵_̵c̵o̵m̵p̵,̵Function.comp_apply, LinearEquiv.coe_coe]

Note: This linter can be disabled with `set_option linter.unusedSimpArgs false`
warning: Poincare/ModelLaplacian.lean:604:4: This simp argument is unused:
  Function.comp_apply

Hint: Omit it from the simp argument list.
  simp only [covariantHessianLin, LinearMap.mk₂_apply, covariantHessian, hΓ, map_zero, sub_zero,
  ̲  ̲ ̲ ̲LinearMap.comp_apply, LinearMap.coe_comp, F̵u̵n̵c̵t̵i̵o̵n̵.̵c̵o̵m̵p̵_̵a̵p̵p̵l̵y̵,̵ ̵LinearEquiv.coe_coe]

Note: This linter can be disabled with `set_option linter.unusedSimpArgs false`
warning: Poincare/ModelLaplacian.lean:618:11: unused variable `x`

Note: This linter can be disabled with `set_option linter.unusedVariables false`
warning: Poincare/ModelLaplacian.lean:662:11: unused variable `x`

Note: This linter can be disabled with `set_option linter.unusedVariables false`
warning: Poincare/ModelLaplacian.lean:705:11: unused variable `x`

Note: This linter can be disabled with `set_option linter.unusedVariables false`
warning: Poincare/ModelLaplacian.lean:745:2: try 'simp' instead of 'simpa'

Note: This linter can be disabled with `set_option linter.unnecessarySimpa false`
warning: Poincare/ModelLaplacian.lean:751:5: unused variable `hf`

Note: This linter can be disabled with `set_option linter.unusedVariables false`
warning: Poincare/ModelLaplacian.lean:772:11: unused variable `x`

Note: This linter can be disabled with `set_option linter.unusedVariables false`
warning: Poincare/ModelLaplacian.lean:787:26: This simp argument is unused:
  LinearMap.coe_comp

Hint: Omit it from the simp argument list.
  simp only [covariantHessianLin, LinearMap.mk₂_apply, covariantHessian,
  ̵  ̵ ̵ ̵hcrit,
  ̲  ̲ ̲ ̲ContinuousLinearMap.zero_apply, sub_zero,
  ̵  ̵ ̵ ̵LinearMap.comp_apply, L̵i̵n̵e̵a̵r̵M̵a̵p̵.̵c̵o̵e̵_̵c̵o̵m̵p̵,̵ ̵Function.comp_apply,
      LinearEquiv.coe_coe]

Note: This linter can be disabled with `set_option linter.unusedSimpArgs false`
warning: Poincare/ModelLaplacian.lean:787:46: This simp argument is unused:
  Function.comp_apply

Hint: Omit it from the simp argument list.
  simp only [covariantHessianLin, LinearMap.mk₂_apply, covariantHessian, hcrit,
  ̲  ̲ ̲ ̲ContinuousLinearMap.zero_apply, sub_zero, LinearMap.comp_apply, LinearMap.coe_comp,
  ̲  ̲ ̲ ̲F̵u̵n̵c̵t̵i̵o̵n̵.̵c̵o̵m̵p̵_̵a̵p̵p̵l̵y̵,̵LinearEquiv.coe_coe]

Note: This linter can be disabled with `set_option linter.unusedSimpArgs false`
warning: Poincare/ModelLaplacian.lean:799:11: unused variable `x`

Note: This linter can be disabled with `set_option linter.unusedVariables false`
warning: Poincare/ModelLaplacian.lean:844:2: `push_neg` has been deprecated. Prefer using `push Not` instead.
If you'd rather continue using `push_neg` in your project, you can implement it as follows:
```
open Lean.Parser.Tactic in
macro "push_neg" cfg:optConfig loc:(location)? : tactic =>
  `(tactic| push $cfg:optConfig Not $[$loc]?)
```
warning: Poincare/ModelLaplacian.lean:877:4: `push_neg` has been deprecated. Prefer using `push Not` instead.
If you'd rather continue using `push_neg` in your project, you can implement it as follows:
```
open Lean.Parser.Tactic in
macro "push_neg" cfg:optConfig loc:(location)? : tactic =>
  `(tactic| push $cfg:optConfig Not $[$loc]?)
```
warning: Poincare/ModelLaplacian.lean:898:6: `push_neg` has been deprecated. Prefer using `push Not` instead.
If you'd rather continue using `push_neg` in your project, you can implement it as follows:
```
open Lean.Parser.Tactic in
macro "push_neg" cfg:optConfig loc:(location)? : tactic =>
  `(tactic| push $cfg:optConfig Not $[$loc]?)
```
warning: Poincare/ModelLaplacian.lean:827:11: unused variable `x`

Note: This linter can be disabled with `set_option linter.unusedVariables false`
warning: Poincare/ModelLaplacian.lean:983:39: This simp argument is unused:
  LinearMap.coe_comp

Hint: Omit it from the simp argument list.
  simp only [LinearMap.comp_apply, L̵i̵n̵e̵a̵r̵M̵a̵p̵.̵c̵o̵e̵_̵c̵o̵m̵p̵,̵
  ̵ ̵ ̵ ̵ ̵ ̵ ̵ ̵ ̵Function.comp_apply, LinearEquiv.coe_coe, h1, map_smul,
          LinearMap.smulRight_apply, ContinuousLinearMap.coe_coe]

Note: This linter can be disabled with `set_option linter.unusedSimpArgs false`
warning: Poincare/ModelLaplacian.lean:984:8: This simp argument is unused:
  Function.comp_apply

Hint: Omit it from the simp argument list.
  simp only [LinearMap.comp_apply, LinearMap.coe_comp,
  ̵  ̵ ̵ ̵ ̵ ̵ ̵ ̵F̵u̵n̵c̵t̵i̵o̵n̵.̵c̵o̵m̵p̵_̵a̵p̵p̵l̵y̵,̵ ̵LinearEquiv.coe_coe, h1, map_smul,
          LinearMap.smulRight_apply, ContinuousLinearMap.coe_coe]

Note: This linter can be disabled with `set_option linter.unusedSimpArgs false`
warning: Poincare/ModelLaplacian.lean:992:24: This simp argument is unused:
  LinearMap.add_comp

Hint: Omit it from the simp argument list.
  simp only [ContinuousLinearMap.coe_add, ContinuousLinearMap.coe_smul, LinearMap.comp_add,
  ̲  ̲ ̲ ̲L̵i̵n̵e̵a̵r̵M̵a̵p̵.̵a̵d̵d̵_̵c̵o̵m̵p̵,̵ ̵LinearMap.comp_smul, LinearMap.smul_comp, map_add, map_smul, smul_eq_mul]

Note: This linter can be disabled with `set_option linter.unusedSimpArgs false`
warning: Poincare/ModelLaplacian.lean:993:4: This simp argument is unused:
  LinearMap.smul_comp

Hint: Omit it from the simp argument list.
  simp only [ContinuousLinearMap.coe_add, ContinuousLinearMap.coe_smul, LinearMap.comp_add,
  ̲  ̲ ̲ ̲LinearMap.add_comp, LinearMap.comp_smul, L̵i̵n̵e̵a̵r̵M̵a̵p̵.̵s̵m̵u̵l̵_̵c̵o̵m̵p̵,̵ ̵map_add, map_smul, smul_eq_mul]

Note: This linter can be disabled with `set_option linter.unusedSimpArgs false`
warning: Poincare/ModelLaplacian.lean:1060:11: unused variable `x`

Note: This linter can be disabled with `set_option linter.unusedVariables false`
warning: Poincare/ModelLaplacian.lean:1145:39: This simp argument is unused:
  LinearMap.coe_comp

Hint: Omit it from the simp argument list.
  simp only [LinearMap.comp_apply, L̵i̵n̵e̵a̵r̵M̵a̵p̵.̵c̵o̵e̵_̵c̵o̵m̵p̵,̵Function.comp_apply, LinearEquiv.coe_coe,
  ̲  ̲ ̲ ̲ ̲ ̲ ̲ ̲LinearMap.smulRight_apply, map_smul, ContinuousLinearMap.coe_coe]

Note: This linter can be disabled with `set_option linter.unusedSimpArgs false`
warning: Poincare/ModelLaplacian.lean:1146:8: This simp argument is unused:
  Function.comp_apply

Hint: Omit it from the simp argument list.
  simp only [LinearMap.comp_apply, LinearMap.coe_comp, F̵u̵n̵c̵t̵i̵o̵n̵.̵c̵o̵m̵p̵_̵a̵p̵p̵l̵y̵,̵ ̵LinearEquiv.coe_coe,
          LinearMap.smulRight_apply, map_smul, ContinuousLinearMap.coe_coe]

Note: This linter can be disabled with `set_option linter.unusedSimpArgs false`
warning: Poincare/ModelLaplacian.lean:1211:14: `fderiv_deriv` has been deprecated: Use `fderiv_apply_one_eq_deriv` instead
warning: Poincare/ModelLaplacian.lean:1238:24: This simp argument is unused:
  LinearMap.add_comp

Hint: Omit it from the simp argument list.
  simp only [ContinuousLinearMap.coe_add, ContinuousLinearMap.coe_smul, LinearMap.comp_add,
  ̲  ̲ ̲ ̲L̵i̵n̵e̵a̵r̵M̵a̵p̵.̵a̵d̵d̵_̵c̵o̵m̵p̵,̵ ̵LinearMap.comp_smul, LinearMap.smul_comp, map_add, map_smul, smul_eq_mul]

Note: This linter can be disabled with `set_option linter.unusedSimpArgs false`
warning: Poincare/ModelLaplacian.lean:1239:4: This simp argument is unused:
  LinearMap.smul_comp

Hint: Omit it from the simp argument list.
  simp only [ContinuousLinearMap.coe_add, ContinuousLinearMap.coe_smul, LinearMap.comp_add,
  ̲  ̲ ̲ ̲LinearMap.add_comp, LinearMap.comp_smul, L̵i̵n̵e̵a̵r̵M̵a̵p̵.̵s̵m̵u̵l̵_̵c̵o̵m̵p̵,̵ ̵map_add, map_smul, smul_eq_mul]

Note: This linter can be disabled with `set_option linter.unusedSimpArgs false`
warning: Poincare/ModelLaplacian.lean:1257:39: This simp argument is unused:
  LinearMap.coe_comp

Hint: Omit it from the simp argument list.
  simp only [LinearMap.comp_apply, L̵i̵n̵e̵a̵r̵M̵a̵p̵.̵c̵o̵e̵_̵c̵o̵m̵p̵,̵
  ̵ ̵ ̵ ̵ ̵ ̵ ̵ ̵ ̵Function.comp_apply, LinearEquiv.coe_coe, h1, map_smul,
          LinearMap.smulRight_apply, ContinuousLinearMap.coe_coe]

Note: This linter can be disabled with `set_option linter.unusedSimpArgs false`
warning: Poincare/ModelLaplacian.lean:1258:8: This simp argument is unused:
  Function.comp_apply

Hint: Omit it from the simp argument list.
  simp only [LinearMap.comp_apply, LinearMap.coe_comp,
  ̵  ̵ ̵ ̵ ̵ ̵ ̵ ̵F̵u̵n̵c̵t̵i̵o̵n̵.̵c̵o̵m̵p̵_̵a̵p̵p̵l̵y̵,̵ ̵LinearEquiv.coe_coe, h1, map_smul,
          LinearMap.smulRight_apply, ContinuousLinearMap.coe_coe]

Note: This linter can be disabled with `set_option linter.unusedSimpArgs false`
warning: Poincare/ModelLaplacian.lean:1301:11: unused variable `x`

Note: This linter can be disabled with `set_option linter.unusedVariables false`
warning: Poincare/ModelLaplacian.lean:1314:11: unused variable `x`

Note: This linter can be disabled with `set_option linter.unusedVariables false`
warning: Poincare/ModelLaplacian.lean:1369:14: `fderiv_deriv` has been deprecated: Use `fderiv_apply_one_eq_deriv` instead
warning: Poincare/ModelLaplacian.lean:1400:16: `fderiv_deriv` has been deprecated: Use `fderiv_apply_one_eq_deriv` instead
warning: Poincare/ModelLaplacian.lean:1432:39: This simp argument is unused:
  LinearMap.coe_comp

Hint: Omit it from the simp argument list.
  simp only [LinearMap.comp_apply, L̵i̵n̵e̵a̵r̵M̵a̵p̵.̵c̵o̵e̵_̵c̵o̵m̵p̵,̵
  ̵ ̵ ̵ ̵ ̵ ̵ ̵ ̵ ̵Function.comp_apply, LinearEquiv.coe_coe, h1, map_smul,
          LinearMap.smulRight_apply, ContinuousLinearMap.coe_coe]

Note: This linter can be disabled with `set_option linter.unusedSimpArgs false`
warning: Poincare/ModelLaplacian.lean:1433:8: This simp argument is unused:
  Function.comp_apply

Hint: Omit it from the simp argument list.
  simp only [LinearMap.comp_apply, LinearMap.coe_comp,
  ̵  ̵ ̵ ̵ ̵ ̵ ̵ ̵F̵u̵n̵c̵t̵i̵o̵n̵.̵c̵o̵m̵p̵_̵a̵p̵p̵l̵y̵,̵ ̵LinearEquiv.coe_coe, h1, map_smul,
          LinearMap.smulRight_apply, ContinuousLinearMap.coe_coe]

Note: This linter can be disabled with `set_option linter.unusedSimpArgs false`
warning: Poincare/ModelLaplacian.lean:1570:9: unused variable `t`

Note: This linter can be disabled with `set_option linter.unusedVariables false`
warning: Poincare/ModelLaplacian.lean:1570:11: unused variable `ht`

Note: This linter can be disabled with `set_option linter.unusedVariables false`
warning: Poincare/ModelLaplacian.lean:1570:14: unused variable `x`

Note: This linter can be disabled with `set_option linter.unusedVariables false`
warning: Poincare/ModelLaplacian.lean:1570:16: unused variable `hx`

Note: This linter can be disabled with `set_option linter.unusedVariables false`
warning: Poincare/ModelLaplacian.lean:1585:11: unused variable `x`

Note: This linter can be disabled with `set_option linter.unusedVariables false`
warning: Poincare/ModelLaplacian.lean:1595:11: unused variable `x`

Note: This linter can be disabled with `set_option linter.unusedVariables false`
warning: Poincare/ModelLaplacian.lean:1667:40: unused variable `hf`

Note: This linter can be disabled with `set_option linter.unusedVariables false`
warning: Poincare/ModelLaplacian.lean:1816:6: This simp argument is unused:
  ContinuousLinearMap.flip_apply

Hint: Omit it from the simp argument list.
  simp only [ContinuousLinearMap.add_apply, h1, h2,̵
  ̵ ̵ ̵ ̵ ̵ ̵ ̵C̵o̵n̵t̵i̵n̵u̵o̵u̵s̵L̵i̵n̵e̵a̵r̵M̵a̵p̵.̵f̵l̵i̵p̵_̵a̵p̵p̵l̵y̵]

Note: This linter can be disabled with `set_option linter.unusedSimpArgs false`
warning: Poincare/ModelLaplacian.lean:1951:12: This simp argument is unused:
  ContinuousLinearMap.flip_apply

Hint: Omit it from the simp argument list.
  simp only [ContinuousLinearMap.smul_apply, ContinuousLinearMap.add_apply, h1, h2, C̵o̵n̵t̵i̵n̵u̵o̵u̵s̵L̵i̵n̵e̵a̵r̵M̵a̵p̵.̵f̵l̵i̵p̵_̵a̵p̵p̵l̵y̵,̵ ̵smul_eq_mul]

Note: This linter can be disabled with `set_option linter.unusedSimpArgs false`
warning: Poincare/ModelLaplacian.lean:2005:11: unused variable `x`

Note: This linter can be disabled with `set_option linter.unusedVariables false`
warning: Poincare/ModelLaplacian.lean:2084:11: unused variable `x`

Note: This linter can be disabled with `set_option linter.unusedVariables false`
warning: Poincare/ModelLaplacian.lean:2226:11: unused variable `x`

Note: This linter can be disabled with `set_option linter.unusedVariables false`
warning: Poincare/ModelLaplacian.lean:2242:11: unused variable `x`

Note: This linter can be disabled with `set_option linter.unusedVariables false`
warning: Poincare/ModelLaplacian.lean:2250:37: This simp argument is unused:
  zero_add

Hint: Omit it from the simp argument list.
  simp only [hΓ, add_zero, map_zero, z̵e̵r̵o̵_̵a̵d̵d̵,̵ ̵sub_zero]

Note: This linter can be disabled with `set_option linter.unusedSimpArgs false`
warning: Poincare/ModelLaplacian.lean:2277:11: unused variable `x`

Note: This linter can be disabled with `set_option linter.unusedVariables false`
warning: Poincare/ModelLaplacian.lean:2302:11: unused variable `x`

Note: This linter can be disabled with `set_option linter.unusedVariables false`
warning: Poincare/ModelLaplacian.lean:2331:0: automatically included section variable(s) unused in theorem `RicciFlow.christoffelFunctional_add_apply`:
  [FiniteDimensional ℝ E]
consider restructuring your `variable` declarations so that the variables are not in scope or explicitly omit them:
  omit [FiniteDimensional ℝ E] in theorem ...

Note: This linter can be disabled with `set_option linter.unusedSectionVars false`
warning: Poincare/ModelLaplacian.lean:2372:4: This simp argument is unused:
  LinearMap.add_apply

Hint: Omit it from the simp argument list.
  simp only [christoffelFunctional, LinearMap.coe_mk, AddHom.coe_mk,̵
  ̵ ̵ ̵ ̵ ̵L̵i̵n̵e̵a̵r̵M̵a̵p̵.̵a̵d̵d̵_̵a̵p̵p̵l̵y̵]

Note: This linter can be disabled with `set_option linter.unusedSimpArgs false`
warning: Poincare/ModelLaplacian.lean:2387:0: automatically included section variable(s) unused in theorem `RicciFlow.christoffelFunctional_smul_apply`:
  [FiniteDimensional ℝ E]
consider restructuring your `variable` declarations so that the variables are not in scope or explicitly omit them:
  omit [FiniteDimensional ℝ E] in theorem ...

Note: This linter can be disabled with `set_option linter.unusedSectionVars false`
warning: Poincare/ModelLaplacian.lean:2443:0: automatically included section variable(s) unused in theorem `RicciFlow.hasDerivAt_christoffelFunctional`:
  [FiniteDimensional ℝ E]
consider restructuring your `variable` declarations so that the variables are not in scope or explicitly omit them:
  omit [FiniteDimensional ℝ E] in theorem ...

Note: This linter can be disabled with `set_option linter.unusedSectionVars false`
warning: Poincare/ModelLaplacian.lean:2722:0: automatically included section variable(s) unused in theorem `RicciFlow.christoffelFunctional_const`:
  [FiniteDimensional ℝ E]
consider restructuring your `variable` declarations so that the variables are not in scope or explicitly omit them:
  omit [FiniteDimensional ℝ E] in theorem ...

Note: This linter can be disabled with `set_option linter.unusedSectionVars false`
warning: Poincare/ModelLaplacian.lean:2802:11: unused variable `x`

Note: This linter can be disabled with `set_option linter.unusedVariables false`
warning: Poincare/ModelLaplacian.lean:2884:14: `fderiv_deriv` has been deprecated: Use `fderiv_apply_one_eq_deriv` instead
warning: Poincare/ModelLaplacian.lean:2862:11: unused variable `x`

Note: This linter can be disabled with `set_option linter.unusedVariables false`
warning: Poincare/ModelLaplacian.lean:3182:0: automatically included section variable(s) unused in theorem `RicciFlow.bilin_cauchy_schwarz`:
  [FiniteDimensional ℝ E]
consider restructuring your `variable` declarations so that the variables are not in scope or explicitly omit them:
  omit [FiniteDimensional ℝ E] in theorem ...

Note: This linter can be disabled with `set_option linter.unusedSectionVars false`
warning: Poincare/ModelLaplacian.lean:3352:2: `push_neg` has been deprecated. Prefer using `push Not` instead.
If you'd rather continue using `push_neg` in your project, you can implement it as follows:
```
open Lean.Parser.Tactic in
macro "push_neg" cfg:optConfig loc:(location)? : tactic =>
  `(tactic| push $cfg:optConfig Not $[$loc]?)
```
warning: Poincare/ModelLaplacian.lean:3385:4: `push_neg` has been deprecated. Prefer using `push Not` instead.
If you'd rather continue using `push_neg` in your project, you can implement it as follows:
```
open Lean.Parser.Tactic in
macro "push_neg" cfg:optConfig loc:(location)? : tactic =>
  `(tactic| push $cfg:optConfig Not $[$loc]?)
```
warning: Poincare/ModelLaplacian.lean:3406:6: `push_neg` has been deprecated. Prefer using `push Not` instead.
If you'd rather continue using `push_neg` in your project, you can implement it as follows:
```
open Lean.Parser.Tactic in
macro "push_neg" cfg:optConfig loc:(location)? : tactic =>
  `(tactic| push $cfg:optConfig Not $[$loc]?)
```
warning: Poincare/ModelLaplacian.lean:3455:2: `push_neg` has been deprecated. Prefer using `push Not` instead.
If you'd rather continue using `push_neg` in your project, you can implement it as follows:
```
open Lean.Parser.Tactic in
macro "push_neg" cfg:optConfig loc:(location)? : tactic =>
  `(tactic| push $cfg:optConfig Not $[$loc]?)
```
warning: Poincare/ModelLaplacian.lean:3500:6: Try this: intro s hs y hy hminv
warning: Poincare/ModelLaplacian.lean:3717:2: `push_neg` has been deprecated. Prefer using `push Not` instead.
If you'd rather continue using `push_neg` in your project, you can implement it as follows:
```
open Lean.Parser.Tactic in
macro "push_neg" cfg:optConfig loc:(location)? : tactic =>
  `(tactic| push $cfg:optConfig Not $[$loc]?)
```
warning: Poincare/ModelLaplacian.lean:3704:33: unused variable `hT0`

Note: This linter can be disabled with `set_option linter.unusedVariables false`
warning: Poincare/ModelLaplacian.lean:3698:8: The namespace 'RicciFlow' is duplicated in the declaration 'RicciFlow.RicciFlow.hamilton_finite_time_singularity'

Note: This linter can be disabled with `set_option linter.dupNamespace false`
warning: Poincare/ModelLaplacian.lean:3788:8: The namespace 'RicciFlow' is duplicated in the declaration 'RicciFlow.RicciFlow.hamilton_singularity_of_evolution_eq'

Note: This linter can be disabled with `set_option linter.dupNamespace false`
warning: Poincare/ModelLaplacian.lean:3853:8: The namespace 'RicciFlow' is duplicated in the declaration 'RicciFlow.RicciFlow.hasDerivAt_trace'

Note: This linter can be disabled with `set_option linter.dupNamespace false`
warning: Poincare/ModelLaplacian.lean:3877:8: The namespace 'RicciFlow' is duplicated in the declaration 'RicciFlow.RicciFlow.hasDerivAt_trace_sq'

Note: This linter can be disabled with `set_option linter.dupNamespace false`
warning: Poincare/ModelLaplacian.lean:3910:8: The namespace 'RicciFlow' is duplicated in the declaration 'RicciFlow.RicciFlow.christoffelDeriv_zero_direction'

Note: This linter can be disabled with `set_option linter.dupNamespace false`
warning: Poincare/ModelLaplacian.lean:3928:8: The namespace 'RicciFlow' is duplicated in the declaration 'RicciFlow.RicciFlow.christoffelDeriv_add_direction'

Note: This linter can be disabled with `set_option linter.dupNamespace false`
warning: Poincare/ModelLaplacian.lean:3964:8: The namespace 'RicciFlow' is duplicated in the declaration 'RicciFlow.RicciFlow.hasDerivAt_clm_of_forall_apply''

Note: This linter can be disabled with `set_option linter.dupNamespace false`
warning: Poincare/ModelLaplacian.lean:4010:0: automatically included section variable(s) unused in theorem `RicciFlow.RicciFlow.christoffelFunctional_add_snd`:
  [FiniteDimensional ℝ E]
consider restructuring your `variable` declarations so that the variables are not in scope or explicitly omit them:
  omit [FiniteDimensional ℝ E] in theorem ...

Note: This linter can be disabled with `set_option linter.unusedSectionVars false`
warning: Poincare/ModelLaplacian.lean:4010:8: The namespace 'RicciFlow' is duplicated in the declaration 'RicciFlow.RicciFlow.christoffelFunctional_add_snd'

Note: This linter can be disabled with `set_option linter.dupNamespace false`
warning: Poincare/ModelLaplacian.lean:4027:8: The namespace 'RicciFlow' is duplicated in the declaration 'RicciFlow.RicciFlow.christoffelDeriv_add_snd'

Note: This linter can be disabled with `set_option linter.dupNamespace false`
warning: Poincare/ModelLaplacian.lean:4047:0: automatically included section variable(s) unused in theorem `RicciFlow.RicciFlow.christoffelFunctional_smul_snd`:
  [FiniteDimensional ℝ E]
consider restructuring your `variable` declarations so that the variables are not in scope or explicitly omit them:
  omit [FiniteDimensional ℝ E] in theorem ...

Note: This linter can be disabled with `set_option linter.unusedSectionVars false`
warning: Poincare/ModelLaplacian.lean:4047:8: The namespace 'RicciFlow' is duplicated in the declaration 'RicciFlow.RicciFlow.christoffelFunctional_smul_snd'

Note: This linter can be disabled with `set_option linter.dupNamespace false`
warning: Poincare/ModelLaplacian.lean:4062:8: The namespace 'RicciFlow' is duplicated in the declaration 'RicciFlow.RicciFlow.christoffelDeriv_smul_snd'

Note: This linter can be disabled with `set_option linter.dupNamespace false`
warning: Poincare/ModelLaplacian.lean:4083:18: The namespace 'RicciFlow' is duplicated in the declaration 'RicciFlow.RicciFlow.christoffelDerivOp'

Note: This linter can be disabled with `set_option linter.dupNamespace false`
warning: Poincare/ModelLaplacian.lean:4093:8: The namespace 'RicciFlow' is duplicated in the declaration 'RicciFlow.RicciFlow.christoffelDerivOp_apply'

Note: This linter can be disabled with `set_option linter.dupNamespace false`
warning: Poincare/ModelLaplacian.lean:4108:18: The namespace 'RicciFlow' is duplicated in the declaration 'RicciFlow.RicciFlow.christoffelClosedOp'

Note: This linter can be disabled with `set_option linter.dupNamespace false`
warning: Poincare/ModelLaplacian.lean:4121:8: The namespace 'RicciFlow' is duplicated in the declaration 'RicciFlow.RicciFlow.christoffelClosedOp_apply'

Note: This linter can be disabled with `set_option linter.dupNamespace false`
warning: Poincare/ModelLaplacian.lean:4133:8: The namespace 'RicciFlow' is duplicated in the declaration 'RicciFlow.RicciFlow.hasDerivAt_christoffelClosedOp'

Note: This linter can be disabled with `set_option linter.dupNamespace false`
warning: Poincare/ModelLaplacian.lean:4162:8: The namespace 'RicciFlow' is duplicated in the declaration 'RicciFlow.RicciFlow.hasDerivAt_christoffelClosedOp_comp'

Note: This linter can be disabled with `set_option linter.dupNamespace false`
warning: Poincare/ModelLaplacian.lean:4189:8: The namespace 'RicciFlow' is duplicated in the declaration 'RicciFlow.RicciFlow.christoffelDerivOp_symm'

Note: This linter can be disabled with `set_option linter.dupNamespace false`
warning: Poincare/ModelLaplacian.lean:4210:8: The namespace 'RicciFlow' is duplicated in the declaration 'RicciFlow.RicciFlow.christoffelClosedOp_eq_christoffelAt'

Note: This linter can be disabled with `set_option linter.dupNamespace false`
warning: Poincare/ModelLaplacian.lean:4233:8: The namespace 'RicciFlow' is duplicated in the declaration 'RicciFlow.RicciFlow.curvature_quadratic_operator_form'

Note: This linter can be disabled with `set_option linter.dupNamespace false`
warning: Poincare/ModelLaplacian.lean:4264:8: The namespace 'RicciFlow' is duplicated in the declaration 'RicciFlow.RicciFlow.hasDerivAt_christoffelOpGrad'

Note: This linter can be disabled with `set_option linter.dupNamespace false`
warning: Poincare/ModelLaplacian.lean:4281:8: The namespace 'RicciFlow' is duplicated in the declaration 'RicciFlow.RicciFlow.hasDerivAt_christoffelOpGrad_apply'

Note: This linter can be disabled with `set_option linter.dupNamespace false`
warning: Poincare/ModelLaplacian.lean:4306:18: The namespace 'RicciFlow' is duplicated in the declaration 'RicciFlow.RicciFlow.coordCurvatureOp'

Note: This linter can be disabled with `set_option linter.dupNamespace false`
warning: Poincare/ModelLaplacian.lean:4316:18: The namespace 'RicciFlow' is duplicated in the declaration 'RicciFlow.RicciFlow.curvatureDerivOp'

Note: This linter can be disabled with `set_option linter.dupNamespace false`
warning: Poincare/ModelLaplacian.lean:4331:8: The namespace 'RicciFlow' is duplicated in the declaration 'RicciFlow.RicciFlow.hasDerivAt_coordCurvatureOp'

Note: This linter can be disabled with `set_option linter.dupNamespace false`
warning: Poincare/ModelLaplacian.lean:4368:18: The namespace 'RicciFlow' is duplicated in the declaration 'RicciFlow.RicciFlow.coordRicci'

Note: This linter can be disabled with `set_option linter.dupNamespace false`
warning: Poincare/ModelLaplacian.lean:4375:18: The namespace 'RicciFlow' is duplicated in the declaration 'RicciFlow.RicciFlow.ricciDeriv'

Note: This linter can be disabled with `set_option linter.dupNamespace false`
warning: Poincare/ModelLaplacian.lean:4385:8: The namespace 'RicciFlow' is duplicated in the declaration 'RicciFlow.RicciFlow.hasDerivAt_coordRicci'

Note: This linter can be disabled with `set_option linter.dupNamespace false`
warning: Poincare/ModelLaplacian.lean:4418:0: automatically included section variable(s) unused in theorem `RicciFlow.RicciFlow.christoffelFunctional_add_fst`:
  [FiniteDimensional ℝ E]
consider restructuring your `variable` declarations so that the variables are not in scope or explicitly omit them:
  omit [FiniteDimensional ℝ E] in theorem ...

Note: This linter can be disabled with `set_option linter.unusedSectionVars false`
warning: Poincare/ModelLaplacian.lean:4418:8: The namespace 'RicciFlow' is duplicated in the declaration 'RicciFlow.RicciFlow.christoffelFunctional_add_fst'

Note: This linter can be disabled with `set_option linter.dupNamespace false`
warning: Poincare/ModelLaplacian.lean:4434:0: automatically included section variable(s) unused in theorem `RicciFlow.RicciFlow.christoffelFunctional_smul_fst`:
  [FiniteDimensional ℝ E]
consider restructuring your `variable` declarations so that the variables are not in scope or explicitly omit them:
  omit [FiniteDimensional ℝ E] in theorem ...

Note: This linter can be disabled with `set_option linter.unusedSectionVars false`
warning: Poincare/ModelLaplacian.lean:4434:8: The namespace 'RicciFlow' is duplicated in the declaration 'RicciFlow.RicciFlow.christoffelFunctional_smul_fst'

Note: This linter can be disabled with `set_option linter.dupNamespace false`
warning: Poincare/ModelLaplacian.lean:4449:8: The namespace 'RicciFlow' is duplicated in the declaration 'RicciFlow.RicciFlow.christoffelClosedOp_add_fst'

Note: This linter can be disabled with `set_option linter.dupNamespace false`
warning: Poincare/ModelLaplacian.lean:4463:8: The namespace 'RicciFlow' is duplicated in the declaration 'RicciFlow.RicciFlow.christoffelClosedOp_smul_fst'

Note: This linter can be disabled with `set_option linter.dupNamespace false`
warning: Poincare/ModelLaplacian.lean:4486:8: The namespace 'RicciFlow' is duplicated in the declaration 'RicciFlow.RicciFlow.coordCurvatureOp_add_snd'

Note: This linter can be disabled with `set_option linter.dupNamespace false`
warning: Poincare/ModelLaplacian.lean:4506:8: The namespace 'RicciFlow' is duplicated in the declaration 'RicciFlow.RicciFlow.coordRicci_add_fst'

Note: This linter can be disabled with `set_option linter.dupNamespace false`
warning: Poincare/ModelLaplacian.lean:4530:8: The namespace 'RicciFlow' is duplicated in the declaration 'RicciFlow.RicciFlow.coordCurvatureOp_smul_snd'

Note: This linter can be disabled with `set_option linter.dupNamespace false`
warning: Poincare/ModelLaplacian.lean:4548:8: The namespace 'RicciFlow' is duplicated in the declaration 'RicciFlow.RicciFlow.coordRicci_smul_fst'

Note: This linter can be disabled with `set_option linter.dupNamespace false`
warning: Poincare/ModelLaplacian.lean:4564:18: The namespace 'RicciFlow' is duplicated in the declaration 'RicciFlow.RicciFlow.coordRicciCLM'

Note: This linter can be disabled with `set_option linter.dupNamespace false`
warning: Poincare/ModelLaplacian.lean:4576:8: The namespace 'RicciFlow' is duplicated in the declaration 'RicciFlow.RicciFlow.coordRicciCLM_apply'

Note: This linter can be disabled with `set_option linter.dupNamespace false`
warning: Poincare/ModelLaplacian.lean:4593:8: The namespace 'RicciFlow' is duplicated in the declaration 'RicciFlow.RicciFlow.ricciDeriv_add_fst'

Note: This linter can be disabled with `set_option linter.dupNamespace false`
warning: Poincare/ModelLaplacian.lean:4621:8: The namespace 'RicciFlow' is duplicated in the declaration 'RicciFlow.RicciFlow.ricciDeriv_smul_fst'

Note: This linter can be disabled with `set_option linter.dupNamespace false`
warning: Poincare/ModelLaplacian.lean:4649:18: The namespace 'RicciFlow' is duplicated in the declaration 'RicciFlow.RicciFlow.coordScalar'

Note: This linter can be disabled with `set_option linter.dupNamespace false`
warning: Poincare/ModelLaplacian.lean:4661:8: The namespace 'RicciFlow' is duplicated in the declaration 'RicciFlow.RicciFlow.hasDerivAt_coordScalar'

Note: This linter can be disabled with `set_option linter.dupNamespace false`
warning: Poincare/ModelLaplacian.lean:4726:0: automatically included section variable(s) unused in theorem `RicciFlow.RicciFlow.christoffelFunctional_const_eq_zero`:
  [FiniteDimensional ℝ E]
consider restructuring your `variable` declarations so that the variables are not in scope or explicitly omit them:
  omit [FiniteDimensional ℝ E] in theorem ...

Note: This linter can be disabled with `set_option linter.unusedSectionVars false`
warning: Poincare/ModelLaplacian.lean:4726:8: The namespace 'RicciFlow' is duplicated in the declaration 'RicciFlow.RicciFlow.christoffelFunctional_const_eq_zero'

Note: This linter can be disabled with `set_option linter.dupNamespace false`
warning: Poincare/ModelLaplacian.lean:4738:8: The namespace 'RicciFlow' is duplicated in the declaration 'RicciFlow.RicciFlow.christoffelClosedOp_const_eq_zero'

Note: This linter can be disabled with `set_option linter.dupNamespace false`
warning: Poincare/ModelLaplacian.lean:4747:8: The namespace 'RicciFlow' is duplicated in the declaration 'RicciFlow.RicciFlow.coordCurvatureOp_const_eq_zero'

Note: This linter can be disabled with `set_option linter.dupNamespace false`
warning: Poincare/ModelLaplacian.lean:4762:8: The namespace 'RicciFlow' is duplicated in the declaration 'RicciFlow.RicciFlow.coordRicci_const_eq_zero'

Note: This linter can be disabled with `set_option linter.dupNamespace false`
warning: Poincare/ModelLaplacian.lean:4773:8: The namespace 'RicciFlow' is duplicated in the declaration 'RicciFlow.RicciFlow.coordScalar_const_eq_zero'

Note: This linter can be disabled with `set_option linter.dupNamespace false`
warning: Poincare/ModelLaplacian.lean:4791:8: The namespace 'RicciFlow' is duplicated in the declaration 'RicciFlow.RicciFlow.coordRicci_add_snd'

Note: This linter can be disabled with `set_option linter.dupNamespace false`
warning: Poincare/ModelLaplacian.lean:4801:8: The namespace 'RicciFlow' is duplicated in the declaration 'RicciFlow.RicciFlow.coordRicci_smul_snd'

Note: This linter can be disabled with `set_option linter.dupNamespace false`
warning: Poincare/ModelLaplacian.lean:4812:18: The namespace 'RicciFlow' is duplicated in the declaration 'RicciFlow.RicciFlow.coordRicciForm'

Note: This linter can be disabled with `set_option linter.dupNamespace false`
warning: Poincare/ModelLaplacian.lean:4830:8: The namespace 'RicciFlow' is duplicated in the declaration 'RicciFlow.RicciFlow.coordRicciForm_apply'

Note: This linter can be disabled with `set_option linter.dupNamespace false`
warning: Poincare/ModelLaplacian.lean:4838:18: The namespace 'RicciFlow' is duplicated in the declaration 'RicciFlow.RicciFlow.coordRicciNormSq'

Note: This linter can be disabled with `set_option linter.dupNamespace false`
warning: Poincare/ModelLaplacian.lean:4852:8: The namespace 'RicciFlow' is duplicated in the declaration 'RicciFlow.RicciFlow.inverseVariation_ricci_direction'

Note: This linter can be disabled with `set_option linter.dupNamespace false`
warning: Poincare/ModelLaplacian.lean:4899:8: The namespace 'RicciFlow' is duplicated in the declaration 'RicciFlow.RicciFlow.hamilton_scalar_evolution_of_bianchi'

Note: This linter can be disabled with `set_option linter.dupNamespace false`
warning: Poincare/ModelLaplacian.lean:4947:18: The namespace 'RicciFlow' is duplicated in the declaration 'RicciFlow.RicciFlow.coordRicciEndo'

Note: This linter can be disabled with `set_option linter.dupNamespace false`
warning: Poincare/ModelLaplacian.lean:4956:8: The namespace 'RicciFlow' is duplicated in the declaration 'RicciFlow.RicciFlow.coordRicciEndo_apply'

Note: This linter can be disabled with `set_option linter.dupNamespace false`
warning: Poincare/ModelLaplacian.lean:4965:8: The namespace 'RicciFlow' is duplicated in the declaration 'RicciFlow.RicciFlow.g_coordRicciEndo'

Note: This linter can be disabled with `set_option linter.dupNamespace false`
warning: Poincare/ModelLaplacian.lean:4978:8: The namespace 'RicciFlow' is duplicated in the declaration 'RicciFlow.RicciFlow.trace_coordRicciEndo'

Note: This linter can be disabled with `set_option linter.dupNamespace false`
warning: Poincare/ModelLaplacian.lean:5022:8: The namespace 'RicciFlow' is duplicated in the declaration 'RicciFlow.RicciFlow.sum_g_raised_eq_trace'

Note: This linter can be disabled with `set_option linter.dupNamespace false`
warning: Poincare/ModelLaplacian.lean:5079:8: The namespace 'RicciFlow' is duplicated in the declaration 'RicciFlow.RicciFlow.coordRicciNormSq_eq_trace'

Note: This linter can be disabled with `set_option linter.dupNamespace false`
warning: Poincare/ModelLaplacian.lean:5122:8: The namespace 'RicciFlow' is duplicated in the declaration 'RicciFlow.RicciFlow.coordRicciEndo_selfAdjoint'

Note: This linter can be disabled with `set_option linter.dupNamespace false`
warning: Poincare/ModelLaplacian.lean:5164:8: The namespace 'RicciFlow' is duplicated in the declaration 'RicciFlow.RicciFlow.hamilton_ricci_flow_singularity'

Note: This linter can be disabled with `set_option linter.dupNamespace false`
warning: Poincare/ModelLaplacian.lean:5248:8: The namespace 'RicciFlow' is duplicated in the declaration 'RicciFlow.RicciFlow.christoffelClosedOp_symm'

Note: This linter can be disabled with `set_option linter.dupNamespace false`
warning: Poincare/ModelLaplacian.lean:5257:8: The namespace 'RicciFlow' is duplicated in the declaration 'RicciFlow.RicciFlow.coordCurvatureOp_antisymm'

Note: This linter can be disabled with `set_option linter.dupNamespace false`
warning: Poincare/ModelLaplacian.lean:5265:8: The namespace 'RicciFlow' is duplicated in the declaration 'RicciFlow.RicciFlow.fderiv_christoffelClosedOp_apply'

Note: This linter can be disabled with `set_option linter.dupNamespace false`
warning: Poincare/ModelLaplacian.lean:5286:8: The namespace 'RicciFlow' is duplicated in the declaration 'RicciFlow.RicciFlow.coord_first_bianchi'

Note: This linter can be disabled with `set_option linter.dupNamespace false`
warning: Poincare/ModelLaplacian.lean:5325:8: The namespace 'RicciFlow' is duplicated in the declaration 'RicciFlow.RicciFlow.coordRicci_antisymm_part'

Note: This linter can be disabled with `set_option linter.dupNamespace false`
warning: Poincare/ModelLaplacian.lean:5375:8: The namespace 'RicciFlow' is duplicated in the declaration 'RicciFlow.RicciFlow.g_christoffelClosedOp'

Note: This linter can be disabled with `set_option linter.dupNamespace false`
warning: Poincare/ModelLaplacian.lean:5390:8: The namespace 'RicciFlow' is duplicated in the declaration 'RicciFlow.RicciFlow.coord_metric_compatible'

Note: This linter can be disabled with `set_option linter.dupNamespace false`
warning: Poincare/ModelLaplacian.lean:5423:8: The namespace 'RicciFlow' is duplicated in the declaration 'RicciFlow.RicciFlow.hasFDerivAt_g_christoffel_left'

Note: This linter can be disabled with `set_option linter.dupNamespace false`
warning: Poincare/ModelLaplacian.lean:5447:8: The namespace 'RicciFlow' is duplicated in the declaration 'RicciFlow.RicciFlow.hasFDerivAt_g_christoffel_right'

Note: This linter can be disabled with `set_option linter.dupNamespace false`
warning: Poincare/ModelLaplacian.lean:5484:8: The namespace 'RicciFlow' is duplicated in the declaration 'RicciFlow.RicciFlow.coordCurvatureOp_skew'

Note: This linter can be disabled with `set_option linter.dupNamespace false`
warning: Poincare/ModelLaplacian.lean:5566:8: The namespace 'RicciFlow' is duplicated in the declaration 'RicciFlow.RicciFlow.coordRicci_symm'

Note: This linter can be disabled with `set_option linter.dupNamespace false`
warning: Poincare/ModelLaplacian.lean:5631:8: The namespace 'RicciFlow' is duplicated in the declaration 'RicciFlow.RicciFlow.hamilton_ricci_flow_singularity''

Note: This linter can be disabled with `set_option linter.dupNamespace false`
warning: Poincare/ModelLaplacian.lean:5692:0: automatically included section variable(s) unused in theorem `RicciFlow.RicciFlow.fderiv_clm_family_apply`:
  [FiniteDimensional ℝ E]
consider restructuring your `variable` declarations so that the variables are not in scope or explicitly omit them:
  omit [FiniteDimensional ℝ E] in theorem ...

Note: This linter can be disabled with `set_option linter.unusedSectionVars false`
warning: Poincare/ModelLaplacian.lean:5692:8: The namespace 'RicciFlow' is duplicated in the declaration 'RicciFlow.RicciFlow.fderiv_clm_family_apply'

Note: This linter can be disabled with `set_option linter.dupNamespace false`
warning: Poincare/ModelLaplacian.lean:5709:8: The namespace 'RicciFlow' is duplicated in the declaration 'RicciFlow.RicciFlow.differentiableAt_coordCurvatureOp_family'

Note: This linter can be disabled with `set_option linter.dupNamespace false`
warning: Poincare/ModelLaplacian.lean:5749:18: The namespace 'RicciFlow' is duplicated in the declaration 'RicciFlow.RicciFlow.covCurvDeriv'

Note: This linter can be disabled with `set_option linter.dupNamespace false`
warning: Poincare/ModelLaplacian.lean:5758:8: The namespace 'RicciFlow' is duplicated in the declaration 'RicciFlow.RicciFlow.covCurvDeriv_antisymm'

Note: This linter can be disabled with `set_option linter.dupNamespace false`
warning: Poincare/ModelLaplacian.lean:5775:8: The namespace 'RicciFlow' is duplicated in the declaration 'RicciFlow.RicciFlow.covCurvDeriv_const_eq_zero'

Note: This linter can be disabled with `set_option linter.dupNamespace false`
warning: Poincare/ModelLaplacian.lean:5799:8: The namespace 'RicciFlow' is duplicated in the declaration 'RicciFlow.RicciFlow.fderiv_christoffelClosedOp_comp_apply'

Note: This linter can be disabled with `set_option linter.dupNamespace false`
warning: Poincare/ModelLaplacian.lean:5823:8: The namespace 'RicciFlow' is duplicated in the declaration 'RicciFlow.RicciFlow.fderiv_coordCurvatureOp_family'

Note: This linter can be disabled with `set_option linter.dupNamespace false`
warning: Poincare/ModelLaplacian.lean:5892:8: The namespace 'RicciFlow' is duplicated in the declaration 'RicciFlow.RicciFlow.fderiv_christoffelClosedOp_slot_symm'

Note: This linter can be disabled with `set_option linter.dupNamespace false`
warning: Poincare/ModelLaplacian.lean:5910:8: The namespace 'RicciFlow' is duplicated in the declaration 'RicciFlow.RicciFlow.sndFDeriv_christoffelClosedOp_slot_symm'

Note: This linter can be disabled with `set_option linter.dupNamespace false`
warning: Poincare/ModelLaplacian.lean:5968:8: The namespace 'RicciFlow' is duplicated in the declaration 'RicciFlow.RicciFlow.coord_second_bianchi'

Note: This linter can be disabled with `set_option linter.dupNamespace false`
warning: Poincare/ModelLaplacian.lean:6004:18: The namespace 'RicciFlow' is duplicated in the declaration 'RicciFlow.RicciFlow.covRicciDeriv'

Note: This linter can be disabled with `set_option linter.dupNamespace false`
warning: Poincare/ModelLaplacian.lean:6011:18: The namespace 'RicciFlow' is duplicated in the declaration 'RicciFlow.RicciFlow.curvDivergence'

Note: This linter can be disabled with `set_option linter.dupNamespace false`
warning: Poincare/ModelLaplacian.lean:6020:8: The namespace 'RicciFlow' is duplicated in the declaration 'RicciFlow.RicciFlow.coord_first_contracted_bianchi'

Note: This linter can be disabled with `set_option linter.dupNamespace false`
warning: Poincare/ModelLaplacian.lean:6061:8: The namespace 'RicciFlow' is duplicated in the declaration 'RicciFlow.RicciFlow.coordCurvature_pair_symm'

Note: This linter can be disabled with `set_option linter.dupNamespace false`
warning: Poincare/ModelLaplacian.lean:6120:18: The namespace 'RicciFlow' is duplicated in the declaration 'RicciFlow.RicciFlow.ricciDivergence'

Note: This linter can be disabled with `set_option linter.dupNamespace false`
warning: Poincare/ModelLaplacian.lean:6129:18: The namespace 'RicciFlow' is duplicated in the declaration 'RicciFlow.RicciFlow.scalarContractionDeriv'

Note: This linter can be disabled with `set_option linter.dupNamespace false`
warning: Poincare/ModelLaplacian.lean:6141:8: The namespace 'RicciFlow' is duplicated in the declaration 'RicciFlow.RicciFlow.coord_twice_contracted_bianchi_raw'

Note: This linter can be disabled with `set_option linter.dupNamespace false`
warning: Poincare/ModelLaplacian.lean:6179:0: automatically included section variable(s) unused in theorem `RicciFlow.RicciFlow.hasFDerivAt_g_op_family`:
  [FiniteDimensional ℝ E]
consider restructuring your `variable` declarations so that the variables are not in scope or explicitly omit them:
  omit [FiniteDimensional ℝ E] in theorem ...

Note: This linter can be disabled with `set_option linter.unusedSectionVars false`
warning: Poincare/ModelLaplacian.lean:6179:8: The namespace 'RicciFlow' is duplicated in the declaration 'RicciFlow.RicciFlow.hasFDerivAt_g_op_family'

Note: This linter can be disabled with `set_option linter.dupNamespace false`
warning: Poincare/ModelLaplacian.lean:6204:8: The namespace 'RicciFlow' is duplicated in the declaration 'RicciFlow.RicciFlow.covCurvDeriv_pair_symm'

Note: This linter can be disabled with `set_option linter.dupNamespace false`
warning: Poincare/ModelLaplacian.lean:6277:8: The namespace 'RicciFlow' is duplicated in the declaration 'RicciFlow.RicciFlow.covCurvDeriv_add_snd'

Note: This linter can be disabled with `set_option linter.dupNamespace false`
warning: Poincare/ModelLaplacian.lean:6310:8: The namespace 'RicciFlow' is duplicated in the declaration 'RicciFlow.RicciFlow.covCurvDeriv_smul_snd'

Note: This linter can be disabled with `set_option linter.dupNamespace false`
warning: Poincare/ModelLaplacian.lean:6348:8: The namespace 'RicciFlow' is duplicated in the declaration 'RicciFlow.RicciFlow.coord_eq_g_raised'

Note: This linter can be disabled with `set_option linter.dupNamespace false`
warning: Poincare/ModelLaplacian.lean:6364:8: The namespace 'RicciFlow' is duplicated in the declaration 'RicciFlow.RicciFlow.coord_raised_symm'

Note: This linter can be disabled with `set_option linter.dupNamespace false`
warning: Poincare/ModelLaplacian.lean:6384:8: The namespace 'RicciFlow' is duplicated in the declaration 'RicciFlow.RicciFlow.sum_raised_contraction_swap'

Note: This linter can be disabled with `set_option linter.dupNamespace false`
warning: Poincare/ModelLaplacian.lean:6469:13: This simp argument is unused:
  ContinuousLinearMap.add_apply

Hint: Omit it from the simp argument list.
  simp only [̵C̵o̵n̵t̵i̵n̵u̵o̵u̵s̵L̵i̵n̵e̵a̵r̵M̵a̵p̵.̵a̵d̵d̵_̵a̵p̵p̵l̵y̵,̵ ̵C̵o̵n̵t̵i̵n̵u̵o̵u̵s̵L̵i̵n̵e̵a̵r̵M̵a̵p̵.̵a̵d̵d̵_̵c̵o̵m̵p̵,̵[̲C̲o̲n̲t̲i̲n̲u̲o̲u̲s̲L̲i̲n̲e̲a̲r̲M̲a̲p̲.̲a̲d̲d̲_̲c̲o̲m̲p̲,̲ ContinuousLinearMap.comp_add]

Note: This linter can be disabled with `set_option linter.unusedSimpArgs false`
warning: Poincare/ModelLaplacian.lean:6447:8: The namespace 'RicciFlow' is duplicated in the declaration 'RicciFlow.RicciFlow.covCurvDeriv_add_fst'

Note: This linter can be disabled with `set_option linter.dupNamespace false`
warning: Poincare/ModelLaplacian.lean:6493:13: This simp argument is unused:
  ContinuousLinearMap.smul_apply

Hint: Omit it from the simp argument list.
  simp only [̵C̵o̵n̵t̵i̵n̵u̵o̵u̵s̵L̵i̵n̵e̵a̵r̵M̵a̵p̵.̵s̵m̵u̵l̵_̵a̵p̵p̵l̵y̵,̵ ̵C̵o̵n̵t̵i̵n̵u̵o̵u̵s̵L̵i̵n̵e̵a̵r̵M̵a̵p̵.̵s̵m̵u̵l̵_̵c̵o̵m̵p̵,̵[̲C̲o̲n̲t̲i̲n̲u̲o̲u̲s̲L̲i̲n̲e̲a̲r̲M̲a̲p̲.̲s̲m̲u̲l̲_̲c̲o̲m̲p̲,̲ ContinuousLinearMap.comp_smul]

Note: This linter can be disabled with `set_option linter.unusedSimpArgs false`
warning: Poincare/ModelLaplacian.lean:6475:8: The namespace 'RicciFlow' is duplicated in the declaration 'RicciFlow.RicciFlow.covCurvDeriv_smul_fst'

Note: This linter can be disabled with `set_option linter.dupNamespace false`
warning: Poincare/ModelLaplacian.lean:6500:8: The namespace 'RicciFlow' is duplicated in the declaration 'RicciFlow.RicciFlow.covCurvDeriv_applied_skew'

Note: This linter can be disabled with `set_option linter.dupNamespace false`
warning: Poincare/ModelLaplacian.lean:6532:8: The namespace 'RicciFlow' is duplicated in the declaration 'RicciFlow.RicciFlow.covCurvDeriv_first_bianchi'

Note: This linter can be disabled with `set_option linter.dupNamespace false`
warning: Poincare/ModelLaplacian.lean:6740:19: This simp argument is unused:
  map_sub

Hint: Omit it from the simp argument list.
  simp [map_add,̵ ̵m̵a̵p̵_̵s̵u̵b̵]

Note: This linter can be disabled with `set_option linter.unusedSimpArgs false`
warning: Poincare/ModelLaplacian.lean:6635:8: The namespace 'RicciFlow' is duplicated in the declaration 'RicciFlow.RicciFlow.curvDivergence_contraction_eq_ricciDivergence'

Note: This linter can be disabled with `set_option linter.dupNamespace false`
warning: Poincare/ModelLaplacian.lean:6767:8: The namespace 'RicciFlow' is duplicated in the declaration 'RicciFlow.RicciFlow.coord_twice_contracted_bianchi'

Note: This linter can be disabled with `set_option linter.dupNamespace false`
warning: Poincare/ModelLaplacian.lean:6803:18: The namespace 'RicciFlow' is duplicated in the declaration 'RicciFlow.RicciFlow.covTensor2Deriv'

Note: This linter can be disabled with `set_option linter.dupNamespace false`
warning: Poincare/ModelLaplacian.lean:6816:8: The namespace 'RicciFlow' is duplicated in the declaration 'RicciFlow.RicciFlow.g_christoffelDeriv'

Note: This linter can be disabled with `set_option linter.dupNamespace false`
warning: Poincare/ModelLaplacian.lean:6873:18: The namespace 'RicciFlow' is duplicated in the declaration 'RicciFlow.RicciFlow.covDeltaGammaDeriv'

Note: This linter can be disabled with `set_option linter.dupNamespace false`
warning: Poincare/ModelLaplacian.lean:6886:8: The namespace 'RicciFlow' is duplicated in the declaration 'RicciFlow.RicciFlow.curvatureDerivOp_eq_covDeltaGamma'

Note: This linter can be disabled with `set_option linter.dupNamespace false`
warning: Poincare/ModelLaplacian.lean:6912:18: The namespace 'RicciFlow' is duplicated in the declaration 'RicciFlow.RicciFlow.deltaGammaDivergence'

Note: This linter can be disabled with `set_option linter.dupNamespace false`
warning: Poincare/ModelLaplacian.lean:6920:18: The namespace 'RicciFlow' is duplicated in the declaration 'RicciFlow.RicciFlow.deltaGammaContractionDeriv'

Note: This linter can be disabled with `set_option linter.dupNamespace false`
warning: Poincare/ModelLaplacian.lean:6931:8: The namespace 'RicciFlow' is duplicated in the declaration 'RicciFlow.RicciFlow.ricciDeriv_eq_deltaGamma_contractions'

Note: This linter can be disabled with `set_option linter.dupNamespace false`
warning: Poincare/ModelLaplacian.lean:6957:18: The namespace 'RicciFlow' is duplicated in the declaration 'RicciFlow.RicciFlow.deltaGammaDivergenceTrace'

Note: This linter can be disabled with `set_option linter.dupNamespace false`
warning: Poincare/ModelLaplacian.lean:6966:18: The namespace 'RicciFlow' is duplicated in the declaration 'RicciFlow.RicciFlow.deltaGammaContractionDerivTrace'

Note: This linter can be disabled with `set_option linter.dupNamespace false`
warning: Poincare/ModelLaplacian.lean:6980:8: The namespace 'RicciFlow' is duplicated in the declaration 'RicciFlow.RicciFlow.ricciDeriv_raised_trace_eq'

Note: This linter can be disabled with `set_option linter.dupNamespace false`
warning: Poincare/ModelLaplacian.lean:7013:8: The namespace 'RicciFlow' is duplicated in the declaration 'RicciFlow.RicciFlow.g_covDeltaGammaDeriv'

Note: This linter can be disabled with `set_option linter.dupNamespace false`
warning: Poincare/ModelLaplacian.lean:7063:8: The namespace 'RicciFlow' is duplicated in the declaration 'RicciFlow.RicciFlow.g_christoffelDerivOp_pairing_eq'

Note: This linter can be disabled with `set_option linter.dupNamespace false`
warning: Poincare/ModelLaplacian.lean:7089:8: The namespace 'RicciFlow' is duplicated in the declaration 'RicciFlow.RicciFlow.covTensor2Deriv_add_dir'

Note: This linter can be disabled with `set_option linter.dupNamespace false`
warning: Poincare/ModelLaplacian.lean:7100:8: The namespace 'RicciFlow' is duplicated in the declaration 'RicciFlow.RicciFlow.covTensor2Deriv_smul_dir'

Note: This linter can be disabled with `set_option linter.dupNamespace false`
warning: Poincare/ModelLaplacian.lean:7111:8: The namespace 'RicciFlow' is duplicated in the declaration 'RicciFlow.RicciFlow.covTensor2Deriv_add_left'

Note: This linter can be disabled with `set_option linter.dupNamespace false`
warning: Poincare/ModelLaplacian.lean:7126:22: This simp argument is unused:
  ContinuousLinearMap.add_apply

Hint: Omit it from the simp argument list.
  simp only [map_add,̵ ̵C̵o̵n̵t̵i̵n̵u̵o̵u̵s̵L̵i̵n̵e̵a̵r̵M̵a̵p̵.̵a̵d̵d̵_̵a̵p̵p̵l̵y̵]

Note: This linter can be disabled with `set_option linter.unusedSimpArgs false`
warning: Poincare/ModelLaplacian.lean:7121:8: The namespace 'RicciFlow' is duplicated in the declaration 'RicciFlow.RicciFlow.covTensor2Deriv_add_right'

Note: This linter can be disabled with `set_option linter.dupNamespace false`
warning: Poincare/ModelLaplacian.lean:7131:8: The namespace 'RicciFlow' is duplicated in the declaration 'RicciFlow.RicciFlow.covTensor2Deriv_smul_left'

Note: This linter can be disabled with `set_option linter.dupNamespace false`
warning: Poincare/ModelLaplacian.lean:7146:23: This simp argument is unused:
  ContinuousLinearMap.smul_apply

Hint: Omit it from the simp argument list.
  simp only [map_smul, C̵o̵n̵t̵i̵n̵u̵o̵u̵s̵L̵i̵n̵e̵a̵r̵M̵a̵p̵.̵s̵m̵u̵l̵_̵a̵p̵p̵l̵y̵,̵ ̵smul_eq_mul]

Note: This linter can be disabled with `set_option linter.unusedSimpArgs false`
warning: Poincare/ModelLaplacian.lean:7141:8: The namespace 'RicciFlow' is duplicated in the declaration 'RicciFlow.RicciFlow.covTensor2Deriv_smul_right'

Note: This linter can be disabled with `set_option linter.dupNamespace false`
warning: Poincare/ModelLaplacian.lean:7154:18: The namespace 'RicciFlow' is duplicated in the declaration 'RicciFlow.RicciFlow.metricBilin'

Note: This linter can be disabled with `set_option linter.dupNamespace false`
warning: Poincare/ModelLaplacian.lean:7160:8: automatically included section variable(s) unused in theorem `RicciFlow.RicciFlow.metricBilin_apply`:
  [FiniteDimensional ℝ E]
consider restructuring your `variable` declarations so that the variables are not in scope or explicitly omit them:
  omit [FiniteDimensional ℝ E] in theorem ...

Note: This linter can be disabled with `set_option linter.unusedSectionVars false`
warning: Poincare/ModelLaplacian.lean:7160:16: The namespace 'RicciFlow' is duplicated in the declaration 'RicciFlow.RicciFlow.metricBilin_apply'

Note: This linter can be disabled with `set_option linter.dupNamespace false`
warning: Poincare/ModelLaplacian.lean:7165:0: automatically included section variable(s) unused in theorem `RicciFlow.RicciFlow.metricBilin_nondeg`:
  [FiniteDimensional ℝ E]
consider restructuring your `variable` declarations so that the variables are not in scope or explicitly omit them:
  omit [FiniteDimensional ℝ E] in theorem ...

Note: This linter can be disabled with `set_option linter.unusedSectionVars false`
warning: Poincare/ModelLaplacian.lean:7165:8: The namespace 'RicciFlow' is duplicated in the declaration 'RicciFlow.RicciFlow.metricBilin_nondeg'

Note: This linter can be disabled with `set_option linter.dupNamespace false`
warning: Poincare/ModelLaplacian.lean:7190:8: The namespace 'RicciFlow' is duplicated in the declaration 'RicciFlow.RicciFlow.curvedLaplacian_eq_raised_sum'

Note: This linter can be disabled with `set_option linter.dupNamespace false`
warning: Poincare/ModelLaplacian.lean:7244:8: The namespace 'RicciFlow' is duplicated in the declaration 'RicciFlow.RicciFlow.curvedLaplacian_eq_raised_hessian_sum'

Note: This linter can be disabled with `set_option linter.dupNamespace false`
warning: Poincare/ModelLaplacian.lean:7293:8: The namespace 'RicciFlow' is duplicated in the declaration 'RicciFlow.RicciFlow.hasFDerivAt_inverse_raise'

Note: This linter can be disabled with `set_option linter.dupNamespace false`
warning: Poincare/ModelLaplacian.lean:7341:0: automatically included section variable(s) unused in theorem `RicciFlow.RicciFlow.g_inverse_raise_fderiv`:
  [FiniteDimensional ℝ E]
consider restructuring your `variable` declarations so that the variables are not in scope or explicitly omit them:
  omit [FiniteDimensional ℝ E] in theorem ...

Note: This linter can be disabled with `set_option linter.unusedSectionVars false`
warning: Poincare/ModelLaplacian.lean:7341:8: The namespace 'RicciFlow' is duplicated in the declaration 'RicciFlow.RicciFlow.g_inverse_raise_fderiv'

Note: This linter can be disabled with `set_option linter.dupNamespace false`
warning: Poincare/ModelLaplacian.lean:7358:8: The namespace 'RicciFlow' is duplicated in the declaration 'RicciFlow.RicciFlow.g_inverse_raise_metric_compat'

Note: This linter can be disabled with `set_option linter.dupNamespace false`
warning: Poincare/ModelLaplacian.lean:7375:8: The namespace 'RicciFlow' is duplicated in the declaration 'RicciFlow.RicciFlow.differentiableAt_coordRicci_family'

Note: This linter can be disabled with `set_option linter.dupNamespace false`
warning: Poincare/ModelLaplacian.lean:7397:8: The namespace 'RicciFlow' is duplicated in the declaration 'RicciFlow.RicciFlow.sum_coord_eq_trace'

Note: This linter can be disabled with `set_option linter.dupNamespace false`
warning: Poincare/ModelLaplacian.lean:7406:8: The namespace 'RicciFlow' is duplicated in the declaration 'RicciFlow.RicciFlow.coordCurvatureOp_add_fst'

Note: This linter can be disabled with `set_option linter.dupNamespace false`
warning: Poincare/ModelLaplacian.lean:7420:8: The namespace 'RicciFlow' is duplicated in the declaration 'RicciFlow.RicciFlow.coordCurvatureOp_smul_fst'

Note: This linter can be disabled with `set_option linter.dupNamespace false`
warning: Poincare/ModelLaplacian.lean:7438:8: The namespace 'RicciFlow' is duplicated in the declaration 'RicciFlow.RicciFlow.coordRicci_trace_slot_cancel'

Note: This linter can be disabled with `set_option linter.dupNamespace false`
warning: Poincare/ModelLaplacian.lean:7479:8: The namespace 'RicciFlow' is duplicated in the declaration 'RicciFlow.RicciFlow.fderiv_coordRicci_eq'

Note: This linter can be disabled with `set_option linter.dupNamespace false`
warning: Poincare/ModelLaplacian.lean:7525:8: The namespace 'RicciFlow' is duplicated in the declaration 'RicciFlow.RicciFlow.covRicciDeriv_eq_tensor_deriv'

Note: This linter can be disabled with `set_option linter.dupNamespace false`
warning: Poincare/ModelLaplacian.lean:7583:8: The namespace 'RicciFlow' is duplicated in the declaration 'RicciFlow.RicciFlow.coordRicci_christoffel_correction_symm'

Note: This linter can be disabled with `set_option linter.dupNamespace false`
warning: Poincare/ModelLaplacian.lean:7623:8: The namespace 'RicciFlow' is duplicated in the declaration 'RicciFlow.RicciFlow.coordRicci_eq_sum_first_slot'

Note: This linter can be disabled with `set_option linter.dupNamespace false`
warning: Poincare/ModelLaplacian.lean:7642:8: The namespace 'RicciFlow' is duplicated in the declaration 'RicciFlow.RicciFlow.fderiv_coordRicci_first_slot_const'

Note: This linter can be disabled with `set_option linter.dupNamespace false`
warning: Poincare/ModelLaplacian.lean:7676:8: The namespace 'RicciFlow' is duplicated in the declaration 'RicciFlow.RicciFlow.fderiv_coordRicci_raised_eq'

Note: This linter can be disabled with `set_option linter.dupNamespace false`
warning: Poincare/ModelLaplacian.lean:7741:8: The namespace 'RicciFlow' is duplicated in the declaration 'RicciFlow.RicciFlow.coordRicci_inverse_raise_trace'

Note: This linter can be disabled with `set_option linter.dupNamespace false`
warning: Poincare/ModelLaplacian.lean:7854:8: The namespace 'RicciFlow' is duplicated in the declaration 'RicciFlow.RicciFlow.differentiableAt_coordRicci_raised'

Note: This linter can be disabled with `set_option linter.dupNamespace false`
warning: Poincare/ModelLaplacian.lean:7889:8: The namespace 'RicciFlow' is duplicated in the declaration 'RicciFlow.RicciFlow.scalarContractionDeriv_eq_fderiv_coordScalar'

Note: This linter can be disabled with `set_option linter.dupNamespace false`
warning: Poincare/ModelLaplacian.lean:7959:8: The namespace 'RicciFlow' is duplicated in the declaration 'RicciFlow.RicciFlow.ricciDivergence_eq_half_fderiv_scalar'

Note: This linter can be disabled with `set_option linter.dupNamespace false`
warning: Poincare/ModelLaplacian.lean:7980:8: The namespace 'RicciFlow' is duplicated in the declaration 'RicciFlow.RicciFlow.ricciDivergence_add'

Note: This linter can be disabled with `set_option linter.dupNamespace false`
warning: Poincare/ModelLaplacian.lean:7999:8: The namespace 'RicciFlow' is duplicated in the declaration 'RicciFlow.RicciFlow.ricciDivergence_smul'

Note: This linter can be disabled with `set_option linter.dupNamespace false`
warning: Poincare/ModelLaplacian.lean:8018:18: The namespace 'RicciFlow' is duplicated in the declaration 'RicciFlow.RicciFlow.ricciDivergenceForm'

Note: This linter can be disabled with `set_option linter.dupNamespace false`
warning: Poincare/ModelLaplacian.lean:8031:16: The namespace 'RicciFlow' is duplicated in the declaration 'RicciFlow.RicciFlow.ricciDivergenceForm_apply'

Note: This linter can be disabled with `set_option linter.dupNamespace false`
warning: Poincare/ModelLaplacian.lean:8044:8: The namespace 'RicciFlow' is duplicated in the declaration 'RicciFlow.RicciFlow.fderiv_coordScalar_eq_two_ricciDivergenceForm'

Note: This linter can be disabled with `set_option linter.dupNamespace false`
warning: Poincare/ModelLaplacian.lean:8081:8: The namespace 'RicciFlow' is duplicated in the declaration 'RicciFlow.RicciFlow.hamilton_scalar_evolution_of_bianchi_curved'

Note: This linter can be disabled with `set_option linter.dupNamespace false`
warning: Poincare/ModelLaplacian.lean:8138:8: The namespace 'RicciFlow' is duplicated in the declaration 'RicciFlow.RicciFlow.g_covDeltaGammaDeriv_lichnerowicz'

Note: This linter can be disabled with `set_option linter.dupNamespace false`
warning: Poincare/ModelLaplacian.lean:8172:8: The namespace 'RicciFlow' is duplicated in the declaration 'RicciFlow.RicciFlow.differentiableAt_covTensor2Deriv_family'

Note: This linter can be disabled with `set_option linter.dupNamespace false`
warning: Poincare/ModelLaplacian.lean:8210:8: The namespace 'RicciFlow' is duplicated in the declaration 'RicciFlow.RicciFlow.covTensor2Deriv_const_eq_zero'

Note: This linter can be disabled with `set_option linter.dupNamespace false`
warning: Poincare/ModelLaplacian.lean:8220:18: The namespace 'RicciFlow' is duplicated in the declaration 'RicciFlow.RicciFlow.covTensor2SndDeriv'

Note: This linter can be disabled with `set_option linter.dupNamespace false`
warning: Poincare/ModelLaplacian.lean:8228:8: The namespace 'RicciFlow' is duplicated in the declaration 'RicciFlow.RicciFlow.covTensor2SndDeriv_const_eq_zero'

Note: This linter can be disabled with `set_option linter.dupNamespace false`
warning: Poincare/ModelLaplacian.lean:8252:8: The namespace 'RicciFlow' is duplicated in the declaration 'RicciFlow.RicciFlow.fderiv_covTensor2Deriv_eq'

Note: This linter can be disabled with `set_option linter.dupNamespace false`
warning: Poincare/ModelLaplacian.lean:8275:8: The namespace 'RicciFlow' is duplicated in the declaration 'RicciFlow.RicciFlow.fderiv_lichnerowicz_sum'

Note: This linter can be disabled with `set_option linter.dupNamespace false`
warning: Poincare/ModelLaplacian.lean:8316:8: The namespace 'RicciFlow' is duplicated in the declaration 'RicciFlow.RicciFlow.g_covDeltaGammaDeriv_fderiv_form'

Note: This linter can be disabled with `set_option linter.dupNamespace false`
warning: Poincare/ModelLaplacian.lean:8355:8: The namespace 'RicciFlow' is duplicated in the declaration 'RicciFlow.RicciFlow.g_covDeltaGammaDeriv_sndDeriv_form'

Note: This linter can be disabled with `set_option linter.dupNamespace false`
warning: Poincare/ModelLaplacian.lean:8403:8: The namespace 'RicciFlow' is duplicated in the declaration 'RicciFlow.RicciFlow.coordRicciForm_metric_trace'

Note: This linter can be disabled with `set_option linter.dupNamespace false`
warning: Poincare/ModelLaplacian.lean:8433:8: The namespace 'RicciFlow' is duplicated in the declaration 'RicciFlow.RicciFlow.metricTrace_smul_coordRicciForm'

Note: This linter can be disabled with `set_option linter.dupNamespace false`
warning: Poincare/ModelLaplacian.lean:8463:18: The namespace 'RicciFlow' is duplicated in the declaration 'RicciFlow.RicciFlow.covTensor1Deriv'

Note: This linter can be disabled with `set_option linter.dupNamespace false`
warning: Poincare/ModelLaplacian.lean:8468:8: The namespace 'RicciFlow' is duplicated in the declaration 'RicciFlow.RicciFlow.covTensor1Deriv_const_eq_zero'

Note: This linter can be disabled with `set_option linter.dupNamespace false`
warning: Poincare/ModelLaplacian.lean:8475:8: The namespace 'RicciFlow' is duplicated in the declaration 'RicciFlow.RicciFlow.covTensor1Deriv_add_test'

Note: This linter can be disabled with `set_option linter.dupNamespace false`
warning: Poincare/ModelLaplacian.lean:8497:8: The namespace 'RicciFlow' is duplicated in the declaration 'RicciFlow.RicciFlow.covTensor1Deriv_fderiv_eq_covariantHessian'

Note: This linter can be disabled with `set_option linter.dupNamespace false`
warning: Poincare/ModelLaplacian.lean:8523:8: The namespace 'RicciFlow' is duplicated in the declaration 'RicciFlow.RicciFlow.metricTrace_covTensor1Deriv_fderiv'

Note: This linter can be disabled with `set_option linter.dupNamespace false`
warning: Poincare/ModelLaplacian.lean:8548:8: The namespace 'RicciFlow' is duplicated in the declaration 'RicciFlow.RicciFlow.covTensor1Deriv_smul'

Note: This linter can be disabled with `set_option linter.dupNamespace false`
warning: Poincare/ModelLaplacian.lean:8572:8: The namespace 'RicciFlow' is duplicated in the declaration 'RicciFlow.RicciFlow.metricTrace_covTensor1Deriv_half_grad'

Note: This linter can be disabled with `set_option linter.dupNamespace false`
warning: Poincare/ModelLaplacian.lean:8605:8: The namespace 'RicciFlow' is duplicated in the declaration 'RicciFlow.RicciFlow.deltaGammaDivergence_eq_g_pairing'

Note: This linter can be disabled with `set_option linter.dupNamespace false`
warning: Poincare/ModelLaplacian.lean:8621:8: The namespace 'RicciFlow' is duplicated in the declaration 'RicciFlow.RicciFlow.deltaGammaContractionDeriv_eq_g_pairing'

Note: This linter can be disabled with `set_option linter.dupNamespace false`
warning: Poincare/ModelLaplacian.lean:8647:8: The namespace 'RicciFlow' is duplicated in the declaration 'RicciFlow.RicciFlow.covTensor2Deriv_symm'

Note: This linter can be disabled with `set_option linter.dupNamespace false`
warning: Poincare/ModelLaplacian.lean:8684:11: unused variable `x`

Note: This linter can be disabled with `set_option linter.unusedVariables false`
warning: Poincare/ModelLaplacian.lean:8683:8: The namespace 'RicciFlow' is duplicated in the declaration 'RicciFlow.RicciFlow.curvedLaplacian_add_const'

Note: This linter can be disabled with `set_option linter.dupNamespace false`
warning: Poincare/ModelLaplacian.lean:8731:2: `push_neg` has been deprecated. Prefer using `push Not` instead.
If you'd rather continue using `push_neg` in your project, you can implement it as follows:
```
open Lean.Parser.Tactic in
macro "push_neg" cfg:optConfig loc:(location)? : tactic =>
  `(tactic| push $cfg:optConfig Not $[$loc]?)
```
warning: Poincare/ModelLaplacian.lean:8712:11: unused variable `x`

Note: This linter can be disabled with `set_option linter.unusedVariables false`
warning: Poincare/ModelLaplacian.lean:8781:6: Try this: intro s hs y hy hminv
warning: Poincare/ModelLaplacian.lean:8710:8: The namespace 'RicciFlow' is duplicated in the declaration 'RicciFlow.RicciFlow.curved_parabolic_min_principle'

Note: This linter can be disabled with `set_option linter.dupNamespace false`
warning: Poincare/ModelLaplacian.lean:8838:2: `push_neg` has been deprecated. Prefer using `push Not` instead.
If you'd rather continue using `push_neg` in your project, you can implement it as follows:
```
open Lean.Parser.Tactic in
macro "push_neg" cfg:optConfig loc:(location)? : tactic =>
  `(tactic| push $cfg:optConfig Not $[$loc]?)
```
warning: Poincare/ModelLaplacian.lean:8871:4: `push_neg` has been deprecated. Prefer using `push Not` instead.
If you'd rather continue using `push_neg` in your project, you can implement it as follows:
```
open Lean.Parser.Tactic in
macro "push_neg" cfg:optConfig loc:(location)? : tactic =>
  `(tactic| push $cfg:optConfig Not $[$loc]?)
```
warning: Poincare/ModelLaplacian.lean:8892:6: `push_neg` has been deprecated. Prefer using `push Not` instead.
If you'd rather continue using `push_neg` in your project, you can implement it as follows:
```
open Lean.Parser.Tactic in
macro "push_neg" cfg:optConfig loc:(location)? : tactic =>
  `(tactic| push $cfg:optConfig Not $[$loc]?)
```
warning: Poincare/ModelLaplacian.lean:8821:11: unused variable `x`

Note: This linter can be disabled with `set_option linter.unusedVariables false`
warning: Poincare/ModelLaplacian.lean:8819:8: The namespace 'RicciFlow' is duplicated in the declaration 'RicciFlow.RicciFlow.curved_parabolic_min_principle_strict_var'

Note: This linter can be disabled with `set_option linter.dupNamespace false`
warning: Poincare/ModelLaplacian.lean:8943:2: `push_neg` has been deprecated. Prefer using `push Not` instead.
If you'd rather continue using `push_neg` in your project, you can implement it as follows:
```
open Lean.Parser.Tactic in
macro "push_neg" cfg:optConfig loc:(location)? : tactic =>
  `(tactic| push $cfg:optConfig Not $[$loc]?)
```
warning: Poincare/ModelLaplacian.lean:8924:11: unused variable `x`

Note: This linter can be disabled with `set_option linter.unusedVariables false`
warning: Poincare/ModelLaplacian.lean:8988:6: Try this: intro s hs y hy hminv
warning: Poincare/ModelLaplacian.lean:8922:8: The namespace 'RicciFlow' is duplicated in the declaration 'RicciFlow.RicciFlow.curved_parabolic_min_principle_var'

Note: This linter can be disabled with `set_option linter.dupNamespace false`
warning: Poincare/ModelLaplacian.lean:9026:11: unused variable `x`

Note: This linter can be disabled with `set_option linter.unusedVariables false`
warning: Poincare/ModelLaplacian.lean:9024:8: The namespace 'RicciFlow' is duplicated in the declaration 'RicciFlow.RicciFlow.curved_hamilton_scalar_lower_bound'

Note: This linter can be disabled with `set_option linter.dupNamespace false`
warning: Poincare/ModelLaplacian.lean:9204:2: `push_neg` has been deprecated. Prefer using `push Not` instead.
If you'd rather continue using `push_neg` in your project, you can implement it as follows:
```
open Lean.Parser.Tactic in
macro "push_neg" cfg:optConfig loc:(location)? : tactic =>
  `(tactic| push $cfg:optConfig Not $[$loc]?)
```
warning: Poincare/ModelLaplacian.lean:9185:11: unused variable `x`

Note: This linter can be disabled with `set_option linter.unusedVariables false`
warning: Poincare/ModelLaplacian.lean:9191:33: unused variable `hT0`

Note: This linter can be disabled with `set_option linter.unusedVariables false`
warning: Poincare/ModelLaplacian.lean:9183:8: The namespace 'RicciFlow' is duplicated in the declaration 'RicciFlow.RicciFlow.curved_hamilton_finite_time_singularity'

Note: This linter can be disabled with `set_option linter.dupNamespace false`
warning: Poincare/ModelLaplacian.lean:9273:12: unused variable `x`

Note: This linter can be disabled with `set_option linter.unusedVariables false`
warning: Poincare/ModelLaplacian.lean:9271:8: The namespace 'RicciFlow' is duplicated in the declaration 'RicciFlow.RicciFlow.curved_hamilton_singularity_of_evolution_eq'

Note: This linter can be disabled with `set_option linter.dupNamespace false`
warning: Poincare/ModelLaplacian.lean:9360:2: `push_neg` has been deprecated. Prefer using `push Not` instead.
If you'd rather continue using `push_neg` in your project, you can implement it as follows:
```
open Lean.Parser.Tactic in
macro "push_neg" cfg:optConfig loc:(location)? : tactic =>
  `(tactic| push $cfg:optConfig Not $[$loc]?)
```
warning: Poincare/ModelLaplacian.lean:9393:4: `push_neg` has been deprecated. Prefer using `push Not` instead.
If you'd rather continue using `push_neg` in your project, you can implement it as follows:
```
open Lean.Parser.Tactic in
macro "push_neg" cfg:optConfig loc:(location)? : tactic =>
  `(tactic| push $cfg:optConfig Not $[$loc]?)
```
warning: Poincare/ModelLaplacian.lean:9414:6: `push_neg` has been deprecated. Prefer using `push Not` instead.
If you'd rather continue using `push_neg` in your project, you can implement it as follows:
```
open Lean.Parser.Tactic in
macro "push_neg" cfg:optConfig loc:(location)? : tactic =>
  `(tactic| push $cfg:optConfig Not $[$loc]?)
```
warning: Poincare/ModelLaplacian.lean:9342:17: unused variable `x`

Note: This linter can be disabled with `set_option linter.unusedVariables false`
warning: Poincare/ModelLaplacian.lean:9340:8: The namespace 'RicciFlow' is duplicated in the declaration 'RicciFlow.RicciFlow.curved_parabolic_min_principle_strict_var_tv'

Note: This linter can be disabled with `set_option linter.dupNamespace false`
warning: Poincare/ModelLaplacian.lean:9466:2: `push_neg` has been deprecated. Prefer using `push Not` instead.
If you'd rather continue using `push_neg` in your project, you can implement it as follows:
```
open Lean.Parser.Tactic in
macro "push_neg" cfg:optConfig loc:(location)? : tactic =>
  `(tactic| push $cfg:optConfig Not $[$loc]?)
```
warning: Poincare/ModelLaplacian.lean:9446:17: unused variable `x`

Note: This linter can be disabled with `set_option linter.unusedVariables false`
warning: Poincare/ModelLaplacian.lean:9512:6: Try this: intro s hs y hy hminv
warning: Poincare/ModelLaplacian.lean:9444:8: The namespace 'RicciFlow' is duplicated in the declaration 'RicciFlow.RicciFlow.curved_parabolic_min_principle_var_tv'

Note: This linter can be disabled with `set_option linter.dupNamespace false`
warning: Poincare/ModelLaplacian.lean:9549:17: unused variable `x`

Note: This linter can be disabled with `set_option linter.unusedVariables false`
warning: Poincare/ModelLaplacian.lean:9547:8: The namespace 'RicciFlow' is duplicated in the declaration 'RicciFlow.RicciFlow.curved_hamilton_scalar_lower_bound_tv'

Note: This linter can be disabled with `set_option linter.dupNamespace false`
warning: Poincare/ModelLaplacian.lean:9731:2: `push_neg` has been deprecated. Prefer using `push Not` instead.
If you'd rather continue using `push_neg` in your project, you can implement it as follows:
```
open Lean.Parser.Tactic in
macro "push_neg" cfg:optConfig loc:(location)? : tactic =>
  `(tactic| push $cfg:optConfig Not $[$loc]?)
```
warning: Poincare/ModelLaplacian.lean:9711:17: unused variable `x`

Note: This linter can be disabled with `set_option linter.unusedVariables false`
warning: Poincare/ModelLaplacian.lean:9717:33: unused variable `hT0`

Note: This linter can be disabled with `set_option linter.unusedVariables false`
warning: Poincare/ModelLaplacian.lean:9709:8: The namespace 'RicciFlow' is duplicated in the declaration 'RicciFlow.RicciFlow.curved_hamilton_finite_time_singularity_tv'

Note: This linter can be disabled with `set_option linter.dupNamespace false`
warning: Poincare/ModelLaplacian.lean:9799:17: unused variable `x`

Note: This linter can be disabled with `set_option linter.unusedVariables false`
warning: Poincare/ModelLaplacian.lean:9797:8: The namespace 'RicciFlow' is duplicated in the declaration 'RicciFlow.RicciFlow.curved_hamilton_singularity_of_evolution_eq_tv'

Note: This linter can be disabled with `set_option linter.dupNamespace false`
warning: Poincare/ModelLaplacian.lean:9862:0: automatically included section variable(s) unused in theorem `RicciFlow.RicciFlow.metricBilin_isSymm`:
  [FiniteDimensional ℝ E]
consider restructuring your `variable` declarations so that the variables are not in scope or explicitly omit them:
  omit [FiniteDimensional ℝ E] in theorem ...

Note: This linter can be disabled with `set_option linter.unusedSectionVars false`
warning: Poincare/ModelLaplacian.lean:9862:8: The namespace 'RicciFlow' is duplicated in the declaration 'RicciFlow.RicciFlow.metricBilin_isSymm'

Note: This linter can be disabled with `set_option linter.dupNamespace false`
warning: Poincare/ModelLaplacian.lean:9888:8: The namespace 'RicciFlow' is duplicated in the declaration 'RicciFlow.RicciFlow.curved_hamilton_ricci_flow_singularity'

Note: This linter can be disabled with `set_option linter.dupNamespace false`
warning: Poincare/ModelLaplacian.lean:9985:8: The namespace 'RicciFlow' is duplicated in the declaration 'RicciFlow.RicciFlow.deltaGamma_firstSlot_pairing_sum'

Note: This linter can be disabled with `set_option linter.dupNamespace false`
warning: Poincare/ModelLaplacian.lean:10023:8: The namespace 'RicciFlow' is duplicated in the declaration 'RicciFlow.RicciFlow.covTensor2Deriv_trace_swap'

Note: This linter can be disabled with `set_option linter.dupNamespace false`
warning: Poincare/ModelLaplacian.lean:10069:8: The namespace 'RicciFlow' is duplicated in the declaration 'RicciFlow.RicciFlow.deltaGamma_firstSlot_trace_eq'

Note: This linter can be disabled with `set_option linter.dupNamespace false`
warning: Poincare/ModelLaplacian.lean:10105:8: The namespace 'RicciFlow' is duplicated in the declaration 'RicciFlow.RicciFlow.deltaGamma_trace_slot_cancel'

Note: This linter can be disabled with `set_option linter.dupNamespace false`
warning: Poincare/ModelLaplacian.lean:10161:8: The namespace 'RicciFlow' is duplicated in the declaration 'RicciFlow.RicciFlow.deltaGammaContractionDeriv_slot_cancelled'

Note: This linter can be disabled with `set_option linter.dupNamespace false`
warning: Poincare/ModelLaplacian.lean:10200:18: The namespace 'RicciFlow' is duplicated in the declaration 'RicciFlow.RicciFlow.deltaGammaTraceForm'

Note: This linter can be disabled with `set_option linter.dupNamespace false`
warning: Poincare/ModelLaplacian.lean:10206:8: The namespace 'RicciFlow' is duplicated in the declaration 'RicciFlow.RicciFlow.deltaGammaTraceForm_apply'

Note: This linter can be disabled with `set_option linter.dupNamespace false`
warning: Poincare/ModelLaplacian.lean:10229:8: The namespace 'RicciFlow' is duplicated in the declaration 'RicciFlow.RicciFlow.fderiv_deltaGammaTraceForm_apply_eq'

Note: This linter can be disabled with `set_option linter.dupNamespace false`
warning: Poincare/ModelLaplacian.lean:10284:8: The namespace 'RicciFlow' is duplicated in the declaration 'RicciFlow.RicciFlow.deltaGammaTraceForm_differentiableAt'

Note: This linter can be disabled with `set_option linter.dupNamespace false`
warning: Poincare/ModelLaplacian.lean:10310:8: The namespace 'RicciFlow' is duplicated in the declaration 'RicciFlow.RicciFlow.deltaGammaContractionDeriv_eq_covTensor1Deriv'

Note: This linter can be disabled with `set_option linter.dupNamespace false`
warning: Poincare/ModelLaplacian.lean:10345:8: The namespace 'RicciFlow' is duplicated in the declaration 'RicciFlow.RicciFlow.deltaGammaContractionDerivTrace_eq_div'

Note: This linter can be disabled with `set_option linter.dupNamespace false`
warning: Poincare/ModelLaplacian.lean:10376:8: The namespace 'RicciFlow' is duplicated in the declaration 'RicciFlow.RicciFlow.deltaGammaTraceForm_apply_eq_half_covTensor2'

Note: This linter can be disabled with `set_option linter.dupNamespace false`
warning: Poincare/ModelLaplacian.lean:10407:8: The namespace 'RicciFlow' is duplicated in the declaration 'RicciFlow.RicciFlow.metricTrace_coordRicciForm_eq_coordScalar'

Note: This linter can be disabled with `set_option linter.dupNamespace false`
warning: Poincare/ModelLaplacian.lean:10433:8: The namespace 'RicciFlow' is duplicated in the declaration 'RicciFlow.RicciFlow.tensor_eq_sum_first_slot'

Note: This linter can be disabled with `set_option linter.dupNamespace false`
warning: Poincare/ModelLaplacian.lean:10455:18: The namespace 'RicciFlow' is duplicated in the declaration 'RicciFlow.RicciFlow.tensorMetricTrace'

Note: This linter can be disabled with `set_option linter.dupNamespace false`
warning: Poincare/ModelLaplacian.lean:10465:8: The namespace 'RicciFlow' is duplicated in the declaration 'RicciFlow.RicciFlow.differentiableAt_tensorMetricTrace'

Note: This linter can be disabled with `set_option linter.dupNamespace false`
warning: Poincare/ModelLaplacian.lean:10488:0: automatically included section variable(s) unused in theorem `RicciFlow.RicciFlow.differentiableAt_H_family`:
  [FiniteDimensional ℝ E]
consider restructuring your `variable` declarations so that the variables are not in scope or explicitly omit them:
  omit [FiniteDimensional ℝ E] in theorem ...

Note: This linter can be disabled with `set_option linter.unusedSectionVars false`
warning: Poincare/ModelLaplacian.lean:10488:8: The namespace 'RicciFlow' is duplicated in the declaration 'RicciFlow.RicciFlow.differentiableAt_H_family'

Note: This linter can be disabled with `set_option linter.dupNamespace false`
warning: Poincare/ModelLaplacian.lean:10495:8: The namespace 'RicciFlow' is duplicated in the declaration 'RicciFlow.RicciFlow.differentiableAt_H_raised'

Note: This linter can be disabled with `set_option linter.dupNamespace false`
warning: Poincare/ModelLaplacian.lean:10518:8: The namespace 'RicciFlow' is duplicated in the declaration 'RicciFlow.RicciFlow.fderiv_H_first_slot_const'

Note: This linter can be disabled with `set_option linter.dupNamespace false`
warning: Poincare/ModelLaplacian.lean:10539:8: The namespace 'RicciFlow' is duplicated in the declaration 'RicciFlow.RicciFlow.fderiv_H_raised_eq'

Note: This linter can be disabled with `set_option linter.dupNamespace false`
warning: Poincare/ModelLaplacian.lean:10622:59: This simp argument is unused:
  RingHom.id_apply

Hint: Omit it from the simp argument list.
  simp only [map_smul, ContinuousLinearMap.smul_apply,̵ ̵R̵i̵n̵g̵H̵o̵m̵.̵i̵d̵_̵a̵p̵p̵l̵y̵]

Note: This linter can be disabled with `set_option linter.unusedSimpArgs false`
warning: Poincare/ModelLaplacian.lean:10623:42: This simp argument is unused:
  ContinuousLinearMap.add_apply

Hint: Omit it from the simp argument list.
  simp only [map_add,̵ ̵C̵o̵n̵t̵i̵n̵u̵o̵u̵s̵L̵i̵n̵e̵a̵r̵M̵a̵p̵.̵a̵d̵d̵_̵a̵p̵p̵l̵y̵]

Note: This linter can be disabled with `set_option linter.unusedSimpArgs false`
warning: Poincare/ModelLaplacian.lean:10625:27: This simp argument is unused:
  ContinuousLinearMap.smul_apply

Hint: Omit it from the simp argument list.
  simp only [map_smul, C̵o̵n̵t̵i̵n̵u̵o̵u̵s̵L̵i̵n̵e̵a̵r̵M̵a̵p̵.̵s̵m̵u̵l̵_̵a̵p̵p̵l̵y̵,̵ ̵RingHom.id_apply]

Note: This linter can be disabled with `set_option linter.unusedSimpArgs false`
warning: Poincare/ModelLaplacian.lean:10625:59: This simp argument is unused:
  RingHom.id_apply

Hint: Omit it from the simp argument list.
  simp only [map_smul, ContinuousLinearMap.smul_apply,̵ ̵R̵i̵n̵g̵H̵o̵m̵.̵i̵d̵_̵a̵p̵p̵l̵y̵]

Note: This linter can be disabled with `set_option linter.unusedSimpArgs false`
warning: Poincare/ModelLaplacian.lean:10603:8: The namespace 'RicciFlow' is duplicated in the declaration 'RicciFlow.RicciFlow.H_christoffel_correction_symm'

Note: This linter can be disabled with `set_option linter.dupNamespace false`
warning: Poincare/ModelLaplacian.lean:10653:8: The namespace 'RicciFlow' is duplicated in the declaration 'RicciFlow.RicciFlow.H_inverse_raise_trace'

Note: This linter can be disabled with `set_option linter.dupNamespace false`
warning: Poincare/ModelLaplacian.lean:10771:8: The namespace 'RicciFlow' is duplicated in the declaration 'RicciFlow.RicciFlow.fderiv_tensorMetricTrace_eq_first_slot'

Note: This linter can be disabled with `set_option linter.dupNamespace false`
warning: Poincare/ModelLaplacian.lean:10853:8: The namespace 'RicciFlow' is duplicated in the declaration 'RicciFlow.RicciFlow.fderiv_tensorMetricTrace_eq'

Note: This linter can be disabled with `set_option linter.dupNamespace false`
warning: Poincare/ModelLaplacian.lean:10894:8: The namespace 'RicciFlow' is duplicated in the declaration 'RicciFlow.RicciFlow.deltaGammaTraceForm_eq_half_fderiv_tensorMetricTrace'

Note: This linter can be disabled with `set_option linter.dupNamespace false`
warning: Poincare/ModelLaplacian.lean:10920:8: The namespace 'RicciFlow' is duplicated in the declaration 'RicciFlow.RicciFlow.deltaGammaTraceForm_eq_half_smul_fderiv_field'

Note: This linter can be disabled with `set_option linter.dupNamespace false`
warning: Poincare/ModelLaplacian.lean:10948:8: The namespace 'RicciFlow' is duplicated in the declaration 'RicciFlow.RicciFlow.deltaGammaContractionDerivTrace_eq_half_curvedLaplacian'

Note: This linter can be disabled with `set_option linter.dupNamespace false`
warning: Poincare/ModelLaplacian.lean:10985:8: The namespace 'RicciFlow' is duplicated in the declaration 'RicciFlow.RicciFlow.covDeltaGammaDeriv_symm'

Note: This linter can be disabled with `set_option linter.dupNamespace false`
warning: Poincare/ModelLaplacian.lean:11032:8: The namespace 'RicciFlow' is duplicated in the declaration 'RicciFlow.RicciFlow.deltaGammaDivergence_symm'

Note: This linter can be disabled with `set_option linter.dupNamespace false`
warning: Poincare/ModelLaplacian.lean:11070:8: The namespace 'RicciFlow' is duplicated in the declaration 'RicciFlow.RicciFlow.ricciDeriv_raised_trace_eq_divTrace_sub_half_curvedLaplacian'

Note: This linter can be disabled with `set_option linter.dupNamespace false`
warning: Poincare/ModelLaplacian.lean:11116:8: The namespace 'RicciFlow' is duplicated in the declaration 'RicciFlow.RicciFlow.ricciDeriv_raised_trace_eq_divTrace_sub_half_smul'

Note: This linter can be disabled with `set_option linter.dupNamespace false`
warning: Poincare/ModelLaplacian.lean:11162:8: The namespace 'RicciFlow' is duplicated in the declaration 'RicciFlow.RicciFlow.deltaGammaDivergenceTrace_eq_double_g_pairing'

Note: This linter can be disabled with `set_option linter.dupNamespace false`
warning: Poincare/ModelLaplacian.lean:11185:8: The namespace 'RicciFlow' is duplicated in the declaration 'RicciFlow.RicciFlow.deltaGammaContractionDerivTrace_eq_double_g_pairing'

Note: This linter can be disabled with `set_option linter.dupNamespace false`
warning: Poincare/ModelLaplacian.lean:11210:8: The namespace 'RicciFlow' is duplicated in the declaration 'RicciFlow.RicciFlow.deltaGammaDivergenceTrace_eq_fderiv_form'

Note: This linter can be disabled with `set_option linter.dupNamespace false`
warning: Poincare/ModelLaplacian.lean:11258:8: The namespace 'RicciFlow' is duplicated in the declaration 'RicciFlow.RicciFlow.deltaGammaContractionDerivTrace_eq_fderiv_form'

Note: This linter can be disabled with `set_option linter.dupNamespace false`
warning: Poincare/ModelLaplacian.lean:11317:18: The namespace 'RicciFlow' is duplicated in the declaration 'RicciFlow.RicciFlow.tensorDivOneForm'

Note: This linter can be disabled with `set_option linter.dupNamespace false`
warning: Poincare/ModelLaplacian.lean:11332:8: The namespace 'RicciFlow' is duplicated in the declaration 'RicciFlow.RicciFlow.tensorDivOneForm_eq_first_slot_raised'

Note: This linter can be disabled with `set_option linter.dupNamespace false`
warning: Poincare/ModelLaplacian.lean:11368:8: The namespace 'RicciFlow' is duplicated in the declaration 'RicciFlow.RicciFlow.deltaGamma_innerTrace_eq'

Note: This linter can be disabled with `set_option linter.dupNamespace false`
warning: Poincare/ModelLaplacian.lean:11425:8: The namespace 'RicciFlow' is duplicated in the declaration 'RicciFlow.RicciFlow.tensorDivOneForm_add'

Note: This linter can be disabled with `set_option linter.dupNamespace false`
warning: Poincare/ModelLaplacian.lean:11434:8: The namespace 'RicciFlow' is duplicated in the declaration 'RicciFlow.RicciFlow.tensorDivOneForm_smul'

Note: This linter can be disabled with `set_option linter.dupNamespace false`
warning: Poincare/ModelLaplacian.lean:11445:18: The namespace 'RicciFlow' is duplicated in the declaration 'RicciFlow.RicciFlow.tensorDivCLM'

Note: This linter can be disabled with `set_option linter.dupNamespace false`
warning: Poincare/ModelLaplacian.lean:11455:8: The namespace 'RicciFlow' is duplicated in the declaration 'RicciFlow.RicciFlow.tensorDivCLM_apply'

Note: This linter can be disabled with `set_option linter.dupNamespace false`
warning: Poincare/ModelLaplacian.lean:11474:18: The namespace 'RicciFlow' is duplicated in the declaration 'RicciFlow.RicciFlow.tensorDoubleDivergence'

Note: This linter can be disabled with `set_option linter.dupNamespace false`
warning: Poincare/ModelLaplacian.lean:11481:8: The namespace 'RicciFlow' is duplicated in the declaration 'RicciFlow.RicciFlow.tensorDoubleDivergence_eq'

Note: This linter can be disabled with `set_option linter.dupNamespace false`
warning: Poincare/ModelLaplacian.lean:11509:44: This simp argument is unused:
  Pi.sub_apply

Hint: Omit it from the simp argument list.
  simp only [ContinuousLinearMap.sub_apply,̵ ̵P̵i̵.̵s̵u̵b̵_̵a̵p̵p̵l̵y̵]

Note: This linter can be disabled with `set_option linter.unusedSimpArgs false`
warning: Poincare/ModelLaplacian.lean:11501:8: The namespace 'RicciFlow' is duplicated in the declaration 'RicciFlow.RicciFlow.covTensor1Deriv_sub'

Note: This linter can be disabled with `set_option linter.dupNamespace false`
warning: Poincare/ModelLaplacian.lean:11529:8: The namespace 'RicciFlow' is duplicated in the declaration 'RicciFlow.RicciFlow.divergence_innerTrace_field_eq'

Note: This linter can be disabled with `set_option linter.dupNamespace false`
warning: Poincare/ModelLaplacian.lean:11576:8: The namespace 'RicciFlow' is duplicated in the declaration 'RicciFlow.RicciFlow.ricciDeriv_raised_trace_eq_doubleDiv_sub_curvedLaplacian'

Note: This linter can be disabled with `set_option linter.dupNamespace false`
warning: Poincare/ModelLaplacian.lean:11619:18: The namespace 'RicciFlow' is duplicated in the declaration 'RicciFlow.RicciFlow.deltaGammaInnerTraceCLM'

Note: This linter can be disabled with `set_option linter.dupNamespace false`
warning: Poincare/ModelLaplacian.lean:11633:8: The namespace 'RicciFlow' is duplicated in the declaration 'RicciFlow.RicciFlow.deltaGammaInnerTraceCLM_apply'

Note: This linter can be disabled with `set_option linter.dupNamespace false`
warning: Poincare/ModelLaplacian.lean:11644:8: The namespace 'RicciFlow' is duplicated in the declaration 'RicciFlow.RicciFlow.deltaGammaInnerTraceCLM_eq'

Note: This linter can be disabled with `set_option linter.dupNamespace false`
warning: Poincare/ModelLaplacian.lean:11675:8: The namespace 'RicciFlow' is duplicated in the declaration 'RicciFlow.RicciFlow.divergence_deltaGammaInnerTraceCLM_eq'

Note: This linter can be disabled with `set_option linter.dupNamespace false`
warning: Poincare/ModelLaplacian.lean:11713:8: The namespace 'RicciFlow' is duplicated in the declaration 'RicciFlow.RicciFlow.divergence_deltaGammaInnerTraceCLM_unfold'

Note: This linter can be disabled with `set_option linter.dupNamespace false`
warning: Poincare/ModelLaplacian.lean:11749:8: The namespace 'RicciFlow' is duplicated in the declaration 'RicciFlow.RicciFlow.differentiableAt_inverse_raise'

Note: This linter can be disabled with `set_option linter.dupNamespace false`
warning: Poincare/ModelLaplacian.lean:11772:8: The namespace 'RicciFlow' is duplicated in the declaration 'RicciFlow.RicciFlow.differentiableAt_christoffelClosedOp_dir'

Note: This linter can be disabled with `set_option linter.dupNamespace false`
warning: Poincare/ModelLaplacian.lean:11802:8: The namespace 'RicciFlow' is duplicated in the declaration 'RicciFlow.RicciFlow.differentiableAt_covTensor2Deriv_dir'

Note: This linter can be disabled with `set_option linter.dupNamespace false`
warning: Poincare/ModelLaplacian.lean:11844:8: The namespace 'RicciFlow' is duplicated in the declaration 'RicciFlow.RicciFlow.differentiableAt_tensorDivOneForm'

Note: This linter can be disabled with `set_option linter.dupNamespace false`
warning: Poincare/ModelLaplacian.lean:11877:8: The namespace 'RicciFlow' is duplicated in the declaration 'RicciFlow.RicciFlow.differentiableAt_clm_dual_of_apply'

Note: This linter can be disabled with `set_option linter.dupNamespace false`
warning: Poincare/ModelLaplacian.lean:11914:8: The namespace 'RicciFlow' is duplicated in the declaration 'RicciFlow.RicciFlow.differentiableAt_tensorDivCLM'

Note: This linter can be disabled with `set_option linter.dupNamespace false`
warning: Poincare/ModelLaplacian.lean:11949:8: The namespace 'RicciFlow' is duplicated in the declaration 'RicciFlow.RicciFlow.differentiableAt_deltaGammaInnerTraceCLM'

Note: This linter can be disabled with `set_option linter.dupNamespace false`
warning: Poincare/ModelLaplacian.lean:11994:8: The namespace 'RicciFlow' is duplicated in the declaration 'RicciFlow.RicciFlow.fderiv_deltaGammaInnerTraceCLM_apply'

Note: This linter can be disabled with `set_option linter.dupNamespace false`
warning: Poincare/ModelLaplacian.lean:12022:8: The namespace 'RicciFlow' is duplicated in the declaration 'RicciFlow.RicciFlow.divergence_deltaGammaInnerTraceCLM_eq''

Note: This linter can be disabled with `set_option linter.dupNamespace false`
warning: Poincare/ModelLaplacian.lean:12059:8: The namespace 'RicciFlow' is duplicated in the declaration 'RicciFlow.RicciFlow.fderiv_deltaGamma_raised_vector'

Note: This linter can be disabled with `set_option linter.dupNamespace false`
warning: Poincare/ModelLaplacian.lean:12092:8: The namespace 'RicciFlow' is duplicated in the declaration 'RicciFlow.RicciFlow.fderiv_g_deltaGamma_summand'

Note: This linter can be disabled with `set_option linter.dupNamespace false`
warning: Poincare/ModelLaplacian.lean:12133:8: The namespace 'RicciFlow' is duplicated in the declaration 'RicciFlow.RicciFlow.fderiv_g_deltaGamma_summand_expand'

Note: This linter can be disabled with `set_option linter.dupNamespace false`
warning: Poincare/ModelLaplacian.lean:12166:8: The namespace 'RicciFlow' is duplicated in the declaration 'RicciFlow.RicciFlow.fderiv_deltaGammaInnerTrace_summed'

Note: This linter can be disabled with `set_option linter.dupNamespace false`
warning: Poincare/ModelLaplacian.lean:12223:8: The namespace 'RicciFlow' is duplicated in the declaration 'RicciFlow.RicciFlow.fderiv_inverse_raise_apply'

Note: This linter can be disabled with `set_option linter.dupNamespace false`
warning: Poincare/ModelLaplacian.lean:12250:8: The namespace 'RicciFlow' is duplicated in the declaration 'RicciFlow.RicciFlow.fderiv_g_deltaGamma_summand_christoffel'

Note: This linter can be disabled with `set_option linter.dupNamespace false`
warning: Poincare/ModelLaplacian.lean:12287:8: The namespace 'RicciFlow' is duplicated in the declaration 'RicciFlow.RicciFlow.g_covDeltaGammaDeriv_raised_form'

Note: This linter can be disabled with `set_option linter.dupNamespace false`
warning: Poincare/ModelLaplacian.lean:12319:8: The namespace 'RicciFlow' is duplicated in the declaration 'RicciFlow.RicciFlow.fderiv_g_deltaGamma_summand_as_covDeltaGamma'

Note: This linter can be disabled with `set_option linter.dupNamespace false`
warning: Poincare/ModelLaplacian.lean:12356:8: The namespace 'RicciFlow' is duplicated in the declaration 'RicciFlow.RicciFlow.fderiv_deltaGammaInnerTrace_summed_covDeltaGamma'

Note: This linter can be disabled with `set_option linter.dupNamespace false`
warning: Poincare/ModelLaplacian.lean:12425:8: The namespace 'RicciFlow' is duplicated in the declaration 'RicciFlow.RicciFlow.divergence_deltaGammaInnerTraceCLM_covDeltaGamma_form'

Note: This linter can be disabled with `set_option linter.dupNamespace false`
warning: Poincare/ModelLaplacian.lean:12489:8: The namespace 'RicciFlow' is duplicated in the declaration 'RicciFlow.RicciFlow.g_covDeltaGammaDeriv_distrib'

Note: This linter can be disabled with `set_option linter.dupNamespace false`
warning: Poincare/ModelLaplacian.lean:12516:8: The namespace 'RicciFlow' is duplicated in the declaration 'RicciFlow.RicciFlow.divergence_deltaGammaInnerTraceCLM_simplified'

Note: This linter can be disabled with `set_option linter.dupNamespace false`
warning: Poincare/ModelLaplacian.lean:12571:8: The namespace 'RicciFlow' is duplicated in the declaration 'RicciFlow.RicciFlow.deltaGammaDivergenceTrace_expanded'

Note: This linter can be disabled with `set_option linter.dupNamespace false`
warning: Poincare/ModelLaplacian.lean:12626:8: The namespace 'RicciFlow' is duplicated in the declaration 'RicciFlow.RicciFlow.divergence_deltaGammaInnerTraceCLM_explicit'

Note: This linter can be disabled with `set_option linter.dupNamespace false`
warning: Poincare/ModelLaplacian.lean:12678:8: The namespace 'RicciFlow' is duplicated in the declaration 'RicciFlow.RicciFlow.fderiv_metric_compatible_covector'

Note: This linter can be disabled with `set_option linter.dupNamespace false`
warning: Poincare/ModelLaplacian.lean:12705:8: The namespace 'RicciFlow' is duplicated in the declaration 'RicciFlow.RicciFlow.inverse_fderiv_metric_covector'

Note: This linter can be disabled with `set_option linter.dupNamespace false`
warning: Poincare/ModelLaplacian.lean:12735:8: The namespace 'RicciFlow' is duplicated in the declaration 'RicciFlow.RicciFlow.divergence_deltaGammaInnerTraceCLM_christoffel'

Note: This linter can be disabled with `set_option linter.dupNamespace false`
warning: Poincare/ModelLaplacian.lean:12796:8: The namespace 'RicciFlow' is duplicated in the declaration 'RicciFlow.RicciFlow.sum_christoffel_pairing_swap'

Note: This linter can be disabled with `set_option linter.dupNamespace false`
warning: Poincare/ModelLaplacian.lean:12835:8: The namespace 'RicciFlow' is duplicated in the declaration 'RicciFlow.RicciFlow.sum_L2_eq_sum_R2'

Note: This linter can be disabled with `set_option linter.dupNamespace false`
warning: Poincare/ModelLaplacian.lean:12878:8: The namespace 'RicciFlow' is duplicated in the declaration 'RicciFlow.RicciFlow.christoffelDeriv_add_fst'

Note: This linter can be disabled with `set_option linter.dupNamespace false`
warning: Poincare/ModelLaplacian.lean:12892:8: The namespace 'RicciFlow' is duplicated in the declaration 'RicciFlow.RicciFlow.christoffelDeriv_smul_fst'

Note: This linter can be disabled with `set_option linter.dupNamespace false`
warning: Poincare/ModelLaplacian.lean:12916:8: The namespace 'RicciFlow' is duplicated in the declaration 'RicciFlow.RicciFlow.sum_L3_eq_sum_C2'

Note: This linter can be disabled with `set_option linter.dupNamespace false`
warning: Poincare/ModelLaplacian.lean:12978:8: The namespace 'RicciFlow' is duplicated in the declaration 'RicciFlow.RicciFlow.sum_L1_fderiv_form'

Note: This linter can be disabled with `set_option linter.dupNamespace false`
warning: Poincare/ModelLaplacian.lean:13014:8: The namespace 'RicciFlow' is duplicated in the declaration 'RicciFlow.RicciFlow.sum_R1_fderiv_form'

Note: This linter can be disabled with `set_option linter.dupNamespace false`
warning: Poincare/ModelLaplacian.lean:13055:8: The namespace 'RicciFlow' is duplicated in the declaration 'RicciFlow.RicciFlow.deltaGammaDivergenceTrace_curvature_split'

Note: This linter can be disabled with `set_option linter.dupNamespace false`
warning: Poincare/ModelLaplacian.lean:13114:8: The namespace 'RicciFlow' is duplicated in the declaration 'RicciFlow.RicciFlow.curvatureDerivOp_double_trace_eq_ricciDeriv'

Note: This linter can be disabled with `set_option linter.dupNamespace false`
warning: Poincare/ModelLaplacian.lean:13151:8: The namespace 'RicciFlow' is duplicated in the declaration 'RicciFlow.RicciFlow.sum_L4_swap'

Note: This linter can be disabled with `set_option linter.dupNamespace false`
warning: Poincare/ModelLaplacian.lean:13205:22: This simp argument is unused:
  ContinuousLinearMap.add_apply

Hint: Omit it from the simp argument list.
  simp only [map_add,̵ ̵C̵o̵n̵t̵i̵n̵u̵o̵u̵s̵L̵i̵n̵e̵a̵r̵M̵a̵p̵.̵a̵d̵d̵_̵a̵p̵p̵l̵y̵]

Note: This linter can be disabled with `set_option linter.unusedSimpArgs false`
warning: Poincare/ModelLaplacian.lean:13200:8: The namespace 'RicciFlow' is duplicated in the declaration 'RicciFlow.RicciFlow.covDeltaGammaDeriv_add_z'

Note: This linter can be disabled with `set_option linter.dupNamespace false`
warning: Poincare/ModelLaplacian.lean:13214:23: This simp argument is unused:
  ContinuousLinearMap.smul_apply

Hint: Omit it from the simp argument list.
  simp only [map_smul, C̵o̵n̵t̵i̵n̵u̵o̵u̵s̵L̵i̵n̵e̵a̵r̵M̵a̵p̵.̵s̵m̵u̵l̵_̵a̵p̵p̵l̵y̵,̵ ̵smul_sub, smul_add]

Note: This linter can be disabled with `set_option linter.unusedSimpArgs false`
warning: Poincare/ModelLaplacian.lean:13209:8: The namespace 'RicciFlow' is duplicated in the declaration 'RicciFlow.RicciFlow.covDeltaGammaDeriv_smul_z'

Note: This linter can be disabled with `set_option linter.dupNamespace false`
warning: Poincare/ModelLaplacian.lean:13229:8: The namespace 'RicciFlow' is duplicated in the declaration 'RicciFlow.RicciFlow.covDeltaGammaDeriv_add_v'

Note: This linter can be disabled with `set_option linter.dupNamespace false`
warning: Poincare/ModelLaplacian.lean:13266:73: This simp argument is unused:
  smul_eq_mul

Hint: Omit it from the simp argument list.
  simp only [map_smul, ContinuousLinearMap.smul_apply, christoffelDerivOp_apply,
      christoffelDeriv_smul_fst hGd hHd hGsymm hHsymm, smul_sub, smul_add,̵ ̵s̵m̵u̵l̵_̵e̵q̵_̵m̵u̵l̵]

Note: This linter can be disabled with `set_option linter.unusedSimpArgs false`
warning: Poincare/ModelLaplacian.lean:13255:8: The namespace 'RicciFlow' is duplicated in the declaration 'RicciFlow.RicciFlow.covDeltaGammaDeriv_smul_v'

Note: This linter can be disabled with `set_option linter.dupNamespace false`
warning: Poincare/ModelLaplacian.lean:13280:8: The namespace 'RicciFlow' is duplicated in the declaration 'RicciFlow.RicciFlow.christoffelDerivOp_add_fst'

Note: This linter can be disabled with `set_option linter.dupNamespace false`
warning: Poincare/ModelLaplacian.lean:13293:8: The namespace 'RicciFlow' is duplicated in the declaration 'RicciFlow.RicciFlow.christoffelDerivOp_smul_fst'

Note: This linter can be disabled with `set_option linter.dupNamespace false`
warning: Poincare/ModelLaplacian.lean:13318:8: The namespace 'RicciFlow' is duplicated in the declaration 'RicciFlow.RicciFlow.covDeltaGammaDeriv_add_p'

Note: This linter can be disabled with `set_option linter.dupNamespace false`
warning: Poincare/ModelLaplacian.lean:13353:8: The namespace 'RicciFlow' is duplicated in the declaration 'RicciFlow.RicciFlow.deltaGammaDivergenceTrace_koszul'

Note: This linter can be disabled with `set_option linter.dupNamespace false`
warning: Poincare/ModelLaplacian.lean:13425:8: The namespace 'RicciFlow' is duplicated in the declaration 'RicciFlow.RicciFlow.deltaGammaDivergenceTrace_koszul_distributed'

Note: This linter can be disabled with `set_option linter.dupNamespace false`
warning: Poincare/ModelLaplacian.lean:13497:8: The namespace 'RicciFlow' is duplicated in the declaration 'RicciFlow.RicciFlow.koszul_term1_lift'

Note: This linter can be disabled with `set_option linter.dupNamespace false`
warning: Poincare/ModelLaplacian.lean:13545:8: The namespace 'RicciFlow' is duplicated in the declaration 'RicciFlow.RicciFlow.koszul_term2_lift'

Note: This linter can be disabled with `set_option linter.dupNamespace false`
warning: Poincare/ModelLaplacian.lean:13591:8: The namespace 'RicciFlow' is duplicated in the declaration 'RicciFlow.RicciFlow.koszul_term3_lift'

Note: This linter can be disabled with `set_option linter.dupNamespace false`
warning: Poincare/ModelLaplacian.lean:13642:8: The namespace 'RicciFlow' is duplicated in the declaration 'RicciFlow.RicciFlow.covTensor2SndDeriv_symm'

Note: This linter can be disabled with `set_option linter.dupNamespace false`
warning: Poincare/ModelLaplacian.lean:13672:8: The namespace 'RicciFlow' is duplicated in the declaration 'RicciFlow.RicciFlow.covTensor2SndDeriv_add_v''

Note: This linter can be disabled with `set_option linter.dupNamespace false`
warning: Poincare/ModelLaplacian.lean:13696:8: The namespace 'RicciFlow' is duplicated in the declaration 'RicciFlow.RicciFlow.covTensor2SndDeriv_add_v'

Note: This linter can be disabled with `set_option linter.dupNamespace false`
warning: Poincare/ModelLaplacian.lean:13731:8: The namespace 'RicciFlow' is duplicated in the declaration 'RicciFlow.RicciFlow.deltaGammaDivergenceTrace_sndDeriv'

Note: This linter can be disabled with `set_option linter.dupNamespace false`
warning: Poincare/ModelLaplacian.lean:13782:8: The namespace 'RicciFlow' is duplicated in the declaration 'RicciFlow.RicciFlow.sum_covTensor2Deriv_Hslot_trace'

Note: This linter can be disabled with `set_option linter.dupNamespace false`
warning: Poincare/ModelLaplacian.lean:13813:8: The namespace 'RicciFlow' is duplicated in the declaration 'RicciFlow.RicciFlow.fderiv_tensorDivCLM_apply'

Note: This linter can be disabled with `set_option linter.dupNamespace false`
warning: Poincare/ModelLaplacian.lean:13840:8: The namespace 'RicciFlow' is duplicated in the declaration 'RicciFlow.RicciFlow.curvedLap_tensorMetricTrace_hessian_form'

Note: This linter can be disabled with `set_option linter.dupNamespace false`
warning: Poincare/ModelLaplacian.lean:13873:8: The namespace 'RicciFlow' is duplicated in the declaration 'RicciFlow.RicciFlow.sum_covTensor2Deriv_Hslot_trace_field'

Note: This linter can be disabled with `set_option linter.dupNamespace false`
warning: Poincare/ModelLaplacian.lean:13903:8: The namespace 'RicciFlow' is duplicated in the declaration 'RicciFlow.RicciFlow.fderiv_sum_covTensor2Deriv_Hslot_trace_eq'

Note: This linter can be disabled with `set_option linter.dupNamespace false`
warning: Poincare/ModelLaplacian.lean:13936:5: unused variable `hGsymm`

Note: This linter can be disabled with `set_option linter.unusedVariables false`
warning: Poincare/ModelLaplacian.lean:13934:8: The namespace 'RicciFlow' is duplicated in the declaration 'RicciFlow.RicciFlow.differentiableAt_covTensor2Deriv_Hslot'

Note: This linter can be disabled with `set_option linter.dupNamespace false`
warning: Poincare/ModelLaplacian.lean:13976:8: The namespace 'RicciFlow' is duplicated in the declaration 'RicciFlow.RicciFlow.fderiv_tr_eq_sum_basepoint_deriv'

Note: This linter can be disabled with `set_option linter.dupNamespace false`
warning: Poincare/ModelLaplacian.lean:14017:8: The namespace 'RicciFlow' is duplicated in the declaration 'RicciFlow.RicciFlow.fderiv_covTensor2Deriv_Hslot_split'

Note: This linter can be disabled with `set_option linter.dupNamespace false`
warning: Poincare/ModelLaplacian.lean:14076:8: The namespace 'RicciFlow' is duplicated in the declaration 'RicciFlow.RicciFlow.fderiv_covTensor2Deriv_varying_raise_eq'

Note: This linter can be disabled with `set_option linter.dupNamespace false`
warning: Poincare/ModelLaplacian.lean:14112:8: The namespace 'RicciFlow' is duplicated in the declaration 'RicciFlow.RicciFlow.fderiv2_tensorMetricTrace_sum_expand'

Note: This linter can be disabled with `set_option linter.dupNamespace false`
warning: Poincare/ModelLaplacian.lean:14164:8: The namespace 'RicciFlow' is duplicated in the declaration 'RicciFlow.RicciFlow.christoffel_inverse_raise_merge'

Note: This linter can be disabled with `set_option linter.dupNamespace false`
warning: Poincare/ModelLaplacian.lean:14210:8: The namespace 'RicciFlow' is duplicated in the declaration 'RicciFlow.RicciFlow.fderiv_covTensor2Deriv_varying_raise_merged'

Note: This linter can be disabled with `set_option linter.dupNamespace false`
warning: Poincare/ModelLaplacian.lean:14254:8: The namespace 'RicciFlow' is duplicated in the declaration 'RicciFlow.RicciFlow.fderiv2_tensorMetricTrace_sum_merged'

Note: This linter can be disabled with `set_option linter.dupNamespace false`
warning: Poincare/ModelLaplacian.lean:14302:8: The namespace 'RicciFlow' is duplicated in the declaration 'RicciFlow.RicciFlow.sum_raised_op_slot_swap'

Note: This linter can be disabled with `set_option linter.dupNamespace false`
warning: Poincare/ModelLaplacian.lean:14381:8: The namespace 'RicciFlow' is duplicated in the declaration 'RicciFlow.RicciFlow.sum_covTensor2SndDeriv_Hslot_trace'

Note: This linter can be disabled with `set_option linter.dupNamespace false`
warning: Poincare/ModelLaplacian.lean:14456:8: The namespace 'RicciFlow' is duplicated in the declaration 'RicciFlow.RicciFlow.sum_sum_covTensor2SndDeriv_laplacian_trace'

Note: This linter can be disabled with `set_option linter.dupNamespace false`
warning: Poincare/ModelLaplacian.lean:14497:8: The namespace 'RicciFlow' is duplicated in the declaration 'RicciFlow.RicciFlow.sum_hessian_trace_raise_swap'

Note: This linter can be disabled with `set_option linter.dupNamespace false`
warning: Poincare/ModelLaplacian.lean:14541:8: The namespace 'RicciFlow' is duplicated in the declaration 'RicciFlow.RicciFlow.sum_sum_covTensor2SndDeriv_eq_curvedLap'

Note: This linter can be disabled with `set_option linter.dupNamespace false`
warning: Poincare/ModelLaplacian.lean:14582:8: The namespace 'RicciFlow' is duplicated in the declaration 'RicciFlow.RicciFlow.tensorDoubleDivergence_covTensor1Deriv_form'

Note: This linter can be disabled with `set_option linter.dupNamespace false`
warning: Poincare/ModelLaplacian.lean:14610:8: The namespace 'RicciFlow' is duplicated in the declaration 'RicciFlow.RicciFlow.fderiv_tensorDivOneForm_sum'

Note: This linter can be disabled with `set_option linter.dupNamespace false`
warning: Poincare/ModelLaplacian.lean:14648:8: The namespace 'RicciFlow' is duplicated in the declaration 'RicciFlow.RicciFlow.fderiv_covTensor2Deriv_dir_split'

Note: This linter can be disabled with `set_option linter.dupNamespace false`
warning: Poincare/ModelLaplacian.lean:14715:8: The namespace 'RicciFlow' is duplicated in the declaration 'RicciFlow.RicciFlow.fderiv_covTensor2Deriv_dir_varying_raise_eq'

Note: This linter can be disabled with `set_option linter.dupNamespace false`
warning: Poincare/ModelLaplacian.lean:14751:8: The namespace 'RicciFlow' is duplicated in the declaration 'RicciFlow.RicciFlow.fderiv_tensorDivOneForm_sum_expand'

Note: This linter can be disabled with `set_option linter.dupNamespace false`
warning: Poincare/ModelLaplacian.lean:14801:8: The namespace 'RicciFlow' is duplicated in the declaration 'RicciFlow.RicciFlow.tensorDoubleDivergence_oneForm_form'

Note: This linter can be disabled with `set_option linter.dupNamespace false`
warning: Poincare/ModelLaplacian.lean:14837:8: The namespace 'RicciFlow' is duplicated in the declaration 'RicciFlow.RicciFlow.tensorDoubleDivergence_sndDeriv_form'

Note: This linter can be disabled with `set_option linter.dupNamespace false`
warning: Poincare/ModelLaplacian.lean:14895:8: The namespace 'RicciFlow' is duplicated in the declaration 'RicciFlow.RicciFlow.tensorDoubleDivergence_merged'

Note: This linter can be disabled with `set_option linter.dupNamespace false`
warning: Poincare/ModelLaplacian.lean:14970:8: The namespace 'RicciFlow' is duplicated in the declaration 'RicciFlow.RicciFlow.covTensor2SndDeriv_add_q'

Note: This linter can be disabled with `set_option linter.dupNamespace false`
warning: Poincare/ModelLaplacian.lean:15006:8: The namespace 'RicciFlow' is duplicated in the declaration 'RicciFlow.RicciFlow.covTensor2SndDeriv_add_p'

Note: This linter can be disabled with `set_option linter.dupNamespace false`
warning: Poincare/ModelLaplacian.lean:15039:8: The namespace 'RicciFlow' is duplicated in the declaration 'RicciFlow.RicciFlow.covTensor2SndDeriv_smul_q'

Note: This linter can be disabled with `set_option linter.dupNamespace false`
warning: Poincare/ModelLaplacian.lean:15070:8: The namespace 'RicciFlow' is duplicated in the declaration 'RicciFlow.RicciFlow.covTensor2SndDeriv_smul_p'

Note: This linter can be disabled with `set_option linter.dupNamespace false`
warning: Poincare/ModelLaplacian.lean:15109:55: This simp argument is unused:
  ContinuousLinearMap.coe_smul'

Hint: Omit it from the simp argument list.
  simp only [ContinuousLinearMap.smul_apply, map_smul, C̵o̵n̵t̵i̵n̵u̵o̵u̵s̵L̵i̵n̵e̵a̵r̵M̵a̵p̵.̵c̵o̵e̵_̵s̵m̵u̵l̵'̵,̵Pi.smul_apply, covTensor2Deriv_smul_dir,
  ̲  ̲ ̲ ̲covTensor2Deriv_smul_left, covTensor2Deriv_smul_right, smul_eq_mul]

Note: This linter can be disabled with `set_option linter.unusedSimpArgs false`
warning: Poincare/ModelLaplacian.lean:15110:4: This simp argument is unused:
  Pi.smul_apply

Hint: Omit it from the simp argument list.
  simp only [ContinuousLinearMap.smul_apply, map_smul, ContinuousLinearMap.coe_smul',
      P̵i̵.̵s̵m̵u̵l̵_̵a̵p̵p̵l̵y̵,̵ ̵covTensor2Deriv_smul_dir, covTensor2Deriv_smul_left,
  ̵  ̵ ̵ ̵covTensor2Deriv_smul_right, smul_eq_mul]

Note: This linter can be disabled with `set_option linter.unusedSimpArgs false`
warning: Poincare/ModelLaplacian.lean:15103:8: The namespace 'RicciFlow' is duplicated in the declaration 'RicciFlow.RicciFlow.covTensor2SndDeriv_smul_v''

Note: This linter can be disabled with `set_option linter.dupNamespace false`
warning: Poincare/ModelLaplacian.lean:15128:8: The namespace 'RicciFlow' is duplicated in the declaration 'RicciFlow.RicciFlow.sum_sum_covTensor2SndDeriv_outer_q_swap'

Note: This linter can be disabled with `set_option linter.dupNamespace false`
warning: Poincare/ModelLaplacian.lean:15188:5: unused variable `hGsymm`

Note: This linter can be disabled with `set_option linter.unusedVariables false`
warning: Poincare/ModelLaplacian.lean:15189:5: unused variable `hinv`

Note: This linter can be disabled with `set_option linter.unusedVariables false`
warning: Poincare/ModelLaplacian.lean:15186:8: The namespace 'RicciFlow' is duplicated in the declaration 'RicciFlow.RicciFlow.sum_sum_divdiv_corrections_cancel'

Note: This linter can be disabled with `set_option linter.dupNamespace false`
warning: Poincare/ModelLaplacian.lean:15254:8: The namespace 'RicciFlow' is duplicated in the declaration 'RicciFlow.RicciFlow.covTensor2SndDeriv_smul_v'

Note: This linter can be disabled with `set_option linter.dupNamespace false`
warning: Poincare/ModelLaplacian.lean:15286:8: The namespace 'RicciFlow' is duplicated in the declaration 'RicciFlow.RicciFlow.sum_sum_covTensor2SndDeriv_inner_p_swap'

Note: This linter can be disabled with `set_option linter.dupNamespace false`
warning: Poincare/ModelLaplacian.lean:15331:8: The namespace 'RicciFlow' is duplicated in the declaration 'RicciFlow.RicciFlow.sum_sum_T1_eq_T2'

Note: This linter can be disabled with `set_option linter.dupNamespace false`
warning: Poincare/ModelLaplacian.lean:15377:8: The namespace 'RicciFlow' is duplicated in the declaration 'RicciFlow.RicciFlow.tensorDoubleDivergence_eq_sum_sum_T2'

Note: This linter can be disabled with `set_option linter.dupNamespace false`
warning: Poincare/ModelLaplacian.lean:15459:8: The namespace 'RicciFlow' is duplicated in the declaration 'RicciFlow.RicciFlow.deltaGammaDivergenceTrace_keystone'

Note: This linter can be disabled with `set_option linter.dupNamespace false`
warning: Poincare/ModelLaplacian.lean:15510:8: The namespace 'RicciFlow' is duplicated in the declaration 'RicciFlow.RicciFlow.ricciDeriv_raised_trace_contracted_lichnerowicz'

Note: This linter can be disabled with `set_option linter.dupNamespace false`
warning: Poincare/ModelLaplacian.lean:15551:8: The namespace 'RicciFlow' is duplicated in the declaration 'RicciFlow.RicciFlow.ricciDeriv_raised_trace_lichnerowicz_smul'

Note: This linter can be disabled with `set_option linter.dupNamespace false`
warning: Poincare/ModelLaplacian.lean:15592:8: The namespace 'RicciFlow' is duplicated in the declaration 'RicciFlow.RicciFlow.tensorMetricTrace_coordRicciForm'

Note: This linter can be disabled with `set_option linter.dupNamespace false`
warning: Poincare/ModelLaplacian.lean:15615:8: The namespace 'RicciFlow' is duplicated in the declaration 'RicciFlow.RicciFlow.tensorMetricTrace_smul'

Note: This linter can be disabled with `set_option linter.dupNamespace false`
warning: Poincare/ModelLaplacian.lean:15636:8: The namespace 'RicciFlow' is duplicated in the declaration 'RicciFlow.RicciFlow.tensorMetricTrace_neg_two_coordRicciForm'

Note: This linter can be disabled with `set_option linter.dupNamespace false`
warning: Poincare/ModelLaplacian.lean:15661:8: The namespace 'RicciFlow' is duplicated in the declaration 'RicciFlow.RicciFlow.covTensor2Deriv_coordRicciForm'

Note: This linter can be disabled with `set_option linter.dupNamespace false`
warning: Poincare/ModelLaplacian.lean:15695:8: The namespace 'RicciFlow' is duplicated in the declaration 'RicciFlow.RicciFlow.tensorDivOneForm_coordRicciForm'

Note: This linter can be disabled with `set_option linter.dupNamespace false`
warning: Poincare/ModelLaplacian.lean:15724:8: The namespace 'RicciFlow' is duplicated in the declaration 'RicciFlow.RicciFlow.tensorDivOneForm_coordRicciForm_field'

Note: This linter can be disabled with `set_option linter.dupNamespace false`
warning: Poincare/ModelLaplacian.lean:15754:8: The namespace 'RicciFlow' is duplicated in the declaration 'RicciFlow.RicciFlow.tensorDivOneForm_coordRicciForm_eq_half_grad'

Note: This linter can be disabled with `set_option linter.dupNamespace false`
warning: Poincare/ModelLaplacian.lean:15786:8: The namespace 'RicciFlow' is duplicated in the declaration 'RicciFlow.RicciFlow.tensorDivCLM_coordRicciForm_eq_half_grad_field'

Note: This linter can be disabled with `set_option linter.dupNamespace false`
warning: Poincare/ModelLaplacian.lean:15823:8: The namespace 'RicciFlow' is duplicated in the declaration 'RicciFlow.RicciFlow.tensorDoubleDivergence_coordRicciForm'

Note: This linter can be disabled with `set_option linter.dupNamespace false`
warning: Poincare/ModelLaplacian.lean:15890:45: This simp argument is unused:
  Pi.smul_apply

Hint: Omit it from the simp argument list.
  simp only [ContinuousLinearMap.smul_apply, P̵i̵.̵s̵m̵u̵l̵_̵a̵p̵p̵l̵y̵,̵ ̵smul_eq_mul]

Note: This linter can be disabled with `set_option linter.unusedSimpArgs false`
warning: Poincare/ModelLaplacian.lean:15869:8: The namespace 'RicciFlow' is duplicated in the declaration 'RicciFlow.RicciFlow.covTensor2Deriv_smul_field'

Note: This linter can be disabled with `set_option linter.dupNamespace false`
warning: Poincare/ModelLaplacian.lean:15904:8: The namespace 'RicciFlow' is duplicated in the declaration 'RicciFlow.RicciFlow.tensorDivOneForm_smul_field'

Note: This linter can be disabled with `set_option linter.dupNamespace false`
warning: Poincare/ModelLaplacian.lean:15930:8: The namespace 'RicciFlow' is duplicated in the declaration 'RicciFlow.RicciFlow.tensorDoubleDivergence_smul_field'

Note: This linter can be disabled with `set_option linter.dupNamespace false`
warning: Poincare/ModelLaplacian.lean:15963:8: The namespace 'RicciFlow' is duplicated in the declaration 'RicciFlow.RicciFlow.tensorDoubleDivergence_neg_two_coordRicciForm'

Note: This linter can be disabled with `set_option linter.dupNamespace false`
warning: Poincare/ModelLaplacian.lean:16000:8: The namespace 'RicciFlow' is duplicated in the declaration 'RicciFlow.RicciFlow.tensorMetricTrace_neg_two_coordRicciForm_field'

Note: This linter can be disabled with `set_option linter.dupNamespace false`
warning: Poincare/ModelLaplacian.lean:16024:8: The namespace 'RicciFlow' is duplicated in the declaration 'RicciFlow.RicciFlow.ricciDeriv_neg_two_raised_trace_eq_curvedLaplacian'

Note: This linter can be disabled with `set_option linter.dupNamespace false`
warning: Poincare/ModelLaplacian.lean:16083:8: The namespace 'RicciFlow' is duplicated in the declaration 'RicciFlow.RicciFlow.neg_two_coordRicciForm_symm'

Note: This linter can be disabled with `set_option linter.dupNamespace false`
warning: Poincare/ModelLaplacian.lean:16108:0: automatically included section variable(s) unused in theorem `RicciFlow.RicciFlow.differentiableAt_fderiv_of_contDiff_two`:
  [FiniteDimensional ℝ E]
consider restructuring your `variable` declarations so that the variables are not in scope or explicitly omit them:
  omit [FiniteDimensional ℝ E] in theorem ...

Note: This linter can be disabled with `set_option linter.unusedSectionVars false`
warning: Poincare/ModelLaplacian.lean:16108:8: The namespace 'RicciFlow' is duplicated in the declaration 'RicciFlow.RicciFlow.differentiableAt_fderiv_of_contDiff_two'

Note: This linter can be disabled with `set_option linter.dupNamespace false`
warning: Poincare/ModelLaplacian.lean:16126:8: The namespace 'RicciFlow' is duplicated in the declaration 'RicciFlow.RicciFlow.differentiableAt_fderiv_tensorMetricTrace_neg_two_coordRicciForm'

Note: This linter can be disabled with `set_option linter.dupNamespace false`
warning: Poincare/ModelLaplacian.lean:16184:9: unused variable `y`

Note: This linter can be disabled with `set_option linter.unusedVariables false`
warning: Poincare/ModelLaplacian.lean:16151:8: The namespace 'RicciFlow' is duplicated in the declaration 'RicciFlow.RicciFlow.ricciDeriv_neg_two_raised_trace_eq_curvedLaplacian''

Note: This linter can be disabled with `set_option linter.dupNamespace false`
warning: Poincare/ModelLaplacian.lean:16202:8: The namespace 'RicciFlow' is duplicated in the declaration 'RicciFlow.RicciFlow.differentiableAt_tensorDivCLM_coordRicciForm'

Note: This linter can be disabled with `set_option linter.dupNamespace false`
warning: Poincare/ModelLaplacian.lean:16229:8: The namespace 'RicciFlow' is duplicated in the declaration 'RicciFlow.RicciFlow.coordRicciForm_proof_irrel'

Note: This linter can be disabled with `set_option linter.dupNamespace false`
warning: Poincare/ModelLaplacian.lean:16255:8: The namespace 'RicciFlow' is duplicated in the declaration 'RicciFlow.RicciFlow.hamilton_scalar_evolution_ricci_flow'

Note: This linter can be disabled with `set_option linter.dupNamespace false`
warning: Poincare/ModelLaplacian.lean:16321:8: The namespace 'RicciFlow' is duplicated in the declaration 'RicciFlow.RicciFlow.ricciDeriv_neg_two_raised_trace_eq_curvedLaplacian_family'

Note: This linter can be disabled with `set_option linter.dupNamespace false`
warning: Poincare/ModelLaplacian.lean:16376:8: The namespace 'RicciFlow' is duplicated in the declaration 'RicciFlow.RicciFlow.curved_hamilton_ricci_flow_singularity_bianchi_free'

Note: This linter can be disabled with `set_option linter.dupNamespace false`
warning: Poincare/ModelLaplacian.lean:16451:8: The namespace 'RicciFlow' is duplicated in the declaration 'RicciFlow.RicciFlow.deltaGammaDivergence_eq_g_paired'

Note: This linter can be disabled with `set_option linter.dupNamespace false`
warning: Poincare/ModelLaplacian.lean:16483:8: The namespace 'RicciFlow' is duplicated in the declaration 'RicciFlow.RicciFlow.deltaGammaContractionDeriv_eq_g_paired'

Note: This linter can be disabled with `set_option linter.dupNamespace false`
warning: Poincare/ModelLaplacian.lean:16516:8: The namespace 'RicciFlow' is duplicated in the declaration 'RicciFlow.RicciFlow.ricciDeriv_eq_g_paired'

Note: This linter can be disabled with `set_option linter.dupNamespace false`
warning: Poincare/ModelLaplacian.lean:16549:8: The namespace 'RicciFlow' is duplicated in the declaration 'RicciFlow.RicciFlow.deltaGammaDivergence_fderiv_form'

Note: This linter can be disabled with `set_option linter.dupNamespace false`
warning: Poincare/ModelLaplacian.lean:16591:8: The namespace 'RicciFlow' is duplicated in the declaration 'RicciFlow.RicciFlow.deltaGammaContractionDeriv_fderiv_form'

Note: This linter can be disabled with `set_option linter.dupNamespace false`
warning: Poincare/ModelLaplacian.lean:16637:8: The namespace 'RicciFlow' is duplicated in the declaration 'RicciFlow.RicciFlow.deltaGammaContractionDeriv_eq_half_hessian'

Note: This linter can be disabled with `set_option linter.dupNamespace false`
warning: Poincare/ModelLaplacian.lean:16672:8: The namespace 'RicciFlow' is duplicated in the declaration 'RicciFlow.RicciFlow.ricciDeriv_eq_div_sub_half_hessian'

Note: This linter can be disabled with `set_option linter.dupNamespace false`
warning: Poincare/ModelLaplacian.lean:16708:8: The namespace 'RicciFlow' is duplicated in the declaration 'RicciFlow.RicciFlow.ricciDeriv_fderiv_hessian_form'

Note: This linter can be disabled with `set_option linter.dupNamespace false`
warning: Poincare/ModelLaplacian.lean:16756:8: The namespace 'RicciFlow' is duplicated in the declaration 'RicciFlow.RicciFlow.deltaGammaContractionDeriv_eq_half_covariantHessian'

Note: This linter can be disabled with `set_option linter.dupNamespace false`
warning: Poincare/ModelLaplacian.lean:16790:8: The namespace 'RicciFlow' is duplicated in the declaration 'RicciFlow.RicciFlow.ricciDeriv_eq_div_sub_half_covariantHessian'

Note: This linter can be disabled with `set_option linter.dupNamespace false`
warning: Poincare/ModelLaplacian.lean:16825:8: The namespace 'RicciFlow' is duplicated in the declaration 'RicciFlow.RicciFlow.deltaGammaContractionDeriv_symm'

Note: This linter can be disabled with `set_option linter.dupNamespace false`
warning: Poincare/ModelLaplacian.lean:16861:39: unused variable `x`

Note: This linter can be disabled with `set_option linter.unusedVariables false`
warning: Poincare/ModelLaplacian.lean:16860:8: The namespace 'RicciFlow' is duplicated in the declaration 'RicciFlow.RicciFlow.covariantHessian_smul'

Note: This linter can be disabled with `set_option linter.dupNamespace false`
warning: Poincare/ModelLaplacian.lean:16904:8: The namespace 'RicciFlow' is duplicated in the declaration 'RicciFlow.RicciFlow.ricciDeriv_eq_div_sub_half_smul_covariantHessian'

Note: This linter can be disabled with `set_option linter.dupNamespace false`
warning: Poincare/ModelLaplacian.lean:16943:39: unused variable `x`

Note: This linter can be disabled with `set_option linter.unusedVariables false`
warning: Poincare/ModelLaplacian.lean:16942:8: The namespace 'RicciFlow' is duplicated in the declaration 'RicciFlow.RicciFlow.covariantHessian_add'

Note: This linter can be disabled with `set_option linter.dupNamespace false`
warning: Poincare/ModelLaplacian.lean:16978:8: The namespace 'RicciFlow' is duplicated in the declaration 'RicciFlow.RicciFlow.ricciDeriv_neg_two_eq_div_add_covariantHessian'

Note: This linter can be disabled with `set_option linter.dupNamespace false`
warning: Poincare/ModelLaplacian.lean:17025:8: The namespace 'RicciFlow' is duplicated in the declaration 'RicciFlow.RicciFlow.deltaGammaDivergence_lichnerowicz_form'

Note: This linter can be disabled with `set_option linter.dupNamespace false`
warning: Poincare/ModelLaplacian.lean:17076:8: The namespace 'RicciFlow' is duplicated in the declaration 'RicciFlow.RicciFlow.deltaGammaDivergence_lichnerowicz_split'

Note: This linter can be disabled with `set_option linter.dupNamespace false`
warning: Poincare/ModelLaplacian.lean:17146:8: The namespace 'RicciFlow' is duplicated in the declaration 'RicciFlow.RicciFlow.sum_covariantHessian_eq_curvedLaplacian'

Note: This linter can be disabled with `set_option linter.dupNamespace false`
warning: Poincare/ModelLaplacian.lean:17176:8: The namespace 'RicciFlow' is duplicated in the declaration 'RicciFlow.RicciFlow.sum_ricciDeriv_raised_eq_divTrace_sub_half_curvedLaplacian''

Note: This linter can be disabled with `set_option linter.dupNamespace false`
warning: Poincare/ModelLaplacian.lean:17214:8: The namespace 'RicciFlow' is duplicated in the declaration 'RicciFlow.RicciFlow.deltaGammaDivergence_isSymm'

Note: This linter can be disabled with `set_option linter.dupNamespace false`
warning: Poincare/ModelLaplacian.lean:17233:8: The namespace 'RicciFlow' is duplicated in the declaration 'RicciFlow.RicciFlow.ricciDeriv_isSymm'

Note: This linter can be disabled with `set_option linter.dupNamespace false`
warning: Poincare/ModelLaplacian.lean:17268:8: The namespace 'RicciFlow' is duplicated in the declaration 'RicciFlow.RicciFlow.deltaGammaDivergence_isSymm_field'

Note: This linter can be disabled with `set_option linter.dupNamespace false`
warning: Poincare/ModelLaplacian.lean:17295:8: The namespace 'RicciFlow' is duplicated in the declaration 'RicciFlow.RicciFlow.deltaGammaDivergence_sndDeriv_bochner_form'

Note: This linter can be disabled with `set_option linter.dupNamespace false`
warning: Poincare/ModelLaplacian.lean:17343:8: The namespace 'RicciFlow' is duplicated in the declaration 'RicciFlow.RicciFlow.ricciDeriv_sndDeriv_bochner_form'

Note: This linter can be disabled with `set_option linter.dupNamespace false`
warning: Poincare/ModelLaplacian.lean:17395:8: The namespace 'RicciFlow' is duplicated in the declaration 'RicciFlow.RicciFlow.ricciDeriv_neg_two_isSymm'

Note: This linter can be disabled with `set_option linter.dupNamespace false`
warning: Poincare/ModelLaplacian.lean:17434:18: The namespace 'RicciFlow' is duplicated in the declaration 'RicciFlow.RicciFlow.connectionLaplacian'

Note: This linter can be disabled with `set_option linter.dupNamespace false`
warning: Poincare/ModelLaplacian.lean:17443:8: The namespace 'RicciFlow' is duplicated in the declaration 'RicciFlow.RicciFlow.connectionLaplacian_symm'

Note: This linter can be disabled with `set_option linter.dupNamespace false`
warning: Poincare/ModelLaplacian.lean:17466:8: The namespace 'RicciFlow' is duplicated in the declaration 'RicciFlow.RicciFlow.sum_connectionLaplacian_eq_curvedLaplacian'

Note: This linter can be disabled with `set_option linter.dupNamespace false`
warning: Poincare/ModelLaplacian.lean:17499:8: The namespace 'RicciFlow' is duplicated in the declaration 'RicciFlow.RicciFlow.connectionLaplacian_add_left'

Note: This linter can be disabled with `set_option linter.dupNamespace false`
warning: Poincare/ModelLaplacian.lean:17514:8: The namespace 'RicciFlow' is duplicated in the declaration 'RicciFlow.RicciFlow.connectionLaplacian_add_right'

Note: This linter can be disabled with `set_option linter.dupNamespace false`
warning: Poincare/ModelLaplacian.lean:17538:8: The namespace 'RicciFlow' is duplicated in the declaration 'RicciFlow.RicciFlow.connectionLaplacian_smul_left'

Note: This linter can be disabled with `set_option linter.dupNamespace false`
warning: Poincare/ModelLaplacian.lean:17552:8: The namespace 'RicciFlow' is duplicated in the declaration 'RicciFlow.RicciFlow.connectionLaplacian_smul_right'

Note: This linter can be disabled with `set_option linter.dupNamespace false`
warning: Poincare/ModelLaplacian.lean:17578:8: The namespace 'RicciFlow' is duplicated in the declaration 'RicciFlow.RicciFlow.covTensor2SndDeriv_smul_field'

Note: This linter can be disabled with `set_option linter.dupNamespace false`
warning: Poincare/ModelLaplacian.lean:17610:8: The namespace 'RicciFlow' is duplicated in the declaration 'RicciFlow.RicciFlow.connectionLaplacian_smul_field'

Note: This linter can be disabled with `set_option linter.dupNamespace false`
warning: Poincare/ModelLaplacian.lean:17636:8: The namespace 'RicciFlow' is duplicated in the declaration 'RicciFlow.RicciFlow.connectionLaplacian_neg_two_coordRicciForm'

Note: This linter can be disabled with `set_option linter.dupNamespace false`
warning: Poincare/ModelLaplacian.lean:17664:8: The namespace 'RicciFlow' is duplicated in the declaration 'RicciFlow.RicciFlow.connectionLaplacian_symm_field'

Note: This linter can be disabled with `set_option linter.dupNamespace false`
warning: Poincare/ModelLaplacian.lean:17686:8: The namespace 'RicciFlow' is duplicated in the declaration 'RicciFlow.RicciFlow.connectionLaplacian_smul_field_lift'

Note: This linter can be disabled with `set_option linter.dupNamespace false`
warning: Poincare/ModelLaplacian.lean:17711:8: The namespace 'RicciFlow' is duplicated in the declaration 'RicciFlow.RicciFlow.sum_connectionLaplacian_neg_two_coordRicciForm'

Note: This linter can be disabled with `set_option linter.dupNamespace false`
warning: Poincare/ModelLaplacian.lean:17753:8: The namespace 'RicciFlow' is duplicated in the declaration 'RicciFlow.RicciFlow.sum_connectionLaplacian_coordRicciForm'

Note: This linter can be disabled with `set_option linter.dupNamespace false`
warning: Poincare/ModelLaplacian.lean:17798:8: The namespace 'RicciFlow' is duplicated in the declaration 'RicciFlow.RicciFlow.covTensor2SndDeriv_antisymm'

Note: This linter can be disabled with `set_option linter.dupNamespace false`
warning: Poincare/ModelLaplacian.lean:17827:0: automatically included section variable(s) unused in theorem `RicciFlow.RicciFlow.contDiffAt_tensor_eval`:
  [FiniteDimensional ℝ E]
consider restructuring your `variable` declarations so that the variables are not in scope or explicitly omit them:
  omit [FiniteDimensional ℝ E] in theorem ...

Note: This linter can be disabled with `set_option linter.unusedSectionVars false`
warning: Poincare/ModelLaplacian.lean:17827:8: The namespace 'RicciFlow' is duplicated in the declaration 'RicciFlow.RicciFlow.contDiffAt_tensor_eval'

Note: This linter can be disabled with `set_option linter.dupNamespace false`
warning: Poincare/ModelLaplacian.lean:17855:0: automatically included section variable(s) unused in theorem `RicciFlow.RicciFlow.fderiv_tensor_eval_apply`:
  [FiniteDimensional ℝ E]
consider restructuring your `variable` declarations so that the variables are not in scope or explicitly omit them:
  omit [FiniteDimensional ℝ E] in theorem ...

Note: This linter can be disabled with `set_option linter.unusedSectionVars false`
warning: Poincare/ModelLaplacian.lean:17855:8: The namespace 'RicciFlow' is duplicated in the declaration 'RicciFlow.RicciFlow.fderiv_tensor_eval_apply'

Note: This linter can be disabled with `set_option linter.dupNamespace false`
warning: Poincare/ModelLaplacian.lean:17883:0: automatically included section variable(s) unused in theorem `RicciFlow.RicciFlow.fderiv_dual_eval_apply`:
  [FiniteDimensional ℝ E]
consider restructuring your `variable` declarations so that the variables are not in scope or explicitly omit them:
  omit [FiniteDimensional ℝ E] in theorem ...

Note: This linter can be disabled with `set_option linter.unusedSectionVars false`
warning: Poincare/ModelLaplacian.lean:17883:8: The namespace 'RicciFlow' is duplicated in the declaration 'RicciFlow.RicciFlow.fderiv_dual_eval_apply'

Note: This linter can be disabled with `set_option linter.dupNamespace false`
warning: Poincare/ModelLaplacian.lean:17910:8: The namespace 'RicciFlow' is duplicated in the declaration 'RicciFlow.RicciFlow.fderiv_covTensor2Deriv_pure_block_antisymm'

Note: This linter can be disabled with `set_option linter.dupNamespace false`
warning: Poincare/ModelLaplacian.lean:17947:8: The namespace 'RicciFlow' is duplicated in the declaration 'RicciFlow.RicciFlow.fderiv_tensor_corr_field'

Note: This linter can be disabled with `set_option linter.dupNamespace false`
warning: Poincare/ModelLaplacian.lean:17972:0: automatically included section variable(s) unused in theorem `RicciFlow.RicciFlow.fderiv_tensor_eval1_apply`:
  [FiniteDimensional ℝ E]
consider restructuring your `variable` declarations so that the variables are not in scope or explicitly omit them:
  omit [FiniteDimensional ℝ E] in theorem ...

Note: This linter can be disabled with `set_option linter.unusedSectionVars false`
warning: Poincare/ModelLaplacian.lean:17972:8: The namespace 'RicciFlow' is duplicated in the declaration 'RicciFlow.RicciFlow.fderiv_tensor_eval1_apply'

Note: This linter can be disabled with `set_option linter.dupNamespace false`
warning: Poincare/ModelLaplacian.lean:17989:8: The namespace 'RicciFlow' is duplicated in the declaration 'RicciFlow.RicciFlow.fderiv_tensor_corr_field''

Note: This linter can be disabled with `set_option linter.dupNamespace false`
warning: Poincare/ModelLaplacian.lean:18019:8: The namespace 'RicciFlow' is duplicated in the declaration 'RicciFlow.RicciFlow.fderiv_covTensor2Deriv_flat_split'

Note: This linter can be disabled with `set_option linter.dupNamespace false`
warning: Poincare/ModelLaplacian.lean:18054:8: The namespace 'RicciFlow' is duplicated in the declaration 'RicciFlow.RicciFlow.fderiv_covTensor2Deriv_flat_antisymm'

Note: This linter can be disabled with `set_option linter.dupNamespace false`
warning: Poincare/ModelLaplacian.lean:18092:8: The namespace 'RicciFlow' is duplicated in the declaration 'RicciFlow.RicciFlow.fderiv_corr1_antisymm_expand'

Note: This linter can be disabled with `set_option linter.dupNamespace false`
warning: Poincare/ModelLaplacian.lean:18121:8: The namespace 'RicciFlow' is duplicated in the declaration 'RicciFlow.RicciFlow.fderiv_corr2_antisymm_expand'

Note: This linter can be disabled with `set_option linter.dupNamespace false`
warning: Poincare/ModelLaplacian.lean:18150:8: The namespace 'RicciFlow' is duplicated in the declaration 'RicciFlow.RicciFlow.fderiv_christoffel_eval_apply'

Note: This linter can be disabled with `set_option linter.dupNamespace false`
warning: Poincare/ModelLaplacian.lean:18177:8: The namespace 'RicciFlow' is duplicated in the declaration 'RicciFlow.RicciFlow.christoffel_antisymm_deriv_eq_curvature'

Note: This linter can be disabled with `set_option linter.dupNamespace false`
warning: Poincare/ModelLaplacian.lean:18205:8: The namespace 'RicciFlow' is duplicated in the declaration 'RicciFlow.RicciFlow.fderiv_corr1_antisymm_curvature'

Note: This linter can be disabled with `set_option linter.dupNamespace false`
warning: Poincare/ModelLaplacian.lean:18235:8: The namespace 'RicciFlow' is duplicated in the declaration 'RicciFlow.RicciFlow.fderiv_corr2_antisymm_curvature'

Note: This linter can be disabled with `set_option linter.dupNamespace false`
warning: Poincare/ModelLaplacian.lean:18266:8: The namespace 'RicciFlow' is duplicated in the declaration 'RicciFlow.RicciFlow.fderiv_covTensor2Deriv_flat_antisymm_curvature'

Note: This linter can be disabled with `set_option linter.dupNamespace false`
warning: Poincare/ModelLaplacian.lean:18312:8: The namespace 'RicciFlow' is duplicated in the declaration 'RicciFlow.RicciFlow.covTensor2SndDeriv_ricci_identity'

Note: This linter can be disabled with `set_option linter.dupNamespace false`
warning: Poincare/ModelLaplacian.lean:18349:8: The namespace 'RicciFlow' is duplicated in the declaration 'RicciFlow.RicciFlow.covTensor2SndDeriv_comm'

Note: This linter can be disabled with `set_option linter.dupNamespace false`
warning: Poincare/ModelLaplacian.lean:18385:8: The namespace 'RicciFlow' is duplicated in the declaration 'RicciFlow.RicciFlow.connectionLaplacian_sub_transpose_eq_curvature'

Note: This linter can be disabled with `set_option linter.dupNamespace false`
warning: Poincare/ModelLaplacian.lean:18445:8: The namespace 'RicciFlow' is duplicated in the declaration 'RicciFlow.RicciFlow.connectionLaplacian_transpose'

Note: This linter can be disabled with `set_option linter.dupNamespace false`
warning: Poincare/ModelLaplacian.lean:18499:8: The namespace 'RicciFlow' is duplicated in the declaration 'RicciFlow.RicciFlow.covTensor2SndDeriv_comm_of_flat'

Note: This linter can be disabled with `set_option linter.dupNamespace false`
warning: Poincare/ModelLaplacian.lean:18531:18: The namespace 'RicciFlow' is duplicated in the declaration 'RicciFlow.RicciFlow.lichnerowiczCurvature'

Note: This linter can be disabled with `set_option linter.dupNamespace false`
warning: Poincare/ModelLaplacian.lean:18544:8: The namespace 'RicciFlow' is duplicated in the declaration 'RicciFlow.RicciFlow.connectionLaplacian_transpose_eq_add_curvature'

Note: This linter can be disabled with `set_option linter.dupNamespace false`
warning: Poincare/ModelLaplacian.lean:18597:8: The namespace 'RicciFlow' is duplicated in the declaration 'RicciFlow.RicciFlow.lichnerowiczCurvature_symm'

Note: This linter can be disabled with `set_option linter.dupNamespace false`
warning: Poincare/ModelLaplacian.lean:18619:8: The namespace 'RicciFlow' is duplicated in the declaration 'RicciFlow.RicciFlow.lichnerowiczCurvature_add'

Note: This linter can be disabled with `set_option linter.dupNamespace false`
warning: Poincare/ModelLaplacian.lean:18643:8: The namespace 'RicciFlow' is duplicated in the declaration 'RicciFlow.RicciFlow.lichnerowiczCurvature_smul'

Note: This linter can be disabled with `set_option linter.dupNamespace false`
warning: Poincare/ModelLaplacian.lean:18666:8: The namespace 'RicciFlow' is duplicated in the declaration 'RicciFlow.RicciFlow.lichnerowiczCurvature_flat'

Note: This linter can be disabled with `set_option linter.dupNamespace false`
warning: Poincare/ModelLaplacian.lean:18690:8: The namespace 'RicciFlow' is duplicated in the declaration 'RicciFlow.RicciFlow.lichnerowiczCurvature_add_left'

Note: This linter can be disabled with `set_option linter.dupNamespace false`
warning: Poincare/ModelLaplacian.lean:18719:22: This simp argument is unused:
  ContinuousLinearMap.add_apply

Hint: Omit it from the simp argument list.
  simp only [map_add,̵ ̵C̵o̵n̵t̵i̵n̵u̵o̵u̵s̵L̵i̵n̵e̵a̵r̵M̵a̵p̵.̵a̵d̵d̵_̵a̵p̵p̵l̵y̵]

Note: This linter can be disabled with `set_option linter.unusedSimpArgs false`
warning: Poincare/ModelLaplacian.lean:18712:8: The namespace 'RicciFlow' is duplicated in the declaration 'RicciFlow.RicciFlow.lichnerowiczCurvature_add_right'

Note: This linter can be disabled with `set_option linter.dupNamespace false`
warning: Poincare/ModelLaplacian.lean:18736:8: The namespace 'RicciFlow' is duplicated in the declaration 'RicciFlow.RicciFlow.connectionLaplacian_add_lichnerowiczCurvature_symm'

Note: This linter can be disabled with `set_option linter.dupNamespace false`
warning: Poincare/ModelLaplacian.lean:18758:8: The namespace 'RicciFlow' is duplicated in the declaration 'RicciFlow.RicciFlow.lichnerowiczCurvature_smul_left'

Note: This linter can be disabled with `set_option linter.dupNamespace false`
warning: Poincare/ModelLaplacian.lean:18786:23: This simp argument is unused:
  ContinuousLinearMap.smul_apply

Hint: Omit it from the simp argument list.
  simp only [map_smul, C̵o̵n̵t̵i̵n̵u̵o̵u̵s̵L̵i̵n̵e̵a̵r̵M̵a̵p̵.̵s̵m̵u̵l̵_̵a̵p̵p̵l̵y̵,̵ ̵smul_eq_mul]

Note: This linter can be disabled with `set_option linter.unusedSimpArgs false`
warning: Poincare/ModelLaplacian.lean:18780:8: The namespace 'RicciFlow' is duplicated in the declaration 'RicciFlow.RicciFlow.lichnerowiczCurvature_smul_right'

Note: This linter can be disabled with `set_option linter.dupNamespace false`
warning: Poincare/ModelLaplacian.lean:18803:8: The namespace 'RicciFlow' is duplicated in the declaration 'RicciFlow.RicciFlow.deltaGammaDivergence_extract_connectionLaplacian'

Note: This linter can be disabled with `set_option linter.dupNamespace false`
warning: Poincare/ModelLaplacian.lean:18850:8: The namespace 'RicciFlow' is duplicated in the declaration 'RicciFlow.RicciFlow.ricciDeriv_extract_connectionLaplacian'

Note: This linter can be disabled with `set_option linter.dupNamespace false`
warning: Poincare/ModelLaplacian.lean:18905:8: The namespace 'RicciFlow' is duplicated in the declaration 'RicciFlow.RicciFlow.neg_half_connectionLaplacian_neg_two'

Note: This linter can be disabled with `set_option linter.dupNamespace false`
warning: Poincare/ModelLaplacian.lean:18929:8: The namespace 'RicciFlow' is duplicated in the declaration 'RicciFlow.RicciFlow.lichnerowiczCurvature_zero'

Note: This linter can be disabled with `set_option linter.dupNamespace false`
warning: Poincare/ModelLaplacian.lean:18948:8: The namespace 'RicciFlow' is duplicated in the declaration 'RicciFlow.RicciFlow.connectionLaplacian_neg'

Note: This linter can be disabled with `set_option linter.dupNamespace false`
warning: Poincare/ModelLaplacian.lean:18975:8: The namespace 'RicciFlow' is duplicated in the declaration 'RicciFlow.RicciFlow.connectionLaplacian_add_lichnerowiczCurvature_smul'

Note: This linter can be disabled with `set_option linter.dupNamespace false`
warning: Poincare/ModelLaplacian.lean:19001:8: The namespace 'RicciFlow' is duplicated in the declaration 'RicciFlow.RicciFlow.lichnerowiczCurvature_neg'

Note: This linter can be disabled with `set_option linter.dupNamespace false`
warning: Poincare/ModelLaplacian.lean:19022:8: The namespace 'RicciFlow' is duplicated in the declaration 'RicciFlow.RicciFlow.connectionLaplacian_zero'

Note: This linter can be disabled with `set_option linter.dupNamespace false`
warning: Poincare/ModelLaplacian.lean:19050:18: The namespace 'RicciFlow' is duplicated in the declaration 'RicciFlow.RicciFlow.ricciSharp'

Note: This linter can be disabled with `set_option linter.dupNamespace false`
warning: Poincare/ModelLaplacian.lean:19057:18: The namespace 'RicciFlow' is duplicated in the declaration 'RicciFlow.RicciFlow.ricciActionOnTensor'

Note: This linter can be disabled with `set_option linter.dupNamespace false`
warning: Poincare/ModelLaplacian.lean:19063:8: The namespace 'RicciFlow' is duplicated in the declaration 'RicciFlow.RicciFlow.ricciActionOnTensor_add'

Note: This linter can be disabled with `set_option linter.dupNamespace false`
warning: Poincare/ModelLaplacian.lean:19083:8: The namespace 'RicciFlow' is duplicated in the declaration 'RicciFlow.RicciFlow.ricciActionOnTensor_smul'

Note: This linter can be disabled with `set_option linter.dupNamespace false`
warning: Poincare/ModelLaplacian.lean:19094:8: The namespace 'RicciFlow' is duplicated in the declaration 'RicciFlow.RicciFlow.ricciActionOnTensor_symm'

Note: This linter can be disabled with `set_option linter.dupNamespace false`
warning: Poincare/ModelLaplacian.lean:19115:18: The namespace 'RicciFlow' is duplicated in the declaration 'RicciFlow.RicciFlow.lichnerowiczLaplacian'

Note: This linter can be disabled with `set_option linter.dupNamespace false`
warning: Poincare/ModelLaplacian.lean:19124:8: The namespace 'RicciFlow' is duplicated in the declaration 'RicciFlow.RicciFlow.lichnerowiczLaplacian_symm'

Note: This linter can be disabled with `set_option linter.dupNamespace false`
warning: Poincare/ModelLaplacian.lean:19146:8: The namespace 'RicciFlow' is duplicated in the declaration 'RicciFlow.RicciFlow.lichnerowiczLaplacian_smul'

Note: This linter can be disabled with `set_option linter.dupNamespace false`
warning: Poincare/ModelLaplacian.lean:19169:8: The namespace 'RicciFlow' is duplicated in the declaration 'RicciFlow.RicciFlow.ricciActionOnTensor_zero'

Note: This linter can be disabled with `set_option linter.dupNamespace false`
warning: Poincare/ModelLaplacian.lean:19177:8: The namespace 'RicciFlow' is duplicated in the declaration 'RicciFlow.RicciFlow.lichnerowiczLaplacian_zero'

Note: This linter can be disabled with `set_option linter.dupNamespace false`
warning: Poincare/ModelLaplacian.lean:19195:8: The namespace 'RicciFlow' is duplicated in the declaration 'RicciFlow.RicciFlow.ricciSharp_add'

Note: This linter can be disabled with `set_option linter.dupNamespace false`
warning: Poincare/ModelLaplacian.lean:19216:8: The namespace 'RicciFlow' is duplicated in the declaration 'RicciFlow.RicciFlow.ricciSharp_smul'

Note: This linter can be disabled with `set_option linter.dupNamespace false`
warning: Poincare/ModelLaplacian.lean:19238:8: The namespace 'RicciFlow' is duplicated in the declaration 'RicciFlow.RicciFlow.ricciActionOnTensor_add_left'

Note: This linter can be disabled with `set_option linter.dupNamespace false`
warning: Poincare/ModelLaplacian.lean:19269:22: This simp argument is unused:
  ContinuousLinearMap.add_apply

Hint: Omit it from the simp argument list.
  simp only [map_add,̵ ̵C̵o̵n̵t̵i̵n̵u̵o̵u̵s̵L̵i̵n̵e̵a̵r̵M̵a̵p̵.̵a̵d̵d̵_̵a̵p̵p̵l̵y̵]

Note: This linter can be disabled with `set_option linter.unusedSimpArgs false`
warning: Poincare/ModelLaplacian.lean:19261:8: The namespace 'RicciFlow' is duplicated in the declaration 'RicciFlow.RicciFlow.ricciActionOnTensor_add_right'

Note: This linter can be disabled with `set_option linter.dupNamespace false`
warning: Poincare/ModelLaplacian.lean:19284:8: The namespace 'RicciFlow' is duplicated in the declaration 'RicciFlow.RicciFlow.ricciActionOnTensor_smul_left'

Note: This linter can be disabled with `set_option linter.dupNamespace false`
warning: Poincare/ModelLaplacian.lean:19306:8: The namespace 'RicciFlow' is duplicated in the declaration 'RicciFlow.RicciFlow.coordRicci_contraction'

Note: This linter can be disabled with `set_option linter.dupNamespace false`
warning: Poincare/ModelLaplacian.lean:19338:8: The namespace 'RicciFlow' is duplicated in the declaration 'RicciFlow.RicciFlow.g_ricciSharp'

Note: This linter can be disabled with `set_option linter.dupNamespace false`
warning: Poincare/ModelLaplacian.lean:19370:23: This simp argument is unused:
  ContinuousLinearMap.smul_apply

Hint: Omit it from the simp argument list.
  simp only [map_smul, C̵o̵n̵t̵i̵n̵u̵o̵u̵s̵L̵i̵n̵e̵a̵r̵M̵a̵p̵.̵s̵m̵u̵l̵_̵a̵p̵p̵l̵y̵,̵ ̵smul_eq_mul]

Note: This linter can be disabled with `set_option linter.unusedSimpArgs false`
warning: Poincare/ModelLaplacian.lean:19363:8: The namespace 'RicciFlow' is duplicated in the declaration 'RicciFlow.RicciFlow.ricciActionOnTensor_smul_right'

Note: This linter can be disabled with `set_option linter.dupNamespace false`
warning: Poincare/ModelLaplacian.lean:19386:8: The namespace 'RicciFlow' is duplicated in the declaration 'RicciFlow.RicciFlow.ricciSharp_eq_coordRicciEndo'

Note: This linter can be disabled with `set_option linter.dupNamespace false`
warning: Poincare/ModelLaplacian.lean:19413:8: The namespace 'RicciFlow' is duplicated in the declaration 'RicciFlow.RicciFlow.ricciActionOnTensor_metric'

Note: This linter can be disabled with `set_option linter.dupNamespace false`
warning: Poincare/ModelLaplacian.lean:19438:8: The namespace 'RicciFlow' is duplicated in the declaration 'RicciFlow.RicciFlow.covTensor2Deriv_metric_eq_zero'

Note: This linter can be disabled with `set_option linter.dupNamespace false`
warning: Poincare/ModelLaplacian.lean:19460:8: The namespace 'RicciFlow' is duplicated in the declaration 'RicciFlow.RicciFlow.covTensor2SndDeriv_metric_eq_zero'

Note: This linter can be disabled with `set_option linter.dupNamespace false`
warning: Poincare/ModelLaplacian.lean:19474:8: The namespace 'RicciFlow' is duplicated in the declaration 'RicciFlow.RicciFlow.connectionLaplacian_metric_eq_zero'

Note: This linter can be disabled with `set_option linter.dupNamespace false`
warning: Poincare/ModelLaplacian.lean:19496:8: The namespace 'RicciFlow' is duplicated in the declaration 'RicciFlow.RicciFlow.lichnerowiczLaplacian_metric'

Note: This linter can be disabled with `set_option linter.dupNamespace false`
warning: Poincare/ModelLaplacian.lean:19524:8: The namespace 'RicciFlow' is duplicated in the declaration 'RicciFlow.RicciFlow.lichnerowiczLaplacian_neg'

Note: This linter can be disabled with `set_option linter.dupNamespace false`
warning: Poincare/ModelLaplacian.lean:19549:8: The namespace 'RicciFlow' is duplicated in the declaration 'RicciFlow.RicciFlow.lichnerowiczCurvature_metric_eq_zero'

Note: This linter can be disabled with `set_option linter.dupNamespace false`
warning: Poincare/ModelLaplacian.lean:19567:8: The namespace 'RicciFlow' is duplicated in the declaration 'RicciFlow.RicciFlow.lichnerowiczLaplacian_metric_eq_two_ricci'

Note: This linter can be disabled with `set_option linter.dupNamespace false`
warning: Poincare/ModelLaplacian.lean:19591:8: The namespace 'RicciFlow' is duplicated in the declaration 'RicciFlow.RicciFlow.ricci_flow_eq_neg_lichnerowiczLaplacian_metric'

Note: This linter can be disabled with `set_option linter.dupNamespace false`
warning: Poincare/ModelLaplacian.lean:19613:18: The namespace 'RicciFlow' is duplicated in the declaration 'RicciFlow.RicciFlow.coordRiemann'

Note: This linter can be disabled with `set_option linter.dupNamespace false`
warning: Poincare/ModelLaplacian.lean:19618:8: The namespace 'RicciFlow' is duplicated in the declaration 'RicciFlow.RicciFlow.coordRiemann_antisymm_pair_left'

Note: This linter can be disabled with `set_option linter.dupNamespace false`
warning: Poincare/ModelLaplacian.lean:19627:8: The namespace 'RicciFlow' is duplicated in the declaration 'RicciFlow.RicciFlow.coordRiemann_antisymm_pair_right'

Note: This linter can be disabled with `set_option linter.dupNamespace false`
warning: Poincare/ModelLaplacian.lean:19652:8: The namespace 'RicciFlow' is duplicated in the declaration 'RicciFlow.RicciFlow.coordRicci_eq_riemann_trace'

Note: This linter can be disabled with `set_option linter.dupNamespace false`
warning: Poincare/ModelLaplacian.lean:19680:8: The namespace 'RicciFlow' is duplicated in the declaration 'RicciFlow.RicciFlow.coordRiemann_self_pair_left'

Note: This linter can be disabled with `set_option linter.dupNamespace false`
warning: Poincare/ModelLaplacian.lean:19694:8: The namespace 'RicciFlow' is duplicated in the declaration 'RicciFlow.RicciFlow.coordRiemann_self_pair_right'

Note: This linter can be disabled with `set_option linter.dupNamespace false`
warning: Poincare/ModelLaplacian.lean:19717:8: The namespace 'RicciFlow' is duplicated in the declaration 'RicciFlow.RicciFlow.coordRiemann_add_slot3'

Note: This linter can be disabled with `set_option linter.dupNamespace false`
warning: Poincare/ModelLaplacian.lean:19727:8: The namespace 'RicciFlow' is duplicated in the declaration 'RicciFlow.RicciFlow.coordRiemann_add_slot4'

Note: This linter can be disabled with `set_option linter.dupNamespace false`
warning: Poincare/ModelLaplacian.lean:19747:8: The namespace 'RicciFlow' is duplicated in the declaration 'RicciFlow.RicciFlow.coordCurvatureOp_first_bianchi'

Note: This linter can be disabled with `set_option linter.dupNamespace false`
warning: Poincare/ModelLaplacian.lean:19785:8: The namespace 'RicciFlow' is duplicated in the declaration 'RicciFlow.RicciFlow.coordRiemann_first_bianchi'

Note: This linter can be disabled with `set_option linter.dupNamespace false`
warning: Poincare/ModelLaplacian.lean:19810:8: The namespace 'RicciFlow' is duplicated in the declaration 'RicciFlow.RicciFlow.coordRiemann_block_symm'

Note: This linter can be disabled with `set_option linter.dupNamespace false`
warning: Poincare/ModelLaplacian.lean:19844:8: The namespace 'RicciFlow' is duplicated in the declaration 'RicciFlow.RicciFlow.coordRiemann_double_antisymm'

Note: This linter can be disabled with `set_option linter.dupNamespace false`
warning: Poincare/ModelLaplacian.lean:19866:18: The namespace 'RicciFlow' is duplicated in the declaration 'RicciFlow.RicciFlow.sectionalNum'

Note: This linter can be disabled with `set_option linter.dupNamespace false`
warning: Poincare/ModelLaplacian.lean:19872:8: The namespace 'RicciFlow' is duplicated in the declaration 'RicciFlow.RicciFlow.sectionalNum_symm'

Note: This linter can be disabled with `set_option linter.dupNamespace false`
warning: Poincare/ModelLaplacian.lean:19897:8: The namespace 'RicciFlow' is duplicated in the declaration 'RicciFlow.RicciFlow.sectionalNum_self_eq_zero'

Note: This linter can be disabled with `set_option linter.dupNamespace false`
warning: Poincare/ModelLaplacian.lean:19914:8: The namespace 'RicciFlow' is duplicated in the declaration 'RicciFlow.RicciFlow.coordRiemann_add_slot1'

Note: This linter can be disabled with `set_option linter.dupNamespace false`
warning: Poincare/ModelLaplacian.lean:19927:8: The namespace 'RicciFlow' is duplicated in the declaration 'RicciFlow.RicciFlow.coordRiemann_add_slot2'

Note: This linter can be disabled with `set_option linter.dupNamespace false`
warning: Poincare/ModelLaplacian.lean:19947:8: The namespace 'RicciFlow' is duplicated in the declaration 'RicciFlow.RicciFlow.coordRiemann_smul_slot1'

Note: This linter can be disabled with `set_option linter.dupNamespace false`
warning: Poincare/ModelLaplacian.lean:19957:8: The namespace 'RicciFlow' is duplicated in the declaration 'RicciFlow.RicciFlow.coordRiemann_smul_slot2'

Note: This linter can be disabled with `set_option linter.dupNamespace false`
warning: Poincare/ModelLaplacian.lean:19967:8: The namespace 'RicciFlow' is duplicated in the declaration 'RicciFlow.RicciFlow.coordRiemann_smul_slot3'

Note: This linter can be disabled with `set_option linter.dupNamespace false`
warning: Poincare/ModelLaplacian.lean:19975:8: The namespace 'RicciFlow' is duplicated in the declaration 'RicciFlow.RicciFlow.coordRiemann_smul_slot4'

Note: This linter can be disabled with `set_option linter.dupNamespace false`
warning: Poincare/ModelLaplacian.lean:19993:8: The namespace 'RicciFlow' is duplicated in the declaration 'RicciFlow.RicciFlow.coordRiemann_block_antisymm'

Note: This linter can be disabled with `set_option linter.dupNamespace false`
warning: Poincare/ModelLaplacian.lean:20018:8: The namespace 'RicciFlow' is duplicated in the declaration 'RicciFlow.RicciFlow.sectionalNum_smul_left'

Note: This linter can be disabled with `set_option linter.dupNamespace false`
warning: Poincare/ModelLaplacian.lean:20039:8: The namespace 'RicciFlow' is duplicated in the declaration 'RicciFlow.RicciFlow.sectionalNum_smul_right'

Note: This linter can be disabled with `set_option linter.dupNamespace false`
warning: Poincare/ModelLaplacian.lean:20059:8: The namespace 'RicciFlow' is duplicated in the declaration 'RicciFlow.RicciFlow.coordRicci_eq_riemann_trace''

Note: This linter can be disabled with `set_option linter.dupNamespace false`
warning: Poincare/ModelLaplacian.lean:20092:8: The namespace 'RicciFlow' is duplicated in the declaration 'RicciFlow.RicciFlow.sectionalNum_eq_swap'

Note: This linter can be disabled with `set_option linter.dupNamespace false`
warning: Poincare/ModelLaplacian.lean:20116:8: The namespace 'RicciFlow' is duplicated in the declaration 'RicciFlow.RicciFlow.coordRicciEndo_self_adjoint'

Note: This linter can be disabled with `set_option linter.dupNamespace false`
warning: Poincare/ModelLaplacian.lean:20144:8: The namespace 'RicciFlow' is duplicated in the declaration 'RicciFlow.RicciFlow.coordScalar_sq_le_finrank_mul_ricci_traceSq'

Note: This linter can be disabled with `set_option linter.dupNamespace false`
warning: Poincare/ModelLaplacian.lean:20189:8: The namespace 'RicciFlow' is duplicated in the declaration 'RicciFlow.RicciFlow.coordRiemann_const_eq_zero'

Note: This linter can be disabled with `set_option linter.dupNamespace false`
warning: Poincare/ModelLaplacian.lean:20208:8: The namespace 'RicciFlow' is duplicated in the declaration 'RicciFlow.RicciFlow.coordRicciEndo_comp_self_adjoint'

Note: This linter can be disabled with `set_option linter.dupNamespace false`
warning: Poincare/ModelLaplacian.lean:20235:8: The namespace 'RicciFlow' is duplicated in the declaration 'RicciFlow.RicciFlow.coordScalar_sq_le_finrank_mul_ricciNormSq'

Note: This linter can be disabled with `set_option linter.dupNamespace false`
warning: Poincare/ModelLaplacian.lean:20261:8: The namespace 'RicciFlow' is duplicated in the declaration 'RicciFlow.RicciFlow.riccati_reaction_bound'

Note: This linter can be disabled with `set_option linter.dupNamespace false`
warning: Poincare/ModelLaplacian.lean:20287:8: The namespace 'RicciFlow' is duplicated in the declaration 'RicciFlow.RicciFlow.coordRicciNormSq_nonneg'

Note: This linter can be disabled with `set_option linter.dupNamespace false`
warning: Poincare/ModelLaplacian.lean:20311:8: The namespace 'RicciFlow' is duplicated in the declaration 'RicciFlow.RicciFlow.coordRicciNormSq_eq_zero_of_ricci_flat'

Note: This linter can be disabled with `set_option linter.dupNamespace false`
warning: Poincare/ModelLaplacian.lean:20330:8: The namespace 'RicciFlow' is duplicated in the declaration 'RicciFlow.RicciFlow.sectionalNum_const_eq_zero'

Note: This linter can be disabled with `set_option linter.dupNamespace false`
warning: Poincare/ModelLaplacian.lean:20348:8: The namespace 'RicciFlow' is duplicated in the declaration 'RicciFlow.RicciFlow.ricciNormSq_ge_of_scalar_ge'

Note: This linter can be disabled with `set_option linter.dupNamespace false`
warning: Poincare/ModelLaplacian.lean:20373:8: The namespace 'RicciFlow' is duplicated in the declaration 'RicciFlow.RicciFlow.coordRiemann_neg_slot1'

Note: This linter can be disabled with `set_option linter.dupNamespace false`
warning: Poincare/ModelLaplacian.lean:20393:8: The namespace 'RicciFlow' is duplicated in the declaration 'RicciFlow.RicciFlow.ricciNormSq_ge_scalar_sq_div'

Note: This linter can be disabled with `set_option linter.dupNamespace false`
warning: Poincare/ModelLaplacian.lean:20418:8: The namespace 'RicciFlow' is duplicated in the declaration 'RicciFlow.RicciFlow.tensorMetricTrace_metric'

Note: This linter can be disabled with `set_option linter.dupNamespace false`
warning: Poincare/ModelLaplacian.lean:20448:8: The namespace 'RicciFlow' is duplicated in the declaration 'RicciFlow.RicciFlow.coordScalar_of_einstein'

Note: This linter can be disabled with `set_option linter.dupNamespace false`
warning: Poincare/ModelLaplacian.lean:20481:18: The namespace 'RicciFlow' is duplicated in the declaration 'RicciFlow.RicciFlow.constCurvatureForm'

Note: This linter can be disabled with `set_option linter.dupNamespace false`
warning: Poincare/ModelLaplacian.lean:20487:0: automatically included section variable(s) unused in theorem `RicciFlow.RicciFlow.constCurvatureForm_antisymm_left`:
  [FiniteDimensional ℝ E]
consider restructuring your `variable` declarations so that the variables are not in scope or explicitly omit them:
  omit [FiniteDimensional ℝ E] in theorem ...

Note: This linter can be disabled with `set_option linter.unusedSectionVars false`
warning: Poincare/ModelLaplacian.lean:20487:8: The namespace 'RicciFlow' is duplicated in the declaration 'RicciFlow.RicciFlow.constCurvatureForm_antisymm_left'

Note: This linter can be disabled with `set_option linter.dupNamespace false`
warning: Poincare/ModelLaplacian.lean:20495:0: automatically included section variable(s) unused in theorem `RicciFlow.RicciFlow.constCurvatureForm_antisymm_right`:
  [FiniteDimensional ℝ E]
consider restructuring your `variable` declarations so that the variables are not in scope or explicitly omit them:
  omit [FiniteDimensional ℝ E] in theorem ...

Note: This linter can be disabled with `set_option linter.unusedSectionVars false`
warning: Poincare/ModelLaplacian.lean:20495:8: The namespace 'RicciFlow' is duplicated in the declaration 'RicciFlow.RicciFlow.constCurvatureForm_antisymm_right'

Note: This linter can be disabled with `set_option linter.dupNamespace false`
warning: Poincare/ModelLaplacian.lean:20503:0: automatically included section variable(s) unused in theorem `RicciFlow.RicciFlow.constCurvatureForm_block_symm`:
  [FiniteDimensional ℝ E]
consider restructuring your `variable` declarations so that the variables are not in scope or explicitly omit them:
  omit [FiniteDimensional ℝ E] in theorem ...

Note: This linter can be disabled with `set_option linter.unusedSectionVars false`
warning: Poincare/ModelLaplacian.lean:20503:8: The namespace 'RicciFlow' is duplicated in the declaration 'RicciFlow.RicciFlow.constCurvatureForm_block_symm'

Note: This linter can be disabled with `set_option linter.dupNamespace false`
warning: Poincare/ModelLaplacian.lean:20523:0: automatically included section variable(s) unused in theorem `RicciFlow.RicciFlow.constCurvatureForm_first_bianchi`:
  [FiniteDimensional ℝ E]
consider restructuring your `variable` declarations so that the variables are not in scope or explicitly omit them:
  omit [FiniteDimensional ℝ E] in theorem ...

Note: This linter can be disabled with `set_option linter.unusedSectionVars false`
warning: Poincare/ModelLaplacian.lean:20523:8: The namespace 'RicciFlow' is duplicated in the declaration 'RicciFlow.RicciFlow.constCurvatureForm_first_bianchi'

Note: This linter can be disabled with `set_option linter.dupNamespace false`
warning: Poincare/ModelLaplacian.lean:20543:0: automatically included section variable(s) unused in theorem `RicciFlow.RicciFlow.constCurvatureForm_self_left`:
  [FiniteDimensional ℝ E]
consider restructuring your `variable` declarations so that the variables are not in scope or explicitly omit them:
  omit [FiniteDimensional ℝ E] in theorem ...

Note: This linter can be disabled with `set_option linter.unusedSectionVars false`
warning: Poincare/ModelLaplacian.lean:20543:8: The namespace 'RicciFlow' is duplicated in the declaration 'RicciFlow.RicciFlow.constCurvatureForm_self_left'

Note: This linter can be disabled with `set_option linter.dupNamespace false`
warning: Poincare/ModelLaplacian.lean:20550:0: automatically included section variable(s) unused in theorem `RicciFlow.RicciFlow.constCurvatureForm_self_right`:
  [FiniteDimensional ℝ E]
consider restructuring your `variable` declarations so that the variables are not in scope or explicitly omit them:
  omit [FiniteDimensional ℝ E] in theorem ...

Note: This linter can be disabled with `set_option linter.unusedSectionVars false`
warning: Poincare/ModelLaplacian.lean:20550:8: The namespace 'RicciFlow' is duplicated in the declaration 'RicciFlow.RicciFlow.constCurvatureForm_self_right'

Note: This linter can be disabled with `set_option linter.dupNamespace false`
warning: Poincare/ModelLaplacian.lean:20559:0: automatically included section variable(s) unused in theorem `RicciFlow.RicciFlow.constCurvatureForm_sectional`:
  [FiniteDimensional ℝ E]
consider restructuring your `variable` declarations so that the variables are not in scope or explicitly omit them:
  omit [FiniteDimensional ℝ E] in theorem ...

Note: This linter can be disabled with `set_option linter.unusedSectionVars false`
warning: Poincare/ModelLaplacian.lean:20559:8: The namespace 'RicciFlow' is duplicated in the declaration 'RicciFlow.RicciFlow.constCurvatureForm_sectional'

Note: This linter can be disabled with `set_option linter.dupNamespace false`
warning: Poincare/ModelLaplacian.lean:20580:8: The namespace 'RicciFlow' is duplicated in the declaration 'RicciFlow.RicciFlow.metric_basis_contraction'

Note: This linter can be disabled with `set_option linter.dupNamespace false`
warning: Poincare/ModelLaplacian.lean:20611:8: The namespace 'RicciFlow' is duplicated in the declaration 'RicciFlow.RicciFlow.constCurvatureForm_ricci_trace'

Note: This linter can be disabled with `set_option linter.dupNamespace false`
warning: Poincare/ModelLaplacian.lean:20655:8: The namespace 'RicciFlow' is duplicated in the declaration 'RicciFlow.RicciFlow.constCurvatureForm_scalar_trace'

Note: This linter can be disabled with `set_option linter.dupNamespace false`
warning: Poincare/ModelLaplacian.lean:20691:8: The namespace 'RicciFlow' is duplicated in the declaration 'RicciFlow.RicciFlow.coordRicciEndo_of_einstein'

Note: This linter can be disabled with `set_option linter.dupNamespace false`
warning: Poincare/ModelLaplacian.lean:20712:8: The namespace 'RicciFlow' is duplicated in the declaration 'RicciFlow.RicciFlow.coordRicciNormSq_of_einstein'

Note: This linter can be disabled with `set_option linter.dupNamespace false`
warning: Poincare/ModelLaplacian.lean:20739:8: The namespace 'RicciFlow' is duplicated in the declaration 'RicciFlow.RicciFlow.einstein_pinching_equality'

Note: This linter can be disabled with `set_option linter.dupNamespace false`
warning: Poincare/ModelLaplacian.lean:20763:0: automatically included section variable(s) unused in theorem `RicciFlow.RicciFlow.constCurvatureForm_add_slot1`:
  [FiniteDimensional ℝ E]
consider restructuring your `variable` declarations so that the variables are not in scope or explicitly omit them:
  omit [FiniteDimensional ℝ E] in theorem ...

Note: This linter can be disabled with `set_option linter.unusedSectionVars false`
warning: Poincare/ModelLaplacian.lean:20763:8: The namespace 'RicciFlow' is duplicated in the declaration 'RicciFlow.RicciFlow.constCurvatureForm_add_slot1'

Note: This linter can be disabled with `set_option linter.dupNamespace false`
warning: Poincare/ModelLaplacian.lean:20773:0: automatically included section variable(s) unused in theorem `RicciFlow.RicciFlow.constCurvatureForm_smul_slot1`:
  [FiniteDimensional ℝ E]
consider restructuring your `variable` declarations so that the variables are not in scope or explicitly omit them:
  omit [FiniteDimensional ℝ E] in theorem ...

Note: This linter can be disabled with `set_option linter.unusedSectionVars false`
warning: Poincare/ModelLaplacian.lean:20773:8: The namespace 'RicciFlow' is duplicated in the declaration 'RicciFlow.RicciFlow.constCurvatureForm_smul_slot1'

Note: This linter can be disabled with `set_option linter.dupNamespace false`
warning: Poincare/ModelLaplacian.lean:20793:8: The namespace 'RicciFlow' is duplicated in the declaration 'RicciFlow.RicciFlow.constCurvatureForm_double_antisymm'

Note: This linter can be disabled with `set_option linter.dupNamespace false`
warning: Poincare/ModelLaplacian.lean:20811:8: The namespace 'RicciFlow' is duplicated in the declaration 'RicciFlow.RicciFlow.constCurvatureForm_ricci_symm'

Note: This linter can be disabled with `set_option linter.dupNamespace false`
warning: Poincare/ModelLaplacian.lean:20834:0: automatically included section variable(s) unused in theorem `RicciFlow.RicciFlow.constCurvatureForm_add_slot2`:
  [FiniteDimensional ℝ E]
consider restructuring your `variable` declarations so that the variables are not in scope or explicitly omit them:
  omit [FiniteDimensional ℝ E] in theorem ...

Note: This linter can be disabled with `set_option linter.unusedSectionVars false`
warning: Poincare/ModelLaplacian.lean:20834:8: The namespace 'RicciFlow' is duplicated in the declaration 'RicciFlow.RicciFlow.constCurvatureForm_add_slot2'

Note: This linter can be disabled with `set_option linter.dupNamespace false`
warning: Poincare/ModelLaplacian.lean:20842:0: automatically included section variable(s) unused in theorem `RicciFlow.RicciFlow.constCurvatureForm_add_slot3`:
  [FiniteDimensional ℝ E]
consider restructuring your `variable` declarations so that the variables are not in scope or explicitly omit them:
  omit [FiniteDimensional ℝ E] in theorem ...

Note: This linter can be disabled with `set_option linter.unusedSectionVars false`
warning: Poincare/ModelLaplacian.lean:20847:22: This simp argument is unused:
  ContinuousLinearMap.add_apply

Hint: Omit it from the simp argument list.
  simp only [map_add,̵ ̵C̵o̵n̵t̵i̵n̵u̵o̵u̵s̵L̵i̵n̵e̵a̵r̵M̵a̵p̵.̵a̵d̵d̵_̵a̵p̵p̵l̵y̵]

Note: This linter can be disabled with `set_option linter.unusedSimpArgs false`
warning: Poincare/ModelLaplacian.lean:20842:8: The namespace 'RicciFlow' is duplicated in the declaration 'RicciFlow.RicciFlow.constCurvatureForm_add_slot3'

Note: This linter can be disabled with `set_option linter.dupNamespace false`
warning: Poincare/ModelLaplacian.lean:20851:0: automatically included section variable(s) unused in theorem `RicciFlow.RicciFlow.constCurvatureForm_add_slot4`:
  [FiniteDimensional ℝ E]
consider restructuring your `variable` declarations so that the variables are not in scope or explicitly omit them:
  omit [FiniteDimensional ℝ E] in theorem ...

Note: This linter can be disabled with `set_option linter.unusedSectionVars false`
warning: Poincare/ModelLaplacian.lean:20856:22: This simp argument is unused:
  ContinuousLinearMap.add_apply

Hint: Omit it from the simp argument list.
  simp only [map_add,̵ ̵C̵o̵n̵t̵i̵n̵u̵o̵u̵s̵L̵i̵n̵e̵a̵r̵M̵a̵p̵.̵a̵d̵d̵_̵a̵p̵p̵l̵y̵]

Note: This linter can be disabled with `set_option linter.unusedSimpArgs false`
warning: Poincare/ModelLaplacian.lean:20851:8: The namespace 'RicciFlow' is duplicated in the declaration 'RicciFlow.RicciFlow.constCurvatureForm_add_slot4'

Note: This linter can be disabled with `set_option linter.dupNamespace false`
warning: Poincare/ModelLaplacian.lean:20868:0: automatically included section variable(s) unused in theorem `RicciFlow.RicciFlow.constCurvatureForm_smul_slot2`:
  [FiniteDimensional ℝ E]
consider restructuring your `variable` declarations so that the variables are not in scope or explicitly omit them:
  omit [FiniteDimensional ℝ E] in theorem ...

Note: This linter can be disabled with `set_option linter.unusedSectionVars false`
warning: Poincare/ModelLaplacian.lean:20868:8: The namespace 'RicciFlow' is duplicated in the declaration 'RicciFlow.RicciFlow.constCurvatureForm_smul_slot2'

Note: This linter can be disabled with `set_option linter.dupNamespace false`
warning: Poincare/ModelLaplacian.lean:20875:0: automatically included section variable(s) unused in theorem `RicciFlow.RicciFlow.constCurvatureForm_smul_slot3`:
  [FiniteDimensional ℝ E]
consider restructuring your `variable` declarations so that the variables are not in scope or explicitly omit them:
  omit [FiniteDimensional ℝ E] in theorem ...

Note: This linter can be disabled with `set_option linter.unusedSectionVars false`
warning: Poincare/ModelLaplacian.lean:20879:23: This simp argument is unused:
  ContinuousLinearMap.smul_apply

Hint: Omit it from the simp argument list.
  simp only [map_smul, C̵o̵n̵t̵i̵n̵u̵o̵u̵s̵L̵i̵n̵e̵a̵r̵M̵a̵p̵.̵s̵m̵u̵l̵_̵a̵p̵p̵l̵y̵,̵ ̵smul_eq_mul]

Note: This linter can be disabled with `set_option linter.unusedSimpArgs false`
warning: Poincare/ModelLaplacian.lean:20875:8: The namespace 'RicciFlow' is duplicated in the declaration 'RicciFlow.RicciFlow.constCurvatureForm_smul_slot3'

Note: This linter can be disabled with `set_option linter.dupNamespace false`
warning: Poincare/ModelLaplacian.lean:20883:0: automatically included section variable(s) unused in theorem `RicciFlow.RicciFlow.constCurvatureForm_smul_slot4`:
  [FiniteDimensional ℝ E]
consider restructuring your `variable` declarations so that the variables are not in scope or explicitly omit them:
  omit [FiniteDimensional ℝ E] in theorem ...

Note: This linter can be disabled with `set_option linter.unusedSectionVars false`
warning: Poincare/ModelLaplacian.lean:20887:23: This simp argument is unused:
  ContinuousLinearMap.smul_apply

Hint: Omit it from the simp argument list.
  simp only [map_smul, C̵o̵n̵t̵i̵n̵u̵o̵u̵s̵L̵i̵n̵e̵a̵r̵M̵a̵p̵.̵s̵m̵u̵l̵_̵a̵p̵p̵l̵y̵,̵ ̵smul_eq_mul]

Note: This linter can be disabled with `set_option linter.unusedSimpArgs false`
warning: Poincare/ModelLaplacian.lean:20883:8: The namespace 'RicciFlow' is duplicated in the declaration 'RicciFlow.RicciFlow.constCurvatureForm_smul_slot4'

Note: This linter can be disabled with `set_option linter.dupNamespace false`
warning: Poincare/ModelLaplacian.lean:20901:8: The namespace 'RicciFlow' is duplicated in the declaration 'RicciFlow.RicciFlow.einstein_traceless_ricci'

Note: This linter can be disabled with `set_option linter.dupNamespace false`
warning: Poincare/ModelLaplacian.lean:20928:8: The namespace 'RicciFlow' is duplicated in the declaration 'RicciFlow.RicciFlow.einstein_ricci_flow_homothetic'

Note: This linter can be disabled with `set_option linter.dupNamespace false`
warning: Poincare/ModelLaplacian.lean:20947:8: The namespace 'RicciFlow' is duplicated in the declaration 'RicciFlow.RicciFlow.einstein_homothety_pos'

Note: This linter can be disabled with `set_option linter.dupNamespace false`
warning: Poincare/ModelLaplacian.lean:20967:8: The namespace 'RicciFlow' is duplicated in the declaration 'RicciFlow.RicciFlow.einstein_homothety_extinction'

Note: This linter can be disabled with `set_option linter.dupNamespace false`
warning: Poincare/ModelLaplacian.lean:20985:8: The namespace 'RicciFlow' is duplicated in the declaration 'RicciFlow.RicciFlow.round_sphere_extinction_eq_bound'

Note: This linter can be disabled with `set_option linter.dupNamespace false`
warning: Poincare/ModelLaplacian.lean:21002:8: The namespace 'RicciFlow' is duplicated in the declaration 'RicciFlow.RicciFlow.einstein_homothety_decreasing'

Note: This linter can be disabled with `set_option linter.dupNamespace false`
warning: Poincare/ModelLaplacian.lean:21019:8: The namespace 'RicciFlow' is duplicated in the declaration 'RicciFlow.RicciFlow.einstein_scalar_pos'

Note: This linter can be disabled with `set_option linter.dupNamespace false`
warning: Poincare/ModelLaplacian.lean:21043:8: The namespace 'RicciFlow' is duplicated in the declaration 'RicciFlow.RicciFlow.constCurvatureForm_normalized_sectional'

Note: This linter can be disabled with `set_option linter.dupNamespace false`
warning: Poincare/ModelLaplacian.lean:21063:8: The namespace 'RicciFlow' is duplicated in the declaration 'RicciFlow.RicciFlow.einstein_extinction_time_antitone'

Note: This linter can be disabled with `set_option linter.dupNamespace false`
warning: Poincare/ModelLaplacian.lean:21079:0: automatically included section variable(s) unused in theorem `RicciFlow.RicciFlow.constCurvatureForm_zero_curvature`:
  [FiniteDimensional ℝ E]
consider restructuring your `variable` declarations so that the variables are not in scope or explicitly omit them:
  omit [FiniteDimensional ℝ E] in theorem ...

Note: This linter can be disabled with `set_option linter.unusedSectionVars false`
warning: Poincare/ModelLaplacian.lean:21079:8: The namespace 'RicciFlow' is duplicated in the declaration 'RicciFlow.RicciFlow.constCurvatureForm_zero_curvature'

Note: This linter can be disabled with `set_option linter.dupNamespace false`
warning: Poincare/ModelLaplacian.lean:21086:0: automatically included section variable(s) unused in theorem `RicciFlow.RicciFlow.constCurvatureForm_add_curvature`:
  [FiniteDimensional ℝ E]
consider restructuring your `variable` declarations so that the variables are not in scope or explicitly omit them:
  omit [FiniteDimensional ℝ E] in theorem ...

Note: This linter can be disabled with `set_option linter.unusedSectionVars false`
warning: Poincare/ModelLaplacian.lean:21086:8: The namespace 'RicciFlow' is duplicated in the declaration 'RicciFlow.RicciFlow.constCurvatureForm_add_curvature'

Note: This linter can be disabled with `set_option linter.dupNamespace false`
warning: Poincare/ModelLaplacian.lean:21104:0: automatically included section variable(s) unused in theorem `RicciFlow.RicciFlow.constCurvatureForm_smul_curvature`:
  [FiniteDimensional ℝ E]
consider restructuring your `variable` declarations so that the variables are not in scope or explicitly omit them:
  omit [FiniteDimensional ℝ E] in theorem ...

Note: This linter can be disabled with `set_option linter.unusedSectionVars false`
warning: Poincare/ModelLaplacian.lean:21104:8: The namespace 'RicciFlow' is duplicated in the declaration 'RicciFlow.RicciFlow.constCurvatureForm_smul_curvature'

Note: This linter can be disabled with `set_option linter.dupNamespace false`
warning: Poincare/ModelLaplacian.lean:21122:0: automatically included section variable(s) unused in theorem `RicciFlow.RicciFlow.inverse_smul_eq`:
  [FiniteDimensional ℝ E]
consider restructuring your `variable` declarations so that the variables are not in scope or explicitly omit them:
  omit [FiniteDimensional ℝ E] in theorem ...

Note: This linter can be disabled with `set_option linter.unusedSectionVars false`
warning: Poincare/ModelLaplacian.lean:21127:10: This simp argument is unused:
  ContinuousLinearMap.smul_apply

Hint: Omit it from the simp argument list.
  s̵i̵m̵p̵ ̵[̵C̵o̵n̵t̵i̵n̵u̵o̵u̵s̵L̵i̵n̵e̵a̵r̵M̵a̵p̵.̵s̵m̵u̵l̵_̵a̵p̵p̵l̵y̵,̵ ̵m̵a̵p̵_̵s̵m̵u̵l̵,̵ ̵s̵m̵u̵l̵_̵s̵m̵u̵l̵,̵ ̵m̵u̵l̵_̵i̵n̵v̵_̵c̵a̵n̵c̵e̵l̵₀̵ ̵h̵c̵,̵
  ̵ ̵ ̵ ̵ ̵ ̵ ̵i̵n̵v̵_̵m̵u̵l̵_̵c̵a̵n̵c̵e̵l̵₀̵ ̵h̵c̵,̵ ̵o̵n̵e̵_̵s̵m̵u̵l̵,̵ ̵h̵A̵.̵s̵e̵l̵f̵_̵a̵p̵p̵l̵y̵_̵i̵n̵v̵e̵r̵s̵e̵]̵s̲i̲m̲p̲ ̲[̲m̲a̲p̲_̲s̲m̲u̲l̲,̲ ̲s̲m̲u̲l̲_̲s̲m̲u̲l̲,̲ ̲m̲u̲l̲_̲i̲n̲v̲_̲c̲a̲n̲c̲e̲l̲₀̲ ̲h̲c̲,̲ ̲i̲n̲v̲_̲m̲u̲l̲_̲c̲a̲n̲c̲e̲l̲₀̲ ̲h̲c̲,̲ ̲o̲n̲e̲_̲s̲m̲u̲l̲,̲
  ̲ ̲ ̲ ̲ ̲ ̲ ̲h̲A̲.̲s̲e̲l̲f̲_̲a̲p̲p̲l̲y̲_̲i̲n̲v̲e̲r̲s̲e̲]̲

Note: This linter can be disabled with `set_option linter.unusedSimpArgs false`
warning: Poincare/ModelLaplacian.lean:21127:42: This simp argument is unused:
  map_smul

Hint: Omit it from the simp argument list.
  simp [ContinuousLinearMap.smul_apply, m̵a̵p̵_̵s̵m̵u̵l̵,̵ ̵smul_smul, mul_inv_cancel₀ hc, inv_mul_cancel₀ hc,
  ̲  ̲ ̲ ̲ ̲ ̲one_smul, hA.self_apply_inverse]

Note: This linter can be disabled with `set_option linter.unusedSimpArgs false`
warning: Poincare/ModelLaplacian.lean:21127:63: This simp argument is unused:
  mul_inv_cancel₀ hc

Hint: Omit it from the simp argument list.
  simp [ContinuousLinearMap.smul_apply, map_smul, smul_smul, m̵u̵l̵_̵i̵n̵v̵_̵c̵a̵n̵c̵e̵l̵₀̵ ̵h̵c̵,̵inv_mul_cancel₀ hc, one_smul,
  ̲  ̲ ̲ ̲ ̲ ̲hA.self_apply_inverse]

Note: This linter can be disabled with `set_option linter.unusedSimpArgs false`
warning: Poincare/ModelLaplacian.lean:21130:10: This simp argument is unused:
  ContinuousLinearMap.smul_apply

Hint: Omit it from the simp argument list.
  s̵i̵m̵p̵ ̵[̵C̵o̵n̵t̵i̵n̵u̵o̵u̵s̵L̵i̵n̵e̵a̵r̵M̵a̵p̵.̵s̵m̵u̵l̵_̵a̵p̵p̵l̵y̵,̵ ̵m̵a̵p̵_̵s̵m̵u̵l̵,̵ ̵s̵m̵u̵l̵_̵s̵m̵u̵l̵,̵ ̵m̵u̵l̵_̵i̵n̵v̵_̵c̵a̵n̵c̵e̵l̵₀̵ ̵h̵c̵,̵
  ̵ ̵ ̵ ̵ ̵ ̵ ̵i̵n̵v̵_̵m̵u̵l̵_̵c̵a̵n̵c̵e̵l̵₀̵ ̵h̵c̵,̵ ̵o̵n̵e̵_̵s̵m̵u̵l̵,̵ ̵h̵A̵.̵i̵n̵v̵e̵r̵s̵e̵_̵a̵p̵p̵l̵y̵_̵s̵e̵l̵f̵]̵s̲i̲m̲p̲ ̲[̲m̲a̲p̲_̲s̲m̲u̲l̲,̲ ̲s̲m̲u̲l̲_̲s̲m̲u̲l̲,̲ ̲m̲u̲l̲_̲i̲n̲v̲_̲c̲a̲n̲c̲e̲l̲₀̲ ̲h̲c̲,̲ ̲i̲n̲v̲_̲m̲u̲l̲_̲c̲a̲n̲c̲e̲l̲₀̲ ̲h̲c̲,̲ ̲o̲n̲e̲_̲s̲m̲u̲l̲,̲
  ̲ ̲ ̲ ̲ ̲ ̲ ̲h̲A̲.̲i̲n̲v̲e̲r̲s̲e̲_̲a̲p̲p̲l̲y̲_̲s̲e̲l̲f̲]̲

Note: This linter can be disabled with `set_option linter.unusedSimpArgs false`
warning: Poincare/ModelLaplacian.lean:21130:42: This simp argument is unused:
  map_smul

Hint: Omit it from the simp argument list.
  simp [ContinuousLinearMap.smul_apply, m̵a̵p̵_̵s̵m̵u̵l̵,̵ ̵smul_smul, mul_inv_cancel₀ hc, inv_mul_cancel₀ hc,
  ̲  ̲ ̲ ̲ ̲ ̲one_smul, hA.inverse_apply_self]

Note: This linter can be disabled with `set_option linter.unusedSimpArgs false`
warning: Poincare/ModelLaplacian.lean:21131:6: This simp argument is unused:
  inv_mul_cancel₀ hc

Hint: Omit it from the simp argument list.
  simp [ContinuousLinearMap.smul_apply, map_smul, smul_smul, mul_inv_cancel₀ hc, i̵n̵v̵_̵m̵u̵l̵_̵c̵a̵n̵c̵e̵l̵₀̵ ̵h̵c̵,̵ ̵one_smul,
  ̲  ̲ ̲ ̲ ̲ ̲hA.inverse_apply_self]

Note: This linter can be disabled with `set_option linter.unusedSimpArgs false`
warning: Poincare/ModelLaplacian.lean:21122:8: The namespace 'RicciFlow' is duplicated in the declaration 'RicciFlow.RicciFlow.inverse_smul_eq'

Note: This linter can be disabled with `set_option linter.dupNamespace false`
warning: Poincare/ModelLaplacian.lean:21151:10: This simp argument is unused:
  ContinuousLinearMap.smul_apply

Hint: Omit it from the simp argument list.
  s̵i̵m̵p̵ ̵[̵C̵o̵n̵t̵i̵n̵u̵o̵u̵s̵L̵i̵n̵e̵a̵r̵M̵a̵p̵.̵s̵m̵u̵l̵_̵a̵p̵p̵l̵y̵,̵ ̵m̵a̵p̵_̵s̵m̵u̵l̵,̵ ̵s̵m̵u̵l̵_̵s̵m̵u̵l̵,̵ ̵m̵u̵l̵_̵i̵n̵v̵_̵c̵a̵n̵c̵e̵l̵₀̵ ̵h̵c̵,̵
  ̵ ̵ ̵ ̵ ̵ ̵ ̵i̵n̵v̵_̵m̵u̵l̵_̵c̵a̵n̵c̵e̵l̵₀̵ ̵h̵c̵,̵ ̵o̵n̵e̵_̵s̵m̵u̵l̵,̵ ̵h̵A̵.̵s̵e̵l̵f̵_̵a̵p̵p̵l̵y̵_̵i̵n̵v̵e̵r̵s̵e̵]̵s̲i̲m̲p̲ ̲[̲m̲a̲p̲_̲s̲m̲u̲l̲,̲ ̲s̲m̲u̲l̲_̲s̲m̲u̲l̲,̲ ̲m̲u̲l̲_̲i̲n̲v̲_̲c̲a̲n̲c̲e̲l̲₀̲ ̲h̲c̲,̲ ̲i̲n̲v̲_̲m̲u̲l̲_̲c̲a̲n̲c̲e̲l̲₀̲ ̲h̲c̲,̲ ̲o̲n̲e̲_̲s̲m̲u̲l̲,̲
  ̲ ̲ ̲ ̲ ̲ ̲ ̲h̲A̲.̲s̲e̲l̲f̲_̲a̲p̲p̲l̲y̲_̲i̲n̲v̲e̲r̲s̲e̲]̲

Note: This linter can be disabled with `set_option linter.unusedSimpArgs false`
warning: Poincare/ModelLaplacian.lean:21151:42: This simp argument is unused:
  map_smul

Hint: Omit it from the simp argument list.
  simp [ContinuousLinearMap.smul_apply, m̵a̵p̵_̵s̵m̵u̵l̵,̵ ̵smul_smul, mul_inv_cancel₀ hc, inv_mul_cancel₀ hc,
  ̲  ̲ ̲ ̲ ̲ ̲one_smul, hA.self_apply_inverse]

Note: This linter can be disabled with `set_option linter.unusedSimpArgs false`
warning: Poincare/ModelLaplacian.lean:21151:63: This simp argument is unused:
  mul_inv_cancel₀ hc

Hint: Omit it from the simp argument list.
  simp [ContinuousLinearMap.smul_apply, map_smul, smul_smul, m̵u̵l̵_̵i̵n̵v̵_̵c̵a̵n̵c̵e̵l̵₀̵ ̵h̵c̵,̵inv_mul_cancel₀ hc, one_smul,
  ̲  ̲ ̲ ̲ ̲ ̲hA.self_apply_inverse]

Note: This linter can be disabled with `set_option linter.unusedSimpArgs false`
warning: Poincare/ModelLaplacian.lean:21154:10: This simp argument is unused:
  ContinuousLinearMap.smul_apply

Hint: Omit it from the simp argument list.
  s̵i̵m̵p̵ ̵[̵C̵o̵n̵t̵i̵n̵u̵o̵u̵s̵L̵i̵n̵e̵a̵r̵M̵a̵p̵.̵s̵m̵u̵l̵_̵a̵p̵p̵l̵y̵,̵ ̵m̵a̵p̵_̵s̵m̵u̵l̵,̵ ̵s̵m̵u̵l̵_̵s̵m̵u̵l̵,̵ ̵m̵u̵l̵_̵i̵n̵v̵_̵c̵a̵n̵c̵e̵l̵₀̵ ̵h̵c̵,̵
  ̵ ̵ ̵ ̵ ̵ ̵ ̵i̵n̵v̵_̵m̵u̵l̵_̵c̵a̵n̵c̵e̵l̵₀̵ ̵h̵c̵,̵ ̵o̵n̵e̵_̵s̵m̵u̵l̵,̵ ̵h̵A̵.̵i̵n̵v̵e̵r̵s̵e̵_̵a̵p̵p̵l̵y̵_̵s̵e̵l̵f̵]̵s̲i̲m̲p̲ ̲[̲m̲a̲p̲_̲s̲m̲u̲l̲,̲ ̲s̲m̲u̲l̲_̲s̲m̲u̲l̲,̲ ̲m̲u̲l̲_̲i̲n̲v̲_̲c̲a̲n̲c̲e̲l̲₀̲ ̲h̲c̲,̲ ̲i̲n̲v̲_̲m̲u̲l̲_̲c̲a̲n̲c̲e̲l̲₀̲ ̲h̲c̲,̲ ̲o̲n̲e̲_̲s̲m̲u̲l̲,̲
  ̲ ̲ ̲ ̲ ̲ ̲ ̲h̲A̲.̲i̲n̲v̲e̲r̲s̲e̲_̲a̲p̲p̲l̲y̲_̲s̲e̲l̲f̲]̲

Note: This linter can be disabled with `set_option linter.unusedSimpArgs false`
warning: Poincare/ModelLaplacian.lean:21154:42: This simp argument is unused:
  map_smul

Hint: Omit it from the simp argument list.
  simp [ContinuousLinearMap.smul_apply, m̵a̵p̵_̵s̵m̵u̵l̵,̵ ̵smul_smul, mul_inv_cancel₀ hc, inv_mul_cancel₀ hc,
  ̲  ̲ ̲ ̲ ̲ ̲one_smul, hA.inverse_apply_self]

Note: This linter can be disabled with `set_option linter.unusedSimpArgs false`
warning: Poincare/ModelLaplacian.lean:21155:6: This simp argument is unused:
  inv_mul_cancel₀ hc

Hint: Omit it from the simp argument list.
  simp [ContinuousLinearMap.smul_apply, map_smul, smul_smul, mul_inv_cancel₀ hc, i̵n̵v̵_̵m̵u̵l̵_̵c̵a̵n̵c̵e̵l̵₀̵ ̵h̵c̵,̵ ̵one_smul,
  ̲  ̲ ̲ ̲ ̲ ̲hA.inverse_apply_self]

Note: This linter can be disabled with `set_option linter.unusedSimpArgs false`
warning: Poincare/ModelLaplacian.lean:21144:8: The namespace 'RicciFlow' is duplicated in the declaration 'RicciFlow.RicciFlow.inverse_smul_eq''

Note: This linter can be disabled with `set_option linter.dupNamespace false`
warning: Poincare/ModelLaplacian.lean:21162:8: The namespace 'RicciFlow' is duplicated in the declaration 'RicciFlow.RicciFlow.christoffelClosedOp_smul_metric'

Note: This linter can be disabled with `set_option linter.dupNamespace false`
warning: Poincare/ModelLaplacian.lean:21185:8: The namespace 'RicciFlow' is duplicated in the declaration 'RicciFlow.RicciFlow.coordCurvatureOp_smul_metric'

Note: This linter can be disabled with `set_option linter.dupNamespace false`
warning: Poincare/ModelLaplacian.lean:21216:8: The namespace 'RicciFlow' is duplicated in the declaration 'RicciFlow.RicciFlow.coordRicci_smul_metric'

Note: This linter can be disabled with `set_option linter.dupNamespace false`
warning: Poincare/ModelLaplacian.lean:21238:8: The namespace 'RicciFlow' is duplicated in the declaration 'RicciFlow.RicciFlow.coordRiemann_smul_metric'

Note: This linter can be disabled with `set_option linter.dupNamespace false`
warning: Poincare/ModelLaplacian.lean:21261:8: The namespace 'RicciFlow' is duplicated in the declaration 'RicciFlow.RicciFlow.sectionalNum_smul_metric'

Note: This linter can be disabled with `set_option linter.dupNamespace false`
warning: Poincare/ModelLaplacian.lean:21283:8: The namespace 'RicciFlow' is duplicated in the declaration 'RicciFlow.RicciFlow.coordScalar_smul_metric'

Note: This linter can be disabled with `set_option linter.dupNamespace false`
warning: Poincare/ModelLaplacian.lean:21320:8: The namespace 'RicciFlow' is duplicated in the declaration 'RicciFlow.RicciFlow.einstein_smul_metric'

Note: This linter can be disabled with `set_option linter.dupNamespace false`
warning: Poincare/ModelLaplacian.lean:21345:8: The namespace 'RicciFlow' is duplicated in the declaration 'RicciFlow.RicciFlow.round_sphere_scalar_increasing'

Note: This linter can be disabled with `set_option linter.dupNamespace false`
warning: Poincare/ModelLaplacian.lean:21365:8: The namespace 'RicciFlow' is duplicated in the declaration 'RicciFlow.RicciFlow.round_sphere_ricci_const'

Note: This linter can be disabled with `set_option linter.dupNamespace false`
warning: Poincare/ModelLaplacian.lean:21386:49: unused variable `ht₁`

Note: This linter can be disabled with `set_option linter.unusedVariables false`
warning: Poincare/ModelLaplacian.lean:21385:8: The namespace 'RicciFlow' is duplicated in the declaration 'RicciFlow.RicciFlow.round_sphere_scalar_monotone'

Note: This linter can be disabled with `set_option linter.dupNamespace false`
warning: Poincare/ModelLaplacian.lean:21405:8: The namespace 'RicciFlow' is duplicated in the declaration 'RicciFlow.RicciFlow.round_sphere_scalar_blowup'

Note: This linter can be disabled with `set_option linter.dupNamespace false`
warning: Poincare/ModelLaplacian.lean:21436:8: The namespace 'RicciFlow' is duplicated in the declaration 'RicciFlow.RicciFlow.round_sphere_scalar_pos_along_flow'

Note: This linter can be disabled with `set_option linter.dupNamespace false`
warning: Poincare/ModelLaplacian.lean:21455:8: The namespace 'RicciFlow' is duplicated in the declaration 'RicciFlow.RicciFlow.round_sphere_scalar_hasDerivAt'

Note: This linter can be disabled with `set_option linter.dupNamespace false`
warning: Poincare/ModelLaplacian.lean:21481:17: unused variable `hfac`

Note: This linter can be disabled with `set_option linter.unusedVariables false`
warning: Poincare/ModelLaplacian.lean:21480:8: The namespace 'RicciFlow' is duplicated in the declaration 'RicciFlow.RicciFlow.round_sphere_riccati'

Note: This linter can be disabled with `set_option linter.dupNamespace false`
warning: Poincare/ModelLaplacian.lean:21498:8: The namespace 'RicciFlow' is duplicated in the declaration 'RicciFlow.RicciFlow.round_sphere_ricciNormSq_blowup'

Note: This linter can be disabled with `set_option linter.dupNamespace false`
warning: Poincare/ModelLaplacian.lean:21533:23: unused variable `hfac`

Note: This linter can be disabled with `set_option linter.unusedVariables false`
warning: Poincare/ModelLaplacian.lean:21532:8: The namespace 'RicciFlow' is duplicated in the declaration 'RicciFlow.RicciFlow.round_sphere_pinching_preserved'

Note: This linter can be disabled with `set_option linter.dupNamespace false`
warning: Poincare/ModelLaplacian.lean:21551:8: The namespace 'RicciFlow' is duplicated in the declaration 'RicciFlow.RicciFlow.einstein_normalized_ricci_flow_stationary'

Note: This linter can be disabled with `set_option linter.dupNamespace false`
warning: Poincare/ModelLaplacian.lean:21574:8: The namespace 'RicciFlow' is duplicated in the declaration 'RicciFlow.RicciFlow.normalized_ricci_flow_eq_traceless'

Note: This linter can be disabled with `set_option linter.dupNamespace false`
warning: Poincare/ModelLaplacian.lean:21592:8: The namespace 'RicciFlow' is duplicated in the declaration 'RicciFlow.RicciFlow.traceless_ricci_zero_iff'

Note: This linter can be disabled with `set_option linter.dupNamespace false`
warning: Poincare/ModelLaplacian.lean:21610:8: The namespace 'RicciFlow' is duplicated in the declaration 'RicciFlow.RicciFlow.pinching_gap_nonneg'

Note: This linter can be disabled with `set_option linter.dupNamespace false`
warning: Poincare/ModelLaplacian.lean:21634:8: The namespace 'RicciFlow' is duplicated in the declaration 'RicciFlow.RicciFlow.round_sphere_pinching_gap_zero'

Note: This linter can be disabled with `set_option linter.dupNamespace false`
warning: Poincare/ModelLaplacian.lean:21652:8: The namespace 'RicciFlow' is duplicated in the declaration 'RicciFlow.RicciFlow.round_sphere_extinction_times_scalar'

Note: This linter can be disabled with `set_option linter.dupNamespace false`
warning: Poincare/ModelLaplacian.lean:21669:8: The namespace 'RicciFlow' is duplicated in the declaration 'RicciFlow.RicciFlow.round_sphere_ricci_flow_neg_def'

Note: This linter can be disabled with `set_option linter.dupNamespace false`
warning: Poincare/ModelLaplacian.lean:21690:8: The namespace 'RicciFlow' is duplicated in the declaration 'RicciFlow.RicciFlow.round_sphere_ricci_scalar_ratio_const'

Note: This linter can be disabled with `set_option linter.dupNamespace false`
warning: Poincare/ModelLaplacian.lean:21709:8: The namespace 'RicciFlow' is duplicated in the declaration 'RicciFlow.RicciFlow.tracelessRicciNormSq_eq_gap_div'

Note: This linter can be disabled with `set_option linter.dupNamespace false`
warning: Poincare/ModelLaplacian.lean:21721:8: The namespace 'RicciFlow' is duplicated in the declaration 'RicciFlow.RicciFlow.tracelessRicciNormSq_nonneg'

Note: This linter can be disabled with `set_option linter.dupNamespace false`
warning: Poincare/ModelLaplacian.lean:21751:5: unused variable `hn`

Note: This linter can be disabled with `set_option linter.unusedVariables false`
warning: Poincare/ModelLaplacian.lean:21745:8: The namespace 'RicciFlow' is duplicated in the declaration 'RicciFlow.RicciFlow.einstein_tracelessRicciNormSq_eq_zero'

Note: This linter can be disabled with `set_option linter.dupNamespace false`
warning: Poincare/ModelLaplacian.lean:21771:8: The namespace 'RicciFlow' is duplicated in the declaration 'RicciFlow.RicciFlow.pinching_gap_eq_n_mul_tracelessNormSq'

Note: This linter can be disabled with `set_option linter.dupNamespace false`
warning: Poincare/ModelLaplacian.lean:21793:8: The namespace 'RicciFlow' is duplicated in the declaration 'RicciFlow.RicciFlow.tracelessRicciNormSq_eq_zero_iff_saturated'

Note: This linter can be disabled with `set_option linter.dupNamespace false`
warning: Poincare/ModelLaplacian.lean:21815:8: The namespace 'RicciFlow' is duplicated in the declaration 'RicciFlow.RicciFlow.round_sphere_tracelessRicciNormSq_zero'

Note: This linter can be disabled with `set_option linter.dupNamespace false`
warning: Poincare/ModelLaplacian.lean:21835:8: The namespace 'RicciFlow' is duplicated in the declaration 'RicciFlow.RicciFlow.einstein_const_eq_scalar_div'

Note: This linter can be disabled with `set_option linter.dupNamespace false`
warning: Poincare/ModelLaplacian.lean:21859:8: The namespace 'RicciFlow' is duplicated in the declaration 'RicciFlow.RicciFlow.tracelessRicci_metricTrace_zero'

Note: This linter can be disabled with `set_option linter.dupNamespace false`
warning: Poincare/ModelLaplacian.lean:21890:8: The namespace 'RicciFlow' is duplicated in the declaration 'RicciFlow.RicciFlow.tensorMetricTrace_sub'

Note: This linter can be disabled with `set_option linter.dupNamespace false`
warning: Poincare/ModelLaplacian.lean:21912:8: The namespace 'RicciFlow' is duplicated in the declaration 'RicciFlow.RicciFlow.normalized_ricci_flow_direction_traceFree'

Note: This linter can be disabled with `set_option linter.dupNamespace false`
warning: Poincare/ModelLaplacian.lean:21937:8: The namespace 'RicciFlow' is duplicated in the declaration 'RicciFlow.RicciFlow.tensorMetricTrace_add'

Note: This linter can be disabled with `set_option linter.dupNamespace false`
warning: Poincare/ModelLaplacian.lean:21958:8: The namespace 'RicciFlow' is duplicated in the declaration 'RicciFlow.RicciFlow.tensorMetricTrace_smul_metric'

Note: This linter can be disabled with `set_option linter.dupNamespace false`
warning: Poincare/ModelLaplacian.lean:21978:8: The namespace 'RicciFlow' is duplicated in the declaration 'RicciFlow.RicciFlow.lichnerowiczLaplacian_metric_trace'

Note: This linter can be disabled with `set_option linter.dupNamespace false`
warning: Poincare/ModelLaplacian.lean:22006:8: The namespace 'RicciFlow' is duplicated in the declaration 'RicciFlow.RicciFlow.neg_lichnerowiczLaplacian_metric_trace'

Note: This linter can be disabled with `set_option linter.dupNamespace false`
warning: Poincare/ModelLaplacian.lean:22032:8: The namespace 'RicciFlow' is duplicated in the declaration 'RicciFlow.RicciFlow.einstein_lichnerowiczLaplacian_metric_trace'

Note: This linter can be disabled with `set_option linter.dupNamespace false`
warning: Poincare/ModelLaplacian.lean:22059:8: The namespace 'RicciFlow' is duplicated in the declaration 'RicciFlow.RicciFlow.einstein_lichnerowiczLaplacian_metric_trace_pos'

Note: This linter can be disabled with `set_option linter.dupNamespace false`
warning: Poincare/ModelLaplacian.lean:22085:8: The namespace 'RicciFlow' is duplicated in the declaration 'RicciFlow.RicciFlow.connectionLaplacian_metric_trace_eq_zero'

Note: This linter can be disabled with `set_option linter.dupNamespace false`
warning: Poincare/ModelLaplacian.lean:22108:8: The namespace 'RicciFlow' is duplicated in the declaration 'RicciFlow.RicciFlow.ricciActionOnTensor_metric_trace'

Note: This linter can be disabled with `set_option linter.dupNamespace false`
warning: Poincare/ModelLaplacian.lean:22137:8: The namespace 'RicciFlow' is duplicated in the declaration 'RicciFlow.RicciFlow.lichnerowiczCurvature_metric_trace_eq_zero'

Note: This linter can be disabled with `set_option linter.dupNamespace false`
warning: Poincare/ModelLaplacian.lean:22161:8: The namespace 'RicciFlow' is duplicated in the declaration 'RicciFlow.RicciFlow.lichnerowiczLaplacian_metric_trace_decompose'

Note: This linter can be disabled with `set_option linter.dupNamespace false`
warning: Poincare/ModelLaplacian.lean:22187:8: The namespace 'RicciFlow' is duplicated in the declaration 'RicciFlow.RicciFlow.half_lichnerowiczLaplacian_metric_trace'

Note: This linter can be disabled with `set_option linter.dupNamespace false`
warning: Poincare/ModelLaplacian.lean:22212:8: The namespace 'RicciFlow' is duplicated in the declaration 'RicciFlow.RicciFlow.einstein_half_lichnerowiczLaplacian_metric_trace'

Note: This linter can be disabled with `set_option linter.dupNamespace false`
warning: Poincare/ModelLaplacian.lean:22238:8: The namespace 'RicciFlow' is duplicated in the declaration 'RicciFlow.RicciFlow.constCurvatureForm_scalar_trace_standard'

Note: This linter can be disabled with `set_option linter.dupNamespace false`
warning: Poincare/ModelLaplacian.lean:22265:8: The namespace 'RicciFlow' is duplicated in the declaration 'RicciFlow.RicciFlow.constCurvatureForm_scalar_trace_pos'

Note: This linter can be disabled with `set_option linter.dupNamespace false`
warning: Poincare/ModelLaplacian.lean:22294:0: automatically included section variable(s) unused in theorem `RicciFlow.RicciFlow.constCurvatureForm_ricci_const_pos`:
  [FiniteDimensional ℝ E]
consider restructuring your `variable` declarations so that the variables are not in scope or explicitly omit them:
  omit [FiniteDimensional ℝ E] in theorem ...

Note: This linter can be disabled with `set_option linter.unusedSectionVars false`
warning: Poincare/ModelLaplacian.lean:22294:8: The namespace 'RicciFlow' is duplicated in the declaration 'RicciFlow.RicciFlow.constCurvatureForm_ricci_const_pos'

Note: This linter can be disabled with `set_option linter.dupNamespace false`
warning: Poincare/ModelLaplacian.lean:22312:8: The namespace 'RicciFlow' is duplicated in the declaration 'RicciFlow.RicciFlow.constCurvatureForm_extinction_pos'

Note: This linter can be disabled with `set_option linter.dupNamespace false`
warning: Poincare/ModelLaplacian.lean:22330:0: automatically included section variable(s) unused in theorem `RicciFlow.RicciFlow.constCurvatureForm_extinction_times_scalar`:
  [FiniteDimensional ℝ E]
consider restructuring your `variable` declarations so that the variables are not in scope or explicitly omit them:
  omit [FiniteDimensional ℝ E] in theorem ...

Note: This linter can be disabled with `set_option linter.unusedSectionVars false`
warning: Poincare/ModelLaplacian.lean:22330:8: The namespace 'RicciFlow' is duplicated in the declaration 'RicciFlow.RicciFlow.constCurvatureForm_extinction_times_scalar'

Note: This linter can be disabled with `set_option linter.dupNamespace false`
warning: Poincare/ModelLaplacian.lean:22351:8: The namespace 'RicciFlow' is duplicated in the declaration 'RicciFlow.RicciFlow.constCurvatureForm_sectional_orthonormal'

Note: This linter can be disabled with `set_option linter.dupNamespace false`
warning: Poincare/ModelLaplacian.lean:22372:8: The namespace 'RicciFlow' is duplicated in the declaration 'RicciFlow.RicciFlow.constCurvatureForm_sectional_orthonormal_pos'

Note: This linter can be disabled with `set_option linter.dupNamespace false`
warning: Poincare/ModelLaplacian.lean:22393:8: The namespace 'RicciFlow' is duplicated in the declaration 'RicciFlow.RicciFlow.constCurvatureForm_sectional_isotropic'

Note: This linter can be disabled with `set_option linter.dupNamespace false`
warning: Poincare/ModelLaplacian.lean:22415:0: automatically included section variable(s) unused in theorem `RicciFlow.RicciFlow.constCurvatureForm_ricci_const_eq_sectional`:
  [FiniteDimensional ℝ E]
consider restructuring your `variable` declarations so that the variables are not in scope or explicitly omit them:
  omit [FiniteDimensional ℝ E] in theorem ...

Note: This linter can be disabled with `set_option linter.unusedSectionVars false`
warning: Poincare/ModelLaplacian.lean:22415:8: The namespace 'RicciFlow' is duplicated in the declaration 'RicciFlow.RicciFlow.constCurvatureForm_ricci_const_eq_sectional'

Note: This linter can be disabled with `set_option linter.dupNamespace false`
warning: Poincare/ModelLaplacian.lean:22432:8: The namespace 'RicciFlow' is duplicated in the declaration 'RicciFlow.RicciFlow.coordRicciNormSq_of_einstein_pos'

Note: This linter can be disabled with `set_option linter.dupNamespace false`
warning: Poincare/ModelLaplacian.lean:22456:8: The namespace 'RicciFlow' is duplicated in the declaration 'RicciFlow.RicciFlow.ricciDivergence_eq_zero_of_scalar_const'

Note: This linter can be disabled with `set_option linter.dupNamespace false`
warning: Poincare/ModelLaplacian.lean:22484:8: The namespace 'RicciFlow' is duplicated in the declaration 'RicciFlow.RicciFlow.ricciDivergenceForm_eq_zero_of_scalar_const'

Note: This linter can be disabled with `set_option linter.dupNamespace false`
warning: Poincare/ModelLaplacian.lean:22515:8: The namespace 'RicciFlow' is duplicated in the declaration 'RicciFlow.RicciFlow.einstein_tensor_divergence_free'

Note: This linter can be disabled with `set_option linter.dupNamespace false`
warning: Poincare/ModelLaplacian.lean:22545:8: The namespace 'RicciFlow' is duplicated in the declaration 'RicciFlow.RicciFlow.fderiv_coordScalar_eq_zero_of_ricciDivergence_zero'

Note: This linter can be disabled with `set_option linter.dupNamespace false`
warning: Poincare/ModelLaplacian.lean:22576:8: The namespace 'RicciFlow' is duplicated in the declaration 'RicciFlow.RicciFlow.ricciDivergence_zero_iff_scalar_const'

Note: This linter can be disabled with `set_option linter.dupNamespace false`
warning: Poincare/ModelLaplacian.lean:22608:8: The namespace 'RicciFlow' is duplicated in the declaration 'RicciFlow.RicciFlow.einstein_tensor_divergence_free_apply'

Note: This linter can be disabled with `set_option linter.dupNamespace false`
warning: Poincare/ModelLaplacian.lean:22636:8: The namespace 'RicciFlow' is duplicated in the declaration 'RicciFlow.RicciFlow.fderiv_coordScalar_apply_eq_two_ricciDivergence'

Note: This linter can be disabled with `set_option linter.dupNamespace false`
warning: Poincare/ModelLaplacian.lean:22664:8: The namespace 'RicciFlow' is duplicated in the declaration 'RicciFlow.RicciFlow.coordScalar_eq_zero_of_ricci_flat'

Note: This linter can be disabled with `set_option linter.dupNamespace false`
warning: Poincare/ModelLaplacian.lean:22684:8: The namespace 'RicciFlow' is duplicated in the declaration 'RicciFlow.RicciFlow.ricci_flat_flow_static'

Note: This linter can be disabled with `set_option linter.dupNamespace false`
warning: Poincare/ModelLaplacian.lean:22704:8: The namespace 'RicciFlow' is duplicated in the declaration 'RicciFlow.RicciFlow.ricci_flat_pinching_gap_zero'

Note: This linter can be disabled with `set_option linter.dupNamespace false`
warning: Poincare/ModelLaplacian.lean:22726:8: The namespace 'RicciFlow' is duplicated in the declaration 'RicciFlow.RicciFlow.einstein_homothety_pos_of_neg'

Note: This linter can be disabled with `set_option linter.dupNamespace false`
warning: Poincare/ModelLaplacian.lean:22744:8: The namespace 'RicciFlow' is duplicated in the declaration 'RicciFlow.RicciFlow.einstein_homothety_increasing_of_neg'

Note: This linter can be disabled with `set_option linter.dupNamespace false`
warning: Poincare/ModelLaplacian.lean:22763:8: The namespace 'RicciFlow' is duplicated in the declaration 'RicciFlow.RicciFlow.hyperbolic_scalar_neg'

Note: This linter can be disabled with `set_option linter.dupNamespace false`
warning: Poincare/ModelLaplacian.lean:22781:8: The namespace 'RicciFlow' is duplicated in the declaration 'RicciFlow.RicciFlow.hyperbolic_scalar_tendsto_zero'

Note: This linter can be disabled with `set_option linter.dupNamespace false`
warning: Poincare/ModelLaplacian.lean:22807:8: The namespace 'RicciFlow' is duplicated in the declaration 'RicciFlow.RicciFlow.hyperbolic_ricciNormSq_tendsto_zero'

Note: This linter can be disabled with `set_option linter.dupNamespace false`
warning: Poincare/ModelLaplacian.lean:22835:8: The namespace 'RicciFlow' is duplicated in the declaration 'RicciFlow.RicciFlow.einstein_homothety_tendsto_atTop_of_neg'

Note: This linter can be disabled with `set_option linter.dupNamespace false`
warning: Poincare/ModelLaplacian.lean:22856:8: The namespace 'RicciFlow' is duplicated in the declaration 'RicciFlow.RicciFlow.hyperbolic_metric_pos_def'

Note: This linter can be disabled with `set_option linter.dupNamespace false`
warning: Poincare/ModelLaplacian.lean:22874:8: The namespace 'RicciFlow' is duplicated in the declaration 'RicciFlow.RicciFlow.round_sphere_metric_degenerate_past_extinction'

Note: This linter can be disabled with `set_option linter.dupNamespace false`
warning: Poincare/ModelLaplacian.lean:22894:8: The namespace 'RicciFlow' is duplicated in the declaration 'RicciFlow.RicciFlow.round_sphere_ancient'

Note: This linter can be disabled with `set_option linter.dupNamespace false`
warning: Poincare/ModelLaplacian.lean:22912:8: The namespace 'RicciFlow' is duplicated in the declaration 'RicciFlow.RicciFlow.round_sphere_homothety_decreasing'

Note: This linter can be disabled with `set_option linter.dupNamespace false`
warning: Poincare/ModelLaplacian.lean:22930:8: The namespace 'RicciFlow' is duplicated in the declaration 'RicciFlow.RicciFlow.round_sphere_ancient_scalar_bounded'

Note: This linter can be disabled with `set_option linter.dupNamespace false`
warning: Poincare/ModelLaplacian.lean:22950:8: The namespace 'RicciFlow' is duplicated in the declaration 'RicciFlow.RicciFlow.round_sphere_ancient_scalar_pos'

Note: This linter can be disabled with `set_option linter.dupNamespace false`
warning: Poincare/ModelLaplacian.lean:22970:8: The namespace 'RicciFlow' is duplicated in the declaration 'RicciFlow.RicciFlow.round_sphere_kappa_solution_model'

Note: This linter can be disabled with `set_option linter.dupNamespace false`
warning: Poincare/ModelLaplacian.lean:22989:8: The namespace 'RicciFlow' is duplicated in the declaration 'RicciFlow.RicciFlow.round_sphere_scalar_factor_const'

Note: This linter can be disabled with `set_option linter.dupNamespace false`
warning: Poincare/ModelLaplacian.lean:23008:8: The namespace 'RicciFlow' is duplicated in the declaration 'RicciFlow.RicciFlow.round_sphere_ricciNormSq_factor_const'

Note: This linter can be disabled with `set_option linter.dupNamespace false`
warning: Poincare/ModelLaplacian.lean:23027:8: The namespace 'RicciFlow' is duplicated in the declaration 'RicciFlow.RicciFlow.round_sphere_conserved_ratio'

Note: This linter can be disabled with `set_option linter.dupNamespace false`
warning: Poincare/ModelLaplacian.lean:23047:8: The namespace 'RicciFlow' is duplicated in the declaration 'RicciFlow.RicciFlow.round_sphere_scalar_type_one'

Note: This linter can be disabled with `set_option linter.dupNamespace false`
warning: Poincare/ModelLaplacian.lean:23065:8: The namespace 'RicciFlow' is duplicated in the declaration 'RicciFlow.RicciFlow.round_sphere_type_one_constant_eq'

Note: This linter can be disabled with `set_option linter.dupNamespace false`
warning: Poincare/ModelLaplacian.lean:23083:8: The namespace 'RicciFlow' is duplicated in the declaration 'RicciFlow.RicciFlow.einstein_ricci_orthonormal'

Note: This linter can be disabled with `set_option linter.dupNamespace false`
warning: Poincare/ModelLaplacian.lean:23103:8: The namespace 'RicciFlow' is duplicated in the declaration 'RicciFlow.RicciFlow.einstein_ricci_orthonormal_pos'

Note: This linter can be disabled with `set_option linter.dupNamespace false`
warning: Poincare/ModelLaplacian.lean:23124:8: The namespace 'RicciFlow' is duplicated in the declaration 'RicciFlow.RicciFlow.einstein_ricci_pos_def'

Note: This linter can be disabled with `set_option linter.dupNamespace false`
warning: Poincare/ModelLaplacian.lean:23146:8: The namespace 'RicciFlow' is duplicated in the declaration 'RicciFlow.RicciFlow.round_sphere_inv_scalar_linear'

Note: This linter can be disabled with `set_option linter.dupNamespace false`
warning: Poincare/ModelLaplacian.lean:23163:8: The namespace 'RicciFlow' is duplicated in the declaration 'RicciFlow.RicciFlow.round_sphere_inv_scalar_hasDerivAt'

Note: This linter can be disabled with `set_option linter.dupNamespace false`
warning: Poincare/ModelLaplacian.lean:23183:8: The namespace 'RicciFlow' is duplicated in the declaration 'RicciFlow.RicciFlow.round_sphere_inv_scalar_zero_at_extinction'

Note: This linter can be disabled with `set_option linter.dupNamespace false`
warning: Poincare/ModelLaplacian.lean:23203:8: The namespace 'RicciFlow' is duplicated in the declaration 'RicciFlow.RicciFlow.einstein_normalized_flow_fixed'

Note: This linter can be disabled with `set_option linter.dupNamespace false`
warning: Poincare/ModelLaplacian.lean:23228:8: The namespace 'RicciFlow' is duplicated in the declaration 'RicciFlow.RicciFlow.normalized_flow_fixed_imp_einstein'

Note: This linter can be disabled with `set_option linter.dupNamespace false`
warning: Poincare/ModelLaplacian.lean:23251:8: The namespace 'RicciFlow' is duplicated in the declaration 'RicciFlow.RicciFlow.normalized_flow_fixed_iff_einstein'

Note: This linter can be disabled with `set_option linter.dupNamespace false`
warning: Poincare/ModelLaplacian.lean:23277:8: The namespace 'RicciFlow' is duplicated in the declaration 'RicciFlow.RicciFlow.normalized_einstein_const_trace_consistent'

Note: This linter can be disabled with `set_option linter.dupNamespace false`
warning: Poincare/ModelLaplacian.lean:23296:8: The namespace 'RicciFlow' is duplicated in the declaration 'RicciFlow.RicciFlow.coordCurvatureOp_self_eq_zero'

Note: This linter can be disabled with `set_option linter.dupNamespace false`
warning: Poincare/ModelLaplacian.lean:23321:8: The namespace 'RicciFlow' is duplicated in the declaration 'RicciFlow.RicciFlow.round_sphere_ricciNormSq_type_one'

Note: This linter can be disabled with `set_option linter.dupNamespace false`
warning: Poincare/ModelLaplacian.lean:23340:8: The namespace 'RicciFlow' is duplicated in the declaration 'RicciFlow.RicciFlow.round_sphere_scalar_ratio_times'

Note: This linter can be disabled with `set_option linter.dupNamespace false`
warning: Poincare/ModelLaplacian.lean:23360:8: The namespace 'RicciFlow' is duplicated in the declaration 'RicciFlow.RicciFlow.round_sphere_factor_zero_iff'

Note: This linter can be disabled with `set_option linter.dupNamespace false`
warning: Poincare/ModelLaplacian.lean:23383:8: The namespace 'RicciFlow' is duplicated in the declaration 'RicciFlow.RicciFlow.round_sphere_3d_extinction_times_scalar'

Note: This linter can be disabled with `set_option linter.dupNamespace false`
warning: Poincare/ModelLaplacian.lean:23401:8: The namespace 'RicciFlow' is duplicated in the declaration 'RicciFlow.RicciFlow.round_sphere_3d_scalar'

Note: This linter can be disabled with `set_option linter.dupNamespace false`
warning: Poincare/ModelLaplacian.lean:23424:8: The namespace 'RicciFlow' is duplicated in the declaration 'RicciFlow.RicciFlow.round_sphere_3d_pinching'

Note: This linter can be disabled with `set_option linter.dupNamespace false`
warning: Poincare/ModelLaplacian.lean:23447:8: The namespace 'RicciFlow' is duplicated in the declaration 'RicciFlow.RicciFlow.round_sphere_3d_ricciNormSq'

Note: This linter can be disabled with `set_option linter.dupNamespace false`
warning: Poincare/ModelLaplacian.lean:23469:8: The namespace 'RicciFlow' is duplicated in the declaration 'RicciFlow.RicciFlow.round_sphere_3d_type_one_constant'

Note: This linter can be disabled with `set_option linter.dupNamespace false`
warning: Poincare/ModelLaplacian.lean:23487:0: automatically included section variable(s) unused in theorem `RicciFlow.RicciFlow.constCurvatureForm_3d_ricci_const_eq_two_sectional`:
  [FiniteDimensional ℝ E]
consider restructuring your `variable` declarations so that the variables are not in scope or explicitly omit them:
  omit [FiniteDimensional ℝ E] in theorem ...

Note: This linter can be disabled with `set_option linter.unusedSectionVars false`
warning: Poincare/ModelLaplacian.lean:23487:8: The namespace 'RicciFlow' is duplicated in the declaration 'RicciFlow.RicciFlow.constCurvatureForm_3d_ricci_const_eq_two_sectional'

Note: This linter can be disabled with `set_option linter.dupNamespace false`
warning: Poincare/ModelLaplacian.lean:23506:0: automatically included section variable(s) unused in theorem `RicciFlow.RicciFlow.constCurvatureForm_3d_scalar_eq_six_sectional`:
  [FiniteDimensional ℝ E]
consider restructuring your `variable` declarations so that the variables are not in scope or explicitly omit them:
  omit [FiniteDimensional ℝ E] in theorem ...

Note: This linter can be disabled with `set_option linter.unusedSectionVars false`
warning: Poincare/ModelLaplacian.lean:23506:8: The namespace 'RicciFlow' is duplicated in the declaration 'RicciFlow.RicciFlow.constCurvatureForm_3d_scalar_eq_six_sectional'

Note: This linter can be disabled with `set_option linter.dupNamespace false`
warning: Poincare/ModelLaplacian.lean:23525:8: The namespace 'RicciFlow' is duplicated in the declaration 'RicciFlow.RicciFlow.round_sphere_3d_conserved_ratio'

Note: This linter can be disabled with `set_option linter.dupNamespace false`
warning: Poincare/ModelLaplacian.lean:23543:8: The namespace 'RicciFlow' is duplicated in the declaration 'RicciFlow.RicciFlow.round_sphere_3d_traceless_zero'

Note: This linter can be disabled with `set_option linter.dupNamespace false`
warning: Poincare/ModelLaplacian.lean:23568:8: The namespace 'RicciFlow' is duplicated in the declaration 'RicciFlow.RicciFlow.round_sphere_3d_lichnerowicz_trace'

Note: This linter can be disabled with `set_option linter.dupNamespace false`
warning: Poincare/ModelLaplacian.lean:23595:8: The namespace 'RicciFlow' is duplicated in the declaration 'RicciFlow.RicciFlow.round_sphere_3d_normalized_flow_fixed'

Note: This linter can be disabled with `set_option linter.dupNamespace false`
warning: Poincare/ModelLaplacian.lean:23621:8: The namespace 'RicciFlow' is duplicated in the declaration 'RicciFlow.RicciFlow.round_sphere_3d_scalar_pos'

Note: This linter can be disabled with `set_option linter.dupNamespace false`
warning: Poincare/ModelLaplacian.lean:23645:8: The namespace 'RicciFlow' is duplicated in the declaration 'RicciFlow.RicciFlow.round_sphere_3d_ricciNormSq_pos'

Note: This linter can be disabled with `set_option linter.dupNamespace false`
warning: Poincare/ModelLaplacian.lean:23669:8: The namespace 'RicciFlow' is duplicated in the declaration 'RicciFlow.RicciFlow.round_sphere_scalar_doubles'

Note: This linter can be disabled with `set_option linter.dupNamespace false`
warning: Poincare/ModelLaplacian.lean:23691:8: The namespace 'RicciFlow' is duplicated in the declaration 'RicciFlow.RicciFlow.tensorMetricTrace_zero'

Note: This linter can be disabled with `set_option linter.dupNamespace false`
warning: Poincare/ModelLaplacian.lean:23710:8: The namespace 'RicciFlow' is duplicated in the declaration 'RicciFlow.RicciFlow.two_ricciNormSq_ge_two_scalar_sq_div'

Note: This linter can be disabled with `set_option linter.dupNamespace false`
warning: Poincare/ModelLaplacian.lean:23736:8: The namespace 'RicciFlow' is duplicated in the declaration 'RicciFlow.RicciFlow.two_ricciNormSq_ge_two_scalar_sq_div_3d'

Note: This linter can be disabled with `set_option linter.dupNamespace false`
warning: Poincare/ModelLaplacian.lean:23763:8: The namespace 'RicciFlow' is duplicated in the declaration 'RicciFlow.RicciFlow.two_ricciNormSq_nonneg'

Note: This linter can be disabled with `set_option linter.dupNamespace false`
warning: Poincare/ModelLaplacian.lean:23788:8: The namespace 'RicciFlow' is duplicated in the declaration 'RicciFlow.RicciFlow.riccati_comparison_extinction_3d'

Note: This linter can be disabled with `set_option linter.dupNamespace false`
warning: Poincare/ModelLaplacian.lean:23807:8: The namespace 'RicciFlow' is duplicated in the declaration 'RicciFlow.RicciFlow.riccati_comparison_extinction'

Note: This linter can be disabled with `set_option linter.dupNamespace false`
warning: Poincare/ModelLaplacian.lean:23826:8: The namespace 'RicciFlow' is duplicated in the declaration 'RicciFlow.RicciFlow.riccati_extinction_antitone'

Note: This linter can be disabled with `set_option linter.dupNamespace false`
warning: Poincare/ModelLaplacian.lean:23845:8: The namespace 'RicciFlow' is duplicated in the declaration 'RicciFlow.RicciFlow.ricciNormSq_pos_of_scalar_pos'

Note: This linter can be disabled with `set_option linter.dupNamespace false`
warning: Poincare/ModelLaplacian.lean:23873:8: The namespace 'RicciFlow' is duplicated in the declaration 'RicciFlow.RicciFlow.reaction_eq_riccati_iff_traceless_zero'

Note: This linter can be disabled with `set_option linter.dupNamespace false`
warning: Poincare/ModelLaplacian.lean:23896:8: The namespace 'RicciFlow' is duplicated in the declaration 'RicciFlow.RicciFlow.reaction_gt_riccati_of_traceless_pos'

Note: This linter can be disabled with `set_option linter.dupNamespace false`
warning: Poincare/ModelLaplacian.lean:23917:8: The namespace 'RicciFlow' is duplicated in the declaration 'RicciFlow.RicciFlow.pinching_gap_pos_iff_traceless_pos'

Note: This linter can be disabled with `set_option linter.dupNamespace false`
warning: Poincare/ModelLaplacian.lean:23938:8: The namespace 'RicciFlow' is duplicated in the declaration 'RicciFlow.RicciFlow.coordRicciEndo_of_einstein_normalized'

Note: This linter can be disabled with `set_option linter.dupNamespace false`
warning: Poincare/ModelLaplacian.lean:23963:8: The namespace 'RicciFlow' is duplicated in the declaration 'RicciFlow.RicciFlow.coordRicciEndo_einstein_apply'

Note: This linter can be disabled with `set_option linter.dupNamespace false`
warning: Poincare/ModelLaplacian.lean:23987:8: The namespace 'RicciFlow' is duplicated in the declaration 'RicciFlow.RicciFlow.coordRicciEndo_einstein_eigenvalue_pos'

Note: This linter can be disabled with `set_option linter.dupNamespace false`
warning: Poincare/ModelLaplacian.lean:24011:8: The namespace 'RicciFlow' is duplicated in the declaration 'RicciFlow.RicciFlow.coordRicciEndo_einstein_sq_apply'

Note: This linter can be disabled with `set_option linter.dupNamespace false`
warning: Poincare/ModelLaplacian.lean:24036:8: The namespace 'RicciFlow' is duplicated in the declaration 'RicciFlow.RicciFlow.coordRicciEndo_einstein_eigenvalue_neg'

Note: This linter can be disabled with `set_option linter.dupNamespace false`
warning: Poincare/ModelLaplacian.lean:24061:8: The namespace 'RicciFlow' is duplicated in the declaration 'RicciFlow.RicciFlow.coordRicciEndo_ricci_flat_eigenvalue_zero'

Note: This linter can be disabled with `set_option linter.dupNamespace false`
warning: Poincare/ModelLaplacian.lean:24080:8: The namespace 'RicciFlow' is duplicated in the declaration 'RicciFlow.RicciFlow.coordRicciNormSq_einstein_eq_scalar_sq_div'

Note: This linter can be disabled with `set_option linter.dupNamespace false`
warning: Poincare/ModelLaplacian.lean:24104:8: The namespace 'RicciFlow' is duplicated in the declaration 'RicciFlow.RicciFlow.round_sphere_3d_ricci_eq_scalar_sq_div'

Note: This linter can be disabled with `set_option linter.dupNamespace false`
warning: Poincare/ModelLaplacian.lean:24129:8: The namespace 'RicciFlow' is duplicated in the declaration 'RicciFlow.RicciFlow.coordRicciNormSq_einstein_pos_iff_scalar_ne'

Note: This linter can be disabled with `set_option linter.dupNamespace false`
warning: Poincare/ModelLaplacian.lean:24155:8: The namespace 'RicciFlow' is duplicated in the declaration 'RicciFlow.RicciFlow.einstein_scalar_ne_iff_const_ne'

Note: This linter can be disabled with `set_option linter.dupNamespace false`
warning: Poincare/ModelLaplacian.lean:24178:8: The namespace 'RicciFlow' is duplicated in the declaration 'RicciFlow.RicciFlow.round_sphere_reaction_eq_riccati'

Note: This linter can be disabled with `set_option linter.dupNamespace false`
warning: Poincare/ModelLaplacian.lean:24201:8: The namespace 'RicciFlow' is duplicated in the declaration 'RicciFlow.RicciFlow.round_sphere_3d_reaction_eq_riccati'

Note: This linter can be disabled with `set_option linter.dupNamespace false`
warning: Poincare/ModelLaplacian.lean:24227:8: The namespace 'RicciFlow' is duplicated in the declaration 'RicciFlow.RicciFlow.round_sphere_exists_on_interval'

Note: This linter can be disabled with `set_option linter.dupNamespace false`
warning: Poincare/ModelLaplacian.lean:24247:8: The namespace 'RicciFlow' is duplicated in the declaration 'RicciFlow.RicciFlow.round_sphere_scalar_pos_on_interval'

Note: This linter can be disabled with `set_option linter.dupNamespace false`
warning: Poincare/ModelLaplacian.lean:24265:8: The namespace 'RicciFlow' is duplicated in the declaration 'RicciFlow.RicciFlow.round_sphere_ricciNormSq_pos_on_interval'

Note: This linter can be disabled with `set_option linter.dupNamespace false`
warning: Poincare/ModelLaplacian.lean:24284:8: The namespace 'RicciFlow' is duplicated in the declaration 'RicciFlow.RicciFlow.round_sphere_inv_scalar_pos_on_interval'

Note: This linter can be disabled with `set_option linter.dupNamespace false`
warning: Poincare/ModelLaplacian.lean:24303:8: The namespace 'RicciFlow' is duplicated in the declaration 'RicciFlow.RicciFlow.covCurvDeriv_second_bianchi_solved'

Note: This linter can be disabled with `set_option linter.dupNamespace false`
warning: Poincare/ModelLaplacian.lean:24334:8: The namespace 'RicciFlow' is duplicated in the declaration 'RicciFlow.RicciFlow.curvDivergence_eq_ricci_deriv_diff'

Note: This linter can be disabled with `set_option linter.dupNamespace false`
warning: Poincare/ModelLaplacian.lean:24363:8: The namespace 'RicciFlow' is duplicated in the declaration 'RicciFlow.RicciFlow.curvDivergence_eq_zero_of_ricci_parallel'

Note: This linter can be disabled with `set_option linter.dupNamespace false`
warning: Poincare/ModelLaplacian.lean:24391:8: The namespace 'RicciFlow' is duplicated in the declaration 'RicciFlow.RicciFlow.curvDivergence_antisymm_first_two'

Note: This linter can be disabled with `set_option linter.dupNamespace false`
warning: Poincare/ModelLaplacian.lean:24421:8: The namespace 'RicciFlow' is duplicated in the declaration 'RicciFlow.RicciFlow.ricciDivergence_eq_zero_of_ricci_parallel'

Note: This linter can be disabled with `set_option linter.dupNamespace false`
warning: Poincare/ModelLaplacian.lean:24442:8: The namespace 'RicciFlow' is duplicated in the declaration 'RicciFlow.RicciFlow.fderiv_coordScalar_eq_zero_of_ricci_parallel'

Note: This linter can be disabled with `set_option linter.dupNamespace false`
warning: Poincare/ModelLaplacian.lean:24471:8: The namespace 'RicciFlow' is duplicated in the declaration 'RicciFlow.RicciFlow.ricciDivergenceForm_eq_zero_of_ricci_parallel'

Note: This linter can be disabled with `set_option linter.dupNamespace false`
warning: Poincare/ModelLaplacian.lean:24496:8: The namespace 'RicciFlow' is duplicated in the declaration 'RicciFlow.RicciFlow.curvDivergence_self_eq_zero'

Note: This linter can be disabled with `set_option linter.dupNamespace false`
warning: Poincare/ModelLaplacian.lean:24524:8: The namespace 'RicciFlow' is duplicated in the declaration 'RicciFlow.RicciFlow.round_sphere_scalar_triples'

Note: This linter can be disabled with `set_option linter.dupNamespace false`
warning: Poincare/ModelLaplacian.lean:24546:8: The namespace 'RicciFlow' is duplicated in the declaration 'RicciFlow.RicciFlow.round_sphere_scalar_kfold'

Note: This linter can be disabled with `set_option linter.dupNamespace false`
warning: Poincare/ModelLaplacian.lean:24568:8: The namespace 'RicciFlow' is duplicated in the declaration 'RicciFlow.RicciFlow.round_sphere_kfold_time_lt_extinction'

Note: This linter can be disabled with `set_option linter.dupNamespace false`
warning: Poincare/ModelLaplacian.lean:24591:8: The namespace 'RicciFlow' is duplicated in the declaration 'RicciFlow.RicciFlow.round_sphere_kfold_time_mono'

Note: This linter can be disabled with `set_option linter.dupNamespace false`
warning: Poincare/ModelLaplacian.lean:24613:8: The namespace 'RicciFlow' is duplicated in the declaration 'RicciFlow.RicciFlow.round_sphere_kfold_time_tendsto_extinction'

Note: This linter can be disabled with `set_option linter.dupNamespace false`
warning: Poincare/ModelLaplacian.lean:24638:8: The namespace 'RicciFlow' is duplicated in the declaration 'RicciFlow.RicciFlow.round_sphere_ricciNormSq_kfold'

Note: This linter can be disabled with `set_option linter.dupNamespace false`
warning: Poincare/ModelLaplacian.lean:24659:8: The namespace 'RicciFlow' is duplicated in the declaration 'RicciFlow.RicciFlow.round_sphere_ricciNormSq_hasDerivAt'

Note: This linter can be disabled with `set_option linter.dupNamespace false`
warning: Poincare/ModelLaplacian.lean:24686:8: The namespace 'RicciFlow' is duplicated in the declaration 'RicciFlow.RicciFlow.round_sphere_ricciNormSq_rate_pos'

Note: This linter can be disabled with `set_option linter.dupNamespace false`
warning: Poincare/ModelLaplacian.lean:24705:8: The namespace 'RicciFlow' is duplicated in the declaration 'RicciFlow.RicciFlow.round_sphere_scalar_rate_pos'

Note: This linter can be disabled with `set_option linter.dupNamespace false`
warning: Poincare/ModelLaplacian.lean:24724:8: The namespace 'RicciFlow' is duplicated in the declaration 'RicciFlow.RicciFlow.round_sphere_scalar_at_zero'

Note: This linter can be disabled with `set_option linter.dupNamespace false`
warning: Poincare/ModelLaplacian.lean:24741:8: The namespace 'RicciFlow' is duplicated in the declaration 'RicciFlow.RicciFlow.round_sphere_ricciNormSq_at_zero'

Note: This linter can be disabled with `set_option linter.dupNamespace false`
warning: Poincare/ModelLaplacian.lean:24758:8: The namespace 'RicciFlow' is duplicated in the declaration 'RicciFlow.RicciFlow.round_sphere_ricciNormSq_rate_at_zero'

Note: This linter can be disabled with `set_option linter.dupNamespace false`
warning: Poincare/ModelLaplacian.lean:24775:8: The namespace 'RicciFlow' is duplicated in the declaration 'RicciFlow.RicciFlow.round_sphere_scalar_second_deriv'

Note: This linter can be disabled with `set_option linter.dupNamespace false`
warning: Poincare/ModelLaplacian.lean:24802:8: The namespace 'RicciFlow' is duplicated in the declaration 'RicciFlow.RicciFlow.round_sphere_scalar_accel_pos'

Note: This linter can be disabled with `set_option linter.dupNamespace false`
warning: Poincare/ModelLaplacian.lean:24821:8: The namespace 'RicciFlow' is duplicated in the declaration 'RicciFlow.RicciFlow.round_sphere_ricciNormSq_second_deriv'

Note: This linter can be disabled with `set_option linter.dupNamespace false`
warning: Poincare/ModelLaplacian.lean:24848:8: The namespace 'RicciFlow' is duplicated in the declaration 'RicciFlow.RicciFlow.round_sphere_ricciNormSq_accel_pos'

Note: This linter can be disabled with `set_option linter.dupNamespace false`
warning: Poincare/ModelLaplacian.lean:24867:8: The namespace 'RicciFlow' is duplicated in the declaration 'RicciFlow.RicciFlow.round_sphere_inv_scalar_second_deriv'

Note: This linter can be disabled with `set_option linter.dupNamespace false`
warning: Poincare/ModelLaplacian.lean:24885:8: The namespace 'RicciFlow' is duplicated in the declaration 'RicciFlow.RicciFlow.round_sphere_pinching_ratio_const'

Note: This linter can be disabled with `set_option linter.dupNamespace false`
warning: Poincare/ModelLaplacian.lean:24904:8: The namespace 'RicciFlow' is duplicated in the declaration 'RicciFlow.RicciFlow.round_sphere_pinching_ratio_eq_inv_dim'

Note: This linter can be disabled with `set_option linter.dupNamespace false`
warning: Poincare/ModelLaplacian.lean:24927:8: The namespace 'RicciFlow' is duplicated in the declaration 'RicciFlow.RicciFlow.round_sphere_N0_eq'

Note: This linter can be disabled with `set_option linter.dupNamespace false`
warning: Poincare/ModelLaplacian.lean:24947:8: The namespace 'RicciFlow' is duplicated in the declaration 'RicciFlow.RicciFlow.covTensor2Deriv_add_field'

Note: This linter can be disabled with `set_option linter.dupNamespace false`
warning: Poincare/ModelLaplacian.lean:24985:8: The namespace 'RicciFlow' is duplicated in the declaration 'RicciFlow.RicciFlow.covTensor2SndDeriv_add_field'

Note: This linter can be disabled with `set_option linter.dupNamespace false`
warning: Poincare/ModelLaplacian.lean:25020:8: The namespace 'RicciFlow' is duplicated in the declaration 'RicciFlow.RicciFlow.connectionLaplacian_add_field'

Note: This linter can be disabled with `set_option linter.dupNamespace false`
warning: Poincare/ModelLaplacian.lean:25048:8: The namespace 'RicciFlow' is duplicated in the declaration 'RicciFlow.RicciFlow.lichnerowiczLaplacian_add'

Note: This linter can be disabled with `set_option linter.dupNamespace false`
warning: Poincare/ModelLaplacian.lean:25075:8: The namespace 'RicciFlow' is duplicated in the declaration 'RicciFlow.RicciFlow.lichnerowiczLaplacian_two_metric'

Note: This linter can be disabled with `set_option linter.dupNamespace false`
warning: Poincare/ModelLaplacian.lean:25099:8: The namespace 'RicciFlow' is duplicated in the declaration 'RicciFlow.RicciFlow.lichnerowiczLaplacian_two_metric_eq_four_ricci'

Note: This linter can be disabled with `set_option linter.dupNamespace false`
warning: Poincare/ModelLaplacian.lean:25151:44: This simp argument is unused:
  Pi.sub_apply

Hint: Omit it from the simp argument list.
  simp only [ContinuousLinearMap.sub_apply,̵ ̵P̵i̵.̵s̵u̵b̵_̵a̵p̵p̵l̵y̵]

Note: This linter can be disabled with `set_option linter.unusedSimpArgs false`
warning: Poincare/ModelLaplacian.lean:25129:8: The namespace 'RicciFlow' is duplicated in the declaration 'RicciFlow.RicciFlow.covTensor2Deriv_sub_field'

Note: This linter can be disabled with `set_option linter.dupNamespace false`
warning: Poincare/ModelLaplacian.lean:25166:8: The namespace 'RicciFlow' is duplicated in the declaration 'RicciFlow.RicciFlow.covTensor2SndDeriv_sub_field'

Note: This linter can be disabled with `set_option linter.dupNamespace false`
warning: Poincare/ModelLaplacian.lean:25200:8: The namespace 'RicciFlow' is duplicated in the declaration 'RicciFlow.RicciFlow.connectionLaplacian_sub_field'

Note: This linter can be disabled with `set_option linter.dupNamespace false`
warning: Poincare/ModelLaplacian.lean:25226:8: The namespace 'RicciFlow' is duplicated in the declaration 'RicciFlow.RicciFlow.lichnerowiczCurvature_sub'

Note: This linter can be disabled with `set_option linter.dupNamespace false`
warning: Poincare/ModelLaplacian.lean:25238:8: The namespace 'RicciFlow' is duplicated in the declaration 'RicciFlow.RicciFlow.ricciActionOnTensor_sub'

Note: This linter can be disabled with `set_option linter.dupNamespace false`
warning: Poincare/ModelLaplacian.lean:25260:8: The namespace 'RicciFlow' is duplicated in the declaration 'RicciFlow.RicciFlow.lichnerowiczLaplacian_sub'

Note: This linter can be disabled with `set_option linter.dupNamespace false`
warning: Poincare/ModelLaplacian.lean:25286:8: The namespace 'RicciFlow' is duplicated in the declaration 'RicciFlow.RicciFlow.lichnerowiczLaplacian_metric_sub_self'

Note: This linter can be disabled with `set_option linter.dupNamespace false`
warning: Poincare/ModelLaplacian.lean:25308:8: The namespace 'RicciFlow' is duplicated in the declaration 'RicciFlow.RicciFlow.lichnerowiczLaplacian_neg_metric'

Note: This linter can be disabled with `set_option linter.dupNamespace false`
warning: Poincare/ModelLaplacian.lean:25337:8: The namespace 'RicciFlow' is duplicated in the declaration 'RicciFlow.RicciFlow.lichnerowiczLaplacian_neg_two_ricci'

Note: This linter can be disabled with `set_option linter.dupNamespace false`
warning: Poincare/ModelLaplacian.lean:25365:8: The namespace 'RicciFlow' is duplicated in the declaration 'RicciFlow.RicciFlow.connectionLaplacian_two_metric_eq_zero'

Note: This linter can be disabled with `set_option linter.dupNamespace false`
warning: Poincare/ModelLaplacian.lean:25390:8: The namespace 'RicciFlow' is duplicated in the declaration 'RicciFlow.RicciFlow.ricciActionOnTensor_two_metric'

Note: This linter can be disabled with `set_option linter.dupNamespace false`
warning: Poincare/ModelLaplacian.lean:25414:8: The namespace 'RicciFlow' is duplicated in the declaration 'RicciFlow.RicciFlow.lichnerowiczCurvature_two_metric_eq_zero'

Note: This linter can be disabled with `set_option linter.dupNamespace false`
warning: Poincare/ModelLaplacian.lean:25438:8: The namespace 'RicciFlow' is duplicated in the declaration 'RicciFlow.RicciFlow.tensorMetricTrace_two_metric'

Note: This linter can be disabled with `set_option linter.dupNamespace false`
warning: Poincare/ModelLaplacian.lean:25457:8: The namespace 'RicciFlow' is duplicated in the declaration 'RicciFlow.RicciFlow.tensorMetricTrace_metric_sub_self'

Note: This linter can be disabled with `set_option linter.dupNamespace false`
warning: Poincare/ModelLaplacian.lean:25477:8: The namespace 'RicciFlow' is duplicated in the declaration 'RicciFlow.RicciFlow.tensorMetricTrace_two_metric_eq_smul'

Note: This linter can be disabled with `set_option linter.dupNamespace false`
warning: Poincare/ModelLaplacian.lean:25498:8: The namespace 'RicciFlow' is duplicated in the declaration 'RicciFlow.RicciFlow.tensorDivOneForm_add_field'

Note: This linter can be disabled with `set_option linter.dupNamespace false`
warning: Poincare/ModelLaplacian.lean:25523:8: The namespace 'RicciFlow' is duplicated in the declaration 'RicciFlow.RicciFlow.tensorDivOneForm_sub_field'

Note: This linter can be disabled with `set_option linter.dupNamespace false`
warning: Poincare/ModelLaplacian.lean:25548:8: The namespace 'RicciFlow' is duplicated in the declaration 'RicciFlow.RicciFlow.tensorDivOneForm_two_metric'

Note: This linter can be disabled with `set_option linter.dupNamespace false`
warning: Poincare/ModelLaplacian.lean:25569:8: The namespace 'RicciFlow' is duplicated in the declaration 'RicciFlow.RicciFlow.tensorDivOneForm_neg_two_ricci'

Note: This linter can be disabled with `set_option linter.dupNamespace false`
warning: Poincare/ModelLaplacian.lean:25591:8: The namespace 'RicciFlow' is duplicated in the declaration 'RicciFlow.RicciFlow.tensorDivOneForm_zero'

Note: This linter can be disabled with `set_option linter.dupNamespace false`
warning: Poincare/ModelLaplacian.lean:25613:8: The namespace 'RicciFlow' is duplicated in the declaration 'RicciFlow.RicciFlow.covTensor2Deriv_zero'

Note: This linter can be disabled with `set_option linter.dupNamespace false`
warning: Poincare/ModelLaplacian.lean:25632:8: The namespace 'RicciFlow' is duplicated in the declaration 'RicciFlow.RicciFlow.covTensor2SndDeriv_zero'

Note: This linter can be disabled with `set_option linter.dupNamespace false`
warning: Poincare/ModelLaplacian.lean:25654:8: The namespace 'RicciFlow' is duplicated in the declaration 'RicciFlow.RicciFlow.round_sphere_ricci_over_scalar'

Note: This linter can be disabled with `set_option linter.dupNamespace false`
warning: Poincare/ModelLaplacian.lean:25674:8: The namespace 'RicciFlow' is duplicated in the declaration 'RicciFlow.RicciFlow.round_sphere_inv_ricciNormSq_sq'

Note: This linter can be disabled with `set_option linter.dupNamespace false`
warning: Poincare/ModelLaplacian.lean:25692:8: The namespace 'RicciFlow' is duplicated in the declaration 'RicciFlow.RicciFlow.round_sphere_inv_ricciNormSq_zero_at_extinction'

Note: This linter can be disabled with `set_option linter.dupNamespace false`
warning: Poincare/ModelLaplacian.lean:25713:18: The namespace 'RicciFlow' is duplicated in the declaration 'RicciFlow.RicciFlow.kulkarniNomizu'

Note: This linter can be disabled with `set_option linter.dupNamespace false`
warning: Poincare/ModelLaplacian.lean:25717:0: automatically included section variable(s) unused in theorem `RicciFlow.RicciFlow.kulkarniNomizu_comm`:
  [FiniteDimensional ℝ E]
consider restructuring your `variable` declarations so that the variables are not in scope or explicitly omit them:
  omit [FiniteDimensional ℝ E] in theorem ...

Note: This linter can be disabled with `set_option linter.unusedSectionVars false`
warning: Poincare/ModelLaplacian.lean:25717:8: The namespace 'RicciFlow' is duplicated in the declaration 'RicciFlow.RicciFlow.kulkarniNomizu_comm'

Note: This linter can be disabled with `set_option linter.dupNamespace false`
warning: Poincare/ModelLaplacian.lean:25724:0: automatically included section variable(s) unused in theorem `RicciFlow.RicciFlow.kulkarniNomizu_antisymm_left`:
  [FiniteDimensional ℝ E]
consider restructuring your `variable` declarations so that the variables are not in scope or explicitly omit them:
  omit [FiniteDimensional ℝ E] in theorem ...

Note: This linter can be disabled with `set_option linter.unusedSectionVars false`
warning: Poincare/ModelLaplacian.lean:25724:8: The namespace 'RicciFlow' is duplicated in the declaration 'RicciFlow.RicciFlow.kulkarniNomizu_antisymm_left'

Note: This linter can be disabled with `set_option linter.dupNamespace false`
warning: Poincare/ModelLaplacian.lean:25731:0: automatically included section variable(s) unused in theorem `RicciFlow.RicciFlow.kulkarniNomizu_antisymm_right`:
  [FiniteDimensional ℝ E]
consider restructuring your `variable` declarations so that the variables are not in scope or explicitly omit them:
  omit [FiniteDimensional ℝ E] in theorem ...

Note: This linter can be disabled with `set_option linter.unusedSectionVars false`
warning: Poincare/ModelLaplacian.lean:25731:8: The namespace 'RicciFlow' is duplicated in the declaration 'RicciFlow.RicciFlow.kulkarniNomizu_antisymm_right'

Note: This linter can be disabled with `set_option linter.dupNamespace false`
warning: Poincare/ModelLaplacian.lean:25738:0: automatically included section variable(s) unused in theorem `RicciFlow.RicciFlow.kulkarniNomizu_block_symm`:
  [FiniteDimensional ℝ E]
consider restructuring your `variable` declarations so that the variables are not in scope or explicitly omit them:
  omit [FiniteDimensional ℝ E] in theorem ...

Note: This linter can be disabled with `set_option linter.unusedSectionVars false`
warning: Poincare/ModelLaplacian.lean:25738:8: The namespace 'RicciFlow' is duplicated in the declaration 'RicciFlow.RicciFlow.kulkarniNomizu_block_symm'

Note: This linter can be disabled with `set_option linter.dupNamespace false`
warning: Poincare/ModelLaplacian.lean:25751:0: automatically included section variable(s) unused in theorem `RicciFlow.RicciFlow.constCurvatureForm_eq_half_kulkarniNomizu`:
  [FiniteDimensional ℝ E]
consider restructuring your `variable` declarations so that the variables are not in scope or explicitly omit them:
  omit [FiniteDimensional ℝ E] in theorem ...

Note: This linter can be disabled with `set_option linter.unusedSectionVars false`
warning: Poincare/ModelLaplacian.lean:25751:8: The namespace 'RicciFlow' is duplicated in the declaration 'RicciFlow.RicciFlow.constCurvatureForm_eq_half_kulkarniNomizu'

Note: This linter can be disabled with `set_option linter.dupNamespace false`
warning: Poincare/ModelLaplacian.lean:25771:0: automatically included section variable(s) unused in theorem `RicciFlow.RicciFlow.kulkarniNomizu_first_bianchi`:
  [FiniteDimensional ℝ E]
consider restructuring your `variable` declarations so that the variables are not in scope or explicitly omit them:
  omit [FiniteDimensional ℝ E] in theorem ...

Note: This linter can be disabled with `set_option linter.unusedSectionVars false`
warning: Poincare/ModelLaplacian.lean:25771:8: The namespace 'RicciFlow' is duplicated in the declaration 'RicciFlow.RicciFlow.kulkarniNomizu_first_bianchi'

Note: This linter can be disabled with `set_option linter.dupNamespace false`
warning: Poincare/ModelLaplacian.lean:25792:0: automatically included section variable(s) unused in theorem `RicciFlow.RicciFlow.kulkarniNomizu_add_left`:
  [FiniteDimensional ℝ E]
consider restructuring your `variable` declarations so that the variables are not in scope or explicitly omit them:
  omit [FiniteDimensional ℝ E] in theorem ...

Note: This linter can be disabled with `set_option linter.unusedSectionVars false`
warning: Poincare/ModelLaplacian.lean:25792:8: The namespace 'RicciFlow' is duplicated in the declaration 'RicciFlow.RicciFlow.kulkarniNomizu_add_left'

Note: This linter can be disabled with `set_option linter.dupNamespace false`
warning: Poincare/ModelLaplacian.lean:25801:0: automatically included section variable(s) unused in theorem `RicciFlow.RicciFlow.kulkarniNomizu_add_right`:
  [FiniteDimensional ℝ E]
consider restructuring your `variable` declarations so that the variables are not in scope or explicitly omit them:
  omit [FiniteDimensional ℝ E] in theorem ...

Note: This linter can be disabled with `set_option linter.unusedSectionVars false`
warning: Poincare/ModelLaplacian.lean:25801:8: The namespace 'RicciFlow' is duplicated in the declaration 'RicciFlow.RicciFlow.kulkarniNomizu_add_right'

Note: This linter can be disabled with `set_option linter.dupNamespace false`
warning: Poincare/ModelLaplacian.lean:25810:0: automatically included section variable(s) unused in theorem `RicciFlow.RicciFlow.kulkarniNomizu_smul_left`:
  [FiniteDimensional ℝ E]
consider restructuring your `variable` declarations so that the variables are not in scope or explicitly omit them:
  omit [FiniteDimensional ℝ E] in theorem ...

Note: This linter can be disabled with `set_option linter.unusedSectionVars false`
warning: Poincare/ModelLaplacian.lean:25810:8: The namespace 'RicciFlow' is duplicated in the declaration 'RicciFlow.RicciFlow.kulkarniNomizu_smul_left'

Note: This linter can be disabled with `set_option linter.dupNamespace false`
warning: Poincare/ModelLaplacian.lean:25818:0: automatically included section variable(s) unused in theorem `RicciFlow.RicciFlow.kulkarniNomizu_smul_right`:
  [FiniteDimensional ℝ E]
consider restructuring your `variable` declarations so that the variables are not in scope or explicitly omit them:
  omit [FiniteDimensional ℝ E] in theorem ...

Note: This linter can be disabled with `set_option linter.unusedSectionVars false`
warning: Poincare/ModelLaplacian.lean:25818:8: The namespace 'RicciFlow' is duplicated in the declaration 'RicciFlow.RicciFlow.kulkarniNomizu_smul_right'

Note: This linter can be disabled with `set_option linter.dupNamespace false`
warning: Poincare/ModelLaplacian.lean:25840:8: The namespace 'RicciFlow' is duplicated in the declaration 'RicciFlow.RicciFlow.kulkarniNomizu_metric_ricci_trace'

Note: This linter can be disabled with `set_option linter.dupNamespace false`
warning: Poincare/ModelLaplacian.lean:25921:8: The namespace 'RicciFlow' is duplicated in the declaration 'RicciFlow.RicciFlow.kulkarniNomizu_metric_self_trace'

Note: This linter can be disabled with `set_option linter.dupNamespace false`
warning: Poincare/ModelLaplacian.lean:25948:8: The namespace 'RicciFlow' is duplicated in the declaration 'RicciFlow.RicciFlow.dim3_kulkarniNomizu_ricci_trace'

Note: This linter can be disabled with `set_option linter.dupNamespace false`
warning: Poincare/ModelLaplacian.lean:25986:8: The namespace 'RicciFlow' is duplicated in the declaration 'RicciFlow.RicciFlow.coordRicci_eq_riemann_inner_trace'

Note: This linter can be disabled with `set_option linter.dupNamespace false`
warning: Poincare/ModelLaplacian.lean:26017:8: The namespace 'RicciFlow' is duplicated in the declaration 'RicciFlow.RicciFlow.coordRiemann_first_pair_metric_trace_zero'

Note: This linter can be disabled with `set_option linter.dupNamespace false`
warning: Poincare/ModelLaplacian.lean:26060:8: The namespace 'RicciFlow' is duplicated in the declaration 'RicciFlow.RicciFlow.coordRiemann_last_pair_metric_trace_zero'

Note: This linter can be disabled with `set_option linter.dupNamespace false`
warning: Poincare/ModelLaplacian.lean:26093:8: The namespace 'RicciFlow' is duplicated in the declaration 'RicciFlow.RicciFlow.kulkarniNomizu_tracelessRicci_metric_trace'

Note: This linter can be disabled with `set_option linter.dupNamespace false`
warning: Poincare/ModelLaplacian.lean:26142:8: The namespace 'RicciFlow' is duplicated in the declaration 'RicciFlow.RicciFlow.dim3_weyl_candidate_metric_trace_zero'

Note: This linter can be disabled with `set_option linter.dupNamespace false`
warning: Poincare/ModelLaplacian.lean:26178:18: The namespace 'RicciFlow' is duplicated in the declaration 'RicciFlow.RicciFlow.schoutenForm'

Note: This linter can be disabled with `set_option linter.dupNamespace false`
warning: Poincare/ModelLaplacian.lean:26190:8: The namespace 'RicciFlow' is duplicated in the declaration 'RicciFlow.RicciFlow.schoutenForm_metricTrace'

Note: This linter can be disabled with `set_option linter.dupNamespace false`
warning: Poincare/ModelLaplacian.lean:26226:8: The namespace 'RicciFlow' is duplicated in the declaration 'RicciFlow.RicciFlow.dim3_kulkarniNomizu_schouten_eq'

Note: This linter can be disabled with `set_option linter.dupNamespace false`
warning: Poincare/ModelLaplacian.lean:26257:8: The namespace 'RicciFlow' is duplicated in the declaration 'RicciFlow.RicciFlow.dim3_schouten_weyl_metric_trace_zero'

Note: This linter can be disabled with `set_option linter.dupNamespace false`
warning: Poincare/ModelLaplacian.lean:26310:11: unused variable `x`

Note: This linter can be disabled with `set_option linter.unusedVariables false`
warning: Poincare/ModelLaplacian.lean:26308:8: The namespace 'RicciFlow' is duplicated in the declaration 'RicciFlow.RicciFlow.hamilton_pinched_scalar_lower_bound'

Note: This linter can be disabled with `set_option linter.dupNamespace false`
warning: Poincare/ModelLaplacian.lean:26354:8: The namespace 'RicciFlow' is duplicated in the declaration 'RicciFlow.RicciFlow.riccati_barrier_blowup'

Note: This linter can be disabled with `set_option linter.dupNamespace false`
warning: Poincare/ModelLaplacian.lean:26392:8: The namespace 'RicciFlow' is duplicated in the declaration 'RicciFlow.RicciFlow.hessianOperator_selfAdjoint'

Note: This linter can be disabled with `set_option linter.dupNamespace false`
warning: Poincare/ModelLaplacian.lean:26418:8: The namespace 'RicciFlow' is duplicated in the declaration 'RicciFlow.RicciFlow.fderiv_metricGradient_eq_hessianOperator'

Note: This linter can be disabled with `set_option linter.dupNamespace false`
warning: Poincare/ModelLaplacian.lean:26475:45: This simp argument is unused:
  ContinuousLinearMap.add_apply

Hint: Omit it from the simp argument list.
  simp only [ContinuousLinearMap.comp_apply, C̵o̵n̵t̵i̵n̵u̵o̵u̵s̵L̵i̵n̵e̵a̵r̵M̵a̵p̵.̵a̵d̵d̵_̵a̵p̵p̵l̵y̵,̵ContinuousLinearMap.comp_zero,
      ContinuousLinearMap.flip_apply, ContinuousLinearMap.zero_apply, map_zero, add_zero, zero_add]

Note: This linter can be disabled with `set_option linter.unusedSimpArgs false`
warning: Poincare/ModelLaplacian.lean:26477:4: This simp argument is unused:
  ContinuousLinearMap.zero_apply

Hint: Omit it from the simp argument list.
  simp only [ContinuousLinearMap.comp_apply, ContinuousLinearMap.add_apply,
      ContinuousLinearMap.comp_zero, ContinuousLinearMap.flip_apply, C̵o̵n̵t̵i̵n̵u̵o̵u̵s̵L̵i̵n̵e̵a̵r̵M̵a̵p̵.̵z̵e̵r̵o̵_̵a̵p̵p̵l̵y̵,̵ ̵map_zero, add_zero, zero_add]

Note: This linter can be disabled with `set_option linter.unusedSimpArgs false`
warning: Poincare/ModelLaplacian.lean:26477:36: This simp argument is unused:
  map_zero

Hint: Omit it from the simp argument list.
  simp only [ContinuousLinearMap.comp_apply, ContinuousLinearMap.add_apply,
      ContinuousLinearMap.comp_zero, ContinuousLinearMap.flip_apply,
  ̵  ̵ ̵ ̵ContinuousLinearMap.zero_apply,
  ̲ m̵a̵p̵_̵z̵e̵r̵o̵,̵  ̲ ̲add_zero, zero_add]

Note: This linter can be disabled with `set_option linter.unusedSimpArgs false`
warning: Poincare/ModelLaplacian.lean:26477:46: This simp argument is unused:
  add_zero

Hint: Omit it from the simp argument list.
  simp only [ContinuousLinearMap.comp_apply, ContinuousLinearMap.add_apply,
      ContinuousLinearMap.comp_zero, ContinuousLinearMap.flip_apply,
  ̵  ̵ ̵ ̵ContinuousLinearMap.zero_apply,
  ̲  ̲ ̲ ̲map_zero, a̵d̵d̵_̵zero,̵ ̵z̵e̵r̵o̵_add]

Note: This linter can be disabled with `set_option linter.unusedSimpArgs false`
warning: Poincare/ModelLaplacian.lean:26453:8: The namespace 'RicciFlow' is duplicated in the declaration 'RicciFlow.RicciFlow.fderiv_hessianOperator_apply'

Note: This linter can be disabled with `set_option linter.dupNamespace false`
warning: Poincare/ModelLaplacian.lean:26495:8: The namespace 'RicciFlow' is duplicated in the declaration 'RicciFlow.RicciFlow.differentiable_metricGradient'

Note: This linter can be disabled with `set_option linter.dupNamespace false`
warning: Poincare/ModelLaplacian.lean:26550:36: This simp argument is unused:
  ContinuousLinearMap.zero_apply

Hint: Omit it from the simp argument list.
  simp only [ContinuousLinearMap.smul_apply, ContinuousLinearMap.add_apply,
      ContinuousLinearMap.comp_apply, ContinuousLinearMap.comp_zero,
  ̵  ̵ ̵ ̵ContinuousLinearMap.flip_apply, ̵C̵o̵n̵t̵i̵n̵u̵o̵u̵s̵L̵i̵n̵e̵a̵r̵M̵a̵p̵.̵z̵e̵r̵o̵_̵a̵p̵p̵l̵y̵,̵
      map_zero, add_zero, zero_add, smul_eq_mul]

Note: This linter can be disabled with `set_option linter.unusedSimpArgs false`
warning: Poincare/ModelLaplacian.lean:26551:4: This simp argument is unused:
  map_zero

Hint: Omit it from the simp argument list.
  simp only [ContinuousLinearMap.smul_apply, ContinuousLinearMap.add_apply,
      ContinuousLinearMap.comp_apply, ContinuousLinearMap.comp_zero,
  ̵  ̵ ̵ ̵ContinuousLinearMap.flip_apply,
  ̲  ̲ ̲ ̲ContinuousLinearMap.zero_apply,
  ̵  ̵ ̵ ̵m̵ap̵_̵z̵e̵r̵o̵,̵ ̵a̵dd_zero, zero_add, smul_eq_mul]

Note: This linter can be disabled with `set_option linter.unusedSimpArgs false`
warning: Poincare/ModelLaplacian.lean:26551:14: This simp argument is unused:
  add_zero

Hint: Omit it from the simp argument list.
  simp only [ContinuousLinearMap.smul_apply, ContinuousLinearMap.add_apply,
      ContinuousLinearMap.comp_apply, ContinuousLinearMap.comp_zero,
  ̵  ̵ ̵ ̵ContinuousLinearMap.flip_apply,
  ̲  ̲ ̲ ̲ContinuousLinearMap.zero_apply,
  ̵  ̵ ̵ ̵map_zero, a̵d̵d̵_̵zero,̵ ̵z̵e̵r̵o̵_add, smul_eq_mul]

Note: This linter can be disabled with `set_option linter.unusedSimpArgs false`
warning: Poincare/ModelLaplacian.lean:26526:8: The namespace 'RicciFlow' is duplicated in the declaration 'RicciFlow.RicciFlow.fderiv_fderiv_gradient_sq'

Note: This linter can be disabled with `set_option linter.dupNamespace false`
warning: Poincare/ModelLaplacian.lean:26572:8: The namespace 'RicciFlow' is duplicated in the declaration 'RicciFlow.RicciFlow.contDiff_two_gradient_sq'

Note: This linter can be disabled with `set_option linter.dupNamespace false`
warning: Poincare/ModelLaplacian.lean:26607:8: The namespace 'RicciFlow' is duplicated in the declaration 'RicciFlow.RicciFlow.fderiv_fderiv_gradient_sq_apply'

Note: This linter can be disabled with `set_option linter.dupNamespace false`
warning: Poincare/ModelLaplacian.lean:26646:0: automatically included section variable(s) unused in theorem `RicciFlow.RicciFlow.fderiv_third_outer_symm`:
  [FiniteDimensional ℝ E]
consider restructuring your `variable` declarations so that the variables are not in scope or explicitly omit them:
  omit [FiniteDimensional ℝ E] in theorem ...

Note: This linter can be disabled with `set_option linter.unusedSectionVars false`
warning: Poincare/ModelLaplacian.lean:26646:8: The namespace 'RicciFlow' is duplicated in the declaration 'RicciFlow.RicciFlow.fderiv_third_outer_symm'

Note: This linter can be disabled with `set_option linter.dupNamespace false`
warning: Poincare/ModelLaplacian.lean:26671:0: automatically included section variable(s) unused in theorem `RicciFlow.RicciFlow.fderiv_third_inner_symm`:
  [FiniteDimensional ℝ E]
consider restructuring your `variable` declarations so that the variables are not in scope or explicitly omit them:
  omit [FiniteDimensional ℝ E] in theorem ...

Note: This linter can be disabled with `set_option linter.unusedSectionVars false`
warning: Poincare/ModelLaplacian.lean:26686:15: This simp argument is unused:
  ContinuousLinearMap.add_apply

Hint: Omit it from the simp argument list.
  simp only [̵C̵o̵n̵t̵i̵n̵u̵o̵u̵s̵L̵i̵n̵e̵a̵r̵M̵a̵p̵.̵a̵d̵d̵_̵a̵p̵p̵l̵y̵,̵ ̵C̵o̵n̵t̵i̵n̵u̵o̵u̵s̵L̵i̵n̵e̵a̵r̵M̵a̵p̵.̵c̵o̵m̵p̵_̵a̵p̵p̵l̵y̵,̵[̲C̲o̲n̲t̲i̲n̲u̲o̲u̲s̲L̲i̲n̲e̲a̲r̲M̲a̲p̲.̲c̲o̲m̲p̲_̲a̲p̲p̲l̲y̲,̲ ContinuousLinearMap.comp_zero,
  ̲  ̲ ̲ ̲ ̲ ̲ContinuousLinearMap.flip_apply, ContinuousLinearMap.zero_apply, map_zero, add_zero, zero_add]

Note: This linter can be disabled with `set_option linter.unusedSimpArgs false`
warning: Poincare/ModelLaplacian.lean:26686:46: This simp argument is unused:
  ContinuousLinearMap.comp_apply

Hint: Omit it from the simp argument list.
  simp only [ContinuousLinearMap.add_apply, C̵o̵n̵t̵i̵n̵u̵o̵u̵s̵L̵i̵n̵e̵a̵r̵M̵a̵p̵.̵c̵o̵m̵p̵_̵a̵p̵p̵l̵y̵,̵ContinuousLinearMap.comp_zero,
        ContinuousLinearMap.flip_apply, ContinuousLinearMap.zero_apply, map_zero, add_zero, zero_add]

Note: This linter can be disabled with `set_option linter.unusedSimpArgs false`
warning: Poincare/ModelLaplacian.lean:26688:6: This simp argument is unused:
  ContinuousLinearMap.zero_apply

Hint: Omit it from the simp argument list.
  simp only [ContinuousLinearMap.add_apply, ContinuousLinearMap.comp_apply,
        ContinuousLinearMap.comp_zero, ContinuousLinearMap.flip_apply, C̵o̵n̵t̵i̵n̵u̵o̵u̵s̵L̵i̵n̵e̵a̵r̵M̵a̵p̵.̵z̵e̵r̵o̵_̵a̵p̵p̵l̵y̵,̵ ̵map_zero, add_zero, zero_add]

Note: This linter can be disabled with `set_option linter.unusedSimpArgs false`
warning: Poincare/ModelLaplacian.lean:26688:38: This simp argument is unused:
  map_zero

Hint: Omit it from the simp argument list.
  simp only [ContinuousLinearMap.add_apply, ContinuousLinearMap.comp_apply,
        ContinuousLinearMap.comp_zero, ContinuousLinearMap.flip_apply,
  ̵  ̵ ̵ ̵ ̵ ̵ContinuousLinearMap.zero_apply,
  ̲ m̵a̵p̵_̵z̵e̵r̵o̵,̵  ̲ ̲ ̲ ̲add_zero, zero_add]

Note: This linter can be disabled with `set_option linter.unusedSimpArgs false`
warning: Poincare/ModelLaplacian.lean:26688:48: This simp argument is unused:
  add_zero

Hint: Omit it from the simp argument list.
  simp only [ContinuousLinearMap.add_apply, ContinuousLinearMap.comp_apply,
        ContinuousLinearMap.comp_zero, ContinuousLinearMap.flip_apply,
  ̵  ̵ ̵ ̵ ̵ ̵ContinuousLinearMap.zero_apply,
  ̲  ̲ ̲ ̲ ̲ ̲map_zero, a̵d̵d̵_̵zero,̵ ̵z̵e̵r̵o̵_add]

Note: This linter can be disabled with `set_option linter.unusedSimpArgs false`
warning: Poincare/ModelLaplacian.lean:26671:8: The namespace 'RicciFlow' is duplicated in the declaration 'RicciFlow.RicciFlow.fderiv_third_inner_symm'

Note: This linter can be disabled with `set_option linter.dupNamespace false`
warning: Poincare/ModelLaplacian.lean:26710:8: The namespace 'RicciFlow' is duplicated in the declaration 'RicciFlow.RicciFlow.b_gradient_gradLaplacian'

Note: This linter can be disabled with `set_option linter.dupNamespace false`
warning: Poincare/ModelLaplacian.lean:26737:8: The namespace 'RicciFlow' is duplicated in the declaration 'RicciFlow.RicciFlow.modelLaplacian_eq_orthoBasis_sum'

Note: This linter can be disabled with `set_option linter.dupNamespace false`
warning: Poincare/ModelLaplacian.lean:26783:0: automatically included section variable(s) unused in theorem `RicciFlow.RicciFlow.fderiv_fderiv_fderiv_apply`:
  [FiniteDimensional ℝ E]
consider restructuring your `variable` declarations so that the variables are not in scope or explicitly omit them:
  omit [FiniteDimensional ℝ E] in theorem ...

Note: This linter can be disabled with `set_option linter.unusedSectionVars false`
warning: Poincare/ModelLaplacian.lean:26794:13: This simp argument is unused:
  ContinuousLinearMap.add_apply

Hint: Omit it from the simp argument list.
  simp only [̵C̵o̵n̵t̵i̵n̵u̵o̵u̵s̵L̵i̵n̵e̵a̵r̵M̵a̵p̵.̵a̵d̵d̵_̵a̵p̵p̵l̵y̵,̵ ̵C̵o̵n̵t̵i̵n̵u̵o̵u̵s̵L̵i̵n̵e̵a̵r̵M̵a̵p̵.̵c̵o̵m̵p̵_̵a̵p̵p̵l̵y̵,̵[̲C̲o̲n̲t̲i̲n̲u̲o̲u̲s̲L̲i̲n̲e̲a̲r̲M̲a̲p̲.̲c̲o̲m̲p̲_̲a̲p̲p̲l̲y̲,̲ ContinuousLinearMap.comp_zero,
  ̲  ̲ ̲ ̲ContinuousLinearMap.flip_apply, ContinuousLinearMap.zero_apply, map_zero, add_zero, zero_add]

Note: This linter can be disabled with `set_option linter.unusedSimpArgs false`
warning: Poincare/ModelLaplacian.lean:26794:44: This simp argument is unused:
  ContinuousLinearMap.comp_apply

Hint: Omit it from the simp argument list.
  simp only [ContinuousLinearMap.add_apply, C̵o̵n̵t̵i̵n̵u̵o̵u̵s̵L̵i̵n̵e̵a̵r̵M̵a̵p̵.̵c̵o̵m̵p̵_̵a̵p̵p̵l̵y̵,̵ContinuousLinearMap.comp_zero,
      ContinuousLinearMap.flip_apply, ContinuousLinearMap.zero_apply, map_zero, add_zero, zero_add]

Note: This linter can be disabled with `set_option linter.unusedSimpArgs false`
warning: Poincare/ModelLaplacian.lean:26796:4: This simp argument is unused:
  ContinuousLinearMap.zero_apply

Hint: Omit it from the simp argument list.
  simp only [ContinuousLinearMap.add_apply, ContinuousLinearMap.comp_apply,
      ContinuousLinearMap.comp_zero, ContinuousLinearMap.flip_apply, C̵o̵n̵t̵i̵n̵u̵o̵u̵s̵L̵i̵n̵e̵a̵r̵M̵a̵p̵.̵z̵e̵r̵o̵_̵a̵p̵p̵l̵y̵,̵ ̵map_zero, add_zero, zero_add]

Note: This linter can be disabled with `set_option linter.unusedSimpArgs false`
warning: Poincare/ModelLaplacian.lean:26796:36: This simp argument is unused:
  map_zero

Hint: Omit it from the simp argument list.
  simp only [ContinuousLinearMap.add_apply, ContinuousLinearMap.comp_apply,
      ContinuousLinearMap.comp_zero, ContinuousLinearMap.flip_apply,
  ̵  ̵ ̵ ̵ContinuousLinearMap.zero_apply,
  ̲ m̵a̵p̵_̵z̵e̵r̵o̵,̵  ̲ ̲add_zero, zero_add]

Note: This linter can be disabled with `set_option linter.unusedSimpArgs false`
warning: Poincare/ModelLaplacian.lean:26796:46: This simp argument is unused:
  add_zero

Hint: Omit it from the simp argument list.
  simp only [ContinuousLinearMap.add_apply, ContinuousLinearMap.comp_apply,
      ContinuousLinearMap.comp_zero, ContinuousLinearMap.flip_apply,
  ̵  ̵ ̵ ̵ContinuousLinearMap.zero_apply,
  ̲  ̲ ̲ ̲map_zero, a̵d̵d̵_̵zero,̵ ̵z̵e̵r̵o̵_add]

Note: This linter can be disabled with `set_option linter.unusedSimpArgs false`
warning: Poincare/ModelLaplacian.lean:26783:8: The namespace 'RicciFlow' is duplicated in the declaration 'RicciFlow.RicciFlow.fderiv_fderiv_fderiv_apply'

Note: This linter can be disabled with `set_option linter.dupNamespace false`
warning: Poincare/ModelLaplacian.lean:26838:45: This simp argument is unused:
  ContinuousLinearMap.add_apply

Hint: Omit it from the simp argument list.
  simp only [ContinuousLinearMap.smul_apply, C̵o̵n̵t̵i̵n̵u̵o̵u̵s̵L̵i̵n̵e̵a̵r̵M̵a̵p̵.̵a̵d̵d̵_̵a̵p̵p̵l̵y̵,̵ContinuousLinearMap.comp_apply,
      ContinuousLinearMap.comp_zero, ContinuousLinearMap.flip_apply, ContinuousLinearMap.zero_apply,
  ̲  ̲ ̲ ̲map_zero, add_zero, zero_add, smul_eq_mul, div_eq_inv_mul]

Note: This linter can be disabled with `set_option linter.unusedSimpArgs false`
warning: Poincare/ModelLaplacian.lean:26839:4: This simp argument is unused:
  ContinuousLinearMap.comp_apply

Hint: Omit it from the simp argument list.
  simp only [ContinuousLinearMap.smul_apply, ContinuousLinearMap.add_apply,
      ContinuousLinearMap.comp_a̵p̵p̵l̵y̵,̵ ̵C̵o̵n̵t̵i̵n̵u̵o̵u̵s̵L̵i̵n̵e̵a̵r̵M̵a̵p̵.̵c̵o̵m̵p̵_̵zero,
  ̵  ̵ ̵ ̵ContinuousLinearMap.flip_apply, ContinuousLinearMap.zero_apply,
  ̲  ̲ ̲ ̲map_zero,
  ̵  ̵ ̵ ̵add_zero, zero_add, smul_eq_mul, div_eq_inv_mul]

Note: This linter can be disabled with `set_option linter.unusedSimpArgs false`
warning: Poincare/ModelLaplacian.lean:26840:36: This simp argument is unused:
  ContinuousLinearMap.zero_apply

Hint: Omit it from the simp argument list.
  simp only [ContinuousLinearMap.smul_apply, ContinuousLinearMap.add_apply,
      ContinuousLinearMap.comp_apply, ContinuousLinearMap.comp_zero, ContinuousLinearMap.flip_apply,
  ̲  ̲ ̲ ̲C̵o̵n̵t̵i̵n̵u̵o̵u̵s̵L̵i̵n̵e̵a̵r̵M̵a̵p̵.̵z̵e̵r̵o̵_̵a̵p̵p̵l̵y̵,̵ ̵map_zero, add_zero, zero_add, smul_eq_mul, div_eq_inv_mul]

Note: This linter can be disabled with `set_option linter.unusedSimpArgs false`
warning: Poincare/ModelLaplacian.lean:26840:68: This simp argument is unused:
  map_zero

Hint: Omit it from the simp argument list.
  simp only [ContinuousLinearMap.smul_apply, ContinuousLinearMap.add_apply,
      ContinuousLinearMap.comp_apply, ContinuousLinearMap.comp_zero,
  ̵  ̵ ̵ ̵ContinuousLinearMap.flip_apply,
  ̲  ̲ ̲ ̲ContinuousLinearMap.zero_apply, m̵ap̵_̵z̵e̵r̵o̵,̵
  ̵ ̵ ̵ ̵ ̵a̵dd_zero, zero_add, smul_eq_mul, div_eq_inv_mul]

Note: This linter can be disabled with `set_option linter.unusedSimpArgs false`
warning: Poincare/ModelLaplacian.lean:26841:4: This simp argument is unused:
  add_zero

Hint: Omit it from the simp argument list.
  simp only [ContinuousLinearMap.smul_apply, ContinuousLinearMap.add_apply,
      ContinuousLinearMap.comp_apply, ContinuousLinearMap.comp_zero,
  ̵  ̵ ̵ ̵ContinuousLinearMap.flip_apply,
  ̲  ̲ ̲ ̲ContinuousLinearMap.zero_apply, map_zero,
  ̵  ̵ ̵ ̵a̵d̵d̵_̵zero,̵ ̵z̵e̵r̵o̵_add, smul_eq_mul, div_eq_inv_mul]

Note: This linter can be disabled with `set_option linter.unusedSimpArgs false`
warning: Poincare/ModelLaplacian.lean:26813:8: The namespace 'RicciFlow' is duplicated in the declaration 'RicciFlow.RicciFlow.fderiv_modelLaplacian_eq_basis_sum'

Note: This linter can be disabled with `set_option linter.dupNamespace false`
warning: Poincare/ModelLaplacian.lean:26858:8: The namespace 'RicciFlow' is duplicated in the declaration 'RicciFlow.RicciFlow.hessianNormSq_eq_orthoBasis_sum'

Note: This linter can be disabled with `set_option linter.dupNamespace false`
warning: Poincare/ModelLaplacian.lean:26918:8: The namespace 'RicciFlow' is duplicated in the declaration 'RicciFlow.RicciFlow.bochner_flat'

Note: This linter can be disabled with `set_option linter.dupNamespace false`
warning: Poincare/ModelLaplacian.lean:26976:8: The namespace 'RicciFlow' is duplicated in the declaration 'RicciFlow.RicciFlow.gradient_sq_subharmonic_of_harmonic'

Note: This linter can be disabled with `set_option linter.dupNamespace false`
warning: Poincare/ModelLaplacian.lean:27005:8: The namespace 'RicciFlow' is duplicated in the declaration 'RicciFlow.RicciFlow.bochner_inequality'

Note: This linter can be disabled with `set_option linter.dupNamespace false`
warning: Poincare/ModelLaplacian.lean:27031:8: The namespace 'RicciFlow' is duplicated in the declaration 'RicciFlow.RicciFlow.laplacian_sq_le_finrank_mul_hessianNormSq'

Note: This linter can be disabled with `set_option linter.dupNamespace false`
warning: Poincare/ModelLaplacian.lean:27056:8: The namespace 'RicciFlow' is duplicated in the declaration 'RicciFlow.RicciFlow.bochner_inequality_refined'

Note: This linter can be disabled with `set_option linter.dupNamespace false`
warning: Poincare/ModelLaplacian.lean:27087:8: The namespace 'RicciFlow' is duplicated in the declaration 'RicciFlow.RicciFlow.bochner_eigenfunction'

Note: This linter can be disabled with `set_option linter.dupNamespace false`
warning: Poincare/ModelLaplacian.lean:27120:8: The namespace 'RicciFlow' is duplicated in the declaration 'RicciFlow.RicciFlow.bochner_eigenfunction_pointwise_bound'

Note: This linter can be disabled with `set_option linter.dupNamespace false`
warning: Poincare/ModelLaplacian.lean:27154:8: The namespace 'RicciFlow' is duplicated in the declaration 'RicciFlow.RicciFlow.hessian_eq_zero_of_hessianNormSq_eq_zero'

Note: This linter can be disabled with `set_option linter.dupNamespace false`
warning: Poincare/ModelLaplacian.lean:27200:8: The namespace 'RicciFlow' is duplicated in the declaration 'RicciFlow.RicciFlow.bochner_equality_iff_hessian_vanishes'

Note: This linter can be disabled with `set_option linter.dupNamespace false`
warning: Poincare/ModelLaplacian.lean:27243:11: unused variable `x`

Note: This linter can be disabled with `set_option linter.unusedVariables false`
warning: Poincare/ModelLaplacian.lean:27242:8: The namespace 'RicciFlow' is duplicated in the declaration 'RicciFlow.RicciFlow.covariantHessian_const'

Note: This linter can be disabled with `set_option linter.dupNamespace false`
warning: Poincare/ModelLaplacian.lean:27266:8: The namespace 'RicciFlow' is duplicated in the declaration 'RicciFlow.RicciFlow.curvedLaplacian_const_eq_flat_hessian_trace'

Note: This linter can be disabled with `set_option linter.dupNamespace false`
warning: Poincare/ModelLaplacian.lean:27297:8: The namespace 'RicciFlow' is duplicated in the declaration 'RicciFlow.RicciFlow.fderiv_christoffelClosedOp_apply_field'

Note: This linter can be disabled with `set_option linter.dupNamespace false`
warning: Poincare/ModelLaplacian.lean:27325:0: automatically included section variable(s) unused in theorem `RicciFlow.RicciFlow.fderiv_fderiv_vectorField_apply`:
  [FiniteDimensional ℝ E]
consider restructuring your `variable` declarations so that the variables are not in scope or explicitly omit them:
  omit [FiniteDimensional ℝ E] in theorem ...

Note: This linter can be disabled with `set_option linter.unusedSectionVars false`
warning: Poincare/ModelLaplacian.lean:27325:8: The namespace 'RicciFlow' is duplicated in the declaration 'RicciFlow.RicciFlow.fderiv_fderiv_vectorField_apply'

Note: This linter can be disabled with `set_option linter.dupNamespace false`
warning: Poincare/ModelLaplacian.lean:27352:8: The namespace 'RicciFlow' is duplicated in the declaration 'RicciFlow.RicciFlow.fderiv_covariant_inner_expand'

Note: This linter can be disabled with `set_option linter.dupNamespace false`
warning: Poincare/ModelLaplacian.lean:27388:8: The namespace 'RicciFlow' is duplicated in the declaration 'RicciFlow.RicciFlow.covariantSecondDerivative_expand'

Note: This linter can be disabled with `set_option linter.dupNamespace false`
warning: Poincare/ModelLaplacian.lean:27436:8: The namespace 'RicciFlow' is duplicated in the declaration 'RicciFlow.RicciFlow.covariantSecondDerivative_antisymm_eq_coordCurvatureOp'

Note: This linter can be disabled with `set_option linter.dupNamespace false`
warning: Poincare/ModelLaplacian.lean:27473:8: The namespace 'RicciFlow' is duplicated in the declaration 'RicciFlow.RicciFlow.sum_g_coordCurvatureOp_eq_coordRicci'

Note: This linter can be disabled with `set_option linter.dupNamespace false`
warning: Poincare/ModelLaplacian.lean:27502:8: The namespace 'RicciFlow' is duplicated in the declaration 'RicciFlow.RicciFlow.sum_g_covariantSecondDerivative_antisymm_eq_coordRicci'

Note: This linter can be disabled with `set_option linter.dupNamespace false`
warning: Poincare/ModelLaplacian.lean:27533:18: The namespace 'RicciFlow' is duplicated in the declaration 'RicciFlow.RicciFlow.coordGradient'

Note: This linter can be disabled with `set_option linter.dupNamespace false`
warning: Poincare/ModelLaplacian.lean:27541:0: automatically included section variable(s) unused in theorem `RicciFlow.RicciFlow.g_coordGradient`:
  [FiniteDimensional ℝ E]
consider restructuring your `variable` declarations so that the variables are not in scope or explicitly omit them:
  omit [FiniteDimensional ℝ E] in theorem ...

Note: This linter can be disabled with `set_option linter.unusedSectionVars false`
warning: Poincare/ModelLaplacian.lean:27541:8: The namespace 'RicciFlow' is duplicated in the declaration 'RicciFlow.RicciFlow.g_coordGradient'

Note: This linter can be disabled with `set_option linter.dupNamespace false`
warning: Poincare/ModelLaplacian.lean:27563:8: The namespace 'RicciFlow' is duplicated in the declaration 'RicciFlow.RicciFlow.g_coordGradient_pair'

Note: This linter can be disabled with `set_option linter.dupNamespace false`
warning: Poincare/ModelLaplacian.lean:27587:8: The namespace 'RicciFlow' is duplicated in the declaration 'RicciFlow.RicciFlow.fderiv_g_coordGradient_eq_fderiv_fderiv'

Note: This linter can be disabled with `set_option linter.dupNamespace false`
warning: Poincare/ModelLaplacian.lean:27615:18: The namespace 'RicciFlow' is duplicated in the declaration 'RicciFlow.RicciFlow.coordGradNormSq'

Note: This linter can be disabled with `set_option linter.dupNamespace false`
warning: Poincare/ModelLaplacian.lean:27623:8: The namespace 'RicciFlow' is duplicated in the declaration 'RicciFlow.RicciFlow.coordGradNormSq_eq_fderiv'

Note: This linter can be disabled with `set_option linter.dupNamespace false`
warning: Poincare/ModelLaplacian.lean:27645:0: automatically included section variable(s) unused in theorem `RicciFlow.RicciFlow.fderiv_g_coordGradient_apply`:
  [FiniteDimensional ℝ E]
consider restructuring your `variable` declarations so that the variables are not in scope or explicitly omit them:
  omit [FiniteDimensional ℝ E] in theorem ...

Note: This linter can be disabled with `set_option linter.unusedSectionVars false`
warning: Poincare/ModelLaplacian.lean:27656:4: This simp argument is unused:
  ContinuousLinearMap.zero_apply

Hint: Omit it from the simp argument list.
  simp only [ContinuousLinearMap.add_apply, ContinuousLinearMap.comp_apply,
      ContinuousLinearMap.comp_zero, ContinuousLinearMap.flip_apply, C̵o̵n̵t̵i̵n̵u̵o̵u̵s̵L̵i̵n̵e̵a̵r̵M̵a̵p̵.̵z̵e̵r̵o̵_̵a̵p̵p̵l̵y̵,̵ ̵map_zero, add_zero, zero_add]

Note: This linter can be disabled with `set_option linter.unusedSimpArgs false`
warning: Poincare/ModelLaplacian.lean:27656:36: This simp argument is unused:
  map_zero

Hint: Omit it from the simp argument list.
  simp only [ContinuousLinearMap.add_apply, ContinuousLinearMap.comp_apply,
      ContinuousLinearMap.comp_zero, ContinuousLinearMap.flip_apply,
  ̵  ̵ ̵ ̵ContinuousLinearMap.zero_apply,
  ̲ m̵a̵p̵_̵z̵e̵r̵o̵,̵  ̲ ̲add_zero, zero_add]

Note: This linter can be disabled with `set_option linter.unusedSimpArgs false`
warning: Poincare/ModelLaplacian.lean:27656:46: This simp argument is unused:
  add_zero

Hint: Omit it from the simp argument list.
  simp only [ContinuousLinearMap.add_apply, ContinuousLinearMap.comp_apply,
      ContinuousLinearMap.comp_zero, ContinuousLinearMap.flip_apply,
  ̵  ̵ ̵ ̵ContinuousLinearMap.zero_apply,
  ̲  ̲ ̲ ̲map_zero, a̵d̵d̵_̵zero,̵ ̵z̵e̵r̵o̵_add]

Note: This linter can be disabled with `set_option linter.unusedSimpArgs false`
warning: Poincare/ModelLaplacian.lean:27645:8: The namespace 'RicciFlow' is duplicated in the declaration 'RicciFlow.RicciFlow.fderiv_g_coordGradient_apply'

Note: This linter can be disabled with `set_option linter.dupNamespace false`
warning: Poincare/ModelLaplacian.lean:27677:8: The namespace 'RicciFlow' is duplicated in the declaration 'RicciFlow.RicciFlow.g_covariantDeriv_coordGradient_eq_covariantHessian'

Note: This linter can be disabled with `set_option linter.dupNamespace false`
warning: Poincare/ModelLaplacian.lean:27714:8: The namespace 'RicciFlow' is duplicated in the declaration 'RicciFlow.RicciFlow.differentiableAt_coordGradient'

Note: This linter can be disabled with `set_option linter.dupNamespace false`
warning: Poincare/ModelLaplacian.lean:27740:8: The namespace 'RicciFlow' is duplicated in the declaration 'RicciFlow.RicciFlow.g_covariantDeriv_coordGradient_eq_covariantHessian''

Note: This linter can be disabled with `set_option linter.dupNamespace false`
warning: Poincare/ModelLaplacian.lean:27767:8: The namespace 'RicciFlow' is duplicated in the declaration 'RicciFlow.RicciFlow.fderiv_coordGradNormSq'

Note: This linter can be disabled with `set_option linter.dupNamespace false`
warning: Poincare/ModelLaplacian.lean:27800:8: The namespace 'RicciFlow' is duplicated in the declaration 'RicciFlow.RicciFlow.fderiv_coordGradNormSq_eq_two_covariantDeriv'

Note: This linter can be disabled with `set_option linter.dupNamespace false`
warning: Poincare/ModelLaplacian.lean:27831:8: The namespace 'RicciFlow' is duplicated in the declaration 'RicciFlow.RicciFlow.fderiv_coordGradNormSq_eq_two_covariantHessian'

Note: This linter can be disabled with `set_option linter.dupNamespace false`
warning: Poincare/ModelLaplacian.lean:27858:8: The namespace 'RicciFlow' is duplicated in the declaration 'RicciFlow.RicciFlow.differentiableAt_coordGradNormSq'

Note: This linter can be disabled with `set_option linter.dupNamespace false`
warning: Poincare/ModelLaplacian.lean:27881:8: The namespace 'RicciFlow' is duplicated in the declaration 'RicciFlow.RicciFlow.curvedLaplacian_coordGradNormSq'

Note: This linter can be disabled with `set_option linter.dupNamespace false`
warning: Poincare/ModelLaplacian.lean:27908:8: The namespace 'RicciFlow' is duplicated in the declaration 'RicciFlow.RicciFlow.contDiffAt_coordGradient'

Note: This linter can be disabled with `set_option linter.dupNamespace false`
warning: Poincare/ModelLaplacian.lean:27931:8: The namespace 'RicciFlow' is duplicated in the declaration 'RicciFlow.RicciFlow.contDiffAt_coordGradient_two'

Note: This linter can be disabled with `set_option linter.dupNamespace false`
warning: Poincare/ModelLaplacian.lean:27956:8: The namespace 'RicciFlow' is duplicated in the declaration 'RicciFlow.RicciFlow.fderiv_g_field_field'

Note: This linter can be disabled with `set_option linter.dupNamespace false`
warning: Poincare/ModelLaplacian.lean:27989:8: The namespace 'RicciFlow' is duplicated in the declaration 'RicciFlow.RicciFlow.fderiv_coordGradNormSq_field'

Note: This linter can be disabled with `set_option linter.dupNamespace false`
warning: Poincare/ModelLaplacian.lean:28015:8: The namespace 'RicciFlow' is duplicated in the declaration 'RicciFlow.RicciFlow.differentiableAt_christoffel_coordGradient'

Note: This linter can be disabled with `set_option linter.dupNamespace false`
warning: Poincare/ModelLaplacian.lean:28047:8: The namespace 'RicciFlow' is duplicated in the declaration 'RicciFlow.RicciFlow.differentiableAt_fderiv_coordGradient'

Note: This linter can be disabled with `set_option linter.dupNamespace false`
warning: Poincare/ModelLaplacian.lean:28072:8: The namespace 'RicciFlow' is duplicated in the declaration 'RicciFlow.RicciFlow.differentiableAt_covariantDeriv_coordGradient'

Note: This linter can be disabled with `set_option linter.dupNamespace false`
warning: Poincare/ModelLaplacian.lean:28101:8: The namespace 'RicciFlow' is duplicated in the declaration 'RicciFlow.RicciFlow.fderiv_fderiv_coordGradNormSq'

Note: This linter can be disabled with `set_option linter.dupNamespace false`
warning: Poincare/ModelLaplacian.lean:28146:8: The namespace 'RicciFlow' is duplicated in the declaration 'RicciFlow.RicciFlow.contDiffAt_coordGradNormSq'

Note: This linter can be disabled with `set_option linter.dupNamespace false`
warning: Poincare/ModelLaplacian.lean:28168:0: automatically included section variable(s) unused in theorem `RicciFlow.RicciFlow.fderiv_fderiv_apply_real`:
  [FiniteDimensional ℝ E]
consider restructuring your `variable` declarations so that the variables are not in scope or explicitly omit them:
  omit [FiniteDimensional ℝ E] in theorem ...

Note: This linter can be disabled with `set_option linter.unusedSectionVars false`
warning: Poincare/ModelLaplacian.lean:28168:8: The namespace 'RicciFlow' is duplicated in the declaration 'RicciFlow.RicciFlow.fderiv_fderiv_apply_real'

Note: This linter can be disabled with `set_option linter.dupNamespace false`
warning: Poincare/ModelLaplacian.lean:28194:8: The namespace 'RicciFlow' is duplicated in the declaration 'RicciFlow.RicciFlow.covariantSecondDerivative_iterated'

Note: This linter can be disabled with `set_option linter.dupNamespace false`
warning: Poincare/ModelLaplacian.lean:28242:8: The namespace 'RicciFlow' is duplicated in the declaration 'RicciFlow.RicciFlow.covariantHessian_coordGradNormSq'

Note: This linter can be disabled with `set_option linter.dupNamespace false`
warning: Poincare/ModelLaplacian.lean:28289:8: The namespace 'RicciFlow' is duplicated in the declaration 'RicciFlow.RicciFlow.curvedLaplacian_coordGradNormSq_eq'

Note: This linter can be disabled with `set_option linter.dupNamespace false`
warning: Poincare/ModelLaplacian.lean:28326:18: The namespace 'RicciFlow' is duplicated in the declaration 'RicciFlow.RicciFlow.coordCovariantHessNormSq'

Note: This linter can be disabled with `set_option linter.dupNamespace false`
warning: Poincare/ModelLaplacian.lean:28341:8: The namespace 'RicciFlow' is duplicated in the declaration 'RicciFlow.RicciFlow.sum_hessNorm_eq_two_coordCovariantHessNormSq'

Note: This linter can be disabled with `set_option linter.dupNamespace false`
warning: Poincare/ModelLaplacian.lean:28371:8: The namespace 'RicciFlow' is duplicated in the declaration 'RicciFlow.RicciFlow.curvedLaplacian_coordGradNormSq_eq_two'

Note: This linter can be disabled with `set_option linter.dupNamespace false`
warning: Poincare/ModelLaplacian.lean:28403:8: The namespace 'RicciFlow' is duplicated in the declaration 'RicciFlow.RicciFlow.contDiff_coordGradient'

Note: This linter can be disabled with `set_option linter.dupNamespace false`
warning: Poincare/ModelLaplacian.lean:28429:8: The namespace 'RicciFlow' is duplicated in the declaration 'RicciFlow.RicciFlow.sum_G_covariantSecondDerivative_swap'

Note: This linter can be disabled with `set_option linter.dupNamespace false`
warning: Poincare/ModelLaplacian.lean:28482:8: The namespace 'RicciFlow' is duplicated in the declaration 'RicciFlow.RicciFlow.g_covariantDeriv_coordGradient_eq_covariantHessian_field'

Note: This linter can be disabled with `set_option linter.dupNamespace false`
warning: Poincare/ModelLaplacian.lean:28511:8: The namespace 'RicciFlow' is duplicated in the declaration 'RicciFlow.RicciFlow.fderiv_g_covariantDeriv_coordGradient'

Note: This linter can be disabled with `set_option linter.dupNamespace false`
warning: Poincare/ModelLaplacian.lean:28549:8: The namespace 'RicciFlow' is duplicated in the declaration 'RicciFlow.RicciFlow.g_covariantSecondDerivative_coordGradient_eq'

Note: This linter can be disabled with `set_option linter.dupNamespace false`
warning: Poincare/ModelLaplacian.lean:28588:8: The namespace 'RicciFlow' is duplicated in the declaration 'RicciFlow.RicciFlow.coordThirdDeriv_symm_last'

Note: This linter can be disabled with `set_option linter.dupNamespace false`
warning: Poincare/ModelLaplacian.lean:28638:8: The namespace 'RicciFlow' is duplicated in the declaration 'RicciFlow.RicciFlow.g_covariantSecondDerivative_coordGradient_symm_last'

Note: This linter can be disabled with `set_option linter.dupNamespace false`
warning: Poincare/ModelLaplacian.lean:28668:8: The namespace 'RicciFlow' is duplicated in the declaration 'RicciFlow.RicciFlow.g_covariantSecondDerivative_coordGradient_antisymm_first'

Note: This linter can be disabled with `set_option linter.dupNamespace false`
warning: Poincare/ModelLaplacian.lean:28700:8: The namespace 'RicciFlow' is duplicated in the declaration 'RicciFlow.RicciFlow.sum_coordRiemann_gradient_eq_coordRicci'

Note: This linter can be disabled with `set_option linter.dupNamespace false`
warning: Poincare/ModelLaplacian.lean:28734:8: The namespace 'RicciFlow' is duplicated in the declaration 'RicciFlow.RicciFlow.sum_G_covariantSecondDerivative_gradient_weitzenbock'

Note: This linter can be disabled with `set_option linter.dupNamespace false`
warning: Poincare/ModelLaplacian.lean:28776:8: The namespace 'RicciFlow' is duplicated in the declaration 'RicciFlow.RicciFlow.sum_G_covariantSecondDerivative_gradient_transport_swap'

Note: This linter can be disabled with `set_option linter.dupNamespace false`
warning: Poincare/ModelLaplacian.lean:28809:18: The namespace 'RicciFlow' is duplicated in the declaration 'RicciFlow.RicciFlow.covariantHessianInnerCLM'

Note: This linter can be disabled with `set_option linter.dupNamespace false`
warning: Poincare/ModelLaplacian.lean:28814:8: The namespace 'RicciFlow' is duplicated in the declaration 'RicciFlow.RicciFlow.covariantHessianInnerCLM_apply'

Note: This linter can be disabled with `set_option linter.dupNamespace false`
warning: Poincare/ModelLaplacian.lean:28827:18: The namespace 'RicciFlow' is duplicated in the declaration 'RicciFlow.RicciFlow.covariantHessianForm'

Note: This linter can be disabled with `set_option linter.dupNamespace false`
warning: Poincare/ModelLaplacian.lean:28843:8: The namespace 'RicciFlow' is duplicated in the declaration 'RicciFlow.RicciFlow.covariantHessianForm_apply'

Note: This linter can be disabled with `set_option linter.dupNamespace false`
warning: Poincare/ModelLaplacian.lean:28854:8: The namespace 'RicciFlow' is duplicated in the declaration 'RicciFlow.RicciFlow.covariantHessianForm_eq_covariantHessian'

Note: This linter can be disabled with `set_option linter.dupNamespace false`
warning: Poincare/ModelLaplacian.lean:28876:8: The namespace 'RicciFlow' is duplicated in the declaration 'RicciFlow.RicciFlow.covariantHessianForm_symm'

Note: This linter can be disabled with `set_option linter.dupNamespace false`
warning: Poincare/ModelLaplacian.lean:28892:8: The namespace 'RicciFlow' is duplicated in the declaration 'RicciFlow.RicciFlow.tensorMetricTrace_covariantHessianForm'

Note: This linter can be disabled with `set_option linter.dupNamespace false`
warning: Poincare/ModelLaplacian.lean:28924:8: The namespace 'RicciFlow' is duplicated in the declaration 'RicciFlow.RicciFlow.covTensor2Deriv_covariantHessianForm_eq'

Note: This linter can be disabled with `set_option linter.dupNamespace false`
warning: Poincare/ModelLaplacian.lean:28962:8: The namespace 'RicciFlow' is duplicated in the declaration 'RicciFlow.RicciFlow.sum_G_covariantSecondDerivative_gradient_transport_eq'

Note: This linter can be disabled with `set_option linter.dupNamespace false`
warning: Poincare/ModelLaplacian.lean:29006:8: The namespace 'RicciFlow' is duplicated in the declaration 'RicciFlow.RicciFlow.sum_G_covariantSecondDerivative_gradient_eq_transport_ricci'

Note: This linter can be disabled with `set_option linter.dupNamespace false`
warning: Poincare/ModelLaplacian.lean:29047:8: The namespace 'RicciFlow' is duplicated in the declaration 'RicciFlow.RicciFlow.curvedLaplacian_coordGradNormSq_bochner'

Note: This linter can be disabled with `set_option linter.dupNamespace false`
warning: Poincare/ModelLaplacian.lean:29079:8: The namespace 'RicciFlow' is duplicated in the declaration 'RicciFlow.RicciFlow.curvedLaplacian_coordGradNormSq_bochner_gradient'

Note: This linter can be disabled with `set_option linter.dupNamespace false`
warning: Poincare/ModelLaplacian.lean:29111:8: The namespace 'RicciFlow' is duplicated in the declaration 'RicciFlow.RicciFlow.differentiableAt_clm_of_apply'

Note: This linter can be disabled with `set_option linter.dupNamespace false`
warning: Poincare/ModelLaplacian.lean:29156:8: The namespace 'RicciFlow' is duplicated in the declaration 'RicciFlow.RicciFlow.differentiableAt_covariantHessianForm'

Note: This linter can be disabled with `set_option linter.dupNamespace false`
warning: Poincare/ModelLaplacian.lean:29190:8: The namespace 'RicciFlow' is duplicated in the declaration 'RicciFlow.RicciFlow.curvedLaplacian_coordGradNormSq_bochner_gradient_of_christoffelDiff'

Note: This linter can be disabled with `set_option linter.dupNamespace false`
warning: Poincare/ModelLaplacian.lean:29220:8: The namespace 'RicciFlow' is duplicated in the declaration 'RicciFlow.RicciFlow.curvedLaplacian_coordGradNormSq_bochner_harmonic'

Note: This linter can be disabled with `set_option linter.dupNamespace false`
warning: Poincare/ModelLaplacian.lean:29253:8: The namespace 'RicciFlow' is duplicated in the declaration 'RicciFlow.RicciFlow.curvedLaplacian_coordGradNormSq_bochner_eigenfunction'

Note: This linter can be disabled with `set_option linter.dupNamespace false`
warning: Poincare/ModelLaplacian.lean:29289:8: The namespace 'RicciFlow' is duplicated in the declaration 'RicciFlow.RicciFlow.differentiableAt_christoffelClosedOp'

Note: This linter can be disabled with `set_option linter.dupNamespace false`
warning: Poincare/ModelLaplacian.lean:29337:8: The namespace 'RicciFlow' is duplicated in the declaration 'RicciFlow.RicciFlow.curvedLaplacian_coordGradNormSq_bochner_gradient_unconditional'

Note: This linter can be disabled with `set_option linter.dupNamespace false`
warning: Poincare/ModelLaplacian.lean:29369:8: The namespace 'RicciFlow' is duplicated in the declaration 'RicciFlow.RicciFlow.differentiableAt_coordRicciForm_field'

Note: This linter can be disabled with `set_option linter.dupNamespace false`
warning: Poincare/ModelLaplacian.lean:29398:8: The namespace 'RicciFlow' is duplicated in the declaration 'RicciFlow.RicciFlow.contDiffAt_clm_of_apply'

Note: This linter can be disabled with `set_option linter.dupNamespace false`
warning: Poincare/ModelLaplacian.lean:29441:8: The namespace 'RicciFlow' is duplicated in the declaration 'RicciFlow.RicciFlow.contDiffAt_christoffelClosedOp'

Note: This linter can be disabled with `set_option linter.dupNamespace false`
warning: Poincare/ModelLaplacian.lean:29477:8: The namespace 'RicciFlow' is duplicated in the declaration 'RicciFlow.RicciFlow.differentiableAt_fderiv_christoffelClosedOp'

Note: This linter can be disabled with `set_option linter.dupNamespace false`
warning: Poincare/ModelLaplacian.lean:29486:8: The namespace 'RicciFlow' is duplicated in the declaration 'RicciFlow.RicciFlow.isSymmSndFDerivAt_christoffelClosedOp'

Note: This linter can be disabled with `set_option linter.dupNamespace false`
warning: Poincare/ModelLaplacian.lean:29507:8: The namespace 'RicciFlow' is duplicated in the declaration 'RicciFlow.RicciFlow.contDiffAt_christoffelClosedOp_three'

Note: This linter can be disabled with `set_option linter.dupNamespace false`
warning: Poincare/ModelLaplacian.lean:29547:8: The namespace 'RicciFlow' is duplicated in the declaration 'RicciFlow.RicciFlow.contDiffAt_coordCurvatureOp_family'

Note: This linter can be disabled with `set_option linter.dupNamespace false`
warning: Poincare/ModelLaplacian.lean:29584:8: The namespace 'RicciFlow' is duplicated in the declaration 'RicciFlow.RicciFlow.contDiffAt_coordRicci_family'

Note: This linter can be disabled with `set_option linter.dupNamespace false`
warning: Poincare/ModelLaplacian.lean:29610:8: The namespace 'RicciFlow' is duplicated in the declaration 'RicciFlow.RicciFlow.contDiffAt_coordRicciForm_field'

Note: This linter can be disabled with `set_option linter.dupNamespace false`
warning: Poincare/ModelLaplacian.lean:29627:8: The namespace 'RicciFlow' is duplicated in the declaration 'RicciFlow.RicciFlow.differentiableAt_fderiv_coordRicciForm_field'

Note: This linter can be disabled with `set_option linter.dupNamespace false`
warning: Poincare/ModelLaplacian.lean:29650:8: The namespace 'RicciFlow' is duplicated in the declaration 'RicciFlow.RicciFlow.contDiffAt_tensorMetricTrace'

Note: This linter can be disabled with `set_option linter.dupNamespace false`
warning: Poincare/ModelLaplacian.lean:29676:8: The namespace 'RicciFlow' is duplicated in the declaration 'RicciFlow.RicciFlow.contDiff_coordScalar'

Note: This linter can be disabled with `set_option linter.dupNamespace false`
warning: Poincare/ModelLaplacian.lean:29704:8: The namespace 'RicciFlow' is duplicated in the declaration 'RicciFlow.RicciFlow.differentiableAt_fderiv_neg_two_coordRicciForm_field'

Note: This linter can be disabled with `set_option linter.dupNamespace false`
warning: Poincare/ModelLaplacian.lean:29730:8: The namespace 'RicciFlow' is duplicated in the declaration 'RicciFlow.RicciFlow.differentiableAt_christoffelFunctionalCLM'

Note: This linter can be disabled with `set_option linter.dupNamespace false`
warning: Poincare/ModelLaplacian.lean:29767:8: The namespace 'RicciFlow' is duplicated in the declaration 'RicciFlow.RicciFlow.differentiableAt_christoffelDerivOp_neg_two_coordRicciForm_field'

Note: This linter can be disabled with `set_option linter.dupNamespace false`
warning: Poincare/ModelLaplacian.lean:29814:8: The namespace 'RicciFlow' is duplicated in the declaration 'RicciFlow.RicciFlow.ricciDeriv_neg_two_raised_trace_eq_curvedLaplacian_of_contDiff'

Note: This linter can be disabled with `set_option linter.dupNamespace false`
warning: Poincare/ModelLaplacian.lean:29865:8: The namespace 'RicciFlow' is duplicated in the declaration 'RicciFlow.RicciFlow.curved_ricci_flow_scalar_evolution'

Note: This linter can be disabled with `set_option linter.dupNamespace false`
warning: Poincare/ModelLaplacian.lean:29910:8: The namespace 'RicciFlow' is duplicated in the declaration 'RicciFlow.RicciFlow.curved_ricci_flow_scalar_riccati_lower_bound'

Note: This linter can be disabled with `set_option linter.dupNamespace false`
warning: Poincare/ModelLaplacian.lean:29951:18: The namespace 'RicciFlow' is duplicated in the declaration 'RicciFlow.RicciFlow.covariantGradientEndo'

Note: This linter can be disabled with `set_option linter.dupNamespace false`
warning: Poincare/ModelLaplacian.lean:29962:8: The namespace 'RicciFlow' is duplicated in the declaration 'RicciFlow.RicciFlow.covariantGradientEndo_apply'

Note: This linter can be disabled with `set_option linter.dupNamespace false`
warning: Poincare/ModelLaplacian.lean:29971:8: The namespace 'RicciFlow' is duplicated in the declaration 'RicciFlow.RicciFlow.covariantGradientEndo_selfAdjoint'

Note: This linter can be disabled with `set_option linter.dupNamespace false`
warning: Poincare/ModelLaplacian.lean:30001:8: The namespace 'RicciFlow' is duplicated in the declaration 'RicciFlow.RicciFlow.curvedLaplacian_eq_trace_covariantGradientEndo'

Note: This linter can be disabled with `set_option linter.dupNamespace false`
warning: Poincare/ModelLaplacian.lean:30037:8: The namespace 'RicciFlow' is duplicated in the declaration 'RicciFlow.RicciFlow.coordCovariantHessNormSq_eq_trace'

Note: This linter can be disabled with `set_option linter.dupNamespace false`
warning: Poincare/ModelLaplacian.lean:30075:8: The namespace 'RicciFlow' is duplicated in the declaration 'RicciFlow.RicciFlow.curvedLaplacian_sq_le_finrank_mul_coordCovariantHessNormSq'

Note: This linter can be disabled with `set_option linter.dupNamespace false`
warning: Poincare/ModelLaplacian.lean:30121:8: The namespace 'RicciFlow' is duplicated in the declaration 'RicciFlow.RicciFlow.curvedLaplacian_coordGradNormSq_bochner_refined'

Note: This linter can be disabled with `set_option linter.dupNamespace false`
warning: Poincare/ModelLaplacian.lean:30163:8: The namespace 'RicciFlow' is duplicated in the declaration 'RicciFlow.RicciFlow.curvedLaplacian_coordGradNormSq_bochner_eigenfunction_refined'

Note: This linter can be disabled with `set_option linter.dupNamespace false`
warning: Poincare/ModelLaplacian.lean:30205:8: The namespace 'RicciFlow' is duplicated in the declaration 'RicciFlow.RicciFlow.curved_ricci_flow_scalar_evolution_trace_form'

Note: This linter can be disabled with `set_option linter.dupNamespace false`
warning: Poincare/ModelLaplacian.lean:30246:8: The namespace 'RicciFlow' is duplicated in the declaration 'RicciFlow.RicciFlow.coordCovariantHessNormSq_nonneg'

Note: This linter can be disabled with `set_option linter.dupNamespace false`
warning: Poincare/ModelLaplacian.lean:30262:8: The namespace 'RicciFlow' is duplicated in the declaration 'RicciFlow.RicciFlow.curvedLaplacian_coordGradNormSq_nonneg_of_ricci_nonneg'

Note: This linter can be disabled with `set_option linter.dupNamespace false`
warning: Poincare/ModelLaplacian.lean:30296:8: The namespace 'RicciFlow' is duplicated in the declaration 'RicciFlow.RicciFlow.curvedLaplacian_coordGradNormSq_bochner_refined_ricci_lower'

Note: This linter can be disabled with `set_option linter.dupNamespace false`
warning: Poincare/ModelLaplacian.lean:30330:8: The namespace 'RicciFlow' is duplicated in the declaration 'RicciFlow.RicciFlow.trace_comp_self_nonneg'

Note: This linter can be disabled with `set_option linter.dupNamespace false`
warning: Poincare/ModelLaplacian.lean:30353:8: The namespace 'RicciFlow' is duplicated in the declaration 'RicciFlow.RicciFlow.eq_zero_of_trace_comp_self_eq_zero'

Note: This linter can be disabled with `set_option linter.dupNamespace false`
warning: Poincare/ModelLaplacian.lean:30427:8: The namespace 'RicciFlow' is duplicated in the declaration 'RicciFlow.RicciFlow.covariantGradientEndo_eq_zero_of_hessNormSq_eq_zero'

Note: This linter can be disabled with `set_option linter.dupNamespace false`
warning: Poincare/ModelLaplacian.lean:30469:8: The namespace 'RicciFlow' is duplicated in the declaration 'RicciFlow.RicciFlow.covariantHessian_eq_zero_of_hessNormSq_eq_zero'

Note: This linter can be disabled with `set_option linter.dupNamespace false`
warning: Poincare/ModelLaplacian.lean:30496:0: automatically included section variable(s) unused in theorem `RicciFlow.RicciFlow.bilin_cauchy_schwarz_eq_case`:
  [FiniteDimensional ℝ E]
consider restructuring your `variable` declarations so that the variables are not in scope or explicitly omit them:
  omit [FiniteDimensional ℝ E] in theorem ...

Note: This linter can be disabled with `set_option linter.unusedSectionVars false`
warning: Poincare/ModelLaplacian.lean:30496:8: The namespace 'RicciFlow' is duplicated in the declaration 'RicciFlow.RicciFlow.bilin_cauchy_schwarz_eq_case'

Note: This linter can be disabled with `set_option linter.dupNamespace false`
warning: Poincare/ModelLaplacian.lean:30533:8: The namespace 'RicciFlow' is duplicated in the declaration 'RicciFlow.RicciFlow.all_eq_of_sq_sum_eq_card_mul_sum_sq'

Note: This linter can be disabled with `set_option linter.dupNamespace false`
warning: Poincare/ModelLaplacian.lean:30569:0: automatically included section variable(s) unused in theorem `RicciFlow.RicciFlow.eq_smul_id_of_basis_apply`:
  [FiniteDimensional ℝ E]
consider restructuring your `variable` declarations so that the variables are not in scope or explicitly omit them:
  omit [FiniteDimensional ℝ E] in theorem ...

Note: This linter can be disabled with `set_option linter.unusedSectionVars false`
warning: Poincare/ModelLaplacian.lean:30569:8: The namespace 'RicciFlow' is duplicated in the declaration 'RicciFlow.RicciFlow.eq_smul_id_of_basis_apply'

Note: This linter can be disabled with `set_option linter.dupNamespace false`
warning: Poincare/ModelLaplacian.lean:30593:8: The namespace 'RicciFlow' is duplicated in the declaration 'RicciFlow.RicciFlow.eq_smul_id_of_trace_sq_eq'

Note: This linter can be disabled with `set_option linter.dupNamespace false`
warning: Poincare/ModelLaplacian.lean:30691:8: The namespace 'RicciFlow' is duplicated in the declaration 'RicciFlow.RicciFlow.covariantGradientEndo_eq_smul_id_of_hess_eq'

Note: This linter can be disabled with `set_option linter.dupNamespace false`
warning: Poincare/ModelLaplacian.lean:30736:8: The namespace 'RicciFlow' is duplicated in the declaration 'RicciFlow.RicciFlow.covariantGradientEndo_eq_smul_id_of_eigenfunction_hess_eq'

Note: This linter can be disabled with `set_option linter.dupNamespace false`
warning: Poincare/ModelLaplacian.lean:30767:8: The namespace 'RicciFlow' is duplicated in the declaration 'RicciFlow.RicciFlow.coordRicciEndo_eq_smul_id_of_scalar_sq_eq'

Note: This linter can be disabled with `set_option linter.dupNamespace false`
warning: Poincare/ModelLaplacian.lean:30809:8: The namespace 'RicciFlow' is duplicated in the declaration 'RicciFlow.RicciFlow.coordRicci_eq_zero_of_ricciNormSq_eq_zero'

Note: This linter can be disabled with `set_option linter.dupNamespace false`
warning: Poincare/ModelLaplacian.lean:30864:67: This simp argument is unused:
  smul_smul

Hint: Omit it from the simp argument list.
  simp only [LinearMap.comp_apply, LinearMap.sub_apply, LinearMap.add_apply,
  ̵  ̵ ̵ ̵ ̵ ̵LinearMap.smul_apply,
  ̲  ̲ ̲ ̲ ̲ ̲LinearMap.id_apply, map_sub, map_smul,̵ ̵s̵m̵u̵l̵_̵s̵m̵u̵l̵]

Note: This linter can be disabled with `set_option linter.unusedSimpArgs false`
warning: Poincare/ModelLaplacian.lean:30853:8: The namespace 'RicciFlow' is duplicated in the declaration 'RicciFlow.RicciFlow.trace_traceless_sq'

Note: This linter can be disabled with `set_option linter.dupNamespace false`
warning: Poincare/ModelLaplacian.lean:30885:8: The namespace 'RicciFlow' is duplicated in the declaration 'RicciFlow.RicciFlow.coordScalar_sq_eq_finrank_mul_ricciNormSq_of_einstein'

Note: This linter can be disabled with `set_option linter.dupNamespace false`
warning: Poincare/ModelLaplacian.lean:30915:8: The namespace 'RicciFlow' is duplicated in the declaration 'RicciFlow.RicciFlow.ricciNormSq_sub_scalar_sq_div_eq_traceless_trace'

Note: This linter can be disabled with `set_option linter.dupNamespace false`
warning: Poincare/ModelLaplacian.lean:30948:8: The namespace 'RicciFlow' is duplicated in the declaration 'RicciFlow.RicciFlow.traceless_ricci_normSq_nonneg'

Note: This linter can be disabled with `set_option linter.dupNamespace false`
warning: Poincare/ModelLaplacian.lean:30991:8: The namespace 'RicciFlow' is duplicated in the declaration 'RicciFlow.RicciFlow.covariantGradientEndo_eq_zero_of_harmonic_subharmonic_eq'

Note: This linter can be disabled with `set_option linter.dupNamespace false`
warning: Poincare/ModelLaplacian.lean:31028:8: The namespace 'RicciFlow' is duplicated in the declaration 'RicciFlow.RicciFlow.coordRicci_grad_eq_zero_of_harmonic_subharmonic_eq'

Note: This linter can be disabled with `set_option linter.dupNamespace false`
warning: Poincare/ModelLaplacian.lean:31064:8: The namespace 'RicciFlow' is duplicated in the declaration 'RicciFlow.RicciFlow.einstein_tensor_divergence_free_of_contDiff'

Note: This linter can be disabled with `set_option linter.dupNamespace false`
warning: Poincare/ModelLaplacian.lean:31092:8: The namespace 'RicciFlow' is duplicated in the declaration 'RicciFlow.RicciFlow.fderiv_coordScalar_eq_two_ricciDivergenceForm_of_contDiff'

Note: This linter can be disabled with `set_option linter.dupNamespace false`
warning: Poincare/ModelLaplacian.lean:31119:8: The namespace 'RicciFlow' is duplicated in the declaration 'RicciFlow.RicciFlow.fderiv_coordScalar_eq_zero_of_ricciDivergence_zero_of_contDiff'

Note: This linter can be disabled with `set_option linter.dupNamespace false`
warning: Poincare/ModelLaplacian.lean:31144:8: The namespace 'RicciFlow' is duplicated in the declaration 'RicciFlow.RicciFlow.ricciDivergence_eq_zero_of_scalar_const_of_contDiff'

Note: This linter can be disabled with `set_option linter.dupNamespace false`
warning: Poincare/ModelLaplacian.lean:31170:8: The namespace 'RicciFlow' is duplicated in the declaration 'RicciFlow.RicciFlow.coordRicciEndo_eq_smul_id_iff_scalar_sq_eq'

Note: This linter can be disabled with `set_option linter.dupNamespace false`
warning: Poincare/ModelLaplacian.lean:31195:8: The namespace 'RicciFlow' is duplicated in the declaration 'RicciFlow.RicciFlow.curvedLaplacian_sq_eq_finrank_mul_coordCovariantHessNormSq_of_hess_smul_id'

Note: This linter can be disabled with `set_option linter.dupNamespace false`
warning: Poincare/ModelLaplacian.lean:31227:8: The namespace 'RicciFlow' is duplicated in the declaration 'RicciFlow.RicciFlow.covariantGradientEndo_eq_smul_id_iff_hess_sq_eq'

Note: This linter can be disabled with `set_option linter.dupNamespace false`
warning: Poincare/ModelLaplacian.lean:31257:8: The namespace 'RicciFlow' is duplicated in the declaration 'RicciFlow.RicciFlow.trace_comp_self_pos'

Note: This linter can be disabled with `set_option linter.dupNamespace false`
warning: Poincare/ModelLaplacian.lean:31281:8: The namespace 'RicciFlow' is duplicated in the declaration 'RicciFlow.RicciFlow.coordScalar_sq_lt_finrank_mul_ricciNormSq_of_not_einstein'

Note: This linter can be disabled with `set_option linter.dupNamespace false`
warning: Poincare/ModelLaplacian.lean:31330:8: The namespace 'RicciFlow' is duplicated in the declaration 'RicciFlow.RicciFlow.coordCovariantHessNormSq_sub_curvedLaplacian_sq_div_eq_traceless_trace'

Note: This linter can be disabled with `set_option linter.dupNamespace false`
warning: Poincare/ModelLaplacian.lean:31366:8: The namespace 'RicciFlow' is duplicated in the declaration 'RicciFlow.RicciFlow.curvedLaplacian_sq_lt_finrank_mul_coordCovariantHessNormSq_of_not_obata'

Note: This linter can be disabled with `set_option linter.dupNamespace false`
warning: Poincare/ModelLaplacian.lean:31423:8: The namespace 'RicciFlow' is duplicated in the declaration 'RicciFlow.RicciFlow.traceless_hessian_normSq_nonneg'

Note: This linter can be disabled with `set_option linter.dupNamespace false`
warning: Poincare/ModelLaplacian.lean:31469:8: The namespace 'RicciFlow' is duplicated in the declaration 'RicciFlow.RicciFlow.coordRicciNormSq_pos'

Note: This linter can be disabled with `set_option linter.dupNamespace false`
warning: Poincare/ModelLaplacian.lean:31508:8: The namespace 'RicciFlow' is duplicated in the declaration 'RicciFlow.RicciFlow.coordCovariantHessNormSq_pos'

Note: This linter can be disabled with `set_option linter.dupNamespace false`
warning: Poincare/ModelLaplacian.lean:31544:8: The namespace 'RicciFlow' is duplicated in the declaration 'RicciFlow.RicciFlow.coordRicciNormSq_eq_zero_iff_ricci_flat'

Note: This linter can be disabled with `set_option linter.dupNamespace false`
warning: Poincare/ModelLaplacian.lean:31569:8: The namespace 'RicciFlow' is duplicated in the declaration 'RicciFlow.RicciFlow.coordCovariantHessNormSq_eq_zero_iff_hessian_flat'

Note: This linter can be disabled with `set_option linter.dupNamespace false`
warning: Poincare/ModelLaplacian.lean:31605:8: The namespace 'RicciFlow' is duplicated in the declaration 'RicciFlow.RicciFlow.coordScalar_sq_lt_finrank_mul_ricciNormSq_iff_not_einstein'

Note: This linter can be disabled with `set_option linter.dupNamespace false`
warning: Poincare/ModelLaplacian.lean:31634:8: The namespace 'RicciFlow' is duplicated in the declaration 'RicciFlow.RicciFlow.curvedLaplacian_sq_lt_finrank_mul_coordCovariantHessNormSq_iff_not_obata'

Note: This linter can be disabled with `set_option linter.dupNamespace false`
warning: Poincare/ModelLaplacian.lean:31661:8: The namespace 'RicciFlow' is duplicated in the declaration 'RicciFlow.RicciFlow.differentiableAt_coordScalar_of_christoffel'

Note: This linter can be disabled with `set_option linter.dupNamespace false`
warning: Poincare/ModelLaplacian.lean:31685:8: The namespace 'RicciFlow' is duplicated in the declaration 'RicciFlow.RicciFlow.covTensor2Deriv_smul_metric_field'

Note: This linter can be disabled with `set_option linter.dupNamespace false`
warning: Poincare/ModelLaplacian.lean:31720:8: The namespace 'RicciFlow' is duplicated in the declaration 'RicciFlow.RicciFlow.covRicciDeriv_eq_fderiv_coordScalar_div_finrank_mul_metric_of_einstein_field'

Note: This linter can be disabled with `set_option linter.dupNamespace false`
warning: Poincare/ModelLaplacian.lean:31777:8: The namespace 'RicciFlow' is duplicated in the declaration 'RicciFlow.RicciFlow.sum_raised_pair_eq'

Note: This linter can be disabled with `set_option linter.dupNamespace false`
warning: Poincare/ModelLaplacian.lean:31817:8: The namespace 'RicciFlow' is duplicated in the declaration 'RicciFlow.RicciFlow.ricciDivergence_eq_one_div_finrank_mul_fderiv_coordScalar_of_einstein_field'

Note: This linter can be disabled with `set_option linter.dupNamespace false`
warning: Poincare/ModelLaplacian.lean:31861:8: The namespace 'RicciFlow' is duplicated in the declaration 'RicciFlow.RicciFlow.schur_fderiv_coordScalar_eq_zero_of_einstein_field'

Note: This linter can be disabled with `set_option linter.dupNamespace false`
warning: Poincare/ModelLaplacian.lean:31909:8: The namespace 'RicciFlow' is duplicated in the declaration 'RicciFlow.RicciFlow.modelLaplacian_eq'

Note: This linter can be disabled with `set_option linter.dupNamespace false`
warning: Poincare/ModelLaplacian.lean:31914:8: The namespace 'RicciFlow' is duplicated in the declaration 'RicciFlow.RicciFlow.metricGradient_eq'

Note: This linter can be disabled with `set_option linter.dupNamespace false`
warning: Poincare/ModelLaplacian.lean:31919:8: The namespace 'RicciFlow' is duplicated in the declaration 'RicciFlow.RicciFlow.isHeatSolutionAt_eq'

Note: This linter can be disabled with `set_option linter.dupNamespace false`
warning: Poincare/ModelLaplacian.lean:31924:8: The namespace 'RicciFlow' is duplicated in the declaration 'RicciFlow.RicciFlow.modelDivergence_eq'

Note: This linter can be disabled with `set_option linter.dupNamespace false`
warning: Poincare/ModelLaplacian.lean:31929:8: The namespace 'RicciFlow' is duplicated in the declaration 'RicciFlow.RicciFlow.perelmanFDensity_eq'

Note: This linter can be disabled with `set_option linter.dupNamespace false`
warning: Poincare/ModelLaplacian.lean:31934:8: The namespace 'RicciFlow' is duplicated in the declaration 'RicciFlow.RicciFlow.perelmanWDensity_eq'

Note: This linter can be disabled with `set_option linter.dupNamespace false`
warning: Poincare/ModelLaplacian.lean:31939:8: The namespace 'RicciFlow' is duplicated in the declaration 'RicciFlow.RicciFlow.isGradientSolitonAt_eq'

Note: This linter can be disabled with `set_option linter.dupNamespace false`
warning: Poincare/ModelLaplacian.lean:31944:8: The namespace 'RicciFlow' is duplicated in the declaration 'RicciFlow.RicciFlow.covariantSecondDerivative_eq'

Note: This linter can be disabled with `set_option linter.dupNamespace false`
warning: Poincare/ModelLaplacian.lean:31949:8: The namespace 'RicciFlow' is duplicated in the declaration 'RicciFlow.RicciFlow.christoffelDeriv_eq'

Note: This linter can be disabled with `set_option linter.dupNamespace false`
warning: Poincare/ModelLaplacian.lean:31954:8: The namespace 'RicciFlow' is duplicated in the declaration 'RicciFlow.RicciFlow.sharp_eq'

Note: This linter can be disabled with `set_option linter.dupNamespace false`
warning: Poincare/ModelLaplacian.lean:31959:8: The namespace 'RicciFlow' is duplicated in the declaration 'RicciFlow.RicciFlow.hessianOperator_eq'

Note: This linter can be disabled with `set_option linter.dupNamespace false`
warning: Poincare/ModelLaplacian.lean:31964:8: The namespace 'RicciFlow' is duplicated in the declaration 'RicciFlow.RicciFlow.hessianNormSq_eq'

Note: This linter can be disabled with `set_option linter.dupNamespace false`
warning: Poincare/ModelLaplacian.lean:31969:8: The namespace 'RicciFlow' is duplicated in the declaration 'RicciFlow.RicciFlow.deltaGammaTraceForm_eq'

Note: This linter can be disabled with `set_option linter.dupNamespace false`
warning: Poincare/ModelLaplacian.lean:31974:8: The namespace 'RicciFlow' is duplicated in the declaration 'RicciFlow.RicciFlow.tensorMetricTrace_eq'

Note: This linter can be disabled with `set_option linter.dupNamespace false`
warning: Poincare/ModelLaplacian.lean:31979:8: The namespace 'RicciFlow' is duplicated in the declaration 'RicciFlow.RicciFlow.tensorDivOneForm_eq'

Note: This linter can be disabled with `set_option linter.dupNamespace false`
warning: Poincare/ModelLaplacian.lean:31984:8: The namespace 'RicciFlow' is duplicated in the declaration 'RicciFlow.RicciFlow.tensorDivCLM_eq'

Note: This linter can be disabled with `set_option linter.dupNamespace false`
warning: Poincare/ModelLaplacian.lean:31989:8: The namespace 'RicciFlow' is duplicated in the declaration 'RicciFlow.RicciFlow.connectionLaplacian_eq'

Note: This linter can be disabled with `set_option linter.dupNamespace false`
warning: Poincare/ModelLaplacian.lean:31994:8: The namespace 'RicciFlow' is duplicated in the declaration 'RicciFlow.RicciFlow.lichnerowiczCurvature_eq'

Note: This linter can be disabled with `set_option linter.dupNamespace false`
warning: Poincare/ModelLaplacian.lean:31999:8: The namespace 'RicciFlow' is duplicated in the declaration 'RicciFlow.RicciFlow.ricciSharp_eq'

Note: This linter can be disabled with `set_option linter.dupNamespace false`
warning: Poincare/ModelLaplacian.lean:32004:8: The namespace 'RicciFlow' is duplicated in the declaration 'RicciFlow.RicciFlow.ricciActionOnTensor_eq'

Note: This linter can be disabled with `set_option linter.dupNamespace false`
warning: Poincare/ModelLaplacian.lean:32009:8: The namespace 'RicciFlow' is duplicated in the declaration 'RicciFlow.RicciFlow.lichnerowiczLaplacian_eq'

Note: This linter can be disabled with `set_option linter.dupNamespace false`
warning: Poincare/ModelLaplacian.lean:32014:8: The namespace 'RicciFlow' is duplicated in the declaration 'RicciFlow.RicciFlow.coordRiemann_eq'

Note: This linter can be disabled with `set_option linter.dupNamespace false`
warning: Poincare/ModelLaplacian.lean:32019:8: The namespace 'RicciFlow' is duplicated in the declaration 'RicciFlow.RicciFlow.sectionalNum_eq'

Note: This linter can be disabled with `set_option linter.dupNamespace false`
warning: Poincare/ModelLaplacian.lean:32024:8: The namespace 'RicciFlow' is duplicated in the declaration 'RicciFlow.RicciFlow.constCurvatureForm_eq'

Note: This linter can be disabled with `set_option linter.dupNamespace false`
warning: Poincare/ModelLaplacian.lean:32029:8: The namespace 'RicciFlow' is duplicated in the declaration 'RicciFlow.RicciFlow.kulkarniNomizu_eq'

Note: This linter can be disabled with `set_option linter.dupNamespace false`
warning: Poincare/ModelLaplacian.lean:32034:8: The namespace 'RicciFlow' is duplicated in the declaration 'RicciFlow.RicciFlow.schoutenForm_eq'

Note: This linter can be disabled with `set_option linter.dupNamespace false`
warning: Poincare/ModelLaplacian.lean:32039:8: The namespace 'RicciFlow' is duplicated in the declaration 'RicciFlow.RicciFlow.coordGradient_eq'

Note: This linter can be disabled with `set_option linter.dupNamespace false`
warning: Poincare/ModelLaplacian.lean:32044:8: The namespace 'RicciFlow' is duplicated in the declaration 'RicciFlow.RicciFlow.coordGradNormSq_eq'

Note: This linter can be disabled with `set_option linter.dupNamespace false`
warning: Poincare/ModelLaplacian.lean:32049:8: The namespace 'RicciFlow' is duplicated in the declaration 'RicciFlow.RicciFlow.coordCovariantHessNormSq_eq'

Note: This linter can be disabled with `set_option linter.dupNamespace false`
warning: Poincare/ModelLaplacian.lean:32054:8: The namespace 'RicciFlow' is duplicated in the declaration 'RicciFlow.RicciFlow.covariantHessianInnerCLM_eq'

Note: This linter can be disabled with `set_option linter.dupNamespace false`
warning: Poincare/ModelLaplacian.lean:32059:8: The namespace 'RicciFlow' is duplicated in the declaration 'RicciFlow.RicciFlow.covariantHessianForm_eq'

Note: This linter can be disabled with `set_option linter.dupNamespace false`
warning: Poincare/ModelLaplacian.lean:32064:8: The namespace 'RicciFlow' is duplicated in the declaration 'RicciFlow.RicciFlow.covariantGradientEndo_eq'

Note: This linter can be disabled with `set_option linter.dupNamespace false`
warning: Poincare/ModelLaplacian.lean:32074:8: The namespace 'RicciFlow' is duplicated in the declaration 'RicciFlow.RicciFlow.RicciFlow.christoffelDerivOp_eq'

Note: This linter can be disabled with `set_option linter.dupNamespace false`
warning: Poincare/ModelLaplacian.lean:32079:8: The namespace 'RicciFlow' is duplicated in the declaration 'RicciFlow.RicciFlow.RicciFlow.christoffelClosedOp_eq'

Note: This linter can be disabled with `set_option linter.dupNamespace false`
warning: Poincare/ModelLaplacian.lean:32084:8: The namespace 'RicciFlow' is duplicated in the declaration 'RicciFlow.RicciFlow.RicciFlow.coordCurvatureOp_eq'

Note: This linter can be disabled with `set_option linter.dupNamespace false`
warning: Poincare/ModelLaplacian.lean:32089:8: The namespace 'RicciFlow' is duplicated in the declaration 'RicciFlow.RicciFlow.RicciFlow.curvatureDerivOp_eq'

Note: This linter can be disabled with `set_option linter.dupNamespace false`
warning: Poincare/ModelLaplacian.lean:32094:8: The namespace 'RicciFlow' is duplicated in the declaration 'RicciFlow.RicciFlow.RicciFlow.coordRicci_eq'

Note: This linter can be disabled with `set_option linter.dupNamespace false`
warning: Poincare/ModelLaplacian.lean:32099:8: The namespace 'RicciFlow' is duplicated in the declaration 'RicciFlow.RicciFlow.RicciFlow.ricciDeriv_eq'

Note: This linter can be disabled with `set_option linter.dupNamespace false`
warning: Poincare/ModelLaplacian.lean:32104:8: The namespace 'RicciFlow' is duplicated in the declaration 'RicciFlow.RicciFlow.RicciFlow.coordRicciCLM_eq'

Note: This linter can be disabled with `set_option linter.dupNamespace false`
warning: Poincare/ModelLaplacian.lean:32109:8: The namespace 'RicciFlow' is duplicated in the declaration 'RicciFlow.RicciFlow.RicciFlow.coordScalar_eq'

Note: This linter can be disabled with `set_option linter.dupNamespace false`
warning: Poincare/ModelLaplacian.lean:32114:8: The namespace 'RicciFlow' is duplicated in the declaration 'RicciFlow.RicciFlow.RicciFlow.coordRicciForm_eq'

Note: This linter can be disabled with `set_option linter.dupNamespace false`
warning: Poincare/ModelLaplacian.lean:32119:8: The namespace 'RicciFlow' is duplicated in the declaration 'RicciFlow.RicciFlow.RicciFlow.coordRicciNormSq_eq'

Note: This linter can be disabled with `set_option linter.dupNamespace false`
warning: Poincare/ModelLaplacian.lean:32124:8: The namespace 'RicciFlow' is duplicated in the declaration 'RicciFlow.RicciFlow.RicciFlow.coordRicciEndo_eq'

Note: This linter can be disabled with `set_option linter.dupNamespace false`
warning: Poincare/ModelLaplacian.lean:32129:8: The namespace 'RicciFlow' is duplicated in the declaration 'RicciFlow.RicciFlow.RicciFlow.covCurvDeriv_eq'

Note: This linter can be disabled with `set_option linter.dupNamespace false`
warning: Poincare/ModelLaplacian.lean:32134:8: The namespace 'RicciFlow' is duplicated in the declaration 'RicciFlow.RicciFlow.RicciFlow.covRicciDeriv_eq'

Note: This linter can be disabled with `set_option linter.dupNamespace false`
warning: Poincare/ModelLaplacian.lean:32139:8: The namespace 'RicciFlow' is duplicated in the declaration 'RicciFlow.RicciFlow.RicciFlow.curvDivergence_eq'

Note: This linter can be disabled with `set_option linter.dupNamespace false`
warning: Poincare/ModelLaplacian.lean:32144:8: The namespace 'RicciFlow' is duplicated in the declaration 'RicciFlow.RicciFlow.RicciFlow.ricciDivergence_eq'

Note: This linter can be disabled with `set_option linter.dupNamespace false`
warning: Poincare/ModelLaplacian.lean:32149:8: The namespace 'RicciFlow' is duplicated in the declaration 'RicciFlow.RicciFlow.RicciFlow.scalarContractionDeriv_eq'

Note: This linter can be disabled with `set_option linter.dupNamespace false`
warning: Poincare/ModelLaplacian.lean:32154:8: The namespace 'RicciFlow' is duplicated in the declaration 'RicciFlow.RicciFlow.RicciFlow.covTensor2Deriv_eq'

Note: This linter can be disabled with `set_option linter.dupNamespace false`
warning: Poincare/ModelLaplacian.lean:32159:8: The namespace 'RicciFlow' is duplicated in the declaration 'RicciFlow.RicciFlow.RicciFlow.covDeltaGammaDeriv_eq'

Note: This linter can be disabled with `set_option linter.dupNamespace false`
warning: Poincare/ModelLaplacian.lean:32164:8: The namespace 'RicciFlow' is duplicated in the declaration 'RicciFlow.RicciFlow.RicciFlow.deltaGammaDivergence_eq'

Note: This linter can be disabled with `set_option linter.dupNamespace false`
warning: Poincare/ModelLaplacian.lean:32169:8: The namespace 'RicciFlow' is duplicated in the declaration 'RicciFlow.RicciFlow.RicciFlow.deltaGammaContractionDeriv_eq'

Note: This linter can be disabled with `set_option linter.dupNamespace false`
warning: Poincare/ModelLaplacian.lean:32174:8: The namespace 'RicciFlow' is duplicated in the declaration 'RicciFlow.RicciFlow.RicciFlow.deltaGammaDivergenceTrace_eq'

Note: This linter can be disabled with `set_option linter.dupNamespace false`
warning: Poincare/ModelLaplacian.lean:32179:8: The namespace 'RicciFlow' is duplicated in the declaration 'RicciFlow.RicciFlow.RicciFlow.deltaGammaContractionDerivTrace_eq'

Note: This linter can be disabled with `set_option linter.dupNamespace false`
warning: Poincare/ModelLaplacian.lean:32184:8: The namespace 'RicciFlow' is duplicated in the declaration 'RicciFlow.RicciFlow.RicciFlow.metricBilin_eq'

Note: This linter can be disabled with `set_option linter.dupNamespace false`
warning: Poincare/ModelLaplacian.lean:32189:8: The namespace 'RicciFlow' is duplicated in the declaration 'RicciFlow.RicciFlow.RicciFlow.ricciDivergenceForm_eq'

Note: This linter can be disabled with `set_option linter.dupNamespace false`
warning: Poincare/ModelLaplacian.lean:32194:8: The namespace 'RicciFlow' is duplicated in the declaration 'RicciFlow.RicciFlow.RicciFlow.covTensor2SndDeriv_eq'

Note: This linter can be disabled with `set_option linter.dupNamespace false`
warning: Poincare/ModelLaplacian.lean:32199:8: The namespace 'RicciFlow' is duplicated in the declaration 'RicciFlow.RicciFlow.RicciFlow.covTensor1Deriv_eq'

Note: This linter can be disabled with `set_option linter.dupNamespace false`
warning: Poincare/ModelLaplacian.lean:32213:8: The namespace 'RicciFlow' is duplicated in the declaration 'RicciFlow.RicciFlow.differentiableAt_coordScalar_of_christoffel_eq'

Note: This linter can be disabled with `set_option linter.dupNamespace false`
warning: Poincare/ModelLaplacian.lean:32219:8: The namespace 'RicciFlow' is duplicated in the declaration 'RicciFlow.RicciFlow.covTensor2Deriv_smul_metric_field_eq'

Note: This linter can be disabled with `set_option linter.dupNamespace false`
warning: Poincare/ModelLaplacian.lean:32225:8: The namespace 'RicciFlow' is duplicated in the declaration 'RicciFlow.RicciFlow.covRicciDeriv_eq_fderiv_coordScalar_div_finrank_mul_metric_of_einstein_field_eq'

Note: This linter can be disabled with `set_option linter.dupNamespace false`
warning: Poincare/ModelLaplacian.lean:32231:8: The namespace 'RicciFlow' is duplicated in the declaration 'RicciFlow.RicciFlow.ricciDivergence_eq_one_div_finrank_mul_fderiv_coordScalar_of_einstein_field_eq'

Note: This linter can be disabled with `set_option linter.dupNamespace false`
warning: Poincare/ModelLaplacian.lean:32237:8: The namespace 'RicciFlow' is duplicated in the declaration 'RicciFlow.RicciFlow.schur_fderiv_coordScalar_eq_zero_of_einstein_field_eq'

Note: This linter can be disabled with `set_option linter.dupNamespace false`
warning: Poincare/ModelLaplacian.lean:32243:8: The namespace 'RicciFlow' is duplicated in the declaration 'RicciFlow.RicciFlow.modelLaplacian_add_eq'

Note: This linter can be disabled with `set_option linter.dupNamespace false`
warning: Poincare/ModelLaplacian.lean:32248:8: The namespace 'RicciFlow' is duplicated in the declaration 'RicciFlow.RicciFlow.modelLaplacian_smul_eq'

Note: This linter can be disabled with `set_option linter.dupNamespace false`
warning: Poincare/ModelLaplacian.lean:32253:8: The namespace 'RicciFlow' is duplicated in the declaration 'RicciFlow.RicciFlow.modelLaplacian_quadratic_eq'

Note: This linter can be disabled with `set_option linter.dupNamespace false`
warning: Poincare/ModelLaplacian.lean:32258:8: The namespace 'RicciFlow' is duplicated in the declaration 'RicciFlow.RicciFlow.modelLaplacian_affine_eq'

Note: This linter can be disabled with `set_option linter.dupNamespace false`
warning: Poincare/ModelLaplacian.lean:32263:8: The namespace 'RicciFlow' is duplicated in the declaration 'RicciFlow.RicciFlow.trace_dual_comp_nonneg_eq'

Note: This linter can be disabled with `set_option linter.dupNamespace false`
warning: Poincare/ModelLaplacian.lean:32268:8: The namespace 'RicciFlow' is duplicated in the declaration 'RicciFlow.RicciFlow.modelLaplacian_nonneg_of_isLocalMin_eq'

Note: This linter can be disabled with `set_option linter.dupNamespace false`
warning: Poincare/ModelLaplacian.lean:32273:8: The namespace 'RicciFlow' is duplicated in the declaration 'RicciFlow.RicciFlow.touching_point_nonneg_eq'

Note: This linter can be disabled with `set_option linter.dupNamespace false`
warning: Poincare/ModelLaplacian.lean:32278:8: The namespace 'RicciFlow' is duplicated in the declaration 'RicciFlow.RicciFlow.parabolic_min_principle_strict_eq'

Note: This linter can be disabled with `set_option linter.dupNamespace false`
warning: Poincare/ModelLaplacian.lean:32283:8: The namespace 'RicciFlow' is duplicated in the declaration 'RicciFlow.RicciFlow.modelLaplacian_add_const_eq'

Note: This linter can be disabled with `set_option linter.dupNamespace false`
warning: Poincare/ModelLaplacian.lean:32288:8: The namespace 'RicciFlow' is duplicated in the declaration 'RicciFlow.RicciFlow.parabolic_min_principle_eq'

Note: This linter can be disabled with `set_option linter.dupNamespace false`
warning: Poincare/ModelLaplacian.lean:32293:8: The namespace 'RicciFlow' is duplicated in the declaration 'RicciFlow.RicciFlow.heat_supersolution_nonneg_preserved_eq'

Note: This linter can be disabled with `set_option linter.dupNamespace false`
warning: Poincare/ModelLaplacian.lean:32298:8: The namespace 'RicciFlow' is duplicated in the declaration 'RicciFlow.RicciFlow.curvedLaplacian_const_eq'

Note: This linter can be disabled with `set_option linter.dupNamespace false`
warning: Poincare/ModelLaplacian.lean:32303:8: The namespace 'RicciFlow' is duplicated in the declaration 'RicciFlow.RicciFlow.curvedLaplacian_add_eq'

Note: This linter can be disabled with `set_option linter.dupNamespace false`
warning: Poincare/ModelLaplacian.lean:32308:8: The namespace 'RicciFlow' is duplicated in the declaration 'RicciFlow.RicciFlow.curvedLaplacian_smul_eq'

Note: This linter can be disabled with `set_option linter.dupNamespace false`
warning: Poincare/ModelLaplacian.lean:32313:8: The namespace 'RicciFlow' is duplicated in the declaration 'RicciFlow.RicciFlow.curvedLaplacian_const_fn_eq'

Note: This linter can be disabled with `set_option linter.dupNamespace false`
warning: Poincare/ModelLaplacian.lean:32318:8: The namespace 'RicciFlow' is duplicated in the declaration 'RicciFlow.RicciFlow.b_metricGradient_eq'

Note: This linter can be disabled with `set_option linter.dupNamespace false`
warning: Poincare/ModelLaplacian.lean:32323:8: The namespace 'RicciFlow' is duplicated in the declaration 'RicciFlow.RicciFlow.metricGradient_eq_zero_of_isLocalMin_eq'

Note: This linter can be disabled with `set_option linter.dupNamespace false`
warning: Poincare/ModelLaplacian.lean:32328:8: The namespace 'RicciFlow' is duplicated in the declaration 'RicciFlow.RicciFlow.curvedLaplacian_eq_modelLaplacian_of_critical_eq'

Note: This linter can be disabled with `set_option linter.dupNamespace false`
warning: Poincare/ModelLaplacian.lean:32333:8: The namespace 'RicciFlow' is duplicated in the declaration 'RicciFlow.RicciFlow.curvedLaplacian_nonneg_of_isLocalMin_eq'

Note: This linter can be disabled with `set_option linter.dupNamespace false`
warning: Poincare/ModelLaplacian.lean:32338:8: The namespace 'RicciFlow' is duplicated in the declaration 'RicciFlow.RicciFlow.curved_parabolic_min_principle_strict_eq'

Note: This linter can be disabled with `set_option linter.dupNamespace false`
warning: Poincare/ModelLaplacian.lean:32343:8: The namespace 'RicciFlow' is duplicated in the declaration 'RicciFlow.RicciFlow.modelLaplacian_mul_eq'

Note: This linter can be disabled with `set_option linter.dupNamespace false`
warning: Poincare/ModelLaplacian.lean:32348:8: The namespace 'RicciFlow' is duplicated in the declaration 'RicciFlow.RicciFlow.modelLaplacian_sq_eq'

Note: This linter can be disabled with `set_option linter.dupNamespace false`
warning: Poincare/ModelLaplacian.lean:32353:8: The namespace 'RicciFlow' is duplicated in the declaration 'RicciFlow.RicciFlow.gradient_sq_nonneg_eq'

Note: This linter can be disabled with `set_option linter.dupNamespace false`
warning: Poincare/ModelLaplacian.lean:32358:8: The namespace 'RicciFlow' is duplicated in the declaration 'RicciFlow.RicciFlow.curvedLaplacian_mul_eq'

Note: This linter can be disabled with `set_option linter.dupNamespace false`
warning: Poincare/ModelLaplacian.lean:32363:8: The namespace 'RicciFlow' is duplicated in the declaration 'RicciFlow.RicciFlow.modelLaplacian_comp_eq'

Note: This linter can be disabled with `set_option linter.dupNamespace false`
warning: Poincare/ModelLaplacian.lean:32368:8: The namespace 'RicciFlow' is duplicated in the declaration 'RicciFlow.RicciFlow.modelLaplacian_sq_ge_eq'

Note: This linter can be disabled with `set_option linter.dupNamespace false`
warning: Poincare/ModelLaplacian.lean:32373:8: The namespace 'RicciFlow' is duplicated in the declaration 'RicciFlow.RicciFlow.curvedLaplacian_sq_eq'

Note: This linter can be disabled with `set_option linter.dupNamespace false`
warning: Poincare/ModelLaplacian.lean:32378:8: The namespace 'RicciFlow' is duplicated in the declaration 'RicciFlow.RicciFlow.curvedLaplacian_sq_ge_eq'

Note: This linter can be disabled with `set_option linter.dupNamespace false`
warning: Poincare/ModelLaplacian.lean:32383:8: The namespace 'RicciFlow' is duplicated in the declaration 'RicciFlow.RicciFlow.modelLaplacian_comp_at_eq'

Note: This linter can be disabled with `set_option linter.dupNamespace false`
warning: Poincare/ModelLaplacian.lean:32388:8: The namespace 'RicciFlow' is duplicated in the declaration 'RicciFlow.RicciFlow.modelLaplacian_log_eq'

Note: This linter can be disabled with `set_option linter.dupNamespace false`
warning: Poincare/ModelLaplacian.lean:32393:8: The namespace 'RicciFlow' is duplicated in the declaration 'RicciFlow.RicciFlow.modelLaplacian_exp_eq'

Note: This linter can be disabled with `set_option linter.dupNamespace false`
warning: Poincare/ModelLaplacian.lean:32398:8: The namespace 'RicciFlow' is duplicated in the declaration 'RicciFlow.RicciFlow.quadratic_heat_solution_eq'

Note: This linter can be disabled with `set_option linter.dupNamespace false`
warning: Poincare/ModelLaplacian.lean:32403:8: The namespace 'RicciFlow' is duplicated in the declaration 'RicciFlow.RicciFlow.heat_solution_nonneg_preserved_eq'

Note: This linter can be disabled with `set_option linter.dupNamespace false`
warning: Poincare/ModelLaplacian.lean:32408:8: The namespace 'RicciFlow' is duplicated in the declaration 'RicciFlow.RicciFlow.modelDivergence_id_const_eq'

Note: This linter can be disabled with `set_option linter.dupNamespace false`
warning: Poincare/ModelLaplacian.lean:32413:8: The namespace 'RicciFlow' is duplicated in the declaration 'RicciFlow.RicciFlow.modelDivergence_gradient_const_eq'

Note: This linter can be disabled with `set_option linter.dupNamespace false`
warning: Poincare/ModelLaplacian.lean:32418:8: The namespace 'RicciFlow' is duplicated in the declaration 'RicciFlow.RicciFlow.metricGradient_neg_eq'

Note: This linter can be disabled with `set_option linter.dupNamespace false`
warning: Poincare/ModelLaplacian.lean:32423:8: The namespace 'RicciFlow' is duplicated in the declaration 'RicciFlow.RicciFlow.modelLaplacian_exp_neg_eq'

Note: This linter can be disabled with `set_option linter.dupNamespace false`
warning: Poincare/ModelLaplacian.lean:32428:8: The namespace 'RicciFlow' is duplicated in the declaration 'RicciFlow.RicciFlow.perelmanFDensity_nonneg_eq'

Note: This linter can be disabled with `set_option linter.dupNamespace false`
warning: Poincare/ModelLaplacian.lean:32433:8: The namespace 'RicciFlow' is duplicated in the declaration 'RicciFlow.RicciFlow.perelmanWDensity_tau_one_eq'

Note: This linter can be disabled with `set_option linter.dupNamespace false`
warning: Poincare/ModelLaplacian.lean:32438:8: The namespace 'RicciFlow' is duplicated in the declaration 'RicciFlow.RicciFlow.metricGradient_quadratic_eq'

Note: This linter can be disabled with `set_option linter.dupNamespace false`
warning: Poincare/ModelLaplacian.lean:32443:8: The namespace 'RicciFlow' is duplicated in the declaration 'RicciFlow.RicciFlow.metricGradient_const_mul_eq'

Note: This linter can be disabled with `set_option linter.dupNamespace false`
warning: Poincare/ModelLaplacian.lean:32448:8: The namespace 'RicciFlow' is duplicated in the declaration 'RicciFlow.RicciFlow.gaussian_gradient_eq'

Note: This linter can be disabled with `set_option linter.dupNamespace false`
warning: Poincare/ModelLaplacian.lean:32453:8: The namespace 'RicciFlow' is duplicated in the declaration 'RicciFlow.RicciFlow.gaussian_laplacian_eq'

Note: This linter can be disabled with `set_option linter.dupNamespace false`
warning: Poincare/ModelLaplacian.lean:32458:8: The namespace 'RicciFlow' is duplicated in the declaration 'RicciFlow.RicciFlow.gaussian_soliton_hessian_eq'

Note: This linter can be disabled with `set_option linter.dupNamespace false`
warning: Poincare/ModelLaplacian.lean:32463:8: The namespace 'RicciFlow' is duplicated in the declaration 'RicciFlow.RicciFlow.affine_steady_soliton_eq'

Note: This linter can be disabled with `set_option linter.dupNamespace false`
warning: Poincare/ModelLaplacian.lean:32468:8: The namespace 'RicciFlow' is duplicated in the declaration 'RicciFlow.RicciFlow.gaussian_isGradientSoliton_eq'

Note: This linter can be disabled with `set_option linter.dupNamespace false`
warning: Poincare/ModelLaplacian.lean:32473:8: The namespace 'RicciFlow' is duplicated in the declaration 'RicciFlow.RicciFlow.affine_isGradientSoliton_eq'

Note: This linter can be disabled with `set_option linter.dupNamespace false`
warning: Poincare/ModelLaplacian.lean:32478:8: The namespace 'RicciFlow' is duplicated in the declaration 'RicciFlow.RicciFlow.scalarCurvatureAt_eq_trace_E_eq'

Note: This linter can be disabled with `set_option linter.dupNamespace false`
warning: Poincare/ModelLaplacian.lean:32483:8: The namespace 'RicciFlow' is duplicated in the declaration 'RicciFlow.RicciFlow.isGradientSolitonAt_trace_eq'

Note: This linter can be disabled with `set_option linter.dupNamespace false`
warning: Poincare/ModelLaplacian.lean:32488:8: The namespace 'RicciFlow' is duplicated in the declaration 'RicciFlow.RicciFlow.flat_scalarCurvatureAt_eq_zero_eq'

Note: This linter can be disabled with `set_option linter.dupNamespace false`
warning: Poincare/ModelLaplacian.lean:32493:8: The namespace 'RicciFlow' is duplicated in the declaration 'RicciFlow.RicciFlow.gaussian_curvedLaplacian_via_soliton_eq'

Note: This linter can be disabled with `set_option linter.dupNamespace false`
warning: Poincare/ModelLaplacian.lean:32498:8: The namespace 'RicciFlow' is duplicated in the declaration 'RicciFlow.RicciFlow.flat_second_derivative_commutes_eq'

Note: This linter can be disabled with `set_option linter.dupNamespace false`
warning: Poincare/ModelLaplacian.lean:32503:8: The namespace 'RicciFlow' is duplicated in the declaration 'RicciFlow.RicciFlow.covariantSecondDerivative_const_eq'

Note: This linter can be disabled with `set_option linter.dupNamespace false`
warning: Poincare/ModelLaplacian.lean:32508:8: The namespace 'RicciFlow' is duplicated in the declaration 'RicciFlow.RicciFlow.covariantSecondDerivative_comm_const_eq'

Note: This linter can be disabled with `set_option linter.dupNamespace false`
warning: Poincare/ModelLaplacian.lean:32513:8: The namespace 'RicciFlow' is duplicated in the declaration 'RicciFlow.RicciFlow.covariantSecondDerivative_antisymm_eq'

Note: This linter can be disabled with `set_option linter.dupNamespace false`
warning: Poincare/ModelLaplacian.lean:32518:8: The namespace 'RicciFlow' is duplicated in the declaration 'RicciFlow.RicciFlow.christoffelFunctional_add_apply_eq'

Note: This linter can be disabled with `set_option linter.dupNamespace false`
warning: Poincare/ModelLaplacian.lean:32523:8: The namespace 'RicciFlow' is duplicated in the declaration 'RicciFlow.RicciFlow.christoffelFunctional_smul_apply_eq'

Note: This linter can be disabled with `set_option linter.dupNamespace false`
warning: Poincare/ModelLaplacian.lean:32528:8: The namespace 'RicciFlow' is duplicated in the declaration 'RicciFlow.RicciFlow.hasDerivAt_christoffelFunctional_eq'

Note: This linter can be disabled with `set_option linter.dupNamespace false`
warning: Poincare/ModelLaplacian.lean:32533:8: The namespace 'RicciFlow' is duplicated in the declaration 'RicciFlow.RicciFlow.hasDerivAt_clm_inverse_eq'

Note: This linter can be disabled with `set_option linter.dupNamespace false`
warning: Poincare/ModelLaplacian.lean:32538:8: The namespace 'RicciFlow' is duplicated in the declaration 'RicciFlow.RicciFlow.hasDerivAt_clm_of_forall_apply_eq'

Note: This linter can be disabled with `set_option linter.dupNamespace false`
warning: Poincare/ModelLaplacian.lean:32543:8: The namespace 'RicciFlow' is duplicated in the declaration 'RicciFlow.RicciFlow.hasDerivAt_christoffel_flow_eq'

Note: This linter can be disabled with `set_option linter.dupNamespace false`
warning: Poincare/ModelLaplacian.lean:32548:8: The namespace 'RicciFlow' is duplicated in the declaration 'RicciFlow.RicciFlow.christoffelFunctional_smul_clm_eq'

Note: This linter can be disabled with `set_option linter.dupNamespace false`
warning: Poincare/ModelLaplacian.lean:32553:8: The namespace 'RicciFlow' is duplicated in the declaration 'RicciFlow.RicciFlow.hasDerivAt_christoffel_flow'_eq'

Note: This linter can be disabled with `set_option linter.dupNamespace false`
warning: Poincare/ModelLaplacian.lean:32558:8: The namespace 'RicciFlow' is duplicated in the declaration 'RicciFlow.RicciFlow.christoffelFunctional_symm_eq'

Note: This linter can be disabled with `set_option linter.dupNamespace false`
warning: Poincare/ModelLaplacian.lean:32563:8: The namespace 'RicciFlow' is duplicated in the declaration 'RicciFlow.RicciFlow.christoffelDeriv_symm_eq'

Note: This linter can be disabled with `set_option linter.dupNamespace false`
warning: Poincare/ModelLaplacian.lean:32568:8: The namespace 'RicciFlow' is duplicated in the declaration 'RicciFlow.RicciFlow.christoffelFunctional_const_eq'

Note: This linter can be disabled with `set_option linter.dupNamespace false`
warning: Poincare/ModelLaplacian.lean:32573:8: The namespace 'RicciFlow' is duplicated in the declaration 'RicciFlow.RicciFlow.christoffelDeriv_const_base_eq'

Note: This linter can be disabled with `set_option linter.dupNamespace false`
warning: Poincare/ModelLaplacian.lean:32578:8: The namespace 'RicciFlow' is duplicated in the declaration 'RicciFlow.RicciFlow.b_christoffelDeriv_const_base_eq'

Note: This linter can be disabled with `set_option linter.dupNamespace false`
warning: Poincare/ModelLaplacian.lean:32583:8: The namespace 'RicciFlow' is duplicated in the declaration 'RicciFlow.RicciFlow.covariantHessian_mul_eq'

Note: This linter can be disabled with `set_option linter.dupNamespace false`
warning: Poincare/ModelLaplacian.lean:32588:8: The namespace 'RicciFlow' is duplicated in the declaration 'RicciFlow.RicciFlow.covariantHessian_comp_eq'

Note: This linter can be disabled with `set_option linter.dupNamespace false`
warning: Poincare/ModelLaplacian.lean:32593:8: The namespace 'RicciFlow' is duplicated in the declaration 'RicciFlow.RicciFlow.fderiv_gradient_sq_eq'

Note: This linter can be disabled with `set_option linter.dupNamespace false`
warning: Poincare/ModelLaplacian.lean:32598:8: The namespace 'RicciFlow' is duplicated in the declaration 'RicciFlow.RicciFlow.b_sharp_eq'

Note: This linter can be disabled with `set_option linter.dupNamespace false`
warning: Poincare/ModelLaplacian.lean:32603:8: The namespace 'RicciFlow' is duplicated in the declaration 'RicciFlow.RicciFlow.metricGradient_eq_sharp_eq'

Note: This linter can be disabled with `set_option linter.dupNamespace false`
warning: Poincare/ModelLaplacian.lean:32608:8: The namespace 'RicciFlow' is duplicated in the declaration 'RicciFlow.RicciFlow.metricGradient_gradient_sq_eq'

Note: This linter can be disabled with `set_option linter.dupNamespace false`
warning: Poincare/ModelLaplacian.lean:32613:8: The namespace 'RicciFlow' is duplicated in the declaration 'RicciFlow.RicciFlow.modelLaplacian_eq_trace_hessianOperator_eq'

Note: This linter can be disabled with `set_option linter.dupNamespace false`
warning: Poincare/ModelLaplacian.lean:32618:8: The namespace 'RicciFlow' is duplicated in the declaration 'RicciFlow.RicciFlow.b_hessianOperator_eq'

Note: This linter can be disabled with `set_option linter.dupNamespace false`
warning: Poincare/ModelLaplacian.lean:32623:8: The namespace 'RicciFlow' is duplicated in the declaration 'RicciFlow.RicciFlow.hessianNormSq_nonneg_eq'

Note: This linter can be disabled with `set_option linter.dupNamespace false`
warning: Poincare/ModelLaplacian.lean:32628:8: The namespace 'RicciFlow' is duplicated in the declaration 'RicciFlow.RicciFlow.bilin_cauchy_schwarz_eq'

Note: This linter can be disabled with `set_option linter.dupNamespace false`
warning: Poincare/ModelLaplacian.lean:32633:8: The namespace 'RicciFlow' is duplicated in the declaration 'RicciFlow.RicciFlow.trace_sq_le_card_mul_trace_comp_self_eq'

Note: This linter can be disabled with `set_option linter.dupNamespace false`
warning: Poincare/ModelLaplacian.lean:32638:8: The namespace 'RicciFlow' is duplicated in the declaration 'RicciFlow.RicciFlow.parabolic_min_principle_strict_var_eq'

Note: This linter can be disabled with `set_option linter.dupNamespace false`
warning: Poincare/ModelLaplacian.lean:32643:8: The namespace 'RicciFlow' is duplicated in the declaration 'RicciFlow.RicciFlow.parabolic_min_principle_var_eq'

Note: This linter can be disabled with `set_option linter.dupNamespace false`
warning: Poincare/ModelLaplacian.lean:32648:8: The namespace 'RicciFlow' is duplicated in the declaration 'RicciFlow.RicciFlow.hamilton_scalar_lower_bound_eq'

Note: This linter can be disabled with `set_option linter.dupNamespace false`
warning: Poincare/ModelLaplacian.lean:32653:8: The namespace 'RicciFlow' is duplicated in the declaration 'RicciFlow.RicciFlow.curved_hamilton_ricci_flow_singularity_eq'

Note: This linter can be disabled with `set_option linter.dupNamespace false`
warning: Poincare/ModelLaplacian.lean:32658:8: The namespace 'RicciFlow' is duplicated in the declaration 'RicciFlow.RicciFlow.deltaGamma_firstSlot_pairing_sum_eq'

Note: This linter can be disabled with `set_option linter.dupNamespace false`
warning: Poincare/ModelLaplacian.lean:32663:8: The namespace 'RicciFlow' is duplicated in the declaration 'RicciFlow.RicciFlow.covTensor2Deriv_trace_swap_eq'

Note: This linter can be disabled with `set_option linter.dupNamespace false`
warning: Poincare/ModelLaplacian.lean:32668:8: The namespace 'RicciFlow' is duplicated in the declaration 'RicciFlow.RicciFlow.deltaGamma_trace_slot_cancel_eq'

Note: This linter can be disabled with `set_option linter.dupNamespace false`
warning: Poincare/ModelLaplacian.lean:32673:8: The namespace 'RicciFlow' is duplicated in the declaration 'RicciFlow.RicciFlow.deltaGammaContractionDeriv_slot_cancelled_eq'

Note: This linter can be disabled with `set_option linter.dupNamespace false`
warning: Poincare/ModelLaplacian.lean:32678:8: The namespace 'RicciFlow' is duplicated in the declaration 'RicciFlow.RicciFlow.deltaGammaTraceForm_apply_eq'

Note: This linter can be disabled with `set_option linter.dupNamespace false`
warning: Poincare/ModelLaplacian.lean:32683:8: The namespace 'RicciFlow' is duplicated in the declaration 'RicciFlow.RicciFlow.deltaGammaTraceForm_differentiableAt_eq'

Note: This linter can be disabled with `set_option linter.dupNamespace false`
warning: Poincare/ModelLaplacian.lean:32688:8: The namespace 'RicciFlow' is duplicated in the declaration 'RicciFlow.RicciFlow.deltaGammaContractionDeriv_eq_covTensor1Deriv_eq'

Note: This linter can be disabled with `set_option linter.dupNamespace false`
warning: Poincare/ModelLaplacian.lean:32693:8: The namespace 'RicciFlow' is duplicated in the declaration 'RicciFlow.RicciFlow.deltaGammaContractionDerivTrace_eq_div_eq'

Note: This linter can be disabled with `set_option linter.dupNamespace false`
warning: Poincare/ModelLaplacian.lean:32698:8: The namespace 'RicciFlow' is duplicated in the declaration 'RicciFlow.RicciFlow.deltaGammaTraceForm_apply_eq_half_covTensor2_eq'

Note: This linter can be disabled with `set_option linter.dupNamespace false`
warning: Poincare/ModelLaplacian.lean:32703:8: The namespace 'RicciFlow' is duplicated in the declaration 'RicciFlow.RicciFlow.metricTrace_coordRicciForm_eq_coordScalar_eq'

Note: This linter can be disabled with `set_option linter.dupNamespace false`
warning: Poincare/ModelLaplacian.lean:32708:8: The namespace 'RicciFlow' is duplicated in the declaration 'RicciFlow.RicciFlow.tensor_eq_sum_first_slot_eq'

Note: This linter can be disabled with `set_option linter.dupNamespace false`
warning: Poincare/ModelLaplacian.lean:32713:8: The namespace 'RicciFlow' is duplicated in the declaration 'RicciFlow.RicciFlow.differentiableAt_tensorMetricTrace_eq'

Note: This linter can be disabled with `set_option linter.dupNamespace false`
warning: Poincare/ModelLaplacian.lean:32718:8: The namespace 'RicciFlow' is duplicated in the declaration 'RicciFlow.RicciFlow.differentiableAt_H_family_eq'

Note: This linter can be disabled with `set_option linter.dupNamespace false`
warning: Poincare/ModelLaplacian.lean:32723:8: The namespace 'RicciFlow' is duplicated in the declaration 'RicciFlow.RicciFlow.differentiableAt_H_raised_eq'

Note: This linter can be disabled with `set_option linter.dupNamespace false`
warning: Poincare/ModelLaplacian.lean:32728:8: The namespace 'RicciFlow' is duplicated in the declaration 'RicciFlow.RicciFlow.fderiv_H_first_slot_const_eq'

Note: This linter can be disabled with `set_option linter.dupNamespace false`
warning: Poincare/ModelLaplacian.lean:32733:8: The namespace 'RicciFlow' is duplicated in the declaration 'RicciFlow.RicciFlow.H_christoffel_correction_symm_eq'

Note: This linter can be disabled with `set_option linter.dupNamespace false`
warning: Poincare/ModelLaplacian.lean:32738:8: The namespace 'RicciFlow' is duplicated in the declaration 'RicciFlow.RicciFlow.H_inverse_raise_trace_eq'

Note: This linter can be disabled with `set_option linter.dupNamespace false`
warning: Poincare/ModelLaplacian.lean:32743:8: The namespace 'RicciFlow' is duplicated in the declaration 'RicciFlow.RicciFlow.fderiv_tensorMetricTrace_eq_first_slot_eq'

Note: This linter can be disabled with `set_option linter.dupNamespace false`
warning: Poincare/ModelLaplacian.lean:32748:8: The namespace 'RicciFlow' is duplicated in the declaration 'RicciFlow.RicciFlow.deltaGammaTraceForm_eq_half_fderiv_tensorMetricTrace_eq'

Note: This linter can be disabled with `set_option linter.dupNamespace false`
warning: Poincare/ModelLaplacian.lean:32753:8: The namespace 'RicciFlow' is duplicated in the declaration 'RicciFlow.RicciFlow.deltaGammaTraceForm_eq_half_smul_fderiv_field_eq'

Note: This linter can be disabled with `set_option linter.dupNamespace false`
warning: Poincare/ModelLaplacian.lean:32758:8: The namespace 'RicciFlow' is duplicated in the declaration 'RicciFlow.RicciFlow.deltaGammaContractionDerivTrace_eq_half_curvedLaplacian_eq'

Note: This linter can be disabled with `set_option linter.dupNamespace false`
warning: Poincare/ModelLaplacian.lean:32763:8: The namespace 'RicciFlow' is duplicated in the declaration 'RicciFlow.RicciFlow.covDeltaGammaDeriv_symm_eq'

Note: This linter can be disabled with `set_option linter.dupNamespace false`
warning: Poincare/ModelLaplacian.lean:32768:8: The namespace 'RicciFlow' is duplicated in the declaration 'RicciFlow.RicciFlow.deltaGammaDivergence_symm_eq'

Note: This linter can be disabled with `set_option linter.dupNamespace false`
warning: Poincare/ModelLaplacian.lean:32773:8: The namespace 'RicciFlow' is duplicated in the declaration 'RicciFlow.RicciFlow.ricciDeriv_raised_trace_eq_divTrace_sub_half_curvedLaplacian_eq'

Note: This linter can be disabled with `set_option linter.dupNamespace false`
warning: Poincare/ModelLaplacian.lean:32778:8: The namespace 'RicciFlow' is duplicated in the declaration 'RicciFlow.RicciFlow.ricciDeriv_raised_trace_eq_divTrace_sub_half_smul_eq'

Note: This linter can be disabled with `set_option linter.dupNamespace false`
warning: Poincare/ModelLaplacian.lean:32783:8: The namespace 'RicciFlow' is duplicated in the declaration 'RicciFlow.RicciFlow.deltaGammaDivergenceTrace_eq_double_g_pairing_eq'

Note: This linter can be disabled with `set_option linter.dupNamespace false`
warning: Poincare/ModelLaplacian.lean:32788:8: The namespace 'RicciFlow' is duplicated in the declaration 'RicciFlow.RicciFlow.deltaGammaContractionDerivTrace_eq_double_g_pairing_eq'

Note: This linter can be disabled with `set_option linter.dupNamespace false`
warning: Poincare/ModelLaplacian.lean:32793:8: The namespace 'RicciFlow' is duplicated in the declaration 'RicciFlow.RicciFlow.deltaGammaDivergenceTrace_eq_fderiv_form_eq'

Note: This linter can be disabled with `set_option linter.dupNamespace false`
warning: Poincare/ModelLaplacian.lean:32798:8: The namespace 'RicciFlow' is duplicated in the declaration 'RicciFlow.RicciFlow.deltaGammaContractionDerivTrace_eq_fderiv_form_eq'

Note: This linter can be disabled with `set_option linter.dupNamespace false`
warning: Poincare/ModelLaplacian.lean:32803:8: The namespace 'RicciFlow' is duplicated in the declaration 'RicciFlow.RicciFlow.tensorDivOneForm_eq_first_slot_raised_eq'

Note: This linter can be disabled with `set_option linter.dupNamespace false`
warning: Poincare/ModelLaplacian.lean:32808:8: The namespace 'RicciFlow' is duplicated in the declaration 'RicciFlow.RicciFlow.tensorDivOneForm_add_eq'

Note: This linter can be disabled with `set_option linter.dupNamespace false`
warning: Poincare/ModelLaplacian.lean:32813:8: The namespace 'RicciFlow' is duplicated in the declaration 'RicciFlow.RicciFlow.tensorDivOneForm_smul_eq'

Note: This linter can be disabled with `set_option linter.dupNamespace false`
warning: Poincare/ModelLaplacian.lean:32818:8: The namespace 'RicciFlow' is duplicated in the declaration 'RicciFlow.RicciFlow.tensorDivCLM_apply_eq'

Note: This linter can be disabled with `set_option linter.dupNamespace false`
warning: Poincare/ModelLaplacian.lean:32823:8: The namespace 'RicciFlow' is duplicated in the declaration 'RicciFlow.RicciFlow.covTensor1Deriv_sub_eq'

Note: This linter can be disabled with `set_option linter.dupNamespace false`
warning: Poincare/ModelLaplacian.lean:32828:8: The namespace 'RicciFlow' is duplicated in the declaration 'RicciFlow.RicciFlow.ricciDeriv_raised_trace_eq_doubleDiv_sub_curvedLaplacian_eq'

Note: This linter can be disabled with `set_option linter.dupNamespace false`
warning: Poincare/ModelLaplacian.lean:32833:8: The namespace 'RicciFlow' is duplicated in the declaration 'RicciFlow.RicciFlow.deltaGammaInnerTraceCLM_apply_eq'

Note: This linter can be disabled with `set_option linter.dupNamespace false`
warning: Poincare/ModelLaplacian.lean:32838:8: The namespace 'RicciFlow' is duplicated in the declaration 'RicciFlow.RicciFlow.divergence_deltaGammaInnerTraceCLM_unfold_eq'

Note: This linter can be disabled with `set_option linter.dupNamespace false`
warning: Poincare/ModelLaplacian.lean:32843:8: The namespace 'RicciFlow' is duplicated in the declaration 'RicciFlow.RicciFlow.differentiableAt_inverse_raise_eq'

Note: This linter can be disabled with `set_option linter.dupNamespace false`
warning: Poincare/ModelLaplacian.lean:32848:8: The namespace 'RicciFlow' is duplicated in the declaration 'RicciFlow.RicciFlow.differentiableAt_christoffelClosedOp_dir_eq'

Note: This linter can be disabled with `set_option linter.dupNamespace false`
warning: Poincare/ModelLaplacian.lean:32853:8: The namespace 'RicciFlow' is duplicated in the declaration 'RicciFlow.RicciFlow.differentiableAt_covTensor2Deriv_dir_eq'

Note: This linter can be disabled with `set_option linter.dupNamespace false`
warning: Poincare/ModelLaplacian.lean:32858:8: The namespace 'RicciFlow' is duplicated in the declaration 'RicciFlow.RicciFlow.differentiableAt_tensorDivOneForm_eq'

Note: This linter can be disabled with `set_option linter.dupNamespace false`
warning: Poincare/ModelLaplacian.lean:32863:8: The namespace 'RicciFlow' is duplicated in the declaration 'RicciFlow.RicciFlow.differentiableAt_clm_dual_of_apply_eq'

Note: This linter can be disabled with `set_option linter.dupNamespace false`
warning: Poincare/ModelLaplacian.lean:32868:8: The namespace 'RicciFlow' is duplicated in the declaration 'RicciFlow.RicciFlow.differentiableAt_tensorDivCLM_eq'

Note: This linter can be disabled with `set_option linter.dupNamespace false`
warning: Poincare/ModelLaplacian.lean:32873:8: The namespace 'RicciFlow' is duplicated in the declaration 'RicciFlow.RicciFlow.differentiableAt_deltaGammaInnerTraceCLM_eq'

Note: This linter can be disabled with `set_option linter.dupNamespace false`
warning: Poincare/ModelLaplacian.lean:32878:8: The namespace 'RicciFlow' is duplicated in the declaration 'RicciFlow.RicciFlow.fderiv_deltaGammaInnerTraceCLM_apply_eq'

Note: This linter can be disabled with `set_option linter.dupNamespace false`
warning: Poincare/ModelLaplacian.lean:32883:8: The namespace 'RicciFlow' is duplicated in the declaration 'RicciFlow.RicciFlow.divergence_deltaGammaInnerTraceCLM_eq'_eq'

Note: This linter can be disabled with `set_option linter.dupNamespace false`
warning: Poincare/ModelLaplacian.lean:32888:8: The namespace 'RicciFlow' is duplicated in the declaration 'RicciFlow.RicciFlow.fderiv_deltaGamma_raised_vector_eq'

Note: This linter can be disabled with `set_option linter.dupNamespace false`
warning: Poincare/ModelLaplacian.lean:32893:8: The namespace 'RicciFlow' is duplicated in the declaration 'RicciFlow.RicciFlow.fderiv_g_deltaGamma_summand_eq'

Note: This linter can be disabled with `set_option linter.dupNamespace false`
warning: Poincare/ModelLaplacian.lean:32898:8: The namespace 'RicciFlow' is duplicated in the declaration 'RicciFlow.RicciFlow.fderiv_g_deltaGamma_summand_expand_eq'

Note: This linter can be disabled with `set_option linter.dupNamespace false`
warning: Poincare/ModelLaplacian.lean:32903:8: The namespace 'RicciFlow' is duplicated in the declaration 'RicciFlow.RicciFlow.fderiv_deltaGammaInnerTrace_summed_eq'

Note: This linter can be disabled with `set_option linter.dupNamespace false`
warning: Poincare/ModelLaplacian.lean:32908:8: The namespace 'RicciFlow' is duplicated in the declaration 'RicciFlow.RicciFlow.fderiv_inverse_raise_apply_eq'

Note: This linter can be disabled with `set_option linter.dupNamespace false`
warning: Poincare/ModelLaplacian.lean:32913:8: The namespace 'RicciFlow' is duplicated in the declaration 'RicciFlow.RicciFlow.fderiv_g_deltaGamma_summand_christoffel_eq'

Note: This linter can be disabled with `set_option linter.dupNamespace false`
warning: Poincare/ModelLaplacian.lean:32918:8: The namespace 'RicciFlow' is duplicated in the declaration 'RicciFlow.RicciFlow.g_covDeltaGammaDeriv_raised_form_eq'

Note: This linter can be disabled with `set_option linter.dupNamespace false`
warning: Poincare/ModelLaplacian.lean:32923:8: The namespace 'RicciFlow' is duplicated in the declaration 'RicciFlow.RicciFlow.fderiv_g_deltaGamma_summand_as_covDeltaGamma_eq'

Note: This linter can be disabled with `set_option linter.dupNamespace false`
warning: Poincare/ModelLaplacian.lean:32928:8: The namespace 'RicciFlow' is duplicated in the declaration 'RicciFlow.RicciFlow.fderiv_deltaGammaInnerTrace_summed_covDeltaGamma_eq'

Note: This linter can be disabled with `set_option linter.dupNamespace false`
warning: Poincare/ModelLaplacian.lean:32933:8: The namespace 'RicciFlow' is duplicated in the declaration 'RicciFlow.RicciFlow.divergence_deltaGammaInnerTraceCLM_covDeltaGamma_form_eq'

Note: This linter can be disabled with `set_option linter.dupNamespace false`
warning: Poincare/ModelLaplacian.lean:32938:8: The namespace 'RicciFlow' is duplicated in the declaration 'RicciFlow.RicciFlow.g_covDeltaGammaDeriv_distrib_eq'

Note: This linter can be disabled with `set_option linter.dupNamespace false`
warning: Poincare/ModelLaplacian.lean:32943:8: The namespace 'RicciFlow' is duplicated in the declaration 'RicciFlow.RicciFlow.divergence_deltaGammaInnerTraceCLM_simplified_eq'

Note: This linter can be disabled with `set_option linter.dupNamespace false`
warning: Poincare/ModelLaplacian.lean:32948:8: The namespace 'RicciFlow' is duplicated in the declaration 'RicciFlow.RicciFlow.deltaGammaDivergenceTrace_expanded_eq'

Note: This linter can be disabled with `set_option linter.dupNamespace false`
warning: Poincare/ModelLaplacian.lean:32953:8: The namespace 'RicciFlow' is duplicated in the declaration 'RicciFlow.RicciFlow.divergence_deltaGammaInnerTraceCLM_explicit_eq'

Note: This linter can be disabled with `set_option linter.dupNamespace false`
warning: Poincare/ModelLaplacian.lean:32958:8: The namespace 'RicciFlow' is duplicated in the declaration 'RicciFlow.RicciFlow.fderiv_metric_compatible_covector_eq'

Note: This linter can be disabled with `set_option linter.dupNamespace false`
warning: Poincare/ModelLaplacian.lean:32963:8: The namespace 'RicciFlow' is duplicated in the declaration 'RicciFlow.RicciFlow.inverse_fderiv_metric_covector_eq'

Note: This linter can be disabled with `set_option linter.dupNamespace false`
warning: Poincare/ModelLaplacian.lean:32968:8: The namespace 'RicciFlow' is duplicated in the declaration 'RicciFlow.RicciFlow.divergence_deltaGammaInnerTraceCLM_christoffel_eq'

Note: This linter can be disabled with `set_option linter.dupNamespace false`
warning: Poincare/ModelLaplacian.lean:32973:8: The namespace 'RicciFlow' is duplicated in the declaration 'RicciFlow.RicciFlow.sum_christoffel_pairing_swap_eq'

Note: This linter can be disabled with `set_option linter.dupNamespace false`
warning: Poincare/ModelLaplacian.lean:32978:8: The namespace 'RicciFlow' is duplicated in the declaration 'RicciFlow.RicciFlow.sum_L2_eq_sum_R2_eq'

Note: This linter can be disabled with `set_option linter.dupNamespace false`
warning: Poincare/ModelLaplacian.lean:32983:8: The namespace 'RicciFlow' is duplicated in the declaration 'RicciFlow.RicciFlow.christoffelDeriv_add_fst_eq'

Note: This linter can be disabled with `set_option linter.dupNamespace false`
warning: Poincare/ModelLaplacian.lean:32988:8: The namespace 'RicciFlow' is duplicated in the declaration 'RicciFlow.RicciFlow.christoffelDeriv_smul_fst_eq'

Note: This linter can be disabled with `set_option linter.dupNamespace false`
warning: Poincare/ModelLaplacian.lean:32993:8: The namespace 'RicciFlow' is duplicated in the declaration 'RicciFlow.RicciFlow.sum_L3_eq_sum_C2_eq'

Note: This linter can be disabled with `set_option linter.dupNamespace false`
warning: Poincare/ModelLaplacian.lean:32998:8: The namespace 'RicciFlow' is duplicated in the declaration 'RicciFlow.RicciFlow.sum_L1_fderiv_form_eq'

Note: This linter can be disabled with `set_option linter.dupNamespace false`
warning: Poincare/ModelLaplacian.lean:33003:8: The namespace 'RicciFlow' is duplicated in the declaration 'RicciFlow.RicciFlow.sum_R1_fderiv_form_eq'

Note: This linter can be disabled with `set_option linter.dupNamespace false`
warning: Poincare/ModelLaplacian.lean:33008:8: The namespace 'RicciFlow' is duplicated in the declaration 'RicciFlow.RicciFlow.deltaGammaDivergenceTrace_curvature_split_eq'

Note: This linter can be disabled with `set_option linter.dupNamespace false`
warning: Poincare/ModelLaplacian.lean:33013:8: The namespace 'RicciFlow' is duplicated in the declaration 'RicciFlow.RicciFlow.curvatureDerivOp_double_trace_eq_ricciDeriv_eq'

Note: This linter can be disabled with `set_option linter.dupNamespace false`
warning: Poincare/ModelLaplacian.lean:33018:8: The namespace 'RicciFlow' is duplicated in the declaration 'RicciFlow.RicciFlow.sum_L4_swap_eq'

Note: This linter can be disabled with `set_option linter.dupNamespace false`
warning: Poincare/ModelLaplacian.lean:33023:8: The namespace 'RicciFlow' is duplicated in the declaration 'RicciFlow.RicciFlow.covDeltaGammaDeriv_add_z_eq'

Note: This linter can be disabled with `set_option linter.dupNamespace false`
warning: Poincare/ModelLaplacian.lean:33028:8: The namespace 'RicciFlow' is duplicated in the declaration 'RicciFlow.RicciFlow.covDeltaGammaDeriv_smul_z_eq'

Note: This linter can be disabled with `set_option linter.dupNamespace false`
warning: Poincare/ModelLaplacian.lean:33033:8: The namespace 'RicciFlow' is duplicated in the declaration 'RicciFlow.RicciFlow.covDeltaGammaDeriv_add_v_eq'

Note: This linter can be disabled with `set_option linter.dupNamespace false`
warning: Poincare/ModelLaplacian.lean:33038:8: The namespace 'RicciFlow' is duplicated in the declaration 'RicciFlow.RicciFlow.covDeltaGammaDeriv_smul_v_eq'

Note: This linter can be disabled with `set_option linter.dupNamespace false`
warning: Poincare/ModelLaplacian.lean:33043:8: The namespace 'RicciFlow' is duplicated in the declaration 'RicciFlow.RicciFlow.christoffelDerivOp_add_fst_eq'

Note: This linter can be disabled with `set_option linter.dupNamespace false`
warning: Poincare/ModelLaplacian.lean:33048:8: The namespace 'RicciFlow' is duplicated in the declaration 'RicciFlow.RicciFlow.christoffelDerivOp_smul_fst_eq'

Note: This linter can be disabled with `set_option linter.dupNamespace false`
warning: Poincare/ModelLaplacian.lean:33053:8: The namespace 'RicciFlow' is duplicated in the declaration 'RicciFlow.RicciFlow.covDeltaGammaDeriv_add_p_eq'

Note: This linter can be disabled with `set_option linter.dupNamespace false`
warning: Poincare/ModelLaplacian.lean:33058:8: The namespace 'RicciFlow' is duplicated in the declaration 'RicciFlow.RicciFlow.deltaGammaDivergenceTrace_koszul_eq'

Note: This linter can be disabled with `set_option linter.dupNamespace false`
warning: Poincare/ModelLaplacian.lean:33063:8: The namespace 'RicciFlow' is duplicated in the declaration 'RicciFlow.RicciFlow.deltaGammaDivergenceTrace_koszul_distributed_eq'

Note: This linter can be disabled with `set_option linter.dupNamespace false`
warning: Poincare/ModelLaplacian.lean:33068:8: The namespace 'RicciFlow' is duplicated in the declaration 'RicciFlow.RicciFlow.koszul_term1_lift_eq'

Note: This linter can be disabled with `set_option linter.dupNamespace false`
warning: Poincare/ModelLaplacian.lean:33073:8: The namespace 'RicciFlow' is duplicated in the declaration 'RicciFlow.RicciFlow.koszul_term2_lift_eq'

Note: This linter can be disabled with `set_option linter.dupNamespace false`
warning: Poincare/ModelLaplacian.lean:33078:8: The namespace 'RicciFlow' is duplicated in the declaration 'RicciFlow.RicciFlow.koszul_term3_lift_eq'

Note: This linter can be disabled with `set_option linter.dupNamespace false`
warning: Poincare/ModelLaplacian.lean:33083:8: The namespace 'RicciFlow' is duplicated in the declaration 'RicciFlow.RicciFlow.covTensor2SndDeriv_symm_eq'

Note: This linter can be disabled with `set_option linter.dupNamespace false`
warning: Poincare/ModelLaplacian.lean:33088:8: The namespace 'RicciFlow' is duplicated in the declaration 'RicciFlow.RicciFlow.covTensor2SndDeriv_add_v'_eq'

Note: This linter can be disabled with `set_option linter.dupNamespace false`
warning: Poincare/ModelLaplacian.lean:33093:8: The namespace 'RicciFlow' is duplicated in the declaration 'RicciFlow.RicciFlow.covTensor2SndDeriv_add_v_eq'

Note: This linter can be disabled with `set_option linter.dupNamespace false`
warning: Poincare/ModelLaplacian.lean:33098:8: The namespace 'RicciFlow' is duplicated in the declaration 'RicciFlow.RicciFlow.deltaGammaDivergenceTrace_sndDeriv_eq'

Note: This linter can be disabled with `set_option linter.dupNamespace false`
warning: Poincare/ModelLaplacian.lean:33103:8: The namespace 'RicciFlow' is duplicated in the declaration 'RicciFlow.RicciFlow.sum_covTensor2Deriv_Hslot_trace_eq'

Note: This linter can be disabled with `set_option linter.dupNamespace false`
warning: Poincare/ModelLaplacian.lean:33108:8: The namespace 'RicciFlow' is duplicated in the declaration 'RicciFlow.RicciFlow.fderiv_tensorDivCLM_apply_eq'

Note: This linter can be disabled with `set_option linter.dupNamespace false`
warning: Poincare/ModelLaplacian.lean:33113:8: The namespace 'RicciFlow' is duplicated in the declaration 'RicciFlow.RicciFlow.curvedLap_tensorMetricTrace_hessian_form_eq'

Note: This linter can be disabled with `set_option linter.dupNamespace false`
warning: Poincare/ModelLaplacian.lean:33118:8: The namespace 'RicciFlow' is duplicated in the declaration 'RicciFlow.RicciFlow.sum_covTensor2Deriv_Hslot_trace_field_eq'

Note: This linter can be disabled with `set_option linter.dupNamespace false`
warning: Poincare/ModelLaplacian.lean:33123:8: The namespace 'RicciFlow' is duplicated in the declaration 'RicciFlow.RicciFlow.differentiableAt_covTensor2Deriv_Hslot_eq'

Note: This linter can be disabled with `set_option linter.dupNamespace false`
warning: Poincare/ModelLaplacian.lean:33128:8: The namespace 'RicciFlow' is duplicated in the declaration 'RicciFlow.RicciFlow.fderiv_tr_eq_sum_basepoint_deriv_eq'

Note: This linter can be disabled with `set_option linter.dupNamespace false`
warning: Poincare/ModelLaplacian.lean:33133:8: The namespace 'RicciFlow' is duplicated in the declaration 'RicciFlow.RicciFlow.fderiv_covTensor2Deriv_Hslot_split_eq'

Note: This linter can be disabled with `set_option linter.dupNamespace false`
warning: Poincare/ModelLaplacian.lean:33138:8: The namespace 'RicciFlow' is duplicated in the declaration 'RicciFlow.RicciFlow.fderiv2_tensorMetricTrace_sum_expand_eq'

Note: This linter can be disabled with `set_option linter.dupNamespace false`
warning: Poincare/ModelLaplacian.lean:33143:8: The namespace 'RicciFlow' is duplicated in the declaration 'RicciFlow.RicciFlow.christoffel_inverse_raise_merge_eq'

Note: This linter can be disabled with `set_option linter.dupNamespace false`
warning: Poincare/ModelLaplacian.lean:33148:8: The namespace 'RicciFlow' is duplicated in the declaration 'RicciFlow.RicciFlow.fderiv_covTensor2Deriv_varying_raise_merged_eq'

Note: This linter can be disabled with `set_option linter.dupNamespace false`
warning: Poincare/ModelLaplacian.lean:33153:8: The namespace 'RicciFlow' is duplicated in the declaration 'RicciFlow.RicciFlow.fderiv2_tensorMetricTrace_sum_merged_eq'

Note: This linter can be disabled with `set_option linter.dupNamespace false`
warning: Poincare/ModelLaplacian.lean:33158:8: The namespace 'RicciFlow' is duplicated in the declaration 'RicciFlow.RicciFlow.sum_raised_op_slot_swap_eq'

Note: This linter can be disabled with `set_option linter.dupNamespace false`
warning: Poincare/ModelLaplacian.lean:33163:8: The namespace 'RicciFlow' is duplicated in the declaration 'RicciFlow.RicciFlow.sum_covTensor2SndDeriv_Hslot_trace_eq'

Note: This linter can be disabled with `set_option linter.dupNamespace false`
warning: Poincare/ModelLaplacian.lean:33168:8: The namespace 'RicciFlow' is duplicated in the declaration 'RicciFlow.RicciFlow.sum_sum_covTensor2SndDeriv_laplacian_trace_eq'

Note: This linter can be disabled with `set_option linter.dupNamespace false`
warning: Poincare/ModelLaplacian.lean:33173:8: The namespace 'RicciFlow' is duplicated in the declaration 'RicciFlow.RicciFlow.sum_hessian_trace_raise_swap_eq'

Note: This linter can be disabled with `set_option linter.dupNamespace false`
warning: Poincare/ModelLaplacian.lean:33178:8: The namespace 'RicciFlow' is duplicated in the declaration 'RicciFlow.RicciFlow.sum_sum_covTensor2SndDeriv_eq_curvedLap_eq'

Note: This linter can be disabled with `set_option linter.dupNamespace false`
warning: Poincare/ModelLaplacian.lean:33183:8: The namespace 'RicciFlow' is duplicated in the declaration 'RicciFlow.RicciFlow.tensorDoubleDivergence_covTensor1Deriv_form_eq'

Note: This linter can be disabled with `set_option linter.dupNamespace false`
warning: Poincare/ModelLaplacian.lean:33188:8: The namespace 'RicciFlow' is duplicated in the declaration 'RicciFlow.RicciFlow.fderiv_tensorDivOneForm_sum_eq'

Note: This linter can be disabled with `set_option linter.dupNamespace false`
warning: Poincare/ModelLaplacian.lean:33193:8: The namespace 'RicciFlow' is duplicated in the declaration 'RicciFlow.RicciFlow.fderiv_covTensor2Deriv_dir_split_eq'

Note: This linter can be disabled with `set_option linter.dupNamespace false`
warning: Poincare/ModelLaplacian.lean:33198:8: The namespace 'RicciFlow' is duplicated in the declaration 'RicciFlow.RicciFlow.fderiv_tensorDivOneForm_sum_expand_eq'

Note: This linter can be disabled with `set_option linter.dupNamespace false`
warning: Poincare/ModelLaplacian.lean:33203:8: The namespace 'RicciFlow' is duplicated in the declaration 'RicciFlow.RicciFlow.tensorDoubleDivergence_oneForm_form_eq'

Note: This linter can be disabled with `set_option linter.dupNamespace false`
warning: Poincare/ModelLaplacian.lean:33208:8: The namespace 'RicciFlow' is duplicated in the declaration 'RicciFlow.RicciFlow.tensorDoubleDivergence_sndDeriv_form_eq'

Note: This linter can be disabled with `set_option linter.dupNamespace false`
warning: Poincare/ModelLaplacian.lean:33213:8: The namespace 'RicciFlow' is duplicated in the declaration 'RicciFlow.RicciFlow.tensorDoubleDivergence_merged_eq'

Note: This linter can be disabled with `set_option linter.dupNamespace false`
warning: Poincare/ModelLaplacian.lean:33218:8: The namespace 'RicciFlow' is duplicated in the declaration 'RicciFlow.RicciFlow.covTensor2SndDeriv_add_q_eq'

Note: This linter can be disabled with `set_option linter.dupNamespace false`
warning: Poincare/ModelLaplacian.lean:33223:8: The namespace 'RicciFlow' is duplicated in the declaration 'RicciFlow.RicciFlow.covTensor2SndDeriv_add_p_eq'

Note: This linter can be disabled with `set_option linter.dupNamespace false`
warning: Poincare/ModelLaplacian.lean:33228:8: The namespace 'RicciFlow' is duplicated in the declaration 'RicciFlow.RicciFlow.covTensor2SndDeriv_smul_q_eq'

Note: This linter can be disabled with `set_option linter.dupNamespace false`
warning: Poincare/ModelLaplacian.lean:33233:8: The namespace 'RicciFlow' is duplicated in the declaration 'RicciFlow.RicciFlow.covTensor2SndDeriv_smul_p_eq'

Note: This linter can be disabled with `set_option linter.dupNamespace false`
warning: Poincare/ModelLaplacian.lean:33238:8: The namespace 'RicciFlow' is duplicated in the declaration 'RicciFlow.RicciFlow.covTensor2SndDeriv_smul_v'_eq'

Note: This linter can be disabled with `set_option linter.dupNamespace false`
warning: Poincare/ModelLaplacian.lean:33243:8: The namespace 'RicciFlow' is duplicated in the declaration 'RicciFlow.RicciFlow.sum_sum_covTensor2SndDeriv_outer_q_swap_eq'

Note: This linter can be disabled with `set_option linter.dupNamespace false`
warning: Poincare/ModelLaplacian.lean:33248:8: The namespace 'RicciFlow' is duplicated in the declaration 'RicciFlow.RicciFlow.sum_sum_divdiv_corrections_cancel_eq'

Note: This linter can be disabled with `set_option linter.dupNamespace false`
warning: Poincare/ModelLaplacian.lean:33253:8: The namespace 'RicciFlow' is duplicated in the declaration 'RicciFlow.RicciFlow.covTensor2SndDeriv_smul_v_eq'

Note: This linter can be disabled with `set_option linter.dupNamespace false`
warning: Poincare/ModelLaplacian.lean:33258:8: The namespace 'RicciFlow' is duplicated in the declaration 'RicciFlow.RicciFlow.sum_sum_covTensor2SndDeriv_inner_p_swap_eq'

Note: This linter can be disabled with `set_option linter.dupNamespace false`
warning: Poincare/ModelLaplacian.lean:33263:8: The namespace 'RicciFlow' is duplicated in the declaration 'RicciFlow.RicciFlow.sum_sum_T1_eq_T2_eq'

Note: This linter can be disabled with `set_option linter.dupNamespace false`
warning: Poincare/ModelLaplacian.lean:33268:8: The namespace 'RicciFlow' is duplicated in the declaration 'RicciFlow.RicciFlow.tensorDoubleDivergence_eq_sum_sum_T2_eq'

Note: This linter can be disabled with `set_option linter.dupNamespace false`
warning: Poincare/ModelLaplacian.lean:33273:8: The namespace 'RicciFlow' is duplicated in the declaration 'RicciFlow.RicciFlow.deltaGammaDivergenceTrace_keystone_eq'

Note: This linter can be disabled with `set_option linter.dupNamespace false`
warning: Poincare/ModelLaplacian.lean:33278:8: The namespace 'RicciFlow' is duplicated in the declaration 'RicciFlow.RicciFlow.ricciDeriv_raised_trace_contracted_lichnerowicz_eq'

Note: This linter can be disabled with `set_option linter.dupNamespace false`
warning: Poincare/ModelLaplacian.lean:33283:8: The namespace 'RicciFlow' is duplicated in the declaration 'RicciFlow.RicciFlow.ricciDeriv_raised_trace_lichnerowicz_smul_eq'

Note: This linter can be disabled with `set_option linter.dupNamespace false`
warning: Poincare/ModelLaplacian.lean:33288:8: The namespace 'RicciFlow' is duplicated in the declaration 'RicciFlow.RicciFlow.tensorMetricTrace_coordRicciForm_eq'

Note: This linter can be disabled with `set_option linter.dupNamespace false`
warning: Poincare/ModelLaplacian.lean:33293:8: The namespace 'RicciFlow' is duplicated in the declaration 'RicciFlow.RicciFlow.tensorMetricTrace_smul_eq'

Note: This linter can be disabled with `set_option linter.dupNamespace false`
warning: Poincare/ModelLaplacian.lean:33298:8: The namespace 'RicciFlow' is duplicated in the declaration 'RicciFlow.RicciFlow.tensorMetricTrace_neg_two_coordRicciForm_eq'

Note: This linter can be disabled with `set_option linter.dupNamespace false`
warning: Poincare/ModelLaplacian.lean:33303:8: The namespace 'RicciFlow' is duplicated in the declaration 'RicciFlow.RicciFlow.covTensor2Deriv_coordRicciForm_eq'

Note: This linter can be disabled with `set_option linter.dupNamespace false`
warning: Poincare/ModelLaplacian.lean:33308:8: The namespace 'RicciFlow' is duplicated in the declaration 'RicciFlow.RicciFlow.tensorDivOneForm_coordRicciForm_eq'

Note: This linter can be disabled with `set_option linter.dupNamespace false`
warning: Poincare/ModelLaplacian.lean:33313:8: The namespace 'RicciFlow' is duplicated in the declaration 'RicciFlow.RicciFlow.tensorDivOneForm_coordRicciForm_field_eq'

Note: This linter can be disabled with `set_option linter.dupNamespace false`
warning: Poincare/ModelLaplacian.lean:33318:8: The namespace 'RicciFlow' is duplicated in the declaration 'RicciFlow.RicciFlow.tensorDivOneForm_coordRicciForm_eq_half_grad_eq'

Note: This linter can be disabled with `set_option linter.dupNamespace false`
warning: Poincare/ModelLaplacian.lean:33323:8: The namespace 'RicciFlow' is duplicated in the declaration 'RicciFlow.RicciFlow.tensorDivCLM_coordRicciForm_eq_half_grad_field_eq'

Note: This linter can be disabled with `set_option linter.dupNamespace false`
warning: Poincare/ModelLaplacian.lean:33328:8: The namespace 'RicciFlow' is duplicated in the declaration 'RicciFlow.RicciFlow.tensorDoubleDivergence_coordRicciForm_eq'

Note: This linter can be disabled with `set_option linter.dupNamespace false`
warning: Poincare/ModelLaplacian.lean:33333:8: The namespace 'RicciFlow' is duplicated in the declaration 'RicciFlow.RicciFlow.covTensor2Deriv_smul_field_eq'

Note: This linter can be disabled with `set_option linter.dupNamespace false`
warning: Poincare/ModelLaplacian.lean:33338:8: The namespace 'RicciFlow' is duplicated in the declaration 'RicciFlow.RicciFlow.tensorDivOneForm_smul_field_eq'

Note: This linter can be disabled with `set_option linter.dupNamespace false`
warning: Poincare/ModelLaplacian.lean:33343:8: The namespace 'RicciFlow' is duplicated in the declaration 'RicciFlow.RicciFlow.tensorDoubleDivergence_smul_field_eq'

Note: This linter can be disabled with `set_option linter.dupNamespace false`
warning: Poincare/ModelLaplacian.lean:33348:8: The namespace 'RicciFlow' is duplicated in the declaration 'RicciFlow.RicciFlow.tensorDoubleDivergence_neg_two_coordRicciForm_eq'

Note: This linter can be disabled with `set_option linter.dupNamespace false`
warning: Poincare/ModelLaplacian.lean:33353:8: The namespace 'RicciFlow' is duplicated in the declaration 'RicciFlow.RicciFlow.tensorMetricTrace_neg_two_coordRicciForm_field_eq'

Note: This linter can be disabled with `set_option linter.dupNamespace false`
warning: Poincare/ModelLaplacian.lean:33358:8: The namespace 'RicciFlow' is duplicated in the declaration 'RicciFlow.RicciFlow.ricciDeriv_neg_two_raised_trace_eq_curvedLaplacian_eq'

Note: This linter can be disabled with `set_option linter.dupNamespace false`
warning: Poincare/ModelLaplacian.lean:33363:8: The namespace 'RicciFlow' is duplicated in the declaration 'RicciFlow.RicciFlow.neg_two_coordRicciForm_symm_eq'

Note: This linter can be disabled with `set_option linter.dupNamespace false`
warning: Poincare/ModelLaplacian.lean:33368:8: The namespace 'RicciFlow' is duplicated in the declaration 'RicciFlow.RicciFlow.differentiableAt_fderiv_of_contDiff_two_eq'

Note: This linter can be disabled with `set_option linter.dupNamespace false`
warning: Poincare/ModelLaplacian.lean:33373:8: The namespace 'RicciFlow' is duplicated in the declaration 'RicciFlow.RicciFlow.differentiableAt_fderiv_tensorMetricTrace_neg_two_coordRicciForm_eq'

Note: This linter can be disabled with `set_option linter.dupNamespace false`
warning: Poincare/ModelLaplacian.lean:33378:8: The namespace 'RicciFlow' is duplicated in the declaration 'RicciFlow.RicciFlow.ricciDeriv_neg_two_raised_trace_eq_curvedLaplacian'_eq'

Note: This linter can be disabled with `set_option linter.dupNamespace false`
warning: Poincare/ModelLaplacian.lean:33383:8: The namespace 'RicciFlow' is duplicated in the declaration 'RicciFlow.RicciFlow.differentiableAt_tensorDivCLM_coordRicciForm_eq'

Note: This linter can be disabled with `set_option linter.dupNamespace false`
warning: Poincare/ModelLaplacian.lean:33388:8: The namespace 'RicciFlow' is duplicated in the declaration 'RicciFlow.RicciFlow.coordRicciForm_proof_irrel_eq'

Note: This linter can be disabled with `set_option linter.dupNamespace false`
warning: Poincare/ModelLaplacian.lean:33393:8: The namespace 'RicciFlow' is duplicated in the declaration 'RicciFlow.RicciFlow.hamilton_scalar_evolution_ricci_flow_eq'

Note: This linter can be disabled with `set_option linter.dupNamespace false`
warning: Poincare/ModelLaplacian.lean:33398:8: The namespace 'RicciFlow' is duplicated in the declaration 'RicciFlow.RicciFlow.ricciDeriv_neg_two_raised_trace_eq_curvedLaplacian_family_eq'

Note: This linter can be disabled with `set_option linter.dupNamespace false`
warning: Poincare/ModelLaplacian.lean:33403:8: The namespace 'RicciFlow' is duplicated in the declaration 'RicciFlow.RicciFlow.curved_hamilton_ricci_flow_singularity_bianchi_free_eq'

Note: This linter can be disabled with `set_option linter.dupNamespace false`
warning: Poincare/ModelLaplacian.lean:33408:8: The namespace 'RicciFlow' is duplicated in the declaration 'RicciFlow.RicciFlow.deltaGammaDivergence_eq_g_paired_eq'

Note: This linter can be disabled with `set_option linter.dupNamespace false`
warning: Poincare/ModelLaplacian.lean:33413:8: The namespace 'RicciFlow' is duplicated in the declaration 'RicciFlow.RicciFlow.deltaGammaContractionDeriv_eq_g_paired_eq'

Note: This linter can be disabled with `set_option linter.dupNamespace false`
warning: Poincare/ModelLaplacian.lean:33418:8: The namespace 'RicciFlow' is duplicated in the declaration 'RicciFlow.RicciFlow.ricciDeriv_eq_g_paired_eq'

Note: This linter can be disabled with `set_option linter.dupNamespace false`
warning: Poincare/ModelLaplacian.lean:33423:8: The namespace 'RicciFlow' is duplicated in the declaration 'RicciFlow.RicciFlow.deltaGammaDivergence_fderiv_form_eq'

Note: This linter can be disabled with `set_option linter.dupNamespace false`
warning: Poincare/ModelLaplacian.lean:33428:8: The namespace 'RicciFlow' is duplicated in the declaration 'RicciFlow.RicciFlow.deltaGammaContractionDeriv_fderiv_form_eq'

Note: This linter can be disabled with `set_option linter.dupNamespace false`
warning: Poincare/ModelLaplacian.lean:33433:8: The namespace 'RicciFlow' is duplicated in the declaration 'RicciFlow.RicciFlow.deltaGammaContractionDeriv_eq_half_hessian_eq'

Note: This linter can be disabled with `set_option linter.dupNamespace false`
warning: Poincare/ModelLaplacian.lean:33438:8: The namespace 'RicciFlow' is duplicated in the declaration 'RicciFlow.RicciFlow.ricciDeriv_eq_div_sub_half_hessian_eq'

Note: This linter can be disabled with `set_option linter.dupNamespace false`
warning: Poincare/ModelLaplacian.lean:33443:8: The namespace 'RicciFlow' is duplicated in the declaration 'RicciFlow.RicciFlow.ricciDeriv_fderiv_hessian_form_eq'

Note: This linter can be disabled with `set_option linter.dupNamespace false`
warning: Poincare/ModelLaplacian.lean:33448:8: The namespace 'RicciFlow' is duplicated in the declaration 'RicciFlow.RicciFlow.deltaGammaContractionDeriv_eq_half_covariantHessian_eq'

Note: This linter can be disabled with `set_option linter.dupNamespace false`
warning: Poincare/ModelLaplacian.lean:33453:8: The namespace 'RicciFlow' is duplicated in the declaration 'RicciFlow.RicciFlow.ricciDeriv_eq_div_sub_half_covariantHessian_eq'

Note: This linter can be disabled with `set_option linter.dupNamespace false`
warning: Poincare/ModelLaplacian.lean:33458:8: The namespace 'RicciFlow' is duplicated in the declaration 'RicciFlow.RicciFlow.deltaGammaContractionDeriv_symm_eq'

Note: This linter can be disabled with `set_option linter.dupNamespace false`
warning: Poincare/ModelLaplacian.lean:33463:8: The namespace 'RicciFlow' is duplicated in the declaration 'RicciFlow.RicciFlow.covariantHessian_smul_eq'

Note: This linter can be disabled with `set_option linter.dupNamespace false`
warning: Poincare/ModelLaplacian.lean:33468:8: The namespace 'RicciFlow' is duplicated in the declaration 'RicciFlow.RicciFlow.ricciDeriv_eq_div_sub_half_smul_covariantHessian_eq'

Note: This linter can be disabled with `set_option linter.dupNamespace false`
warning: Poincare/ModelLaplacian.lean:33473:8: The namespace 'RicciFlow' is duplicated in the declaration 'RicciFlow.RicciFlow.covariantHessian_add_eq'

Note: This linter can be disabled with `set_option linter.dupNamespace false`
warning: Poincare/ModelLaplacian.lean:33478:8: The namespace 'RicciFlow' is duplicated in the declaration 'RicciFlow.RicciFlow.ricciDeriv_neg_two_eq_div_add_covariantHessian_eq'

Note: This linter can be disabled with `set_option linter.dupNamespace false`
warning: Poincare/ModelLaplacian.lean:33483:8: The namespace 'RicciFlow' is duplicated in the declaration 'RicciFlow.RicciFlow.deltaGammaDivergence_lichnerowicz_form_eq'

Note: This linter can be disabled with `set_option linter.dupNamespace false`
warning: Poincare/ModelLaplacian.lean:33488:8: The namespace 'RicciFlow' is duplicated in the declaration 'RicciFlow.RicciFlow.deltaGammaDivergence_lichnerowicz_split_eq'

Note: This linter can be disabled with `set_option linter.dupNamespace false`
warning: Poincare/ModelLaplacian.lean:33493:8: The namespace 'RicciFlow' is duplicated in the declaration 'RicciFlow.RicciFlow.sum_covariantHessian_eq_curvedLaplacian_eq'

Note: This linter can be disabled with `set_option linter.dupNamespace false`
warning: Poincare/ModelLaplacian.lean:33498:8: The namespace 'RicciFlow' is duplicated in the declaration 'RicciFlow.RicciFlow.sum_ricciDeriv_raised_eq_divTrace_sub_half_curvedLaplacian'_eq'

Note: This linter can be disabled with `set_option linter.dupNamespace false`
warning: Poincare/ModelLaplacian.lean:33503:8: The namespace 'RicciFlow' is duplicated in the declaration 'RicciFlow.RicciFlow.deltaGammaDivergence_isSymm_eq'

Note: This linter can be disabled with `set_option linter.dupNamespace false`
warning: Poincare/ModelLaplacian.lean:33508:8: The namespace 'RicciFlow' is duplicated in the declaration 'RicciFlow.RicciFlow.ricciDeriv_isSymm_eq'

Note: This linter can be disabled with `set_option linter.dupNamespace false`
warning: Poincare/ModelLaplacian.lean:33513:8: The namespace 'RicciFlow' is duplicated in the declaration 'RicciFlow.RicciFlow.deltaGammaDivergence_isSymm_field_eq'

Note: This linter can be disabled with `set_option linter.dupNamespace false`
warning: Poincare/ModelLaplacian.lean:33518:8: The namespace 'RicciFlow' is duplicated in the declaration 'RicciFlow.RicciFlow.deltaGammaDivergence_sndDeriv_bochner_form_eq'

Note: This linter can be disabled with `set_option linter.dupNamespace false`
warning: Poincare/ModelLaplacian.lean:33523:8: The namespace 'RicciFlow' is duplicated in the declaration 'RicciFlow.RicciFlow.ricciDeriv_sndDeriv_bochner_form_eq'

Note: This linter can be disabled with `set_option linter.dupNamespace false`
warning: Poincare/ModelLaplacian.lean:33528:8: The namespace 'RicciFlow' is duplicated in the declaration 'RicciFlow.RicciFlow.ricciDeriv_neg_two_isSymm_eq'

Note: This linter can be disabled with `set_option linter.dupNamespace false`
warning: Poincare/ModelLaplacian.lean:33533:8: The namespace 'RicciFlow' is duplicated in the declaration 'RicciFlow.RicciFlow.connectionLaplacian_symm_eq'

Note: This linter can be disabled with `set_option linter.dupNamespace false`
warning: Poincare/ModelLaplacian.lean:33538:8: The namespace 'RicciFlow' is duplicated in the declaration 'RicciFlow.RicciFlow.sum_connectionLaplacian_eq_curvedLaplacian_eq'

Note: This linter can be disabled with `set_option linter.dupNamespace false`
warning: Poincare/ModelLaplacian.lean:33543:8: The namespace 'RicciFlow' is duplicated in the declaration 'RicciFlow.RicciFlow.connectionLaplacian_add_left_eq'

Note: This linter can be disabled with `set_option linter.dupNamespace false`
warning: Poincare/ModelLaplacian.lean:33548:8: The namespace 'RicciFlow' is duplicated in the declaration 'RicciFlow.RicciFlow.connectionLaplacian_add_right_eq'

Note: This linter can be disabled with `set_option linter.dupNamespace false`
warning: Poincare/ModelLaplacian.lean:33553:8: The namespace 'RicciFlow' is duplicated in the declaration 'RicciFlow.RicciFlow.connectionLaplacian_smul_left_eq'

Note: This linter can be disabled with `set_option linter.dupNamespace false`
warning: Poincare/ModelLaplacian.lean:33558:8: The namespace 'RicciFlow' is duplicated in the declaration 'RicciFlow.RicciFlow.connectionLaplacian_smul_right_eq'

Note: This linter can be disabled with `set_option linter.dupNamespace false`
warning: Poincare/ModelLaplacian.lean:33563:8: The namespace 'RicciFlow' is duplicated in the declaration 'RicciFlow.RicciFlow.covTensor2SndDeriv_smul_field_eq'

Note: This linter can be disabled with `set_option linter.dupNamespace false`
warning: Poincare/ModelLaplacian.lean:33568:8: The namespace 'RicciFlow' is duplicated in the declaration 'RicciFlow.RicciFlow.connectionLaplacian_smul_field_eq'

Note: This linter can be disabled with `set_option linter.dupNamespace false`
warning: Poincare/ModelLaplacian.lean:33573:8: The namespace 'RicciFlow' is duplicated in the declaration 'RicciFlow.RicciFlow.connectionLaplacian_neg_two_coordRicciForm_eq'

Note: This linter can be disabled with `set_option linter.dupNamespace false`
warning: Poincare/ModelLaplacian.lean:33578:8: The namespace 'RicciFlow' is duplicated in the declaration 'RicciFlow.RicciFlow.connectionLaplacian_symm_field_eq'

Note: This linter can be disabled with `set_option linter.dupNamespace false`
warning: Poincare/ModelLaplacian.lean:33583:8: The namespace 'RicciFlow' is duplicated in the declaration 'RicciFlow.RicciFlow.connectionLaplacian_smul_field_lift_eq'

Note: This linter can be disabled with `set_option linter.dupNamespace false`
warning: Poincare/ModelLaplacian.lean:33588:8: The namespace 'RicciFlow' is duplicated in the declaration 'RicciFlow.RicciFlow.sum_connectionLaplacian_neg_two_coordRicciForm_eq'

Note: This linter can be disabled with `set_option linter.dupNamespace false`
warning: Poincare/ModelLaplacian.lean:33593:8: The namespace 'RicciFlow' is duplicated in the declaration 'RicciFlow.RicciFlow.sum_connectionLaplacian_coordRicciForm_eq'

Note: This linter can be disabled with `set_option linter.dupNamespace false`
warning: Poincare/ModelLaplacian.lean:33598:8: The namespace 'RicciFlow' is duplicated in the declaration 'RicciFlow.RicciFlow.covTensor2SndDeriv_antisymm_eq'

Note: This linter can be disabled with `set_option linter.dupNamespace false`
warning: Poincare/ModelLaplacian.lean:33603:8: The namespace 'RicciFlow' is duplicated in the declaration 'RicciFlow.RicciFlow.contDiffAt_tensor_eval_eq'

Note: This linter can be disabled with `set_option linter.dupNamespace false`
warning: Poincare/ModelLaplacian.lean:33608:8: The namespace 'RicciFlow' is duplicated in the declaration 'RicciFlow.RicciFlow.fderiv_tensor_eval_apply_eq'

Note: This linter can be disabled with `set_option linter.dupNamespace false`
warning: Poincare/ModelLaplacian.lean:33613:8: The namespace 'RicciFlow' is duplicated in the declaration 'RicciFlow.RicciFlow.fderiv_dual_eval_apply_eq'

Note: This linter can be disabled with `set_option linter.dupNamespace false`
warning: Poincare/ModelLaplacian.lean:33618:8: The namespace 'RicciFlow' is duplicated in the declaration 'RicciFlow.RicciFlow.fderiv_covTensor2Deriv_pure_block_antisymm_eq'

Note: This linter can be disabled with `set_option linter.dupNamespace false`
warning: Poincare/ModelLaplacian.lean:33623:8: The namespace 'RicciFlow' is duplicated in the declaration 'RicciFlow.RicciFlow.fderiv_tensor_corr_field_eq'

Note: This linter can be disabled with `set_option linter.dupNamespace false`
warning: Poincare/ModelLaplacian.lean:33628:8: The namespace 'RicciFlow' is duplicated in the declaration 'RicciFlow.RicciFlow.fderiv_tensor_eval1_apply_eq'

Note: This linter can be disabled with `set_option linter.dupNamespace false`
warning: Poincare/ModelLaplacian.lean:33633:8: The namespace 'RicciFlow' is duplicated in the declaration 'RicciFlow.RicciFlow.fderiv_tensor_corr_field'_eq'

Note: This linter can be disabled with `set_option linter.dupNamespace false`
warning: Poincare/ModelLaplacian.lean:33638:8: The namespace 'RicciFlow' is duplicated in the declaration 'RicciFlow.RicciFlow.fderiv_covTensor2Deriv_flat_split_eq'

Note: This linter can be disabled with `set_option linter.dupNamespace false`
warning: Poincare/ModelLaplacian.lean:33643:8: The namespace 'RicciFlow' is duplicated in the declaration 'RicciFlow.RicciFlow.fderiv_covTensor2Deriv_flat_antisymm_eq'

Note: This linter can be disabled with `set_option linter.dupNamespace false`
warning: Poincare/ModelLaplacian.lean:33648:8: The namespace 'RicciFlow' is duplicated in the declaration 'RicciFlow.RicciFlow.fderiv_corr1_antisymm_expand_eq'

Note: This linter can be disabled with `set_option linter.dupNamespace false`
warning: Poincare/ModelLaplacian.lean:33653:8: The namespace 'RicciFlow' is duplicated in the declaration 'RicciFlow.RicciFlow.fderiv_corr2_antisymm_expand_eq'

Note: This linter can be disabled with `set_option linter.dupNamespace false`
warning: Poincare/ModelLaplacian.lean:33658:8: The namespace 'RicciFlow' is duplicated in the declaration 'RicciFlow.RicciFlow.fderiv_christoffel_eval_apply_eq'

Note: This linter can be disabled with `set_option linter.dupNamespace false`
warning: Poincare/ModelLaplacian.lean:33663:8: The namespace 'RicciFlow' is duplicated in the declaration 'RicciFlow.RicciFlow.christoffel_antisymm_deriv_eq_curvature_eq'

Note: This linter can be disabled with `set_option linter.dupNamespace false`
warning: Poincare/ModelLaplacian.lean:33668:8: The namespace 'RicciFlow' is duplicated in the declaration 'RicciFlow.RicciFlow.fderiv_corr1_antisymm_curvature_eq'

Note: This linter can be disabled with `set_option linter.dupNamespace false`
warning: Poincare/ModelLaplacian.lean:33673:8: The namespace 'RicciFlow' is duplicated in the declaration 'RicciFlow.RicciFlow.fderiv_corr2_antisymm_curvature_eq'

Note: This linter can be disabled with `set_option linter.dupNamespace false`
warning: Poincare/ModelLaplacian.lean:33678:8: The namespace 'RicciFlow' is duplicated in the declaration 'RicciFlow.RicciFlow.fderiv_covTensor2Deriv_flat_antisymm_curvature_eq'

Note: This linter can be disabled with `set_option linter.dupNamespace false`
warning: Poincare/ModelLaplacian.lean:33683:8: The namespace 'RicciFlow' is duplicated in the declaration 'RicciFlow.RicciFlow.covTensor2SndDeriv_ricci_identity_eq'

Note: This linter can be disabled with `set_option linter.dupNamespace false`
warning: Poincare/ModelLaplacian.lean:33688:8: The namespace 'RicciFlow' is duplicated in the declaration 'RicciFlow.RicciFlow.covTensor2SndDeriv_comm_eq'

Note: This linter can be disabled with `set_option linter.dupNamespace false`
warning: Poincare/ModelLaplacian.lean:33693:8: The namespace 'RicciFlow' is duplicated in the declaration 'RicciFlow.RicciFlow.connectionLaplacian_sub_transpose_eq_curvature_eq'

Note: This linter can be disabled with `set_option linter.dupNamespace false`
warning: Poincare/ModelLaplacian.lean:33698:8: The namespace 'RicciFlow' is duplicated in the declaration 'RicciFlow.RicciFlow.connectionLaplacian_transpose_eq'

Note: This linter can be disabled with `set_option linter.dupNamespace false`
warning: Poincare/ModelLaplacian.lean:33703:8: The namespace 'RicciFlow' is duplicated in the declaration 'RicciFlow.RicciFlow.covTensor2SndDeriv_comm_of_flat_eq'

Note: This linter can be disabled with `set_option linter.dupNamespace false`
warning: Poincare/ModelLaplacian.lean:33708:8: The namespace 'RicciFlow' is duplicated in the declaration 'RicciFlow.RicciFlow.connectionLaplacian_transpose_eq_add_curvature_eq'

Note: This linter can be disabled with `set_option linter.dupNamespace false`
warning: Poincare/ModelLaplacian.lean:33713:8: The namespace 'RicciFlow' is duplicated in the declaration 'RicciFlow.RicciFlow.lichnerowiczCurvature_symm_eq'

Note: This linter can be disabled with `set_option linter.dupNamespace false`
warning: Poincare/ModelLaplacian.lean:33718:8: The namespace 'RicciFlow' is duplicated in the declaration 'RicciFlow.RicciFlow.lichnerowiczCurvature_add_eq'

Note: This linter can be disabled with `set_option linter.dupNamespace false`
warning: Poincare/ModelLaplacian.lean:33723:8: The namespace 'RicciFlow' is duplicated in the declaration 'RicciFlow.RicciFlow.lichnerowiczCurvature_smul_eq'

Note: This linter can be disabled with `set_option linter.dupNamespace false`
warning: Poincare/ModelLaplacian.lean:33728:8: The namespace 'RicciFlow' is duplicated in the declaration 'RicciFlow.RicciFlow.lichnerowiczCurvature_flat_eq'

Note: This linter can be disabled with `set_option linter.dupNamespace false`
warning: Poincare/ModelLaplacian.lean:33733:8: The namespace 'RicciFlow' is duplicated in the declaration 'RicciFlow.RicciFlow.lichnerowiczCurvature_add_left_eq'

Note: This linter can be disabled with `set_option linter.dupNamespace false`
warning: Poincare/ModelLaplacian.lean:33738:8: The namespace 'RicciFlow' is duplicated in the declaration 'RicciFlow.RicciFlow.lichnerowiczCurvature_add_right_eq'

Note: This linter can be disabled with `set_option linter.dupNamespace false`
warning: Poincare/ModelLaplacian.lean:33743:8: The namespace 'RicciFlow' is duplicated in the declaration 'RicciFlow.RicciFlow.connectionLaplacian_add_lichnerowiczCurvature_symm_eq'

Note: This linter can be disabled with `set_option linter.dupNamespace false`
warning: Poincare/ModelLaplacian.lean:33748:8: The namespace 'RicciFlow' is duplicated in the declaration 'RicciFlow.RicciFlow.lichnerowiczCurvature_smul_left_eq'

Note: This linter can be disabled with `set_option linter.dupNamespace false`
warning: Poincare/ModelLaplacian.lean:33753:8: The namespace 'RicciFlow' is duplicated in the declaration 'RicciFlow.RicciFlow.lichnerowiczCurvature_smul_right_eq'

Note: This linter can be disabled with `set_option linter.dupNamespace false`
warning: Poincare/ModelLaplacian.lean:33758:8: The namespace 'RicciFlow' is duplicated in the declaration 'RicciFlow.RicciFlow.deltaGammaDivergence_extract_connectionLaplacian_eq'

Note: This linter can be disabled with `set_option linter.dupNamespace false`
warning: Poincare/ModelLaplacian.lean:33763:8: The namespace 'RicciFlow' is duplicated in the declaration 'RicciFlow.RicciFlow.ricciDeriv_extract_connectionLaplacian_eq'

Note: This linter can be disabled with `set_option linter.dupNamespace false`
warning: Poincare/ModelLaplacian.lean:33768:8: The namespace 'RicciFlow' is duplicated in the declaration 'RicciFlow.RicciFlow.neg_half_connectionLaplacian_neg_two_eq'

Note: This linter can be disabled with `set_option linter.dupNamespace false`
warning: Poincare/ModelLaplacian.lean:33773:8: The namespace 'RicciFlow' is duplicated in the declaration 'RicciFlow.RicciFlow.lichnerowiczCurvature_zero_eq'

Note: This linter can be disabled with `set_option linter.dupNamespace false`
warning: Poincare/ModelLaplacian.lean:33778:8: The namespace 'RicciFlow' is duplicated in the declaration 'RicciFlow.RicciFlow.connectionLaplacian_neg_eq'

Note: This linter can be disabled with `set_option linter.dupNamespace false`
warning: Poincare/ModelLaplacian.lean:33783:8: The namespace 'RicciFlow' is duplicated in the declaration 'RicciFlow.RicciFlow.connectionLaplacian_add_lichnerowiczCurvature_smul_eq'

Note: This linter can be disabled with `set_option linter.dupNamespace false`
warning: Poincare/ModelLaplacian.lean:33788:8: The namespace 'RicciFlow' is duplicated in the declaration 'RicciFlow.RicciFlow.lichnerowiczCurvature_neg_eq'

Note: This linter can be disabled with `set_option linter.dupNamespace false`
warning: Poincare/ModelLaplacian.lean:33793:8: The namespace 'RicciFlow' is duplicated in the declaration 'RicciFlow.RicciFlow.connectionLaplacian_zero_eq'

Note: This linter can be disabled with `set_option linter.dupNamespace false`
warning: Poincare/ModelLaplacian.lean:33798:8: The namespace 'RicciFlow' is duplicated in the declaration 'RicciFlow.RicciFlow.ricciActionOnTensor_add_eq'

Note: This linter can be disabled with `set_option linter.dupNamespace false`
warning: Poincare/ModelLaplacian.lean:33803:8: The namespace 'RicciFlow' is duplicated in the declaration 'RicciFlow.RicciFlow.ricciActionOnTensor_smul_eq'

Note: This linter can be disabled with `set_option linter.dupNamespace false`
warning: Poincare/ModelLaplacian.lean:33808:8: The namespace 'RicciFlow' is duplicated in the declaration 'RicciFlow.RicciFlow.ricciActionOnTensor_symm_eq'

Note: This linter can be disabled with `set_option linter.dupNamespace false`
warning: Poincare/ModelLaplacian.lean:33813:8: The namespace 'RicciFlow' is duplicated in the declaration 'RicciFlow.RicciFlow.lichnerowiczLaplacian_symm_eq'

Note: This linter can be disabled with `set_option linter.dupNamespace false`
warning: Poincare/ModelLaplacian.lean:33818:8: The namespace 'RicciFlow' is duplicated in the declaration 'RicciFlow.RicciFlow.lichnerowiczLaplacian_smul_eq'

Note: This linter can be disabled with `set_option linter.dupNamespace false`
warning: Poincare/ModelLaplacian.lean:33823:8: The namespace 'RicciFlow' is duplicated in the declaration 'RicciFlow.RicciFlow.ricciActionOnTensor_zero_eq'

Note: This linter can be disabled with `set_option linter.dupNamespace false`
warning: Poincare/ModelLaplacian.lean:33828:8: The namespace 'RicciFlow' is duplicated in the declaration 'RicciFlow.RicciFlow.lichnerowiczLaplacian_zero_eq'

Note: This linter can be disabled with `set_option linter.dupNamespace false`
warning: Poincare/ModelLaplacian.lean:33833:8: The namespace 'RicciFlow' is duplicated in the declaration 'RicciFlow.RicciFlow.ricciSharp_add_eq'

Note: This linter can be disabled with `set_option linter.dupNamespace false`
warning: Poincare/ModelLaplacian.lean:33838:8: The namespace 'RicciFlow' is duplicated in the declaration 'RicciFlow.RicciFlow.ricciSharp_smul_eq'

Note: This linter can be disabled with `set_option linter.dupNamespace false`
warning: Poincare/ModelLaplacian.lean:33843:8: The namespace 'RicciFlow' is duplicated in the declaration 'RicciFlow.RicciFlow.ricciActionOnTensor_add_left_eq'

Note: This linter can be disabled with `set_option linter.dupNamespace false`
warning: Poincare/ModelLaplacian.lean:33848:8: The namespace 'RicciFlow' is duplicated in the declaration 'RicciFlow.RicciFlow.ricciActionOnTensor_add_right_eq'

Note: This linter can be disabled with `set_option linter.dupNamespace false`
warning: Poincare/ModelLaplacian.lean:33853:8: The namespace 'RicciFlow' is duplicated in the declaration 'RicciFlow.RicciFlow.ricciActionOnTensor_smul_left_eq'

Note: This linter can be disabled with `set_option linter.dupNamespace false`
warning: Poincare/ModelLaplacian.lean:33858:8: The namespace 'RicciFlow' is duplicated in the declaration 'RicciFlow.RicciFlow.coordRicci_contraction_eq'

Note: This linter can be disabled with `set_option linter.dupNamespace false`
warning: Poincare/ModelLaplacian.lean:33863:8: The namespace 'RicciFlow' is duplicated in the declaration 'RicciFlow.RicciFlow.g_ricciSharp_eq'

Note: This linter can be disabled with `set_option linter.dupNamespace false`
warning: Poincare/ModelLaplacian.lean:33868:8: The namespace 'RicciFlow' is duplicated in the declaration 'RicciFlow.RicciFlow.ricciActionOnTensor_smul_right_eq'

Note: This linter can be disabled with `set_option linter.dupNamespace false`
warning: Poincare/ModelLaplacian.lean:33873:8: The namespace 'RicciFlow' is duplicated in the declaration 'RicciFlow.RicciFlow.ricciSharp_eq_coordRicciEndo_eq'

Note: This linter can be disabled with `set_option linter.dupNamespace false`
warning: Poincare/ModelLaplacian.lean:33878:8: The namespace 'RicciFlow' is duplicated in the declaration 'RicciFlow.RicciFlow.ricciActionOnTensor_metric_eq'

Note: This linter can be disabled with `set_option linter.dupNamespace false`
warning: Poincare/ModelLaplacian.lean:33883:8: The namespace 'RicciFlow' is duplicated in the declaration 'RicciFlow.RicciFlow.covTensor2Deriv_metric_eq_zero_eq'

Note: This linter can be disabled with `set_option linter.dupNamespace false`
warning: Poincare/ModelLaplacian.lean:33888:8: The namespace 'RicciFlow' is duplicated in the declaration 'RicciFlow.RicciFlow.covTensor2SndDeriv_metric_eq_zero_eq'

Note: This linter can be disabled with `set_option linter.dupNamespace false`
warning: Poincare/ModelLaplacian.lean:33893:8: The namespace 'RicciFlow' is duplicated in the declaration 'RicciFlow.RicciFlow.connectionLaplacian_metric_eq_zero_eq'

Note: This linter can be disabled with `set_option linter.dupNamespace false`
warning: Poincare/ModelLaplacian.lean:33898:8: The namespace 'RicciFlow' is duplicated in the declaration 'RicciFlow.RicciFlow.lichnerowiczLaplacian_metric_eq'

Note: This linter can be disabled with `set_option linter.dupNamespace false`
warning: Poincare/ModelLaplacian.lean:33903:8: The namespace 'RicciFlow' is duplicated in the declaration 'RicciFlow.RicciFlow.lichnerowiczLaplacian_neg_eq'

Note: This linter can be disabled with `set_option linter.dupNamespace false`
warning: Poincare/ModelLaplacian.lean:33908:8: The namespace 'RicciFlow' is duplicated in the declaration 'RicciFlow.RicciFlow.lichnerowiczCurvature_metric_eq_zero_eq'

Note: This linter can be disabled with `set_option linter.dupNamespace false`
warning: Poincare/ModelLaplacian.lean:33913:8: The namespace 'RicciFlow' is duplicated in the declaration 'RicciFlow.RicciFlow.lichnerowiczLaplacian_metric_eq_two_ricci_eq'

Note: This linter can be disabled with `set_option linter.dupNamespace false`
warning: Poincare/ModelLaplacian.lean:33918:8: The namespace 'RicciFlow' is duplicated in the declaration 'RicciFlow.RicciFlow.ricci_flow_eq_neg_lichnerowiczLaplacian_metric_eq'

Note: This linter can be disabled with `set_option linter.dupNamespace false`
warning: Poincare/ModelLaplacian.lean:33923:8: The namespace 'RicciFlow' is duplicated in the declaration 'RicciFlow.RicciFlow.coordRiemann_antisymm_pair_left_eq'

Note: This linter can be disabled with `set_option linter.dupNamespace false`
warning: Poincare/ModelLaplacian.lean:33928:8: The namespace 'RicciFlow' is duplicated in the declaration 'RicciFlow.RicciFlow.coordRiemann_antisymm_pair_right_eq'

Note: This linter can be disabled with `set_option linter.dupNamespace false`
warning: Poincare/ModelLaplacian.lean:33933:8: The namespace 'RicciFlow' is duplicated in the declaration 'RicciFlow.RicciFlow.coordRicci_eq_riemann_trace_eq'

Note: This linter can be disabled with `set_option linter.dupNamespace false`
warning: Poincare/ModelLaplacian.lean:33938:8: The namespace 'RicciFlow' is duplicated in the declaration 'RicciFlow.RicciFlow.coordRiemann_self_pair_left_eq'

Note: This linter can be disabled with `set_option linter.dupNamespace false`
warning: Poincare/ModelLaplacian.lean:33943:8: The namespace 'RicciFlow' is duplicated in the declaration 'RicciFlow.RicciFlow.coordRiemann_self_pair_right_eq'

Note: This linter can be disabled with `set_option linter.dupNamespace false`
warning: Poincare/ModelLaplacian.lean:33948:8: The namespace 'RicciFlow' is duplicated in the declaration 'RicciFlow.RicciFlow.coordRiemann_add_slot3_eq'

Note: This linter can be disabled with `set_option linter.dupNamespace false`
warning: Poincare/ModelLaplacian.lean:33953:8: The namespace 'RicciFlow' is duplicated in the declaration 'RicciFlow.RicciFlow.coordRiemann_add_slot4_eq'

Note: This linter can be disabled with `set_option linter.dupNamespace false`
warning: Poincare/ModelLaplacian.lean:33958:8: The namespace 'RicciFlow' is duplicated in the declaration 'RicciFlow.RicciFlow.coordCurvatureOp_first_bianchi_eq'

Note: This linter can be disabled with `set_option linter.dupNamespace false`
warning: Poincare/ModelLaplacian.lean:33963:8: The namespace 'RicciFlow' is duplicated in the declaration 'RicciFlow.RicciFlow.coordRiemann_first_bianchi_eq'

Note: This linter can be disabled with `set_option linter.dupNamespace false`
warning: Poincare/ModelLaplacian.lean:33968:8: The namespace 'RicciFlow' is duplicated in the declaration 'RicciFlow.RicciFlow.coordRiemann_block_symm_eq'

Note: This linter can be disabled with `set_option linter.dupNamespace false`
warning: Poincare/ModelLaplacian.lean:33973:8: The namespace 'RicciFlow' is duplicated in the declaration 'RicciFlow.RicciFlow.coordRiemann_double_antisymm_eq'

Note: This linter can be disabled with `set_option linter.dupNamespace false`
warning: Poincare/ModelLaplacian.lean:33978:8: The namespace 'RicciFlow' is duplicated in the declaration 'RicciFlow.RicciFlow.sectionalNum_symm_eq'

Note: This linter can be disabled with `set_option linter.dupNamespace false`
warning: Poincare/ModelLaplacian.lean:33983:8: The namespace 'RicciFlow' is duplicated in the declaration 'RicciFlow.RicciFlow.sectionalNum_self_eq_zero_eq'

Note: This linter can be disabled with `set_option linter.dupNamespace false`
warning: Poincare/ModelLaplacian.lean:33988:8: The namespace 'RicciFlow' is duplicated in the declaration 'RicciFlow.RicciFlow.coordRiemann_add_slot1_eq'

Note: This linter can be disabled with `set_option linter.dupNamespace false`
warning: Poincare/ModelLaplacian.lean:33993:8: The namespace 'RicciFlow' is duplicated in the declaration 'RicciFlow.RicciFlow.coordRiemann_add_slot2_eq'

Note: This linter can be disabled with `set_option linter.dupNamespace false`
warning: Poincare/ModelLaplacian.lean:33998:8: The namespace 'RicciFlow' is duplicated in the declaration 'RicciFlow.RicciFlow.coordRiemann_smul_slot1_eq'

Note: This linter can be disabled with `set_option linter.dupNamespace false`
warning: Poincare/ModelLaplacian.lean:34003:8: The namespace 'RicciFlow' is duplicated in the declaration 'RicciFlow.RicciFlow.coordRiemann_smul_slot2_eq'

Note: This linter can be disabled with `set_option linter.dupNamespace false`
warning: Poincare/ModelLaplacian.lean:34008:8: The namespace 'RicciFlow' is duplicated in the declaration 'RicciFlow.RicciFlow.coordRiemann_smul_slot3_eq'

Note: This linter can be disabled with `set_option linter.dupNamespace false`
warning: Poincare/ModelLaplacian.lean:34013:8: The namespace 'RicciFlow' is duplicated in the declaration 'RicciFlow.RicciFlow.coordRiemann_smul_slot4_eq'

Note: This linter can be disabled with `set_option linter.dupNamespace false`
warning: Poincare/ModelLaplacian.lean:34018:8: The namespace 'RicciFlow' is duplicated in the declaration 'RicciFlow.RicciFlow.coordRiemann_block_antisymm_eq'

Note: This linter can be disabled with `set_option linter.dupNamespace false`
warning: Poincare/ModelLaplacian.lean:34023:8: The namespace 'RicciFlow' is duplicated in the declaration 'RicciFlow.RicciFlow.sectionalNum_smul_left_eq'

Note: This linter can be disabled with `set_option linter.dupNamespace false`
warning: Poincare/ModelLaplacian.lean:34028:8: The namespace 'RicciFlow' is duplicated in the declaration 'RicciFlow.RicciFlow.sectionalNum_smul_right_eq'

Note: This linter can be disabled with `set_option linter.dupNamespace false`
warning: Poincare/ModelLaplacian.lean:34033:8: The namespace 'RicciFlow' is duplicated in the declaration 'RicciFlow.RicciFlow.coordRicci_eq_riemann_trace'_eq'

Note: This linter can be disabled with `set_option linter.dupNamespace false`
warning: Poincare/ModelLaplacian.lean:34038:8: The namespace 'RicciFlow' is duplicated in the declaration 'RicciFlow.RicciFlow.sectionalNum_eq_swap_eq'

Note: This linter can be disabled with `set_option linter.dupNamespace false`
warning: Poincare/ModelLaplacian.lean:34043:8: The namespace 'RicciFlow' is duplicated in the declaration 'RicciFlow.RicciFlow.coordRicciEndo_self_adjoint_eq'

Note: This linter can be disabled with `set_option linter.dupNamespace false`
warning: Poincare/ModelLaplacian.lean:34048:8: The namespace 'RicciFlow' is duplicated in the declaration 'RicciFlow.RicciFlow.coordScalar_sq_le_finrank_mul_ricci_traceSq_eq'

Note: This linter can be disabled with `set_option linter.dupNamespace false`
warning: Poincare/ModelLaplacian.lean:34053:8: The namespace 'RicciFlow' is duplicated in the declaration 'RicciFlow.RicciFlow.coordRiemann_const_eq_zero_eq'

Note: This linter can be disabled with `set_option linter.dupNamespace false`
warning: Poincare/ModelLaplacian.lean:34058:8: The namespace 'RicciFlow' is duplicated in the declaration 'RicciFlow.RicciFlow.coordRicciEndo_comp_self_adjoint_eq'

Note: This linter can be disabled with `set_option linter.dupNamespace false`
warning: Poincare/ModelLaplacian.lean:34063:8: The namespace 'RicciFlow' is duplicated in the declaration 'RicciFlow.RicciFlow.coordScalar_sq_le_finrank_mul_ricciNormSq_eq'

Note: This linter can be disabled with `set_option linter.dupNamespace false`
warning: Poincare/ModelLaplacian.lean:34068:8: The namespace 'RicciFlow' is duplicated in the declaration 'RicciFlow.RicciFlow.riccati_reaction_bound_eq'

Note: This linter can be disabled with `set_option linter.dupNamespace false`
warning: Poincare/ModelLaplacian.lean:34073:8: The namespace 'RicciFlow' is duplicated in the declaration 'RicciFlow.RicciFlow.coordRicciNormSq_nonneg_eq'

Note: This linter can be disabled with `set_option linter.dupNamespace false`
warning: Poincare/ModelLaplacian.lean:34078:8: The namespace 'RicciFlow' is duplicated in the declaration 'RicciFlow.RicciFlow.coordRicciNormSq_eq_zero_of_ricci_flat_eq'

Note: This linter can be disabled with `set_option linter.dupNamespace false`
warning: Poincare/ModelLaplacian.lean:34083:8: The namespace 'RicciFlow' is duplicated in the declaration 'RicciFlow.RicciFlow.sectionalNum_const_eq_zero_eq'

Note: This linter can be disabled with `set_option linter.dupNamespace false`
warning: Poincare/ModelLaplacian.lean:34088:8: The namespace 'RicciFlow' is duplicated in the declaration 'RicciFlow.RicciFlow.ricciNormSq_ge_of_scalar_ge_eq'

Note: This linter can be disabled with `set_option linter.dupNamespace false`
warning: Poincare/ModelLaplacian.lean:34093:8: The namespace 'RicciFlow' is duplicated in the declaration 'RicciFlow.RicciFlow.coordRiemann_neg_slot1_eq'

Note: This linter can be disabled with `set_option linter.dupNamespace false`
warning: Poincare/ModelLaplacian.lean:34098:8: The namespace 'RicciFlow' is duplicated in the declaration 'RicciFlow.RicciFlow.ricciNormSq_ge_scalar_sq_div_eq'

Note: This linter can be disabled with `set_option linter.dupNamespace false`
warning: Poincare/ModelLaplacian.lean:34103:8: The namespace 'RicciFlow' is duplicated in the declaration 'RicciFlow.RicciFlow.tensorMetricTrace_metric_eq'

Note: This linter can be disabled with `set_option linter.dupNamespace false`
warning: Poincare/ModelLaplacian.lean:34108:8: The namespace 'RicciFlow' is duplicated in the declaration 'RicciFlow.RicciFlow.coordScalar_of_einstein_eq'

Note: This linter can be disabled with `set_option linter.dupNamespace false`
warning: Poincare/ModelLaplacian.lean:34113:8: The namespace 'RicciFlow' is duplicated in the declaration 'RicciFlow.RicciFlow.constCurvatureForm_antisymm_left_eq'

Note: This linter can be disabled with `set_option linter.dupNamespace false`
warning: Poincare/ModelLaplacian.lean:34118:8: The namespace 'RicciFlow' is duplicated in the declaration 'RicciFlow.RicciFlow.constCurvatureForm_antisymm_right_eq'

Note: This linter can be disabled with `set_option linter.dupNamespace false`
warning: Poincare/ModelLaplacian.lean:34123:8: The namespace 'RicciFlow' is duplicated in the declaration 'RicciFlow.RicciFlow.constCurvatureForm_block_symm_eq'

Note: This linter can be disabled with `set_option linter.dupNamespace false`
warning: Poincare/ModelLaplacian.lean:34128:8: The namespace 'RicciFlow' is duplicated in the declaration 'RicciFlow.RicciFlow.constCurvatureForm_first_bianchi_eq'

Note: This linter can be disabled with `set_option linter.dupNamespace false`
warning: Poincare/ModelLaplacian.lean:34133:8: The namespace 'RicciFlow' is duplicated in the declaration 'RicciFlow.RicciFlow.constCurvatureForm_self_left_eq'

Note: This linter can be disabled with `set_option linter.dupNamespace false`
warning: Poincare/ModelLaplacian.lean:34138:8: The namespace 'RicciFlow' is duplicated in the declaration 'RicciFlow.RicciFlow.constCurvatureForm_self_right_eq'

Note: This linter can be disabled with `set_option linter.dupNamespace false`
warning: Poincare/ModelLaplacian.lean:34143:8: The namespace 'RicciFlow' is duplicated in the declaration 'RicciFlow.RicciFlow.constCurvatureForm_sectional_eq'

Note: This linter can be disabled with `set_option linter.dupNamespace false`
warning: Poincare/ModelLaplacian.lean:34148:8: The namespace 'RicciFlow' is duplicated in the declaration 'RicciFlow.RicciFlow.metric_basis_contraction_eq'

Note: This linter can be disabled with `set_option linter.dupNamespace false`
warning: Poincare/ModelLaplacian.lean:34153:8: The namespace 'RicciFlow' is duplicated in the declaration 'RicciFlow.RicciFlow.constCurvatureForm_ricci_trace_eq'

Note: This linter can be disabled with `set_option linter.dupNamespace false`
warning: Poincare/ModelLaplacian.lean:34158:8: The namespace 'RicciFlow' is duplicated in the declaration 'RicciFlow.RicciFlow.constCurvatureForm_scalar_trace_eq'

Note: This linter can be disabled with `set_option linter.dupNamespace false`
warning: Poincare/ModelLaplacian.lean:34163:8: The namespace 'RicciFlow' is duplicated in the declaration 'RicciFlow.RicciFlow.coordRicciEndo_of_einstein_eq'

Note: This linter can be disabled with `set_option linter.dupNamespace false`
warning: Poincare/ModelLaplacian.lean:34168:8: The namespace 'RicciFlow' is duplicated in the declaration 'RicciFlow.RicciFlow.coordRicciNormSq_of_einstein_eq'

Note: This linter can be disabled with `set_option linter.dupNamespace false`
warning: Poincare/ModelLaplacian.lean:34173:8: The namespace 'RicciFlow' is duplicated in the declaration 'RicciFlow.RicciFlow.einstein_pinching_equality_eq'

Note: This linter can be disabled with `set_option linter.dupNamespace false`
warning: Poincare/ModelLaplacian.lean:34178:8: The namespace 'RicciFlow' is duplicated in the declaration 'RicciFlow.RicciFlow.constCurvatureForm_add_slot1_eq'

Note: This linter can be disabled with `set_option linter.dupNamespace false`
warning: Poincare/ModelLaplacian.lean:34183:8: The namespace 'RicciFlow' is duplicated in the declaration 'RicciFlow.RicciFlow.constCurvatureForm_smul_slot1_eq'

Note: This linter can be disabled with `set_option linter.dupNamespace false`
warning: Poincare/ModelLaplacian.lean:34188:8: The namespace 'RicciFlow' is duplicated in the declaration 'RicciFlow.RicciFlow.constCurvatureForm_double_antisymm_eq'

Note: This linter can be disabled with `set_option linter.dupNamespace false`
warning: Poincare/ModelLaplacian.lean:34193:8: The namespace 'RicciFlow' is duplicated in the declaration 'RicciFlow.RicciFlow.constCurvatureForm_ricci_symm_eq'

Note: This linter can be disabled with `set_option linter.dupNamespace false`
warning: Poincare/ModelLaplacian.lean:34198:8: The namespace 'RicciFlow' is duplicated in the declaration 'RicciFlow.RicciFlow.constCurvatureForm_add_slot2_eq'

Note: This linter can be disabled with `set_option linter.dupNamespace false`
warning: Poincare/ModelLaplacian.lean:34203:8: The namespace 'RicciFlow' is duplicated in the declaration 'RicciFlow.RicciFlow.constCurvatureForm_add_slot3_eq'

Note: This linter can be disabled with `set_option linter.dupNamespace false`
warning: Poincare/ModelLaplacian.lean:34208:8: The namespace 'RicciFlow' is duplicated in the declaration 'RicciFlow.RicciFlow.constCurvatureForm_add_slot4_eq'

Note: This linter can be disabled with `set_option linter.dupNamespace false`
warning: Poincare/ModelLaplacian.lean:34213:8: The namespace 'RicciFlow' is duplicated in the declaration 'RicciFlow.RicciFlow.constCurvatureForm_smul_slot2_eq'

Note: This linter can be disabled with `set_option linter.dupNamespace false`
warning: Poincare/ModelLaplacian.lean:34218:8: The namespace 'RicciFlow' is duplicated in the declaration 'RicciFlow.RicciFlow.constCurvatureForm_smul_slot3_eq'

Note: This linter can be disabled with `set_option linter.dupNamespace false`
warning: Poincare/ModelLaplacian.lean:34223:8: The namespace 'RicciFlow' is duplicated in the declaration 'RicciFlow.RicciFlow.constCurvatureForm_smul_slot4_eq'

Note: This linter can be disabled with `set_option linter.dupNamespace false`
warning: Poincare/ModelLaplacian.lean:34228:8: The namespace 'RicciFlow' is duplicated in the declaration 'RicciFlow.RicciFlow.einstein_traceless_ricci_eq'

Note: This linter can be disabled with `set_option linter.dupNamespace false`
warning: Poincare/ModelLaplacian.lean:34233:8: The namespace 'RicciFlow' is duplicated in the declaration 'RicciFlow.RicciFlow.einstein_ricci_flow_homothetic_eq'

Note: This linter can be disabled with `set_option linter.dupNamespace false`
warning: Poincare/ModelLaplacian.lean:34238:8: The namespace 'RicciFlow' is duplicated in the declaration 'RicciFlow.RicciFlow.einstein_homothety_pos_eq'

Note: This linter can be disabled with `set_option linter.dupNamespace false`
warning: Poincare/ModelLaplacian.lean:34243:8: The namespace 'RicciFlow' is duplicated in the declaration 'RicciFlow.RicciFlow.einstein_homothety_extinction_eq'

Note: This linter can be disabled with `set_option linter.dupNamespace false`
warning: Poincare/ModelLaplacian.lean:34248:8: The namespace 'RicciFlow' is duplicated in the declaration 'RicciFlow.RicciFlow.round_sphere_extinction_eq_bound_eq'

Note: This linter can be disabled with `set_option linter.dupNamespace false`
warning: Poincare/ModelLaplacian.lean:34253:8: The namespace 'RicciFlow' is duplicated in the declaration 'RicciFlow.RicciFlow.einstein_homothety_decreasing_eq'

Note: This linter can be disabled with `set_option linter.dupNamespace false`
warning: Poincare/ModelLaplacian.lean:34258:8: The namespace 'RicciFlow' is duplicated in the declaration 'RicciFlow.RicciFlow.einstein_scalar_pos_eq'

Note: This linter can be disabled with `set_option linter.dupNamespace false`
warning: Poincare/ModelLaplacian.lean:34263:8: The namespace 'RicciFlow' is duplicated in the declaration 'RicciFlow.RicciFlow.constCurvatureForm_normalized_sectional_eq'

Note: This linter can be disabled with `set_option linter.dupNamespace false`
warning: Poincare/ModelLaplacian.lean:34268:8: The namespace 'RicciFlow' is duplicated in the declaration 'RicciFlow.RicciFlow.einstein_extinction_time_antitone_eq'

Note: This linter can be disabled with `set_option linter.dupNamespace false`
warning: Poincare/ModelLaplacian.lean:34273:8: The namespace 'RicciFlow' is duplicated in the declaration 'RicciFlow.RicciFlow.constCurvatureForm_zero_curvature_eq'

Note: This linter can be disabled with `set_option linter.dupNamespace false`
warning: Poincare/ModelLaplacian.lean:34278:8: The namespace 'RicciFlow' is duplicated in the declaration 'RicciFlow.RicciFlow.constCurvatureForm_add_curvature_eq'

Note: This linter can be disabled with `set_option linter.dupNamespace false`
warning: Poincare/ModelLaplacian.lean:34283:8: The namespace 'RicciFlow' is duplicated in the declaration 'RicciFlow.RicciFlow.constCurvatureForm_smul_curvature_eq'

Note: This linter can be disabled with `set_option linter.dupNamespace false`
warning: Poincare/ModelLaplacian.lean:34288:8: The namespace 'RicciFlow' is duplicated in the declaration 'RicciFlow.RicciFlow.inverse_smul_eq'_eq'

Note: This linter can be disabled with `set_option linter.dupNamespace false`
warning: Poincare/ModelLaplacian.lean:34293:8: The namespace 'RicciFlow' is duplicated in the declaration 'RicciFlow.RicciFlow.christoffelClosedOp_smul_metric_eq'

Note: This linter can be disabled with `set_option linter.dupNamespace false`
warning: Poincare/ModelLaplacian.lean:34298:8: The namespace 'RicciFlow' is duplicated in the declaration 'RicciFlow.RicciFlow.coordCurvatureOp_smul_metric_eq'

Note: This linter can be disabled with `set_option linter.dupNamespace false`
warning: Poincare/ModelLaplacian.lean:34303:8: The namespace 'RicciFlow' is duplicated in the declaration 'RicciFlow.RicciFlow.coordRicci_smul_metric_eq'

Note: This linter can be disabled with `set_option linter.dupNamespace false`
warning: Poincare/ModelLaplacian.lean:34308:8: The namespace 'RicciFlow' is duplicated in the declaration 'RicciFlow.RicciFlow.coordRiemann_smul_metric_eq'

Note: This linter can be disabled with `set_option linter.dupNamespace false`
warning: Poincare/ModelLaplacian.lean:34313:8: The namespace 'RicciFlow' is duplicated in the declaration 'RicciFlow.RicciFlow.sectionalNum_smul_metric_eq'

Note: This linter can be disabled with `set_option linter.dupNamespace false`
warning: Poincare/ModelLaplacian.lean:34318:8: The namespace 'RicciFlow' is duplicated in the declaration 'RicciFlow.RicciFlow.coordScalar_smul_metric_eq'

Note: This linter can be disabled with `set_option linter.dupNamespace false`
warning: Poincare/ModelLaplacian.lean:34323:8: The namespace 'RicciFlow' is duplicated in the declaration 'RicciFlow.RicciFlow.einstein_smul_metric_eq'

Note: This linter can be disabled with `set_option linter.dupNamespace false`
warning: Poincare/ModelLaplacian.lean:34328:8: The namespace 'RicciFlow' is duplicated in the declaration 'RicciFlow.RicciFlow.round_sphere_scalar_increasing_eq'

Note: This linter can be disabled with `set_option linter.dupNamespace false`
warning: Poincare/ModelLaplacian.lean:34333:8: The namespace 'RicciFlow' is duplicated in the declaration 'RicciFlow.RicciFlow.round_sphere_ricci_const_eq'

Note: This linter can be disabled with `set_option linter.dupNamespace false`
warning: Poincare/ModelLaplacian.lean:34338:8: The namespace 'RicciFlow' is duplicated in the declaration 'RicciFlow.RicciFlow.round_sphere_scalar_monotone_eq'

Note: This linter can be disabled with `set_option linter.dupNamespace false`
warning: Poincare/ModelLaplacian.lean:34343:8: The namespace 'RicciFlow' is duplicated in the declaration 'RicciFlow.RicciFlow.round_sphere_scalar_blowup_eq'

Note: This linter can be disabled with `set_option linter.dupNamespace false`
warning: Poincare/ModelLaplacian.lean:34348:8: The namespace 'RicciFlow' is duplicated in the declaration 'RicciFlow.RicciFlow.round_sphere_scalar_pos_along_flow_eq'

Note: This linter can be disabled with `set_option linter.dupNamespace false`
warning: Poincare/ModelLaplacian.lean:34353:8: The namespace 'RicciFlow' is duplicated in the declaration 'RicciFlow.RicciFlow.round_sphere_scalar_hasDerivAt_eq'

Note: This linter can be disabled with `set_option linter.dupNamespace false`
warning: Poincare/ModelLaplacian.lean:34358:8: The namespace 'RicciFlow' is duplicated in the declaration 'RicciFlow.RicciFlow.round_sphere_riccati_eq'

Note: This linter can be disabled with `set_option linter.dupNamespace false`
warning: Poincare/ModelLaplacian.lean:34363:8: The namespace 'RicciFlow' is duplicated in the declaration 'RicciFlow.RicciFlow.round_sphere_ricciNormSq_blowup_eq'

Note: This linter can be disabled with `set_option linter.dupNamespace false`
warning: Poincare/ModelLaplacian.lean:34368:8: The namespace 'RicciFlow' is duplicated in the declaration 'RicciFlow.RicciFlow.round_sphere_pinching_preserved_eq'

Note: This linter can be disabled with `set_option linter.dupNamespace false`
warning: Poincare/ModelLaplacian.lean:34373:8: The namespace 'RicciFlow' is duplicated in the declaration 'RicciFlow.RicciFlow.einstein_normalized_ricci_flow_stationary_eq'

Note: This linter can be disabled with `set_option linter.dupNamespace false`
warning: Poincare/ModelLaplacian.lean:34378:8: The namespace 'RicciFlow' is duplicated in the declaration 'RicciFlow.RicciFlow.normalized_ricci_flow_eq_traceless_eq'

Note: This linter can be disabled with `set_option linter.dupNamespace false`
warning: Poincare/ModelLaplacian.lean:34383:8: The namespace 'RicciFlow' is duplicated in the declaration 'RicciFlow.RicciFlow.traceless_ricci_zero_iff_eq'

Note: This linter can be disabled with `set_option linter.dupNamespace false`
warning: Poincare/ModelLaplacian.lean:34388:8: The namespace 'RicciFlow' is duplicated in the declaration 'RicciFlow.RicciFlow.pinching_gap_nonneg_eq'

Note: This linter can be disabled with `set_option linter.dupNamespace false`
warning: Poincare/ModelLaplacian.lean:34393:8: The namespace 'RicciFlow' is duplicated in the declaration 'RicciFlow.RicciFlow.round_sphere_pinching_gap_zero_eq'

Note: This linter can be disabled with `set_option linter.dupNamespace false`
warning: Poincare/ModelLaplacian.lean:34398:8: The namespace 'RicciFlow' is duplicated in the declaration 'RicciFlow.RicciFlow.round_sphere_extinction_times_scalar_eq'

Note: This linter can be disabled with `set_option linter.dupNamespace false`
warning: Poincare/ModelLaplacian.lean:34403:8: The namespace 'RicciFlow' is duplicated in the declaration 'RicciFlow.RicciFlow.round_sphere_ricci_flow_neg_def_eq'

Note: This linter can be disabled with `set_option linter.dupNamespace false`
warning: Poincare/ModelLaplacian.lean:34408:8: The namespace 'RicciFlow' is duplicated in the declaration 'RicciFlow.RicciFlow.round_sphere_ricci_scalar_ratio_const_eq'

Note: This linter can be disabled with `set_option linter.dupNamespace false`
warning: Poincare/ModelLaplacian.lean:34413:8: The namespace 'RicciFlow' is duplicated in the declaration 'RicciFlow.RicciFlow.tracelessRicciNormSq_eq_gap_div_eq'

Note: This linter can be disabled with `set_option linter.dupNamespace false`
warning: Poincare/ModelLaplacian.lean:34418:8: The namespace 'RicciFlow' is duplicated in the declaration 'RicciFlow.RicciFlow.tracelessRicciNormSq_nonneg_eq'

Note: This linter can be disabled with `set_option linter.dupNamespace false`
warning: Poincare/ModelLaplacian.lean:34423:8: The namespace 'RicciFlow' is duplicated in the declaration 'RicciFlow.RicciFlow.einstein_tracelessRicciNormSq_eq_zero_eq'

Note: This linter can be disabled with `set_option linter.dupNamespace false`
warning: Poincare/ModelLaplacian.lean:34428:8: The namespace 'RicciFlow' is duplicated in the declaration 'RicciFlow.RicciFlow.pinching_gap_eq_n_mul_tracelessNormSq_eq'

Note: This linter can be disabled with `set_option linter.dupNamespace false`
warning: Poincare/ModelLaplacian.lean:34433:8: The namespace 'RicciFlow' is duplicated in the declaration 'RicciFlow.RicciFlow.tracelessRicciNormSq_eq_zero_iff_saturated_eq'

Note: This linter can be disabled with `set_option linter.dupNamespace false`
warning: Poincare/ModelLaplacian.lean:34438:8: The namespace 'RicciFlow' is duplicated in the declaration 'RicciFlow.RicciFlow.round_sphere_tracelessRicciNormSq_zero_eq'

Note: This linter can be disabled with `set_option linter.dupNamespace false`
warning: Poincare/ModelLaplacian.lean:34443:8: The namespace 'RicciFlow' is duplicated in the declaration 'RicciFlow.RicciFlow.einstein_const_eq_scalar_div_eq'

Note: This linter can be disabled with `set_option linter.dupNamespace false`
warning: Poincare/ModelLaplacian.lean:34448:8: The namespace 'RicciFlow' is duplicated in the declaration 'RicciFlow.RicciFlow.tracelessRicci_metricTrace_zero_eq'

Note: This linter can be disabled with `set_option linter.dupNamespace false`
warning: Poincare/ModelLaplacian.lean:34453:8: The namespace 'RicciFlow' is duplicated in the declaration 'RicciFlow.RicciFlow.tensorMetricTrace_sub_eq'

Note: This linter can be disabled with `set_option linter.dupNamespace false`
warning: Poincare/ModelLaplacian.lean:34458:8: The namespace 'RicciFlow' is duplicated in the declaration 'RicciFlow.RicciFlow.normalized_ricci_flow_direction_traceFree_eq'

Note: This linter can be disabled with `set_option linter.dupNamespace false`
warning: Poincare/ModelLaplacian.lean:34463:8: The namespace 'RicciFlow' is duplicated in the declaration 'RicciFlow.RicciFlow.tensorMetricTrace_add_eq'

Note: This linter can be disabled with `set_option linter.dupNamespace false`
warning: Poincare/ModelLaplacian.lean:34468:8: The namespace 'RicciFlow' is duplicated in the declaration 'RicciFlow.RicciFlow.tensorMetricTrace_smul_metric_eq'

Note: This linter can be disabled with `set_option linter.dupNamespace false`
warning: Poincare/ModelLaplacian.lean:34473:8: The namespace 'RicciFlow' is duplicated in the declaration 'RicciFlow.RicciFlow.lichnerowiczLaplacian_metric_trace_eq'

Note: This linter can be disabled with `set_option linter.dupNamespace false`
warning: Poincare/ModelLaplacian.lean:34478:8: The namespace 'RicciFlow' is duplicated in the declaration 'RicciFlow.RicciFlow.neg_lichnerowiczLaplacian_metric_trace_eq'

Note: This linter can be disabled with `set_option linter.dupNamespace false`
warning: Poincare/ModelLaplacian.lean:34483:8: The namespace 'RicciFlow' is duplicated in the declaration 'RicciFlow.RicciFlow.einstein_lichnerowiczLaplacian_metric_trace_eq'

Note: This linter can be disabled with `set_option linter.dupNamespace false`
warning: Poincare/ModelLaplacian.lean:34488:8: The namespace 'RicciFlow' is duplicated in the declaration 'RicciFlow.RicciFlow.einstein_lichnerowiczLaplacian_metric_trace_pos_eq'

Note: This linter can be disabled with `set_option linter.dupNamespace false`
warning: Poincare/ModelLaplacian.lean:34493:8: The namespace 'RicciFlow' is duplicated in the declaration 'RicciFlow.RicciFlow.connectionLaplacian_metric_trace_eq_zero_eq'

Note: This linter can be disabled with `set_option linter.dupNamespace false`
warning: Poincare/ModelLaplacian.lean:34498:8: The namespace 'RicciFlow' is duplicated in the declaration 'RicciFlow.RicciFlow.ricciActionOnTensor_metric_trace_eq'

Note: This linter can be disabled with `set_option linter.dupNamespace false`
warning: Poincare/ModelLaplacian.lean:34503:8: The namespace 'RicciFlow' is duplicated in the declaration 'RicciFlow.RicciFlow.lichnerowiczCurvature_metric_trace_eq_zero_eq'

Note: This linter can be disabled with `set_option linter.dupNamespace false`
warning: Poincare/ModelLaplacian.lean:34508:8: The namespace 'RicciFlow' is duplicated in the declaration 'RicciFlow.RicciFlow.lichnerowiczLaplacian_metric_trace_decompose_eq'

Note: This linter can be disabled with `set_option linter.dupNamespace false`
warning: Poincare/ModelLaplacian.lean:34513:8: The namespace 'RicciFlow' is duplicated in the declaration 'RicciFlow.RicciFlow.half_lichnerowiczLaplacian_metric_trace_eq'

Note: This linter can be disabled with `set_option linter.dupNamespace false`
warning: Poincare/ModelLaplacian.lean:34518:8: The namespace 'RicciFlow' is duplicated in the declaration 'RicciFlow.RicciFlow.einstein_half_lichnerowiczLaplacian_metric_trace_eq'

Note: This linter can be disabled with `set_option linter.dupNamespace false`
warning: Poincare/ModelLaplacian.lean:34523:8: The namespace 'RicciFlow' is duplicated in the declaration 'RicciFlow.RicciFlow.constCurvatureForm_scalar_trace_standard_eq'

Note: This linter can be disabled with `set_option linter.dupNamespace false`
warning: Poincare/ModelLaplacian.lean:34528:8: The namespace 'RicciFlow' is duplicated in the declaration 'RicciFlow.RicciFlow.constCurvatureForm_scalar_trace_pos_eq'

Note: This linter can be disabled with `set_option linter.dupNamespace false`
warning: Poincare/ModelLaplacian.lean:34533:8: The namespace 'RicciFlow' is duplicated in the declaration 'RicciFlow.RicciFlow.constCurvatureForm_ricci_const_pos_eq'

Note: This linter can be disabled with `set_option linter.dupNamespace false`
warning: Poincare/ModelLaplacian.lean:34538:8: The namespace 'RicciFlow' is duplicated in the declaration 'RicciFlow.RicciFlow.constCurvatureForm_extinction_pos_eq'

Note: This linter can be disabled with `set_option linter.dupNamespace false`
warning: Poincare/ModelLaplacian.lean:34543:8: The namespace 'RicciFlow' is duplicated in the declaration 'RicciFlow.RicciFlow.constCurvatureForm_extinction_times_scalar_eq'

Note: This linter can be disabled with `set_option linter.dupNamespace false`
warning: Poincare/ModelLaplacian.lean:34548:8: The namespace 'RicciFlow' is duplicated in the declaration 'RicciFlow.RicciFlow.constCurvatureForm_sectional_orthonormal_eq'

Note: This linter can be disabled with `set_option linter.dupNamespace false`
warning: Poincare/ModelLaplacian.lean:34553:8: The namespace 'RicciFlow' is duplicated in the declaration 'RicciFlow.RicciFlow.constCurvatureForm_sectional_orthonormal_pos_eq'

Note: This linter can be disabled with `set_option linter.dupNamespace false`
warning: Poincare/ModelLaplacian.lean:34558:8: The namespace 'RicciFlow' is duplicated in the declaration 'RicciFlow.RicciFlow.constCurvatureForm_sectional_isotropic_eq'

Note: This linter can be disabled with `set_option linter.dupNamespace false`
warning: Poincare/ModelLaplacian.lean:34563:8: The namespace 'RicciFlow' is duplicated in the declaration 'RicciFlow.RicciFlow.constCurvatureForm_ricci_const_eq_sectional_eq'

Note: This linter can be disabled with `set_option linter.dupNamespace false`
warning: Poincare/ModelLaplacian.lean:34568:8: The namespace 'RicciFlow' is duplicated in the declaration 'RicciFlow.RicciFlow.coordRicciNormSq_of_einstein_pos_eq'

Note: This linter can be disabled with `set_option linter.dupNamespace false`
warning: Poincare/ModelLaplacian.lean:34573:8: The namespace 'RicciFlow' is duplicated in the declaration 'RicciFlow.RicciFlow.ricciDivergence_eq_zero_of_scalar_const_eq'

Note: This linter can be disabled with `set_option linter.dupNamespace false`
warning: Poincare/ModelLaplacian.lean:34578:8: The namespace 'RicciFlow' is duplicated in the declaration 'RicciFlow.RicciFlow.ricciDivergenceForm_eq_zero_of_scalar_const_eq'

Note: This linter can be disabled with `set_option linter.dupNamespace false`
warning: Poincare/ModelLaplacian.lean:34583:8: The namespace 'RicciFlow' is duplicated in the declaration 'RicciFlow.RicciFlow.einstein_tensor_divergence_free_eq'

Note: This linter can be disabled with `set_option linter.dupNamespace false`
warning: Poincare/ModelLaplacian.lean:34588:8: The namespace 'RicciFlow' is duplicated in the declaration 'RicciFlow.RicciFlow.fderiv_coordScalar_eq_zero_of_ricciDivergence_zero_eq'

Note: This linter can be disabled with `set_option linter.dupNamespace false`
warning: Poincare/ModelLaplacian.lean:34593:8: The namespace 'RicciFlow' is duplicated in the declaration 'RicciFlow.RicciFlow.ricciDivergence_zero_iff_scalar_const_eq'

Note: This linter can be disabled with `set_option linter.dupNamespace false`
warning: Poincare/ModelLaplacian.lean:34598:8: The namespace 'RicciFlow' is duplicated in the declaration 'RicciFlow.RicciFlow.einstein_tensor_divergence_free_apply_eq'

Note: This linter can be disabled with `set_option linter.dupNamespace false`
warning: Poincare/ModelLaplacian.lean:34603:8: The namespace 'RicciFlow' is duplicated in the declaration 'RicciFlow.RicciFlow.fderiv_coordScalar_apply_eq_two_ricciDivergence_eq'

Note: This linter can be disabled with `set_option linter.dupNamespace false`
warning: Poincare/ModelLaplacian.lean:34608:8: The namespace 'RicciFlow' is duplicated in the declaration 'RicciFlow.RicciFlow.coordScalar_eq_zero_of_ricci_flat_eq'

Note: This linter can be disabled with `set_option linter.dupNamespace false`
warning: Poincare/ModelLaplacian.lean:34613:8: The namespace 'RicciFlow' is duplicated in the declaration 'RicciFlow.RicciFlow.ricci_flat_flow_static_eq'

Note: This linter can be disabled with `set_option linter.dupNamespace false`
warning: Poincare/ModelLaplacian.lean:34618:8: The namespace 'RicciFlow' is duplicated in the declaration 'RicciFlow.RicciFlow.ricci_flat_pinching_gap_zero_eq'

Note: This linter can be disabled with `set_option linter.dupNamespace false`
warning: Poincare/ModelLaplacian.lean:34623:8: The namespace 'RicciFlow' is duplicated in the declaration 'RicciFlow.RicciFlow.einstein_homothety_pos_of_neg_eq'

Note: This linter can be disabled with `set_option linter.dupNamespace false`
warning: Poincare/ModelLaplacian.lean:34628:8: The namespace 'RicciFlow' is duplicated in the declaration 'RicciFlow.RicciFlow.einstein_homothety_increasing_of_neg_eq'

Note: This linter can be disabled with `set_option linter.dupNamespace false`
warning: Poincare/ModelLaplacian.lean:34633:8: The namespace 'RicciFlow' is duplicated in the declaration 'RicciFlow.RicciFlow.hyperbolic_scalar_neg_eq'

Note: This linter can be disabled with `set_option linter.dupNamespace false`
warning: Poincare/ModelLaplacian.lean:34638:8: The namespace 'RicciFlow' is duplicated in the declaration 'RicciFlow.RicciFlow.hyperbolic_scalar_tendsto_zero_eq'

Note: This linter can be disabled with `set_option linter.dupNamespace false`
warning: Poincare/ModelLaplacian.lean:34643:8: The namespace 'RicciFlow' is duplicated in the declaration 'RicciFlow.RicciFlow.hyperbolic_ricciNormSq_tendsto_zero_eq'

Note: This linter can be disabled with `set_option linter.dupNamespace false`
warning: Poincare/ModelLaplacian.lean:34648:8: The namespace 'RicciFlow' is duplicated in the declaration 'RicciFlow.RicciFlow.einstein_homothety_tendsto_atTop_of_neg_eq'

Note: This linter can be disabled with `set_option linter.dupNamespace false`
warning: Poincare/ModelLaplacian.lean:34653:8: The namespace 'RicciFlow' is duplicated in the declaration 'RicciFlow.RicciFlow.hyperbolic_metric_pos_def_eq'

Note: This linter can be disabled with `set_option linter.dupNamespace false`
warning: Poincare/ModelLaplacian.lean:34658:8: The namespace 'RicciFlow' is duplicated in the declaration 'RicciFlow.RicciFlow.round_sphere_metric_degenerate_past_extinction_eq'

Note: This linter can be disabled with `set_option linter.dupNamespace false`
warning: Poincare/ModelLaplacian.lean:34663:8: The namespace 'RicciFlow' is duplicated in the declaration 'RicciFlow.RicciFlow.round_sphere_ancient_eq'

Note: This linter can be disabled with `set_option linter.dupNamespace false`
warning: Poincare/ModelLaplacian.lean:34668:8: The namespace 'RicciFlow' is duplicated in the declaration 'RicciFlow.RicciFlow.round_sphere_homothety_decreasing_eq'

Note: This linter can be disabled with `set_option linter.dupNamespace false`
warning: Poincare/ModelLaplacian.lean:34673:8: The namespace 'RicciFlow' is duplicated in the declaration 'RicciFlow.RicciFlow.round_sphere_ancient_scalar_bounded_eq'

Note: This linter can be disabled with `set_option linter.dupNamespace false`
warning: Poincare/ModelLaplacian.lean:34678:8: The namespace 'RicciFlow' is duplicated in the declaration 'RicciFlow.RicciFlow.round_sphere_ancient_scalar_pos_eq'

Note: This linter can be disabled with `set_option linter.dupNamespace false`
warning: Poincare/ModelLaplacian.lean:34683:8: The namespace 'RicciFlow' is duplicated in the declaration 'RicciFlow.RicciFlow.round_sphere_kappa_solution_model_eq'

Note: This linter can be disabled with `set_option linter.dupNamespace false`
warning: Poincare/ModelLaplacian.lean:34688:8: The namespace 'RicciFlow' is duplicated in the declaration 'RicciFlow.RicciFlow.round_sphere_scalar_factor_const_eq'

Note: This linter can be disabled with `set_option linter.dupNamespace false`
warning: Poincare/ModelLaplacian.lean:34693:8: The namespace 'RicciFlow' is duplicated in the declaration 'RicciFlow.RicciFlow.round_sphere_ricciNormSq_factor_const_eq'

Note: This linter can be disabled with `set_option linter.dupNamespace false`
warning: Poincare/ModelLaplacian.lean:34698:8: The namespace 'RicciFlow' is duplicated in the declaration 'RicciFlow.RicciFlow.round_sphere_conserved_ratio_eq'

Note: This linter can be disabled with `set_option linter.dupNamespace false`
warning: Poincare/ModelLaplacian.lean:34703:8: The namespace 'RicciFlow' is duplicated in the declaration 'RicciFlow.RicciFlow.round_sphere_scalar_type_one_eq'

Note: This linter can be disabled with `set_option linter.dupNamespace false`
warning: Poincare/ModelLaplacian.lean:34708:8: The namespace 'RicciFlow' is duplicated in the declaration 'RicciFlow.RicciFlow.einstein_ricci_orthonormal_eq'

Note: This linter can be disabled with `set_option linter.dupNamespace false`
warning: Poincare/ModelLaplacian.lean:34713:8: The namespace 'RicciFlow' is duplicated in the declaration 'RicciFlow.RicciFlow.einstein_ricci_orthonormal_pos_eq'

Note: This linter can be disabled with `set_option linter.dupNamespace false`
warning: Poincare/ModelLaplacian.lean:34718:8: The namespace 'RicciFlow' is duplicated in the declaration 'RicciFlow.RicciFlow.einstein_ricci_pos_def_eq'

Note: This linter can be disabled with `set_option linter.dupNamespace false`
warning: Poincare/ModelLaplacian.lean:34723:8: The namespace 'RicciFlow' is duplicated in the declaration 'RicciFlow.RicciFlow.round_sphere_inv_scalar_linear_eq'

Note: This linter can be disabled with `set_option linter.dupNamespace false`
warning: Poincare/ModelLaplacian.lean:34728:8: The namespace 'RicciFlow' is duplicated in the declaration 'RicciFlow.RicciFlow.round_sphere_inv_scalar_hasDerivAt_eq'

Note: This linter can be disabled with `set_option linter.dupNamespace false`
warning: Poincare/ModelLaplacian.lean:34733:8: The namespace 'RicciFlow' is duplicated in the declaration 'RicciFlow.RicciFlow.round_sphere_inv_scalar_zero_at_extinction_eq'

Note: This linter can be disabled with `set_option linter.dupNamespace false`
warning: Poincare/ModelLaplacian.lean:34738:8: The namespace 'RicciFlow' is duplicated in the declaration 'RicciFlow.RicciFlow.einstein_normalized_flow_fixed_eq'

Note: This linter can be disabled with `set_option linter.dupNamespace false`
warning: Poincare/ModelLaplacian.lean:34743:8: The namespace 'RicciFlow' is duplicated in the declaration 'RicciFlow.RicciFlow.normalized_flow_fixed_imp_einstein_eq'

Note: This linter can be disabled with `set_option linter.dupNamespace false`
warning: Poincare/ModelLaplacian.lean:34748:8: The namespace 'RicciFlow' is duplicated in the declaration 'RicciFlow.RicciFlow.normalized_flow_fixed_iff_einstein_eq'

Note: This linter can be disabled with `set_option linter.dupNamespace false`
warning: Poincare/ModelLaplacian.lean:34753:8: The namespace 'RicciFlow' is duplicated in the declaration 'RicciFlow.RicciFlow.normalized_einstein_const_trace_consistent_eq'

Note: This linter can be disabled with `set_option linter.dupNamespace false`
warning: Poincare/ModelLaplacian.lean:34758:8: The namespace 'RicciFlow' is duplicated in the declaration 'RicciFlow.RicciFlow.coordCurvatureOp_self_eq_zero_eq'

Note: This linter can be disabled with `set_option linter.dupNamespace false`
warning: Poincare/ModelLaplacian.lean:34763:8: The namespace 'RicciFlow' is duplicated in the declaration 'RicciFlow.RicciFlow.round_sphere_ricciNormSq_type_one_eq'

Note: This linter can be disabled with `set_option linter.dupNamespace false`
warning: Poincare/ModelLaplacian.lean:34768:8: The namespace 'RicciFlow' is duplicated in the declaration 'RicciFlow.RicciFlow.round_sphere_scalar_ratio_times_eq'

Note: This linter can be disabled with `set_option linter.dupNamespace false`
warning: Poincare/ModelLaplacian.lean:34773:8: The namespace 'RicciFlow' is duplicated in the declaration 'RicciFlow.RicciFlow.round_sphere_factor_zero_iff_eq'

Note: This linter can be disabled with `set_option linter.dupNamespace false`
warning: Poincare/ModelLaplacian.lean:34778:8: The namespace 'RicciFlow' is duplicated in the declaration 'RicciFlow.RicciFlow.round_sphere_3d_extinction_times_scalar_eq'

Note: This linter can be disabled with `set_option linter.dupNamespace false`
warning: Poincare/ModelLaplacian.lean:34783:8: The namespace 'RicciFlow' is duplicated in the declaration 'RicciFlow.RicciFlow.round_sphere_3d_scalar_eq'

Note: This linter can be disabled with `set_option linter.dupNamespace false`
warning: Poincare/ModelLaplacian.lean:34788:8: The namespace 'RicciFlow' is duplicated in the declaration 'RicciFlow.RicciFlow.round_sphere_3d_pinching_eq'

Note: This linter can be disabled with `set_option linter.dupNamespace false`
warning: Poincare/ModelLaplacian.lean:34793:8: The namespace 'RicciFlow' is duplicated in the declaration 'RicciFlow.RicciFlow.round_sphere_3d_ricciNormSq_eq'

Note: This linter can be disabled with `set_option linter.dupNamespace false`
warning: Poincare/ModelLaplacian.lean:34798:8: The namespace 'RicciFlow' is duplicated in the declaration 'RicciFlow.RicciFlow.round_sphere_3d_type_one_constant_eq'

Note: This linter can be disabled with `set_option linter.dupNamespace false`
warning: Poincare/ModelLaplacian.lean:34803:8: The namespace 'RicciFlow' is duplicated in the declaration 'RicciFlow.RicciFlow.constCurvatureForm_3d_ricci_const_eq_two_sectional_eq'

Note: This linter can be disabled with `set_option linter.dupNamespace false`
warning: Poincare/ModelLaplacian.lean:34808:8: The namespace 'RicciFlow' is duplicated in the declaration 'RicciFlow.RicciFlow.constCurvatureForm_3d_scalar_eq_six_sectional_eq'

Note: This linter can be disabled with `set_option linter.dupNamespace false`
warning: Poincare/ModelLaplacian.lean:34813:8: The namespace 'RicciFlow' is duplicated in the declaration 'RicciFlow.RicciFlow.round_sphere_3d_conserved_ratio_eq'

Note: This linter can be disabled with `set_option linter.dupNamespace false`
warning: Poincare/ModelLaplacian.lean:34818:8: The namespace 'RicciFlow' is duplicated in the declaration 'RicciFlow.RicciFlow.round_sphere_3d_traceless_zero_eq'

Note: This linter can be disabled with `set_option linter.dupNamespace false`
warning: Poincare/ModelLaplacian.lean:34823:8: The namespace 'RicciFlow' is duplicated in the declaration 'RicciFlow.RicciFlow.round_sphere_3d_lichnerowicz_trace_eq'

Note: This linter can be disabled with `set_option linter.dupNamespace false`
warning: Poincare/ModelLaplacian.lean:34828:8: The namespace 'RicciFlow' is duplicated in the declaration 'RicciFlow.RicciFlow.round_sphere_3d_normalized_flow_fixed_eq'

Note: This linter can be disabled with `set_option linter.dupNamespace false`
warning: Poincare/ModelLaplacian.lean:34833:8: The namespace 'RicciFlow' is duplicated in the declaration 'RicciFlow.RicciFlow.round_sphere_3d_scalar_pos_eq'

Note: This linter can be disabled with `set_option linter.dupNamespace false`
warning: Poincare/ModelLaplacian.lean:34838:8: The namespace 'RicciFlow' is duplicated in the declaration 'RicciFlow.RicciFlow.round_sphere_3d_ricciNormSq_pos_eq'

Note: This linter can be disabled with `set_option linter.dupNamespace false`
warning: Poincare/ModelLaplacian.lean:34843:8: The namespace 'RicciFlow' is duplicated in the declaration 'RicciFlow.RicciFlow.round_sphere_scalar_doubles_eq'

Note: This linter can be disabled with `set_option linter.dupNamespace false`
warning: Poincare/ModelLaplacian.lean:34848:8: The namespace 'RicciFlow' is duplicated in the declaration 'RicciFlow.RicciFlow.tensorMetricTrace_zero_eq'

Note: This linter can be disabled with `set_option linter.dupNamespace false`
warning: Poincare/ModelLaplacian.lean:34853:8: The namespace 'RicciFlow' is duplicated in the declaration 'RicciFlow.RicciFlow.two_ricciNormSq_ge_two_scalar_sq_div_eq'

Note: This linter can be disabled with `set_option linter.dupNamespace false`
warning: Poincare/ModelLaplacian.lean:34858:8: The namespace 'RicciFlow' is duplicated in the declaration 'RicciFlow.RicciFlow.two_ricciNormSq_ge_two_scalar_sq_div_3d_eq'

Note: This linter can be disabled with `set_option linter.dupNamespace false`
warning: Poincare/ModelLaplacian.lean:34863:8: The namespace 'RicciFlow' is duplicated in the declaration 'RicciFlow.RicciFlow.two_ricciNormSq_nonneg_eq'

Note: This linter can be disabled with `set_option linter.dupNamespace false`
warning: Poincare/ModelLaplacian.lean:34868:8: The namespace 'RicciFlow' is duplicated in the declaration 'RicciFlow.RicciFlow.riccati_comparison_extinction_3d_eq'

Note: This linter can be disabled with `set_option linter.dupNamespace false`
warning: Poincare/ModelLaplacian.lean:34873:8: The namespace 'RicciFlow' is duplicated in the declaration 'RicciFlow.RicciFlow.riccati_comparison_extinction_eq'

Note: This linter can be disabled with `set_option linter.dupNamespace false`
warning: Poincare/ModelLaplacian.lean:34878:8: The namespace 'RicciFlow' is duplicated in the declaration 'RicciFlow.RicciFlow.riccati_extinction_antitone_eq'

Note: This linter can be disabled with `set_option linter.dupNamespace false`
warning: Poincare/ModelLaplacian.lean:34883:8: The namespace 'RicciFlow' is duplicated in the declaration 'RicciFlow.RicciFlow.ricciNormSq_pos_of_scalar_pos_eq'

Note: This linter can be disabled with `set_option linter.dupNamespace false`
warning: Poincare/ModelLaplacian.lean:34888:8: The namespace 'RicciFlow' is duplicated in the declaration 'RicciFlow.RicciFlow.reaction_eq_riccati_iff_traceless_zero_eq'

Note: This linter can be disabled with `set_option linter.dupNamespace false`
warning: Poincare/ModelLaplacian.lean:34893:8: The namespace 'RicciFlow' is duplicated in the declaration 'RicciFlow.RicciFlow.reaction_gt_riccati_of_traceless_pos_eq'

Note: This linter can be disabled with `set_option linter.dupNamespace false`
warning: Poincare/ModelLaplacian.lean:34898:8: The namespace 'RicciFlow' is duplicated in the declaration 'RicciFlow.RicciFlow.pinching_gap_pos_iff_traceless_pos_eq'

Note: This linter can be disabled with `set_option linter.dupNamespace false`
warning: Poincare/ModelLaplacian.lean:34903:8: The namespace 'RicciFlow' is duplicated in the declaration 'RicciFlow.RicciFlow.coordRicciEndo_of_einstein_normalized_eq'

Note: This linter can be disabled with `set_option linter.dupNamespace false`
warning: Poincare/ModelLaplacian.lean:34908:8: The namespace 'RicciFlow' is duplicated in the declaration 'RicciFlow.RicciFlow.coordRicciEndo_einstein_apply_eq'

Note: This linter can be disabled with `set_option linter.dupNamespace false`
warning: Poincare/ModelLaplacian.lean:34913:8: The namespace 'RicciFlow' is duplicated in the declaration 'RicciFlow.RicciFlow.coordRicciEndo_einstein_eigenvalue_pos_eq'

Note: This linter can be disabled with `set_option linter.dupNamespace false`
warning: Poincare/ModelLaplacian.lean:34918:8: The namespace 'RicciFlow' is duplicated in the declaration 'RicciFlow.RicciFlow.coordRicciEndo_einstein_sq_apply_eq'

Note: This linter can be disabled with `set_option linter.dupNamespace false`
warning: Poincare/ModelLaplacian.lean:34923:8: The namespace 'RicciFlow' is duplicated in the declaration 'RicciFlow.RicciFlow.coordRicciEndo_einstein_eigenvalue_neg_eq'

Note: This linter can be disabled with `set_option linter.dupNamespace false`
warning: Poincare/ModelLaplacian.lean:34928:8: The namespace 'RicciFlow' is duplicated in the declaration 'RicciFlow.RicciFlow.coordRicciEndo_ricci_flat_eigenvalue_zero_eq'

Note: This linter can be disabled with `set_option linter.dupNamespace false`
warning: Poincare/ModelLaplacian.lean:34933:8: The namespace 'RicciFlow' is duplicated in the declaration 'RicciFlow.RicciFlow.coordRicciNormSq_einstein_eq_scalar_sq_div_eq'

Note: This linter can be disabled with `set_option linter.dupNamespace false`
warning: Poincare/ModelLaplacian.lean:34938:8: The namespace 'RicciFlow' is duplicated in the declaration 'RicciFlow.RicciFlow.round_sphere_3d_ricci_eq_scalar_sq_div_eq'

Note: This linter can be disabled with `set_option linter.dupNamespace false`
warning: Poincare/ModelLaplacian.lean:34943:8: The namespace 'RicciFlow' is duplicated in the declaration 'RicciFlow.RicciFlow.coordRicciNormSq_einstein_pos_iff_scalar_ne_eq'

Note: This linter can be disabled with `set_option linter.dupNamespace false`
warning: Poincare/ModelLaplacian.lean:34948:8: The namespace 'RicciFlow' is duplicated in the declaration 'RicciFlow.RicciFlow.einstein_scalar_ne_iff_const_ne_eq'

Note: This linter can be disabled with `set_option linter.dupNamespace false`
warning: Poincare/ModelLaplacian.lean:34953:8: The namespace 'RicciFlow' is duplicated in the declaration 'RicciFlow.RicciFlow.round_sphere_reaction_eq_riccati_eq'

Note: This linter can be disabled with `set_option linter.dupNamespace false`
warning: Poincare/ModelLaplacian.lean:34958:8: The namespace 'RicciFlow' is duplicated in the declaration 'RicciFlow.RicciFlow.round_sphere_3d_reaction_eq_riccati_eq'

Note: This linter can be disabled with `set_option linter.dupNamespace false`
warning: Poincare/ModelLaplacian.lean:34963:8: The namespace 'RicciFlow' is duplicated in the declaration 'RicciFlow.RicciFlow.round_sphere_exists_on_interval_eq'

Note: This linter can be disabled with `set_option linter.dupNamespace false`
warning: Poincare/ModelLaplacian.lean:34968:8: The namespace 'RicciFlow' is duplicated in the declaration 'RicciFlow.RicciFlow.round_sphere_scalar_pos_on_interval_eq'

Note: This linter can be disabled with `set_option linter.dupNamespace false`
warning: Poincare/ModelLaplacian.lean:34973:8: The namespace 'RicciFlow' is duplicated in the declaration 'RicciFlow.RicciFlow.round_sphere_ricciNormSq_pos_on_interval_eq'

Note: This linter can be disabled with `set_option linter.dupNamespace false`
warning: Poincare/ModelLaplacian.lean:34978:8: The namespace 'RicciFlow' is duplicated in the declaration 'RicciFlow.RicciFlow.round_sphere_inv_scalar_pos_on_interval_eq'

Note: This linter can be disabled with `set_option linter.dupNamespace false`
warning: Poincare/ModelLaplacian.lean:34983:8: The namespace 'RicciFlow' is duplicated in the declaration 'RicciFlow.RicciFlow.covCurvDeriv_second_bianchi_solved_eq'

Note: This linter can be disabled with `set_option linter.dupNamespace false`
warning: Poincare/ModelLaplacian.lean:34988:8: The namespace 'RicciFlow' is duplicated in the declaration 'RicciFlow.RicciFlow.curvDivergence_eq_ricci_deriv_diff_eq'

Note: This linter can be disabled with `set_option linter.dupNamespace false`
warning: Poincare/ModelLaplacian.lean:34993:8: The namespace 'RicciFlow' is duplicated in the declaration 'RicciFlow.RicciFlow.curvDivergence_eq_zero_of_ricci_parallel_eq'

Note: This linter can be disabled with `set_option linter.dupNamespace false`
warning: Poincare/ModelLaplacian.lean:34998:8: The namespace 'RicciFlow' is duplicated in the declaration 'RicciFlow.RicciFlow.curvDivergence_antisymm_first_two_eq'

Note: This linter can be disabled with `set_option linter.dupNamespace false`
warning: Poincare/ModelLaplacian.lean:35003:8: The namespace 'RicciFlow' is duplicated in the declaration 'RicciFlow.RicciFlow.ricciDivergence_eq_zero_of_ricci_parallel_eq'

Note: This linter can be disabled with `set_option linter.dupNamespace false`
warning: Poincare/ModelLaplacian.lean:35008:8: The namespace 'RicciFlow' is duplicated in the declaration 'RicciFlow.RicciFlow.fderiv_coordScalar_eq_zero_of_ricci_parallel_eq'

Note: This linter can be disabled with `set_option linter.dupNamespace false`
warning: Poincare/ModelLaplacian.lean:35013:8: The namespace 'RicciFlow' is duplicated in the declaration 'RicciFlow.RicciFlow.ricciDivergenceForm_eq_zero_of_ricci_parallel_eq'

Note: This linter can be disabled with `set_option linter.dupNamespace false`
warning: Poincare/ModelLaplacian.lean:35018:8: The namespace 'RicciFlow' is duplicated in the declaration 'RicciFlow.RicciFlow.curvDivergence_self_eq_zero_eq'

Note: This linter can be disabled with `set_option linter.dupNamespace false`
warning: Poincare/ModelLaplacian.lean:35023:8: The namespace 'RicciFlow' is duplicated in the declaration 'RicciFlow.RicciFlow.round_sphere_scalar_triples_eq'

Note: This linter can be disabled with `set_option linter.dupNamespace false`
warning: Poincare/ModelLaplacian.lean:35028:8: The namespace 'RicciFlow' is duplicated in the declaration 'RicciFlow.RicciFlow.round_sphere_scalar_kfold_eq'

Note: This linter can be disabled with `set_option linter.dupNamespace false`
warning: Poincare/ModelLaplacian.lean:35033:8: The namespace 'RicciFlow' is duplicated in the declaration 'RicciFlow.RicciFlow.round_sphere_kfold_time_lt_extinction_eq'

Note: This linter can be disabled with `set_option linter.dupNamespace false`
warning: Poincare/ModelLaplacian.lean:35038:8: The namespace 'RicciFlow' is duplicated in the declaration 'RicciFlow.RicciFlow.round_sphere_kfold_time_mono_eq'

Note: This linter can be disabled with `set_option linter.dupNamespace false`
warning: Poincare/ModelLaplacian.lean:35043:8: The namespace 'RicciFlow' is duplicated in the declaration 'RicciFlow.RicciFlow.round_sphere_kfold_time_tendsto_extinction_eq'

Note: This linter can be disabled with `set_option linter.dupNamespace false`
warning: Poincare/ModelLaplacian.lean:35048:8: The namespace 'RicciFlow' is duplicated in the declaration 'RicciFlow.RicciFlow.round_sphere_ricciNormSq_kfold_eq'

Note: This linter can be disabled with `set_option linter.dupNamespace false`
warning: Poincare/ModelLaplacian.lean:35053:8: The namespace 'RicciFlow' is duplicated in the declaration 'RicciFlow.RicciFlow.round_sphere_ricciNormSq_hasDerivAt_eq'

Note: This linter can be disabled with `set_option linter.dupNamespace false`
warning: Poincare/ModelLaplacian.lean:35058:8: The namespace 'RicciFlow' is duplicated in the declaration 'RicciFlow.RicciFlow.round_sphere_ricciNormSq_rate_pos_eq'

Note: This linter can be disabled with `set_option linter.dupNamespace false`
warning: Poincare/ModelLaplacian.lean:35063:8: The namespace 'RicciFlow' is duplicated in the declaration 'RicciFlow.RicciFlow.round_sphere_scalar_rate_pos_eq'

Note: This linter can be disabled with `set_option linter.dupNamespace false`
warning: Poincare/ModelLaplacian.lean:35068:8: The namespace 'RicciFlow' is duplicated in the declaration 'RicciFlow.RicciFlow.round_sphere_scalar_at_zero_eq'

Note: This linter can be disabled with `set_option linter.dupNamespace false`
warning: Poincare/ModelLaplacian.lean:35073:8: The namespace 'RicciFlow' is duplicated in the declaration 'RicciFlow.RicciFlow.round_sphere_ricciNormSq_at_zero_eq'

Note: This linter can be disabled with `set_option linter.dupNamespace false`
warning: Poincare/ModelLaplacian.lean:35078:8: The namespace 'RicciFlow' is duplicated in the declaration 'RicciFlow.RicciFlow.round_sphere_ricciNormSq_rate_at_zero_eq'

Note: This linter can be disabled with `set_option linter.dupNamespace false`
warning: Poincare/ModelLaplacian.lean:35083:8: The namespace 'RicciFlow' is duplicated in the declaration 'RicciFlow.RicciFlow.round_sphere_scalar_second_deriv_eq'

Note: This linter can be disabled with `set_option linter.dupNamespace false`
warning: Poincare/ModelLaplacian.lean:35088:8: The namespace 'RicciFlow' is duplicated in the declaration 'RicciFlow.RicciFlow.round_sphere_scalar_accel_pos_eq'

Note: This linter can be disabled with `set_option linter.dupNamespace false`
warning: Poincare/ModelLaplacian.lean:35093:8: The namespace 'RicciFlow' is duplicated in the declaration 'RicciFlow.RicciFlow.round_sphere_ricciNormSq_second_deriv_eq'

Note: This linter can be disabled with `set_option linter.dupNamespace false`
warning: Poincare/ModelLaplacian.lean:35098:8: The namespace 'RicciFlow' is duplicated in the declaration 'RicciFlow.RicciFlow.round_sphere_ricciNormSq_accel_pos_eq'

Note: This linter can be disabled with `set_option linter.dupNamespace false`
warning: Poincare/ModelLaplacian.lean:35103:8: The namespace 'RicciFlow' is duplicated in the declaration 'RicciFlow.RicciFlow.round_sphere_inv_scalar_second_deriv_eq'

Note: This linter can be disabled with `set_option linter.dupNamespace false`
warning: Poincare/ModelLaplacian.lean:35108:8: The namespace 'RicciFlow' is duplicated in the declaration 'RicciFlow.RicciFlow.round_sphere_pinching_ratio_const_eq'

Note: This linter can be disabled with `set_option linter.dupNamespace false`
warning: Poincare/ModelLaplacian.lean:35113:8: The namespace 'RicciFlow' is duplicated in the declaration 'RicciFlow.RicciFlow.round_sphere_pinching_ratio_eq_inv_dim_eq'

Note: This linter can be disabled with `set_option linter.dupNamespace false`
warning: Poincare/ModelLaplacian.lean:35118:8: The namespace 'RicciFlow' is duplicated in the declaration 'RicciFlow.RicciFlow.covTensor2Deriv_add_field_eq'

Note: This linter can be disabled with `set_option linter.dupNamespace false`
warning: Poincare/ModelLaplacian.lean:35123:8: The namespace 'RicciFlow' is duplicated in the declaration 'RicciFlow.RicciFlow.covTensor2SndDeriv_add_field_eq'

Note: This linter can be disabled with `set_option linter.dupNamespace false`
warning: Poincare/ModelLaplacian.lean:35128:8: The namespace 'RicciFlow' is duplicated in the declaration 'RicciFlow.RicciFlow.connectionLaplacian_add_field_eq'

Note: This linter can be disabled with `set_option linter.dupNamespace false`
warning: Poincare/ModelLaplacian.lean:35133:8: The namespace 'RicciFlow' is duplicated in the declaration 'RicciFlow.RicciFlow.lichnerowiczLaplacian_add_eq'

Note: This linter can be disabled with `set_option linter.dupNamespace false`
warning: Poincare/ModelLaplacian.lean:35138:8: The namespace 'RicciFlow' is duplicated in the declaration 'RicciFlow.RicciFlow.lichnerowiczLaplacian_two_metric_eq'

Note: This linter can be disabled with `set_option linter.dupNamespace false`
warning: Poincare/ModelLaplacian.lean:35143:8: The namespace 'RicciFlow' is duplicated in the declaration 'RicciFlow.RicciFlow.lichnerowiczLaplacian_two_metric_eq_four_ricci_eq'

Note: This linter can be disabled with `set_option linter.dupNamespace false`
warning: Poincare/ModelLaplacian.lean:35148:8: The namespace 'RicciFlow' is duplicated in the declaration 'RicciFlow.RicciFlow.covTensor2Deriv_sub_field_eq'

Note: This linter can be disabled with `set_option linter.dupNamespace false`
warning: Poincare/ModelLaplacian.lean:35153:8: The namespace 'RicciFlow' is duplicated in the declaration 'RicciFlow.RicciFlow.covTensor2SndDeriv_sub_field_eq'

Note: This linter can be disabled with `set_option linter.dupNamespace false`
warning: Poincare/ModelLaplacian.lean:35158:8: The namespace 'RicciFlow' is duplicated in the declaration 'RicciFlow.RicciFlow.connectionLaplacian_sub_field_eq'

Note: This linter can be disabled with `set_option linter.dupNamespace false`
warning: Poincare/ModelLaplacian.lean:35163:8: The namespace 'RicciFlow' is duplicated in the declaration 'RicciFlow.RicciFlow.lichnerowiczCurvature_sub_eq'

Note: This linter can be disabled with `set_option linter.dupNamespace false`
warning: Poincare/ModelLaplacian.lean:35168:8: The namespace 'RicciFlow' is duplicated in the declaration 'RicciFlow.RicciFlow.ricciActionOnTensor_sub_eq'

Note: This linter can be disabled with `set_option linter.dupNamespace false`
warning: Poincare/ModelLaplacian.lean:35173:8: The namespace 'RicciFlow' is duplicated in the declaration 'RicciFlow.RicciFlow.lichnerowiczLaplacian_sub_eq'

Note: This linter can be disabled with `set_option linter.dupNamespace false`
warning: Poincare/ModelLaplacian.lean:35178:8: The namespace 'RicciFlow' is duplicated in the declaration 'RicciFlow.RicciFlow.lichnerowiczLaplacian_metric_sub_self_eq'

Note: This linter can be disabled with `set_option linter.dupNamespace false`
warning: Poincare/ModelLaplacian.lean:35183:8: The namespace 'RicciFlow' is duplicated in the declaration 'RicciFlow.RicciFlow.lichnerowiczLaplacian_neg_metric_eq'

Note: This linter can be disabled with `set_option linter.dupNamespace false`
warning: Poincare/ModelLaplacian.lean:35188:8: The namespace 'RicciFlow' is duplicated in the declaration 'RicciFlow.RicciFlow.lichnerowiczLaplacian_neg_two_ricci_eq'

Note: This linter can be disabled with `set_option linter.dupNamespace false`
warning: Poincare/ModelLaplacian.lean:35193:8: The namespace 'RicciFlow' is duplicated in the declaration 'RicciFlow.RicciFlow.connectionLaplacian_two_metric_eq_zero_eq'

Note: This linter can be disabled with `set_option linter.dupNamespace false`
warning: Poincare/ModelLaplacian.lean:35198:8: The namespace 'RicciFlow' is duplicated in the declaration 'RicciFlow.RicciFlow.ricciActionOnTensor_two_metric_eq'

Note: This linter can be disabled with `set_option linter.dupNamespace false`
warning: Poincare/ModelLaplacian.lean:35203:8: The namespace 'RicciFlow' is duplicated in the declaration 'RicciFlow.RicciFlow.lichnerowiczCurvature_two_metric_eq_zero_eq'

Note: This linter can be disabled with `set_option linter.dupNamespace false`
warning: Poincare/ModelLaplacian.lean:35208:8: The namespace 'RicciFlow' is duplicated in the declaration 'RicciFlow.RicciFlow.tensorMetricTrace_two_metric_eq'

Note: This linter can be disabled with `set_option linter.dupNamespace false`
warning: Poincare/ModelLaplacian.lean:35213:8: The namespace 'RicciFlow' is duplicated in the declaration 'RicciFlow.RicciFlow.tensorMetricTrace_metric_sub_self_eq'

Note: This linter can be disabled with `set_option linter.dupNamespace false`
warning: Poincare/ModelLaplacian.lean:35218:8: The namespace 'RicciFlow' is duplicated in the declaration 'RicciFlow.RicciFlow.tensorMetricTrace_two_metric_eq_smul_eq'

Note: This linter can be disabled with `set_option linter.dupNamespace false`
warning: Poincare/ModelLaplacian.lean:35223:8: The namespace 'RicciFlow' is duplicated in the declaration 'RicciFlow.RicciFlow.tensorDivOneForm_add_field_eq'

Note: This linter can be disabled with `set_option linter.dupNamespace false`
warning: Poincare/ModelLaplacian.lean:35228:8: The namespace 'RicciFlow' is duplicated in the declaration 'RicciFlow.RicciFlow.tensorDivOneForm_sub_field_eq'

Note: This linter can be disabled with `set_option linter.dupNamespace false`
warning: Poincare/ModelLaplacian.lean:35233:8: The namespace 'RicciFlow' is duplicated in the declaration 'RicciFlow.RicciFlow.tensorDivOneForm_two_metric_eq'

Note: This linter can be disabled with `set_option linter.dupNamespace false`
warning: Poincare/ModelLaplacian.lean:35238:8: The namespace 'RicciFlow' is duplicated in the declaration 'RicciFlow.RicciFlow.tensorDivOneForm_neg_two_ricci_eq'

Note: This linter can be disabled with `set_option linter.dupNamespace false`
warning: Poincare/ModelLaplacian.lean:35243:8: The namespace 'RicciFlow' is duplicated in the declaration 'RicciFlow.RicciFlow.tensorDivOneForm_zero_eq'

Note: This linter can be disabled with `set_option linter.dupNamespace false`
warning: Poincare/ModelLaplacian.lean:35248:8: The namespace 'RicciFlow' is duplicated in the declaration 'RicciFlow.RicciFlow.covTensor2Deriv_zero_eq'

Note: This linter can be disabled with `set_option linter.dupNamespace false`
warning: Poincare/ModelLaplacian.lean:35253:8: The namespace 'RicciFlow' is duplicated in the declaration 'RicciFlow.RicciFlow.covTensor2SndDeriv_zero_eq'

Note: This linter can be disabled with `set_option linter.dupNamespace false`
warning: Poincare/ModelLaplacian.lean:35258:8: The namespace 'RicciFlow' is duplicated in the declaration 'RicciFlow.RicciFlow.round_sphere_ricci_over_scalar_eq'

Note: This linter can be disabled with `set_option linter.dupNamespace false`
warning: Poincare/ModelLaplacian.lean:35263:8: The namespace 'RicciFlow' is duplicated in the declaration 'RicciFlow.RicciFlow.round_sphere_inv_ricciNormSq_sq_eq'

Note: This linter can be disabled with `set_option linter.dupNamespace false`
warning: Poincare/ModelLaplacian.lean:35268:8: The namespace 'RicciFlow' is duplicated in the declaration 'RicciFlow.RicciFlow.round_sphere_inv_ricciNormSq_zero_at_extinction_eq'

Note: This linter can be disabled with `set_option linter.dupNamespace false`
warning: Poincare/ModelLaplacian.lean:35273:8: The namespace 'RicciFlow' is duplicated in the declaration 'RicciFlow.RicciFlow.kulkarniNomizu_comm_eq'

Note: This linter can be disabled with `set_option linter.dupNamespace false`
warning: Poincare/ModelLaplacian.lean:35278:8: The namespace 'RicciFlow' is duplicated in the declaration 'RicciFlow.RicciFlow.kulkarniNomizu_antisymm_left_eq'

Note: This linter can be disabled with `set_option linter.dupNamespace false`
warning: Poincare/ModelLaplacian.lean:35283:8: The namespace 'RicciFlow' is duplicated in the declaration 'RicciFlow.RicciFlow.kulkarniNomizu_antisymm_right_eq'

Note: This linter can be disabled with `set_option linter.dupNamespace false`
warning: Poincare/ModelLaplacian.lean:35288:8: The namespace 'RicciFlow' is duplicated in the declaration 'RicciFlow.RicciFlow.kulkarniNomizu_block_symm_eq'

Note: This linter can be disabled with `set_option linter.dupNamespace false`
warning: Poincare/ModelLaplacian.lean:35293:8: The namespace 'RicciFlow' is duplicated in the declaration 'RicciFlow.RicciFlow.constCurvatureForm_eq_half_kulkarniNomizu_eq'

Note: This linter can be disabled with `set_option linter.dupNamespace false`
warning: Poincare/ModelLaplacian.lean:35298:8: The namespace 'RicciFlow' is duplicated in the declaration 'RicciFlow.RicciFlow.kulkarniNomizu_first_bianchi_eq'

Note: This linter can be disabled with `set_option linter.dupNamespace false`
warning: Poincare/ModelLaplacian.lean:35303:8: The namespace 'RicciFlow' is duplicated in the declaration 'RicciFlow.RicciFlow.kulkarniNomizu_add_left_eq'

Note: This linter can be disabled with `set_option linter.dupNamespace false`
warning: Poincare/ModelLaplacian.lean:35308:8: The namespace 'RicciFlow' is duplicated in the declaration 'RicciFlow.RicciFlow.kulkarniNomizu_add_right_eq'

Note: This linter can be disabled with `set_option linter.dupNamespace false`
warning: Poincare/ModelLaplacian.lean:35313:8: The namespace 'RicciFlow' is duplicated in the declaration 'RicciFlow.RicciFlow.kulkarniNomizu_smul_left_eq'

Note: This linter can be disabled with `set_option linter.dupNamespace false`
warning: Poincare/ModelLaplacian.lean:35318:8: The namespace 'RicciFlow' is duplicated in the declaration 'RicciFlow.RicciFlow.kulkarniNomizu_smul_right_eq'

Note: This linter can be disabled with `set_option linter.dupNamespace false`
warning: Poincare/ModelLaplacian.lean:35323:8: The namespace 'RicciFlow' is duplicated in the declaration 'RicciFlow.RicciFlow.kulkarniNomizu_metric_ricci_trace_eq'

Note: This linter can be disabled with `set_option linter.dupNamespace false`
warning: Poincare/ModelLaplacian.lean:35328:8: The namespace 'RicciFlow' is duplicated in the declaration 'RicciFlow.RicciFlow.kulkarniNomizu_metric_self_trace_eq'

Note: This linter can be disabled with `set_option linter.dupNamespace false`
warning: Poincare/ModelLaplacian.lean:35333:8: The namespace 'RicciFlow' is duplicated in the declaration 'RicciFlow.RicciFlow.dim3_kulkarniNomizu_ricci_trace_eq'

Note: This linter can be disabled with `set_option linter.dupNamespace false`
warning: Poincare/ModelLaplacian.lean:35338:8: The namespace 'RicciFlow' is duplicated in the declaration 'RicciFlow.RicciFlow.coordRicci_eq_riemann_inner_trace_eq'

Note: This linter can be disabled with `set_option linter.dupNamespace false`
warning: Poincare/ModelLaplacian.lean:35343:8: The namespace 'RicciFlow' is duplicated in the declaration 'RicciFlow.RicciFlow.coordRiemann_first_pair_metric_trace_zero_eq'

Note: This linter can be disabled with `set_option linter.dupNamespace false`
warning: Poincare/ModelLaplacian.lean:35348:8: The namespace 'RicciFlow' is duplicated in the declaration 'RicciFlow.RicciFlow.coordRiemann_last_pair_metric_trace_zero_eq'

Note: This linter can be disabled with `set_option linter.dupNamespace false`
warning: Poincare/ModelLaplacian.lean:35353:8: The namespace 'RicciFlow' is duplicated in the declaration 'RicciFlow.RicciFlow.kulkarniNomizu_tracelessRicci_metric_trace_eq'

Note: This linter can be disabled with `set_option linter.dupNamespace false`
warning: Poincare/ModelLaplacian.lean:35358:8: The namespace 'RicciFlow' is duplicated in the declaration 'RicciFlow.RicciFlow.dim3_weyl_candidate_metric_trace_zero_eq'

Note: This linter can be disabled with `set_option linter.dupNamespace false`
warning: Poincare/ModelLaplacian.lean:35363:8: The namespace 'RicciFlow' is duplicated in the declaration 'RicciFlow.RicciFlow.schoutenForm_metricTrace_eq'

Note: This linter can be disabled with `set_option linter.dupNamespace false`
warning: Poincare/ModelLaplacian.lean:35368:8: The namespace 'RicciFlow' is duplicated in the declaration 'RicciFlow.RicciFlow.dim3_schouten_weyl_metric_trace_zero_eq'

Note: This linter can be disabled with `set_option linter.dupNamespace false`
warning: Poincare/ModelLaplacian.lean:35373:8: The namespace 'RicciFlow' is duplicated in the declaration 'RicciFlow.RicciFlow.hamilton_pinched_scalar_lower_bound_eq'

Note: This linter can be disabled with `set_option linter.dupNamespace false`
warning: Poincare/ModelLaplacian.lean:35378:8: The namespace 'RicciFlow' is duplicated in the declaration 'RicciFlow.RicciFlow.riccati_barrier_blowup_eq'

Note: This linter can be disabled with `set_option linter.dupNamespace false`
warning: Poincare/ModelLaplacian.lean:35383:8: The namespace 'RicciFlow' is duplicated in the declaration 'RicciFlow.RicciFlow.hessianOperator_selfAdjoint_eq'

Note: This linter can be disabled with `set_option linter.dupNamespace false`
warning: Poincare/ModelLaplacian.lean:35388:8: The namespace 'RicciFlow' is duplicated in the declaration 'RicciFlow.RicciFlow.fderiv_metricGradient_eq_hessianOperator_eq'

Note: This linter can be disabled with `set_option linter.dupNamespace false`
warning: Poincare/ModelLaplacian.lean:35393:8: The namespace 'RicciFlow' is duplicated in the declaration 'RicciFlow.RicciFlow.fderiv_hessianOperator_apply_eq'

Note: This linter can be disabled with `set_option linter.dupNamespace false`
warning: Poincare/ModelLaplacian.lean:35398:8: The namespace 'RicciFlow' is duplicated in the declaration 'RicciFlow.RicciFlow.differentiable_metricGradient_eq'

Note: This linter can be disabled with `set_option linter.dupNamespace false`
warning: Poincare/ModelLaplacian.lean:35403:8: The namespace 'RicciFlow' is duplicated in the declaration 'RicciFlow.RicciFlow.fderiv_fderiv_gradient_sq_eq'

Note: This linter can be disabled with `set_option linter.dupNamespace false`
warning: Poincare/ModelLaplacian.lean:35408:8: The namespace 'RicciFlow' is duplicated in the declaration 'RicciFlow.RicciFlow.contDiff_two_gradient_sq_eq'

Note: This linter can be disabled with `set_option linter.dupNamespace false`
warning: Poincare/ModelLaplacian.lean:35413:8: The namespace 'RicciFlow' is duplicated in the declaration 'RicciFlow.RicciFlow.fderiv_fderiv_gradient_sq_apply_eq'

Note: This linter can be disabled with `set_option linter.dupNamespace false`
warning: Poincare/ModelLaplacian.lean:35418:8: The namespace 'RicciFlow' is duplicated in the declaration 'RicciFlow.RicciFlow.fderiv_third_outer_symm_eq'

Note: This linter can be disabled with `set_option linter.dupNamespace false`
warning: Poincare/ModelLaplacian.lean:35423:8: The namespace 'RicciFlow' is duplicated in the declaration 'RicciFlow.RicciFlow.fderiv_third_inner_symm_eq'

Note: This linter can be disabled with `set_option linter.dupNamespace false`
warning: Poincare/ModelLaplacian.lean:35428:8: The namespace 'RicciFlow' is duplicated in the declaration 'RicciFlow.RicciFlow.b_gradient_gradLaplacian_eq'

Note: This linter can be disabled with `set_option linter.dupNamespace false`
warning: Poincare/ModelLaplacian.lean:35433:8: The namespace 'RicciFlow' is duplicated in the declaration 'RicciFlow.RicciFlow.modelLaplacian_eq_orthoBasis_sum_eq'

Note: This linter can be disabled with `set_option linter.dupNamespace false`
warning: Poincare/ModelLaplacian.lean:35438:8: The namespace 'RicciFlow' is duplicated in the declaration 'RicciFlow.RicciFlow.fderiv_fderiv_fderiv_apply_eq'

Note: This linter can be disabled with `set_option linter.dupNamespace false`
warning: Poincare/ModelLaplacian.lean:35443:8: The namespace 'RicciFlow' is duplicated in the declaration 'RicciFlow.RicciFlow.fderiv_modelLaplacian_eq_basis_sum_eq'

Note: This linter can be disabled with `set_option linter.dupNamespace false`
warning: Poincare/ModelLaplacian.lean:35448:8: The namespace 'RicciFlow' is duplicated in the declaration 'RicciFlow.RicciFlow.hessianNormSq_eq_orthoBasis_sum_eq'

Note: This linter can be disabled with `set_option linter.dupNamespace false`
warning: Poincare/ModelLaplacian.lean:35453:8: The namespace 'RicciFlow' is duplicated in the declaration 'RicciFlow.RicciFlow.bochner_flat_eq'

Note: This linter can be disabled with `set_option linter.dupNamespace false`
warning: Poincare/ModelLaplacian.lean:35458:8: The namespace 'RicciFlow' is duplicated in the declaration 'RicciFlow.RicciFlow.gradient_sq_subharmonic_of_harmonic_eq'

Note: This linter can be disabled with `set_option linter.dupNamespace false`
warning: Poincare/ModelLaplacian.lean:35463:8: The namespace 'RicciFlow' is duplicated in the declaration 'RicciFlow.RicciFlow.bochner_inequality_eq'

Note: This linter can be disabled with `set_option linter.dupNamespace false`
warning: Poincare/ModelLaplacian.lean:35468:8: The namespace 'RicciFlow' is duplicated in the declaration 'RicciFlow.RicciFlow.laplacian_sq_le_finrank_mul_hessianNormSq_eq'

Note: This linter can be disabled with `set_option linter.dupNamespace false`
warning: Poincare/ModelLaplacian.lean:35473:8: The namespace 'RicciFlow' is duplicated in the declaration 'RicciFlow.RicciFlow.bochner_inequality_refined_eq'

Note: This linter can be disabled with `set_option linter.dupNamespace false`
warning: Poincare/ModelLaplacian.lean:35478:8: The namespace 'RicciFlow' is duplicated in the declaration 'RicciFlow.RicciFlow.bochner_eigenfunction_eq'

Note: This linter can be disabled with `set_option linter.dupNamespace false`
warning: Poincare/ModelLaplacian.lean:35483:8: The namespace 'RicciFlow' is duplicated in the declaration 'RicciFlow.RicciFlow.bochner_eigenfunction_pointwise_bound_eq'

Note: This linter can be disabled with `set_option linter.dupNamespace false`
warning: Poincare/ModelLaplacian.lean:35488:8: The namespace 'RicciFlow' is duplicated in the declaration 'RicciFlow.RicciFlow.hessian_eq_zero_of_hessianNormSq_eq_zero_eq'

Note: This linter can be disabled with `set_option linter.dupNamespace false`
warning: Poincare/ModelLaplacian.lean:35493:8: The namespace 'RicciFlow' is duplicated in the declaration 'RicciFlow.RicciFlow.bochner_equality_iff_hessian_vanishes_eq'

Note: This linter can be disabled with `set_option linter.dupNamespace false`
warning: Poincare/ModelLaplacian.lean:35498:8: The namespace 'RicciFlow' is duplicated in the declaration 'RicciFlow.RicciFlow.covariantHessian_const_eq'

Note: This linter can be disabled with `set_option linter.dupNamespace false`
warning: Poincare/ModelLaplacian.lean:35503:8: The namespace 'RicciFlow' is duplicated in the declaration 'RicciFlow.RicciFlow.curvedLaplacian_const_eq_flat_hessian_trace_eq'

Note: This linter can be disabled with `set_option linter.dupNamespace false`
warning: Poincare/ModelLaplacian.lean:35508:8: The namespace 'RicciFlow' is duplicated in the declaration 'RicciFlow.RicciFlow.fderiv_christoffelClosedOp_apply_field_eq'

Note: This linter can be disabled with `set_option linter.dupNamespace false`
warning: Poincare/ModelLaplacian.lean:35513:8: The namespace 'RicciFlow' is duplicated in the declaration 'RicciFlow.RicciFlow.fderiv_fderiv_vectorField_apply_eq'

Note: This linter can be disabled with `set_option linter.dupNamespace false`
warning: Poincare/ModelLaplacian.lean:35518:8: The namespace 'RicciFlow' is duplicated in the declaration 'RicciFlow.RicciFlow.fderiv_covariant_inner_expand_eq'

Note: This linter can be disabled with `set_option linter.dupNamespace false`
warning: Poincare/ModelLaplacian.lean:35523:8: The namespace 'RicciFlow' is duplicated in the declaration 'RicciFlow.RicciFlow.covariantSecondDerivative_expand_eq'

Note: This linter can be disabled with `set_option linter.dupNamespace false`
warning: Poincare/ModelLaplacian.lean:35528:8: The namespace 'RicciFlow' is duplicated in the declaration 'RicciFlow.RicciFlow.covariantSecondDerivative_antisymm_eq_coordCurvatureOp_eq'

Note: This linter can be disabled with `set_option linter.dupNamespace false`
warning: Poincare/ModelLaplacian.lean:35533:8: The namespace 'RicciFlow' is duplicated in the declaration 'RicciFlow.RicciFlow.sum_g_coordCurvatureOp_eq_coordRicci_eq'

Note: This linter can be disabled with `set_option linter.dupNamespace false`
warning: Poincare/ModelLaplacian.lean:35538:8: The namespace 'RicciFlow' is duplicated in the declaration 'RicciFlow.RicciFlow.sum_g_covariantSecondDerivative_antisymm_eq_coordRicci_eq'

Note: This linter can be disabled with `set_option linter.dupNamespace false`
warning: Poincare/ModelLaplacian.lean:35543:8: The namespace 'RicciFlow' is duplicated in the declaration 'RicciFlow.RicciFlow.g_coordGradient_eq'

Note: This linter can be disabled with `set_option linter.dupNamespace false`
warning: Poincare/ModelLaplacian.lean:35548:8: The namespace 'RicciFlow' is duplicated in the declaration 'RicciFlow.RicciFlow.g_coordGradient_pair_eq'

Note: This linter can be disabled with `set_option linter.dupNamespace false`
warning: Poincare/ModelLaplacian.lean:35553:8: The namespace 'RicciFlow' is duplicated in the declaration 'RicciFlow.RicciFlow.fderiv_g_coordGradient_eq_fderiv_fderiv_eq'

Note: This linter can be disabled with `set_option linter.dupNamespace false`
warning: Poincare/ModelLaplacian.lean:35558:8: The namespace 'RicciFlow' is duplicated in the declaration 'RicciFlow.RicciFlow.coordGradNormSq_eq_fderiv_eq'

Note: This linter can be disabled with `set_option linter.dupNamespace false`
warning: Poincare/ModelLaplacian.lean:35563:8: The namespace 'RicciFlow' is duplicated in the declaration 'RicciFlow.RicciFlow.fderiv_g_coordGradient_apply_eq'

Note: This linter can be disabled with `set_option linter.dupNamespace false`
warning: Poincare/ModelLaplacian.lean:35568:8: The namespace 'RicciFlow' is duplicated in the declaration 'RicciFlow.RicciFlow.g_covariantDeriv_coordGradient_eq_covariantHessian_eq'

Note: This linter can be disabled with `set_option linter.dupNamespace false`
warning: Poincare/ModelLaplacian.lean:35573:8: The namespace 'RicciFlow' is duplicated in the declaration 'RicciFlow.RicciFlow.differentiableAt_coordGradient_eq'

Note: This linter can be disabled with `set_option linter.dupNamespace false`
warning: Poincare/ModelLaplacian.lean:35578:8: The namespace 'RicciFlow' is duplicated in the declaration 'RicciFlow.RicciFlow.g_covariantDeriv_coordGradient_eq_covariantHessian'_eq'

Note: This linter can be disabled with `set_option linter.dupNamespace false`
warning: Poincare/ModelLaplacian.lean:35583:8: The namespace 'RicciFlow' is duplicated in the declaration 'RicciFlow.RicciFlow.fderiv_coordGradNormSq_eq'

Note: This linter can be disabled with `set_option linter.dupNamespace false`
warning: Poincare/ModelLaplacian.lean:35588:8: The namespace 'RicciFlow' is duplicated in the declaration 'RicciFlow.RicciFlow.fderiv_coordGradNormSq_eq_two_covariantDeriv_eq'

Note: This linter can be disabled with `set_option linter.dupNamespace false`
warning: Poincare/ModelLaplacian.lean:35593:8: The namespace 'RicciFlow' is duplicated in the declaration 'RicciFlow.RicciFlow.fderiv_coordGradNormSq_eq_two_covariantHessian_eq'

Note: This linter can be disabled with `set_option linter.dupNamespace false`
warning: Poincare/ModelLaplacian.lean:35598:8: The namespace 'RicciFlow' is duplicated in the declaration 'RicciFlow.RicciFlow.differentiableAt_coordGradNormSq_eq'

Note: This linter can be disabled with `set_option linter.dupNamespace false`
warning: Poincare/ModelLaplacian.lean:35603:8: The namespace 'RicciFlow' is duplicated in the declaration 'RicciFlow.RicciFlow.contDiffAt_coordGradient_eq'

Note: This linter can be disabled with `set_option linter.dupNamespace false`
warning: Poincare/ModelLaplacian.lean:35608:8: The namespace 'RicciFlow' is duplicated in the declaration 'RicciFlow.RicciFlow.contDiffAt_coordGradient_two_eq'

Note: This linter can be disabled with `set_option linter.dupNamespace false`
warning: Poincare/ModelLaplacian.lean:35613:8: The namespace 'RicciFlow' is duplicated in the declaration 'RicciFlow.RicciFlow.fderiv_g_field_field_eq'

Note: This linter can be disabled with `set_option linter.dupNamespace false`
warning: Poincare/ModelLaplacian.lean:35618:8: The namespace 'RicciFlow' is duplicated in the declaration 'RicciFlow.RicciFlow.fderiv_coordGradNormSq_field_eq'

Note: This linter can be disabled with `set_option linter.dupNamespace false`
warning: Poincare/ModelLaplacian.lean:35623:8: The namespace 'RicciFlow' is duplicated in the declaration 'RicciFlow.RicciFlow.differentiableAt_christoffel_coordGradient_eq'

Note: This linter can be disabled with `set_option linter.dupNamespace false`
warning: Poincare/ModelLaplacian.lean:35628:8: The namespace 'RicciFlow' is duplicated in the declaration 'RicciFlow.RicciFlow.differentiableAt_fderiv_coordGradient_eq'

Note: This linter can be disabled with `set_option linter.dupNamespace false`
warning: Poincare/ModelLaplacian.lean:35633:8: The namespace 'RicciFlow' is duplicated in the declaration 'RicciFlow.RicciFlow.differentiableAt_covariantDeriv_coordGradient_eq'

Note: This linter can be disabled with `set_option linter.dupNamespace false`
warning: Poincare/ModelLaplacian.lean:35638:8: The namespace 'RicciFlow' is duplicated in the declaration 'RicciFlow.RicciFlow.fderiv_fderiv_coordGradNormSq_eq'

Note: This linter can be disabled with `set_option linter.dupNamespace false`
warning: Poincare/ModelLaplacian.lean:35643:8: The namespace 'RicciFlow' is duplicated in the declaration 'RicciFlow.RicciFlow.contDiffAt_coordGradNormSq_eq'

Note: This linter can be disabled with `set_option linter.dupNamespace false`
warning: Poincare/ModelLaplacian.lean:35648:8: The namespace 'RicciFlow' is duplicated in the declaration 'RicciFlow.RicciFlow.fderiv_fderiv_apply_real_eq'

Note: This linter can be disabled with `set_option linter.dupNamespace false`
warning: Poincare/ModelLaplacian.lean:35653:8: The namespace 'RicciFlow' is duplicated in the declaration 'RicciFlow.RicciFlow.covariantSecondDerivative_iterated_eq'

Note: This linter can be disabled with `set_option linter.dupNamespace false`
warning: Poincare/ModelLaplacian.lean:35658:8: The namespace 'RicciFlow' is duplicated in the declaration 'RicciFlow.RicciFlow.covariantHessian_coordGradNormSq_eq'

Note: This linter can be disabled with `set_option linter.dupNamespace false`
warning: Poincare/ModelLaplacian.lean:35663:8: The namespace 'RicciFlow' is duplicated in the declaration 'RicciFlow.RicciFlow.sum_hessNorm_eq_two_coordCovariantHessNormSq_eq'

Note: This linter can be disabled with `set_option linter.dupNamespace false`
warning: Poincare/ModelLaplacian.lean:35668:8: The namespace 'RicciFlow' is duplicated in the declaration 'RicciFlow.RicciFlow.curvedLaplacian_coordGradNormSq_eq_two_eq'

Note: This linter can be disabled with `set_option linter.dupNamespace false`
warning: Poincare/ModelLaplacian.lean:35673:8: The namespace 'RicciFlow' is duplicated in the declaration 'RicciFlow.RicciFlow.contDiff_coordGradient_eq'

Note: This linter can be disabled with `set_option linter.dupNamespace false`
warning: Poincare/ModelLaplacian.lean:35678:8: The namespace 'RicciFlow' is duplicated in the declaration 'RicciFlow.RicciFlow.sum_G_covariantSecondDerivative_swap_eq'

Note: This linter can be disabled with `set_option linter.dupNamespace false`
warning: Poincare/ModelLaplacian.lean:35683:8: The namespace 'RicciFlow' is duplicated in the declaration 'RicciFlow.RicciFlow.g_covariantDeriv_coordGradient_eq_covariantHessian_field_eq'

Note: This linter can be disabled with `set_option linter.dupNamespace false`
warning: Poincare/ModelLaplacian.lean:35688:8: The namespace 'RicciFlow' is duplicated in the declaration 'RicciFlow.RicciFlow.fderiv_g_covariantDeriv_coordGradient_eq'

Note: This linter can be disabled with `set_option linter.dupNamespace false`
warning: Poincare/ModelLaplacian.lean:35693:8: The namespace 'RicciFlow' is duplicated in the declaration 'RicciFlow.RicciFlow.coordThirdDeriv_symm_last_eq'

Note: This linter can be disabled with `set_option linter.dupNamespace false`
warning: Poincare/ModelLaplacian.lean:35698:8: The namespace 'RicciFlow' is duplicated in the declaration 'RicciFlow.RicciFlow.g_covariantSecondDerivative_coordGradient_symm_last_eq'

Note: This linter can be disabled with `set_option linter.dupNamespace false`
warning: Poincare/ModelLaplacian.lean:35703:8: The namespace 'RicciFlow' is duplicated in the declaration 'RicciFlow.RicciFlow.g_covariantSecondDerivative_coordGradient_antisymm_first_eq'

Note: This linter can be disabled with `set_option linter.dupNamespace false`
warning: Poincare/ModelLaplacian.lean:35708:8: The namespace 'RicciFlow' is duplicated in the declaration 'RicciFlow.RicciFlow.sum_coordRiemann_gradient_eq_coordRicci_eq'

Note: This linter can be disabled with `set_option linter.dupNamespace false`
warning: Poincare/ModelLaplacian.lean:35713:8: The namespace 'RicciFlow' is duplicated in the declaration 'RicciFlow.RicciFlow.sum_G_covariantSecondDerivative_gradient_weitzenbock_eq'

Note: This linter can be disabled with `set_option linter.dupNamespace false`
warning: Poincare/ModelLaplacian.lean:35718:8: The namespace 'RicciFlow' is duplicated in the declaration 'RicciFlow.RicciFlow.sum_G_covariantSecondDerivative_gradient_transport_swap_eq'

Note: This linter can be disabled with `set_option linter.dupNamespace false`
warning: Poincare/ModelLaplacian.lean:35723:8: The namespace 'RicciFlow' is duplicated in the declaration 'RicciFlow.RicciFlow.covariantHessianInnerCLM_apply_eq'

Note: This linter can be disabled with `set_option linter.dupNamespace false`
warning: Poincare/ModelLaplacian.lean:35728:8: The namespace 'RicciFlow' is duplicated in the declaration 'RicciFlow.RicciFlow.covariantHessianForm_apply_eq'

Note: This linter can be disabled with `set_option linter.dupNamespace false`
warning: Poincare/ModelLaplacian.lean:35733:8: The namespace 'RicciFlow' is duplicated in the declaration 'RicciFlow.RicciFlow.covariantHessianForm_eq_covariantHessian_eq'

Note: This linter can be disabled with `set_option linter.dupNamespace false`
warning: Poincare/ModelLaplacian.lean:35738:8: The namespace 'RicciFlow' is duplicated in the declaration 'RicciFlow.RicciFlow.covariantHessianForm_symm_eq'

Note: This linter can be disabled with `set_option linter.dupNamespace false`
warning: Poincare/ModelLaplacian.lean:35743:8: The namespace 'RicciFlow' is duplicated in the declaration 'RicciFlow.RicciFlow.tensorMetricTrace_covariantHessianForm_eq'

Note: This linter can be disabled with `set_option linter.dupNamespace false`
warning: Poincare/ModelLaplacian.lean:35748:8: The namespace 'RicciFlow' is duplicated in the declaration 'RicciFlow.RicciFlow.sum_G_covariantSecondDerivative_gradient_eq_transport_ricci_eq'

Note: This linter can be disabled with `set_option linter.dupNamespace false`
warning: Poincare/ModelLaplacian.lean:35753:8: The namespace 'RicciFlow' is duplicated in the declaration 'RicciFlow.RicciFlow.curvedLaplacian_coordGradNormSq_bochner_eq'

Note: This linter can be disabled with `set_option linter.dupNamespace false`
warning: Poincare/ModelLaplacian.lean:35758:8: The namespace 'RicciFlow' is duplicated in the declaration 'RicciFlow.RicciFlow.curvedLaplacian_coordGradNormSq_bochner_gradient_eq'

Note: This linter can be disabled with `set_option linter.dupNamespace false`
warning: Poincare/ModelLaplacian.lean:35763:8: The namespace 'RicciFlow' is duplicated in the declaration 'RicciFlow.RicciFlow.differentiableAt_clm_of_apply_eq'

Note: This linter can be disabled with `set_option linter.dupNamespace false`
warning: Poincare/ModelLaplacian.lean:35768:8: The namespace 'RicciFlow' is duplicated in the declaration 'RicciFlow.RicciFlow.differentiableAt_covariantHessianForm_eq'

Note: This linter can be disabled with `set_option linter.dupNamespace false`
warning: Poincare/ModelLaplacian.lean:35773:8: The namespace 'RicciFlow' is duplicated in the declaration 'RicciFlow.RicciFlow.curvedLaplacian_coordGradNormSq_bochner_gradient_of_christoffelDiff_eq'

Note: This linter can be disabled with `set_option linter.dupNamespace false`
warning: Poincare/ModelLaplacian.lean:35778:8: The namespace 'RicciFlow' is duplicated in the declaration 'RicciFlow.RicciFlow.curvedLaplacian_coordGradNormSq_bochner_harmonic_eq'

Note: This linter can be disabled with `set_option linter.dupNamespace false`
warning: Poincare/ModelLaplacian.lean:35783:8: The namespace 'RicciFlow' is duplicated in the declaration 'RicciFlow.RicciFlow.curvedLaplacian_coordGradNormSq_bochner_eigenfunction_eq'

Note: This linter can be disabled with `set_option linter.dupNamespace false`
warning: Poincare/ModelLaplacian.lean:35788:8: The namespace 'RicciFlow' is duplicated in the declaration 'RicciFlow.RicciFlow.differentiableAt_christoffelClosedOp_eq'

Note: This linter can be disabled with `set_option linter.dupNamespace false`
warning: Poincare/ModelLaplacian.lean:35793:8: The namespace 'RicciFlow' is duplicated in the declaration 'RicciFlow.RicciFlow.curvedLaplacian_coordGradNormSq_bochner_gradient_unconditional_eq'

Note: This linter can be disabled with `set_option linter.dupNamespace false`
warning: Poincare/ModelLaplacian.lean:35798:8: The namespace 'RicciFlow' is duplicated in the declaration 'RicciFlow.RicciFlow.differentiableAt_coordRicciForm_field_eq'

Note: This linter can be disabled with `set_option linter.dupNamespace false`
warning: Poincare/ModelLaplacian.lean:35803:8: The namespace 'RicciFlow' is duplicated in the declaration 'RicciFlow.RicciFlow.contDiffAt_clm_of_apply_eq'

Note: This linter can be disabled with `set_option linter.dupNamespace false`
warning: Poincare/ModelLaplacian.lean:35808:8: The namespace 'RicciFlow' is duplicated in the declaration 'RicciFlow.RicciFlow.contDiffAt_christoffelClosedOp_eq'

Note: This linter can be disabled with `set_option linter.dupNamespace false`
warning: Poincare/ModelLaplacian.lean:35813:8: The namespace 'RicciFlow' is duplicated in the declaration 'RicciFlow.RicciFlow.differentiableAt_fderiv_christoffelClosedOp_eq'

Note: This linter can be disabled with `set_option linter.dupNamespace false`
warning: Poincare/ModelLaplacian.lean:35818:8: The namespace 'RicciFlow' is duplicated in the declaration 'RicciFlow.RicciFlow.isSymmSndFDerivAt_christoffelClosedOp_eq'

Note: This linter can be disabled with `set_option linter.dupNamespace false`
warning: Poincare/ModelLaplacian.lean:35823:8: The namespace 'RicciFlow' is duplicated in the declaration 'RicciFlow.RicciFlow.contDiffAt_christoffelClosedOp_three_eq'

Note: This linter can be disabled with `set_option linter.dupNamespace false`
warning: Poincare/ModelLaplacian.lean:35828:8: The namespace 'RicciFlow' is duplicated in the declaration 'RicciFlow.RicciFlow.contDiffAt_coordCurvatureOp_family_eq'

Note: This linter can be disabled with `set_option linter.dupNamespace false`
warning: Poincare/ModelLaplacian.lean:35833:8: The namespace 'RicciFlow' is duplicated in the declaration 'RicciFlow.RicciFlow.contDiffAt_coordRicci_family_eq'

Note: This linter can be disabled with `set_option linter.dupNamespace false`
warning: Poincare/ModelLaplacian.lean:35838:8: The namespace 'RicciFlow' is duplicated in the declaration 'RicciFlow.RicciFlow.contDiffAt_coordRicciForm_field_eq'

Note: This linter can be disabled with `set_option linter.dupNamespace false`
warning: Poincare/ModelLaplacian.lean:35843:8: The namespace 'RicciFlow' is duplicated in the declaration 'RicciFlow.RicciFlow.differentiableAt_fderiv_coordRicciForm_field_eq'

Note: This linter can be disabled with `set_option linter.dupNamespace false`
warning: Poincare/ModelLaplacian.lean:35848:8: The namespace 'RicciFlow' is duplicated in the declaration 'RicciFlow.RicciFlow.contDiffAt_tensorMetricTrace_eq'

Note: This linter can be disabled with `set_option linter.dupNamespace false`
warning: Poincare/ModelLaplacian.lean:35853:8: The namespace 'RicciFlow' is duplicated in the declaration 'RicciFlow.RicciFlow.contDiff_coordScalar_eq'

Note: This linter can be disabled with `set_option linter.dupNamespace false`
warning: Poincare/ModelLaplacian.lean:35858:8: The namespace 'RicciFlow' is duplicated in the declaration 'RicciFlow.RicciFlow.differentiableAt_fderiv_neg_two_coordRicciForm_field_eq'

Note: This linter can be disabled with `set_option linter.dupNamespace false`
warning: Poincare/ModelLaplacian.lean:35863:8: The namespace 'RicciFlow' is duplicated in the declaration 'RicciFlow.RicciFlow.differentiableAt_christoffelFunctionalCLM_eq'

Note: This linter can be disabled with `set_option linter.dupNamespace false`
warning: Poincare/ModelLaplacian.lean:35868:8: The namespace 'RicciFlow' is duplicated in the declaration 'RicciFlow.RicciFlow.differentiableAt_christoffelDerivOp_neg_two_coordRicciForm_field_eq'

Note: This linter can be disabled with `set_option linter.dupNamespace false`
warning: Poincare/ModelLaplacian.lean:35873:8: The namespace 'RicciFlow' is duplicated in the declaration 'RicciFlow.RicciFlow.ricciDeriv_neg_two_raised_trace_eq_curvedLaplacian_of_contDiff_eq'

Note: This linter can be disabled with `set_option linter.dupNamespace false`
warning: Poincare/ModelLaplacian.lean:35878:8: The namespace 'RicciFlow' is duplicated in the declaration 'RicciFlow.RicciFlow.curved_ricci_flow_scalar_evolution_eq'

Note: This linter can be disabled with `set_option linter.dupNamespace false`
warning: Poincare/ModelLaplacian.lean:35883:8: The namespace 'RicciFlow' is duplicated in the declaration 'RicciFlow.RicciFlow.curved_ricci_flow_scalar_riccati_lower_bound_eq'

Note: This linter can be disabled with `set_option linter.dupNamespace false`
warning: Poincare/ModelLaplacian.lean:35888:8: The namespace 'RicciFlow' is duplicated in the declaration 'RicciFlow.RicciFlow.covariantGradientEndo_apply_eq'

Note: This linter can be disabled with `set_option linter.dupNamespace false`
warning: Poincare/ModelLaplacian.lean:35893:8: The namespace 'RicciFlow' is duplicated in the declaration 'RicciFlow.RicciFlow.covariantGradientEndo_selfAdjoint_eq'

Note: This linter can be disabled with `set_option linter.dupNamespace false`
warning: Poincare/ModelLaplacian.lean:35898:8: The namespace 'RicciFlow' is duplicated in the declaration 'RicciFlow.RicciFlow.curvedLaplacian_eq_trace_covariantGradientEndo_eq'

Note: This linter can be disabled with `set_option linter.dupNamespace false`
warning: Poincare/ModelLaplacian.lean:35903:8: The namespace 'RicciFlow' is duplicated in the declaration 'RicciFlow.RicciFlow.coordCovariantHessNormSq_eq_trace_eq'

Note: This linter can be disabled with `set_option linter.dupNamespace false`
warning: Poincare/ModelLaplacian.lean:35908:8: The namespace 'RicciFlow' is duplicated in the declaration 'RicciFlow.RicciFlow.curvedLaplacian_sq_le_finrank_mul_coordCovariantHessNormSq_eq'

Note: This linter can be disabled with `set_option linter.dupNamespace false`
warning: Poincare/ModelLaplacian.lean:35913:8: The namespace 'RicciFlow' is duplicated in the declaration 'RicciFlow.RicciFlow.curvedLaplacian_coordGradNormSq_bochner_refined_eq'

Note: This linter can be disabled with `set_option linter.dupNamespace false`
warning: Poincare/ModelLaplacian.lean:35918:8: The namespace 'RicciFlow' is duplicated in the declaration 'RicciFlow.RicciFlow.curvedLaplacian_coordGradNormSq_bochner_eigenfunction_refined_eq'

Note: This linter can be disabled with `set_option linter.dupNamespace false`
warning: Poincare/ModelLaplacian.lean:35923:8: The namespace 'RicciFlow' is duplicated in the declaration 'RicciFlow.RicciFlow.curved_ricci_flow_scalar_evolution_trace_form_eq'

Note: This linter can be disabled with `set_option linter.dupNamespace false`
warning: Poincare/ModelLaplacian.lean:35928:8: The namespace 'RicciFlow' is duplicated in the declaration 'RicciFlow.RicciFlow.coordCovariantHessNormSq_nonneg_eq'

Note: This linter can be disabled with `set_option linter.dupNamespace false`
warning: Poincare/ModelLaplacian.lean:35933:8: The namespace 'RicciFlow' is duplicated in the declaration 'RicciFlow.RicciFlow.curvedLaplacian_coordGradNormSq_nonneg_of_ricci_nonneg_eq'

Note: This linter can be disabled with `set_option linter.dupNamespace false`
warning: Poincare/ModelLaplacian.lean:35938:8: The namespace 'RicciFlow' is duplicated in the declaration 'RicciFlow.RicciFlow.curvedLaplacian_coordGradNormSq_bochner_refined_ricci_lower_eq'

Note: This linter can be disabled with `set_option linter.dupNamespace false`
warning: Poincare/ModelLaplacian.lean:35943:8: The namespace 'RicciFlow' is duplicated in the declaration 'RicciFlow.RicciFlow.trace_comp_self_nonneg_eq'

Note: This linter can be disabled with `set_option linter.dupNamespace false`
warning: Poincare/ModelLaplacian.lean:35948:8: The namespace 'RicciFlow' is duplicated in the declaration 'RicciFlow.RicciFlow.eq_zero_of_trace_comp_self_eq_zero_eq'

Note: This linter can be disabled with `set_option linter.dupNamespace false`
warning: Poincare/ModelLaplacian.lean:35953:8: The namespace 'RicciFlow' is duplicated in the declaration 'RicciFlow.RicciFlow.covariantGradientEndo_eq_zero_of_hessNormSq_eq_zero_eq'

Note: This linter can be disabled with `set_option linter.dupNamespace false`
warning: Poincare/ModelLaplacian.lean:35958:8: The namespace 'RicciFlow' is duplicated in the declaration 'RicciFlow.RicciFlow.covariantHessian_eq_zero_of_hessNormSq_eq_zero_eq'

Note: This linter can be disabled with `set_option linter.dupNamespace false`
warning: Poincare/ModelLaplacian.lean:35963:8: The namespace 'RicciFlow' is duplicated in the declaration 'RicciFlow.RicciFlow.bilin_cauchy_schwarz_eq_case_eq'

Note: This linter can be disabled with `set_option linter.dupNamespace false`
warning: Poincare/ModelLaplacian.lean:35968:8: The namespace 'RicciFlow' is duplicated in the declaration 'RicciFlow.RicciFlow.all_eq_of_sq_sum_eq_card_mul_sum_sq_eq'

Note: This linter can be disabled with `set_option linter.dupNamespace false`
warning: Poincare/ModelLaplacian.lean:35973:8: The namespace 'RicciFlow' is duplicated in the declaration 'RicciFlow.RicciFlow.eq_smul_id_of_basis_apply_eq'

Note: This linter can be disabled with `set_option linter.dupNamespace false`
warning: Poincare/ModelLaplacian.lean:35978:8: The namespace 'RicciFlow' is duplicated in the declaration 'RicciFlow.RicciFlow.coordRicci_eq_zero_of_ricciNormSq_eq_zero_eq'

Note: This linter can be disabled with `set_option linter.dupNamespace false`
warning: Poincare/ModelLaplacian.lean:35983:8: The namespace 'RicciFlow' is duplicated in the declaration 'RicciFlow.RicciFlow.trace_traceless_sq_eq'

Note: This linter can be disabled with `set_option linter.dupNamespace false`
warning: Poincare/ModelLaplacian.lean:35988:8: The namespace 'RicciFlow' is duplicated in the declaration 'RicciFlow.RicciFlow.coordScalar_sq_eq_finrank_mul_ricciNormSq_of_einstein_eq'

Note: This linter can be disabled with `set_option linter.dupNamespace false`
warning: Poincare/ModelLaplacian.lean:35993:8: The namespace 'RicciFlow' is duplicated in the declaration 'RicciFlow.RicciFlow.ricciNormSq_sub_scalar_sq_div_eq_traceless_trace_eq'

Note: This linter can be disabled with `set_option linter.dupNamespace false`
warning: Poincare/ModelLaplacian.lean:35998:8: The namespace 'RicciFlow' is duplicated in the declaration 'RicciFlow.RicciFlow.traceless_ricci_normSq_nonneg_eq'

Note: This linter can be disabled with `set_option linter.dupNamespace false`
warning: Poincare/ModelLaplacian.lean:36003:8: The namespace 'RicciFlow' is duplicated in the declaration 'RicciFlow.RicciFlow.einstein_tensor_divergence_free_of_contDiff_eq'

Note: This linter can be disabled with `set_option linter.dupNamespace false`
warning: Poincare/ModelLaplacian.lean:36008:8: The namespace 'RicciFlow' is duplicated in the declaration 'RicciFlow.RicciFlow.fderiv_coordScalar_eq_two_ricciDivergenceForm_of_contDiff_eq'

Note: This linter can be disabled with `set_option linter.dupNamespace false`
warning: Poincare/ModelLaplacian.lean:36013:8: The namespace 'RicciFlow' is duplicated in the declaration 'RicciFlow.RicciFlow.fderiv_coordScalar_eq_zero_of_ricciDivergence_zero_of_contDiff_eq'

Note: This linter can be disabled with `set_option linter.dupNamespace false`
warning: Poincare/ModelLaplacian.lean:36018:8: The namespace 'RicciFlow' is duplicated in the declaration 'RicciFlow.RicciFlow.ricciDivergence_eq_zero_of_scalar_const_of_contDiff_eq'

Note: This linter can be disabled with `set_option linter.dupNamespace false`
warning: Poincare/ModelLaplacian.lean:36023:8: The namespace 'RicciFlow' is duplicated in the declaration 'RicciFlow.RicciFlow.curvedLaplacian_sq_eq_finrank_mul_coordCovariantHessNormSq_of_hess_smul_id_eq'

Note: This linter can be disabled with `set_option linter.dupNamespace false`
warning: Poincare/ModelLaplacian.lean:36028:8: The namespace 'RicciFlow' is duplicated in the declaration 'RicciFlow.RicciFlow.trace_comp_self_pos_eq'

Note: This linter can be disabled with `set_option linter.dupNamespace false`
warning: Poincare/ModelLaplacian.lean:36033:8: The namespace 'RicciFlow' is duplicated in the declaration 'RicciFlow.RicciFlow.coordScalar_sq_lt_finrank_mul_ricciNormSq_of_not_einstein_eq'

Note: This linter can be disabled with `set_option linter.dupNamespace false`
warning: Poincare/ModelLaplacian.lean:36038:8: The namespace 'RicciFlow' is duplicated in the declaration 'RicciFlow.RicciFlow.coordCovariantHessNormSq_sub_curvedLaplacian_sq_div_eq_traceless_trace_eq'

Note: This linter can be disabled with `set_option linter.dupNamespace false`
warning: Poincare/ModelLaplacian.lean:36043:8: The namespace 'RicciFlow' is duplicated in the declaration 'RicciFlow.RicciFlow.curvedLaplacian_sq_lt_finrank_mul_coordCovariantHessNormSq_of_not_obata_eq'

Note: This linter can be disabled with `set_option linter.dupNamespace false`
warning: Poincare/ModelLaplacian.lean:36048:8: The namespace 'RicciFlow' is duplicated in the declaration 'RicciFlow.RicciFlow.traceless_hessian_normSq_nonneg_eq'

Note: This linter can be disabled with `set_option linter.dupNamespace false`
warning: Poincare/ModelLaplacian.lean:36053:8: The namespace 'RicciFlow' is duplicated in the declaration 'RicciFlow.RicciFlow.coordRicciNormSq_pos_eq'

Note: This linter can be disabled with `set_option linter.dupNamespace false`
warning: Poincare/ModelLaplacian.lean:36058:8: The namespace 'RicciFlow' is duplicated in the declaration 'RicciFlow.RicciFlow.coordCovariantHessNormSq_pos_eq'

Note: This linter can be disabled with `set_option linter.dupNamespace false`
warning: Poincare/ModelLaplacian.lean:36063:8: The namespace 'RicciFlow' is duplicated in the declaration 'RicciFlow.RicciFlow.coordRicciNormSq_eq_zero_iff_ricci_flat_eq'

Note: This linter can be disabled with `set_option linter.dupNamespace false`
warning: Poincare/ModelLaplacian.lean:36068:8: The namespace 'RicciFlow' is duplicated in the declaration 'RicciFlow.RicciFlow.coordCovariantHessNormSq_eq_zero_iff_hessian_flat_eq'

Note: This linter can be disabled with `set_option linter.dupNamespace false`
warning: Poincare/ModelLaplacian.lean:36073:8: The namespace 'RicciFlow' is duplicated in the declaration 'RicciFlow.RicciFlow.coordScalar_sq_lt_finrank_mul_ricciNormSq_iff_not_einstein_eq'

Note: This linter can be disabled with `set_option linter.dupNamespace false`
warning: Poincare/ModelLaplacian.lean:36078:8: The namespace 'RicciFlow' is duplicated in the declaration 'RicciFlow.RicciFlow.curvedLaplacian_sq_lt_finrank_mul_coordCovariantHessNormSq_iff_not_obata_eq'

Note: This linter can be disabled with `set_option linter.dupNamespace false`
warning: Poincare/ModelLaplacian.lean:36088:8: The namespace 'RicciFlow' is duplicated in the declaration 'RicciFlow.RicciFlow.RicciFlow.hamilton_finite_time_singularity_eq'

Note: This linter can be disabled with `set_option linter.dupNamespace false`
warning: Poincare/ModelLaplacian.lean:36093:8: The namespace 'RicciFlow' is duplicated in the declaration 'RicciFlow.RicciFlow.RicciFlow.hasDerivAt_trace_eq'

Note: This linter can be disabled with `set_option linter.dupNamespace false`
warning: Poincare/ModelLaplacian.lean:36098:8: The namespace 'RicciFlow' is duplicated in the declaration 'RicciFlow.RicciFlow.RicciFlow.hasDerivAt_trace_sq_eq'

Note: This linter can be disabled with `set_option linter.dupNamespace false`
warning: Poincare/ModelLaplacian.lean:36103:8: The namespace 'RicciFlow' is duplicated in the declaration 'RicciFlow.RicciFlow.RicciFlow.christoffelDeriv_zero_direction_eq'

Note: This linter can be disabled with `set_option linter.dupNamespace false`
warning: Poincare/ModelLaplacian.lean:36108:8: The namespace 'RicciFlow' is duplicated in the declaration 'RicciFlow.RicciFlow.RicciFlow.christoffelDeriv_add_direction_eq'

Note: This linter can be disabled with `set_option linter.dupNamespace false`
warning: Poincare/ModelLaplacian.lean:36113:8: The namespace 'RicciFlow' is duplicated in the declaration 'RicciFlow.RicciFlow.RicciFlow.hasDerivAt_clm_of_forall_apply'_eq'

Note: This linter can be disabled with `set_option linter.dupNamespace false`
warning: Poincare/ModelLaplacian.lean:36118:8: The namespace 'RicciFlow' is duplicated in the declaration 'RicciFlow.RicciFlow.RicciFlow.christoffelFunctional_add_snd_eq'

Note: This linter can be disabled with `set_option linter.dupNamespace false`
warning: Poincare/ModelLaplacian.lean:36123:8: The namespace 'RicciFlow' is duplicated in the declaration 'RicciFlow.RicciFlow.RicciFlow.christoffelDeriv_add_snd_eq'

Note: This linter can be disabled with `set_option linter.dupNamespace false`
warning: Poincare/ModelLaplacian.lean:36128:8: The namespace 'RicciFlow' is duplicated in the declaration 'RicciFlow.RicciFlow.RicciFlow.christoffelFunctional_smul_snd_eq'

Note: This linter can be disabled with `set_option linter.dupNamespace false`
warning: Poincare/ModelLaplacian.lean:36133:8: The namespace 'RicciFlow' is duplicated in the declaration 'RicciFlow.RicciFlow.RicciFlow.christoffelDeriv_smul_snd_eq'

Note: This linter can be disabled with `set_option linter.dupNamespace false`
warning: Poincare/ModelLaplacian.lean:36138:8: The namespace 'RicciFlow' is duplicated in the declaration 'RicciFlow.RicciFlow.RicciFlow.christoffelDerivOp_apply_eq'

Note: This linter can be disabled with `set_option linter.dupNamespace false`
warning: Poincare/ModelLaplacian.lean:36143:8: The namespace 'RicciFlow' is duplicated in the declaration 'RicciFlow.RicciFlow.RicciFlow.christoffelClosedOp_apply_eq'

Note: This linter can be disabled with `set_option linter.dupNamespace false`
warning: Poincare/ModelLaplacian.lean:36148:8: The namespace 'RicciFlow' is duplicated in the declaration 'RicciFlow.RicciFlow.RicciFlow.hasDerivAt_christoffelClosedOp_eq'

Note: This linter can be disabled with `set_option linter.dupNamespace false`
warning: Poincare/ModelLaplacian.lean:36153:8: The namespace 'RicciFlow' is duplicated in the declaration 'RicciFlow.RicciFlow.RicciFlow.hasDerivAt_christoffelClosedOp_comp_eq'

Note: This linter can be disabled with `set_option linter.dupNamespace false`
warning: Poincare/ModelLaplacian.lean:36158:8: The namespace 'RicciFlow' is duplicated in the declaration 'RicciFlow.RicciFlow.RicciFlow.christoffelDerivOp_symm_eq'

Note: This linter can be disabled with `set_option linter.dupNamespace false`
warning: Poincare/ModelLaplacian.lean:36163:8: The namespace 'RicciFlow' is duplicated in the declaration 'RicciFlow.RicciFlow.RicciFlow.christoffelClosedOp_eq_christoffelAt_eq'

Note: This linter can be disabled with `set_option linter.dupNamespace false`
warning: Poincare/ModelLaplacian.lean:36168:8: The namespace 'RicciFlow' is duplicated in the declaration 'RicciFlow.RicciFlow.RicciFlow.curvature_quadratic_operator_form_eq'

Note: This linter can be disabled with `set_option linter.dupNamespace false`
warning: Poincare/ModelLaplacian.lean:36173:8: The namespace 'RicciFlow' is duplicated in the declaration 'RicciFlow.RicciFlow.RicciFlow.hasDerivAt_christoffelOpGrad_eq'

Note: This linter can be disabled with `set_option linter.dupNamespace false`
warning: Poincare/ModelLaplacian.lean:36178:8: The namespace 'RicciFlow' is duplicated in the declaration 'RicciFlow.RicciFlow.RicciFlow.hasDerivAt_christoffelOpGrad_apply_eq'

Note: This linter can be disabled with `set_option linter.dupNamespace false`
warning: Poincare/ModelLaplacian.lean:36183:8: The namespace 'RicciFlow' is duplicated in the declaration 'RicciFlow.RicciFlow.RicciFlow.hasDerivAt_coordCurvatureOp_eq'

Note: This linter can be disabled with `set_option linter.dupNamespace false`
warning: Poincare/ModelLaplacian.lean:36188:8: The namespace 'RicciFlow' is duplicated in the declaration 'RicciFlow.RicciFlow.RicciFlow.hasDerivAt_coordRicci_eq'

Note: This linter can be disabled with `set_option linter.dupNamespace false`
warning: Poincare/ModelLaplacian.lean:36193:8: The namespace 'RicciFlow' is duplicated in the declaration 'RicciFlow.RicciFlow.RicciFlow.christoffelFunctional_add_fst_eq'

Note: This linter can be disabled with `set_option linter.dupNamespace false`
warning: Poincare/ModelLaplacian.lean:36198:8: The namespace 'RicciFlow' is duplicated in the declaration 'RicciFlow.RicciFlow.RicciFlow.christoffelFunctional_smul_fst_eq'

Note: This linter can be disabled with `set_option linter.dupNamespace false`
warning: Poincare/ModelLaplacian.lean:36203:8: The namespace 'RicciFlow' is duplicated in the declaration 'RicciFlow.RicciFlow.RicciFlow.christoffelClosedOp_add_fst_eq'

Note: This linter can be disabled with `set_option linter.dupNamespace false`
warning: Poincare/ModelLaplacian.lean:36208:8: The namespace 'RicciFlow' is duplicated in the declaration 'RicciFlow.RicciFlow.RicciFlow.christoffelClosedOp_smul_fst_eq'

Note: This linter can be disabled with `set_option linter.dupNamespace false`
warning: Poincare/ModelLaplacian.lean:36213:8: The namespace 'RicciFlow' is duplicated in the declaration 'RicciFlow.RicciFlow.RicciFlow.coordCurvatureOp_add_snd_eq'

Note: This linter can be disabled with `set_option linter.dupNamespace false`
warning: Poincare/ModelLaplacian.lean:36218:8: The namespace 'RicciFlow' is duplicated in the declaration 'RicciFlow.RicciFlow.RicciFlow.coordRicci_add_fst_eq'

Note: This linter can be disabled with `set_option linter.dupNamespace false`
warning: Poincare/ModelLaplacian.lean:36223:8: The namespace 'RicciFlow' is duplicated in the declaration 'RicciFlow.RicciFlow.RicciFlow.coordCurvatureOp_smul_snd_eq'

Note: This linter can be disabled with `set_option linter.dupNamespace false`
warning: Poincare/ModelLaplacian.lean:36228:8: The namespace 'RicciFlow' is duplicated in the declaration 'RicciFlow.RicciFlow.RicciFlow.coordRicci_smul_fst_eq'

Note: This linter can be disabled with `set_option linter.dupNamespace false`
warning: Poincare/ModelLaplacian.lean:36233:8: The namespace 'RicciFlow' is duplicated in the declaration 'RicciFlow.RicciFlow.RicciFlow.coordRicciCLM_apply_eq'

Note: This linter can be disabled with `set_option linter.dupNamespace false`
warning: Poincare/ModelLaplacian.lean:36238:8: The namespace 'RicciFlow' is duplicated in the declaration 'RicciFlow.RicciFlow.RicciFlow.ricciDeriv_add_fst_eq'

Note: This linter can be disabled with `set_option linter.dupNamespace false`
warning: Poincare/ModelLaplacian.lean:36243:8: The namespace 'RicciFlow' is duplicated in the declaration 'RicciFlow.RicciFlow.RicciFlow.ricciDeriv_smul_fst_eq'

Note: This linter can be disabled with `set_option linter.dupNamespace false`
warning: Poincare/ModelLaplacian.lean:36248:8: The namespace 'RicciFlow' is duplicated in the declaration 'RicciFlow.RicciFlow.RicciFlow.hasDerivAt_coordScalar_eq'

Note: This linter can be disabled with `set_option linter.dupNamespace false`
warning: Poincare/ModelLaplacian.lean:36253:8: The namespace 'RicciFlow' is duplicated in the declaration 'RicciFlow.RicciFlow.RicciFlow.christoffelFunctional_const_eq_zero_eq'

Note: This linter can be disabled with `set_option linter.dupNamespace false`
warning: Poincare/ModelLaplacian.lean:36258:8: The namespace 'RicciFlow' is duplicated in the declaration 'RicciFlow.RicciFlow.RicciFlow.christoffelClosedOp_const_eq_zero_eq'

Note: This linter can be disabled with `set_option linter.dupNamespace false`
warning: Poincare/ModelLaplacian.lean:36263:8: The namespace 'RicciFlow' is duplicated in the declaration 'RicciFlow.RicciFlow.RicciFlow.coordCurvatureOp_const_eq_zero_eq'

Note: This linter can be disabled with `set_option linter.dupNamespace false`
warning: Poincare/ModelLaplacian.lean:36268:8: The namespace 'RicciFlow' is duplicated in the declaration 'RicciFlow.RicciFlow.RicciFlow.coordRicci_const_eq_zero_eq'

Note: This linter can be disabled with `set_option linter.dupNamespace false`
warning: Poincare/ModelLaplacian.lean:36273:8: The namespace 'RicciFlow' is duplicated in the declaration 'RicciFlow.RicciFlow.RicciFlow.coordScalar_const_eq_zero_eq'

Note: This linter can be disabled with `set_option linter.dupNamespace false`
warning: Poincare/ModelLaplacian.lean:36278:8: The namespace 'RicciFlow' is duplicated in the declaration 'RicciFlow.RicciFlow.RicciFlow.coordRicci_add_snd_eq'

Note: This linter can be disabled with `set_option linter.dupNamespace false`
warning: Poincare/ModelLaplacian.lean:36283:8: The namespace 'RicciFlow' is duplicated in the declaration 'RicciFlow.RicciFlow.RicciFlow.coordRicci_smul_snd_eq'

Note: This linter can be disabled with `set_option linter.dupNamespace false`
warning: Poincare/ModelLaplacian.lean:36288:8: The namespace 'RicciFlow' is duplicated in the declaration 'RicciFlow.RicciFlow.RicciFlow.coordRicciForm_apply_eq'

Note: This linter can be disabled with `set_option linter.dupNamespace false`
warning: Poincare/ModelLaplacian.lean:36293:8: The namespace 'RicciFlow' is duplicated in the declaration 'RicciFlow.RicciFlow.RicciFlow.inverseVariation_ricci_direction_eq'

Note: This linter can be disabled with `set_option linter.dupNamespace false`
warning: Poincare/ModelLaplacian.lean:36298:8: The namespace 'RicciFlow' is duplicated in the declaration 'RicciFlow.RicciFlow.RicciFlow.hamilton_scalar_evolution_of_bianchi_eq'

Note: This linter can be disabled with `set_option linter.dupNamespace false`
warning: Poincare/ModelLaplacian.lean:36303:8: The namespace 'RicciFlow' is duplicated in the declaration 'RicciFlow.RicciFlow.RicciFlow.coordRicciEndo_apply_eq'

Note: This linter can be disabled with `set_option linter.dupNamespace false`
warning: Poincare/ModelLaplacian.lean:36308:8: The namespace 'RicciFlow' is duplicated in the declaration 'RicciFlow.RicciFlow.RicciFlow.g_coordRicciEndo_eq'

Note: This linter can be disabled with `set_option linter.dupNamespace false`
warning: Poincare/ModelLaplacian.lean:36313:8: The namespace 'RicciFlow' is duplicated in the declaration 'RicciFlow.RicciFlow.RicciFlow.trace_coordRicciEndo_eq'

Note: This linter can be disabled with `set_option linter.dupNamespace false`
warning: Poincare/ModelLaplacian.lean:36318:8: The namespace 'RicciFlow' is duplicated in the declaration 'RicciFlow.RicciFlow.RicciFlow.sum_g_raised_eq_trace_eq'

Note: This linter can be disabled with `set_option linter.dupNamespace false`
warning: Poincare/ModelLaplacian.lean:36323:8: The namespace 'RicciFlow' is duplicated in the declaration 'RicciFlow.RicciFlow.RicciFlow.coordRicciNormSq_eq_trace_eq'

Note: This linter can be disabled with `set_option linter.dupNamespace false`
warning: Poincare/ModelLaplacian.lean:36328:8: The namespace 'RicciFlow' is duplicated in the declaration 'RicciFlow.RicciFlow.RicciFlow.coordRicciEndo_selfAdjoint_eq'

Note: This linter can be disabled with `set_option linter.dupNamespace false`
warning: Poincare/ModelLaplacian.lean:36333:8: The namespace 'RicciFlow' is duplicated in the declaration 'RicciFlow.RicciFlow.RicciFlow.hamilton_ricci_flow_singularity_eq'

Note: This linter can be disabled with `set_option linter.dupNamespace false`
warning: Poincare/ModelLaplacian.lean:36338:8: The namespace 'RicciFlow' is duplicated in the declaration 'RicciFlow.RicciFlow.RicciFlow.christoffelClosedOp_symm_eq'

Note: This linter can be disabled with `set_option linter.dupNamespace false`
warning: Poincare/ModelLaplacian.lean:36343:8: The namespace 'RicciFlow' is duplicated in the declaration 'RicciFlow.RicciFlow.RicciFlow.coordCurvatureOp_antisymm_eq'

Note: This linter can be disabled with `set_option linter.dupNamespace false`
warning: Poincare/ModelLaplacian.lean:36348:8: The namespace 'RicciFlow' is duplicated in the declaration 'RicciFlow.RicciFlow.RicciFlow.fderiv_christoffelClosedOp_apply_eq'

Note: This linter can be disabled with `set_option linter.dupNamespace false`
warning: Poincare/ModelLaplacian.lean:36353:8: The namespace 'RicciFlow' is duplicated in the declaration 'RicciFlow.RicciFlow.RicciFlow.coord_first_bianchi_eq'

Note: This linter can be disabled with `set_option linter.dupNamespace false`
warning: Poincare/ModelLaplacian.lean:36358:8: The namespace 'RicciFlow' is duplicated in the declaration 'RicciFlow.RicciFlow.RicciFlow.coordRicci_antisymm_part_eq'

Note: This linter can be disabled with `set_option linter.dupNamespace false`
warning: Poincare/ModelLaplacian.lean:36363:8: The namespace 'RicciFlow' is duplicated in the declaration 'RicciFlow.RicciFlow.RicciFlow.g_christoffelClosedOp_eq'

Note: This linter can be disabled with `set_option linter.dupNamespace false`
warning: Poincare/ModelLaplacian.lean:36368:8: The namespace 'RicciFlow' is duplicated in the declaration 'RicciFlow.RicciFlow.RicciFlow.coord_metric_compatible_eq'

Note: This linter can be disabled with `set_option linter.dupNamespace false`
warning: Poincare/ModelLaplacian.lean:36373:8: The namespace 'RicciFlow' is duplicated in the declaration 'RicciFlow.RicciFlow.RicciFlow.hasFDerivAt_g_christoffel_left_eq'

Note: This linter can be disabled with `set_option linter.dupNamespace false`
warning: Poincare/ModelLaplacian.lean:36378:8: The namespace 'RicciFlow' is duplicated in the declaration 'RicciFlow.RicciFlow.RicciFlow.hasFDerivAt_g_christoffel_right_eq'

Note: This linter can be disabled with `set_option linter.dupNamespace false`
warning: Poincare/ModelLaplacian.lean:36383:8: The namespace 'RicciFlow' is duplicated in the declaration 'RicciFlow.RicciFlow.RicciFlow.coordCurvatureOp_skew_eq'

Note: This linter can be disabled with `set_option linter.dupNamespace false`
warning: Poincare/ModelLaplacian.lean:36388:8: The namespace 'RicciFlow' is duplicated in the declaration 'RicciFlow.RicciFlow.RicciFlow.coordRicci_symm_eq'

Note: This linter can be disabled with `set_option linter.dupNamespace false`
warning: Poincare/ModelLaplacian.lean:36393:8: The namespace 'RicciFlow' is duplicated in the declaration 'RicciFlow.RicciFlow.RicciFlow.hamilton_ricci_flow_singularity'_eq'

Note: This linter can be disabled with `set_option linter.dupNamespace false`
warning: Poincare/ModelLaplacian.lean:36398:8: The namespace 'RicciFlow' is duplicated in the declaration 'RicciFlow.RicciFlow.RicciFlow.fderiv_clm_family_apply_eq'

Note: This linter can be disabled with `set_option linter.dupNamespace false`
warning: Poincare/ModelLaplacian.lean:36403:8: The namespace 'RicciFlow' is duplicated in the declaration 'RicciFlow.RicciFlow.RicciFlow.differentiableAt_coordCurvatureOp_family_eq'

Note: This linter can be disabled with `set_option linter.dupNamespace false`
warning: Poincare/ModelLaplacian.lean:36408:8: The namespace 'RicciFlow' is duplicated in the declaration 'RicciFlow.RicciFlow.RicciFlow.covCurvDeriv_antisymm_eq'

Note: This linter can be disabled with `set_option linter.dupNamespace false`
warning: Poincare/ModelLaplacian.lean:36413:8: The namespace 'RicciFlow' is duplicated in the declaration 'RicciFlow.RicciFlow.RicciFlow.covCurvDeriv_const_eq_zero_eq'

Note: This linter can be disabled with `set_option linter.dupNamespace false`
warning: Poincare/ModelLaplacian.lean:36418:8: The namespace 'RicciFlow' is duplicated in the declaration 'RicciFlow.RicciFlow.RicciFlow.fderiv_christoffelClosedOp_comp_apply_eq'

Note: This linter can be disabled with `set_option linter.dupNamespace false`
warning: Poincare/ModelLaplacian.lean:36423:8: The namespace 'RicciFlow' is duplicated in the declaration 'RicciFlow.RicciFlow.RicciFlow.fderiv_coordCurvatureOp_family_eq'

Note: This linter can be disabled with `set_option linter.dupNamespace false`
warning: Poincare/ModelLaplacian.lean:36428:8: The namespace 'RicciFlow' is duplicated in the declaration 'RicciFlow.RicciFlow.RicciFlow.fderiv_christoffelClosedOp_slot_symm_eq'

Note: This linter can be disabled with `set_option linter.dupNamespace false`
warning: Poincare/ModelLaplacian.lean:36433:8: The namespace 'RicciFlow' is duplicated in the declaration 'RicciFlow.RicciFlow.RicciFlow.sndFDeriv_christoffelClosedOp_slot_symm_eq'

Note: This linter can be disabled with `set_option linter.dupNamespace false`
warning: Poincare/ModelLaplacian.lean:36438:8: The namespace 'RicciFlow' is duplicated in the declaration 'RicciFlow.RicciFlow.RicciFlow.coord_second_bianchi_eq'

Note: This linter can be disabled with `set_option linter.dupNamespace false`
warning: Poincare/ModelLaplacian.lean:36443:8: The namespace 'RicciFlow' is duplicated in the declaration 'RicciFlow.RicciFlow.RicciFlow.coord_first_contracted_bianchi_eq'

Note: This linter can be disabled with `set_option linter.dupNamespace false`
warning: Poincare/ModelLaplacian.lean:36448:8: The namespace 'RicciFlow' is duplicated in the declaration 'RicciFlow.RicciFlow.RicciFlow.coordCurvature_pair_symm_eq'

Note: This linter can be disabled with `set_option linter.dupNamespace false`
warning: Poincare/ModelLaplacian.lean:36453:8: The namespace 'RicciFlow' is duplicated in the declaration 'RicciFlow.RicciFlow.RicciFlow.coord_twice_contracted_bianchi_raw_eq'

Note: This linter can be disabled with `set_option linter.dupNamespace false`
warning: Poincare/ModelLaplacian.lean:36458:8: The namespace 'RicciFlow' is duplicated in the declaration 'RicciFlow.RicciFlow.RicciFlow.hasFDerivAt_g_op_family_eq'

Note: This linter can be disabled with `set_option linter.dupNamespace false`
warning: Poincare/ModelLaplacian.lean:36463:8: The namespace 'RicciFlow' is duplicated in the declaration 'RicciFlow.RicciFlow.RicciFlow.covCurvDeriv_pair_symm_eq'

Note: This linter can be disabled with `set_option linter.dupNamespace false`
warning: Poincare/ModelLaplacian.lean:36468:8: The namespace 'RicciFlow' is duplicated in the declaration 'RicciFlow.RicciFlow.RicciFlow.covCurvDeriv_add_snd_eq'

Note: This linter can be disabled with `set_option linter.dupNamespace false`
warning: Poincare/ModelLaplacian.lean:36473:8: The namespace 'RicciFlow' is duplicated in the declaration 'RicciFlow.RicciFlow.RicciFlow.covCurvDeriv_smul_snd_eq'

Note: This linter can be disabled with `set_option linter.dupNamespace false`
warning: Poincare/ModelLaplacian.lean:36478:8: The namespace 'RicciFlow' is duplicated in the declaration 'RicciFlow.RicciFlow.RicciFlow.coord_eq_g_raised_eq'

Note: This linter can be disabled with `set_option linter.dupNamespace false`
warning: Poincare/ModelLaplacian.lean:36483:8: The namespace 'RicciFlow' is duplicated in the declaration 'RicciFlow.RicciFlow.RicciFlow.coord_raised_symm_eq'

Note: This linter can be disabled with `set_option linter.dupNamespace false`
warning: Poincare/ModelLaplacian.lean:36488:8: The namespace 'RicciFlow' is duplicated in the declaration 'RicciFlow.RicciFlow.RicciFlow.sum_raised_contraction_swap_eq'

Note: This linter can be disabled with `set_option linter.dupNamespace false`
warning: Poincare/ModelLaplacian.lean:36493:8: The namespace 'RicciFlow' is duplicated in the declaration 'RicciFlow.RicciFlow.RicciFlow.covCurvDeriv_add_fst_eq'

Note: This linter can be disabled with `set_option linter.dupNamespace false`
warning: Poincare/ModelLaplacian.lean:36498:8: The namespace 'RicciFlow' is duplicated in the declaration 'RicciFlow.RicciFlow.RicciFlow.covCurvDeriv_smul_fst_eq'

Note: This linter can be disabled with `set_option linter.dupNamespace false`
warning: Poincare/ModelLaplacian.lean:36503:8: The namespace 'RicciFlow' is duplicated in the declaration 'RicciFlow.RicciFlow.RicciFlow.covCurvDeriv_applied_skew_eq'

Note: This linter can be disabled with `set_option linter.dupNamespace false`
warning: Poincare/ModelLaplacian.lean:36508:8: The namespace 'RicciFlow' is duplicated in the declaration 'RicciFlow.RicciFlow.RicciFlow.covCurvDeriv_first_bianchi_eq'

Note: This linter can be disabled with `set_option linter.dupNamespace false`
warning: Poincare/ModelLaplacian.lean:36513:8: The namespace 'RicciFlow' is duplicated in the declaration 'RicciFlow.RicciFlow.RicciFlow.curvDivergence_contraction_eq_ricciDivergence_eq'

Note: This linter can be disabled with `set_option linter.dupNamespace false`
warning: Poincare/ModelLaplacian.lean:36518:8: The namespace 'RicciFlow' is duplicated in the declaration 'RicciFlow.RicciFlow.RicciFlow.coord_twice_contracted_bianchi_eq'

Note: This linter can be disabled with `set_option linter.dupNamespace false`
warning: Poincare/ModelLaplacian.lean:36523:8: The namespace 'RicciFlow' is duplicated in the declaration 'RicciFlow.RicciFlow.RicciFlow.g_christoffelDeriv_eq'

Note: This linter can be disabled with `set_option linter.dupNamespace false`
warning: Poincare/ModelLaplacian.lean:36528:8: The namespace 'RicciFlow' is duplicated in the declaration 'RicciFlow.RicciFlow.RicciFlow.curvatureDerivOp_eq_covDeltaGamma_eq'

Note: This linter can be disabled with `set_option linter.dupNamespace false`
warning: Poincare/ModelLaplacian.lean:36533:8: The namespace 'RicciFlow' is duplicated in the declaration 'RicciFlow.RicciFlow.RicciFlow.ricciDeriv_eq_deltaGamma_contractions_eq'

Note: This linter can be disabled with `set_option linter.dupNamespace false`
warning: Poincare/ModelLaplacian.lean:36538:8: The namespace 'RicciFlow' is duplicated in the declaration 'RicciFlow.RicciFlow.RicciFlow.g_covDeltaGammaDeriv_eq'

Note: This linter can be disabled with `set_option linter.dupNamespace false`
warning: Poincare/ModelLaplacian.lean:36543:8: The namespace 'RicciFlow' is duplicated in the declaration 'RicciFlow.RicciFlow.RicciFlow.covTensor2Deriv_add_dir_eq'

Note: This linter can be disabled with `set_option linter.dupNamespace false`
warning: Poincare/ModelLaplacian.lean:36548:8: The namespace 'RicciFlow' is duplicated in the declaration 'RicciFlow.RicciFlow.RicciFlow.covTensor2Deriv_smul_dir_eq'

Note: This linter can be disabled with `set_option linter.dupNamespace false`
warning: Poincare/ModelLaplacian.lean:36553:8: The namespace 'RicciFlow' is duplicated in the declaration 'RicciFlow.RicciFlow.RicciFlow.covTensor2Deriv_add_left_eq'

Note: This linter can be disabled with `set_option linter.dupNamespace false`
warning: Poincare/ModelLaplacian.lean:36558:8: The namespace 'RicciFlow' is duplicated in the declaration 'RicciFlow.RicciFlow.RicciFlow.covTensor2Deriv_add_right_eq'

Note: This linter can be disabled with `set_option linter.dupNamespace false`
warning: Poincare/ModelLaplacian.lean:36563:8: The namespace 'RicciFlow' is duplicated in the declaration 'RicciFlow.RicciFlow.RicciFlow.covTensor2Deriv_smul_left_eq'

Note: This linter can be disabled with `set_option linter.dupNamespace false`
warning: Poincare/ModelLaplacian.lean:36568:8: The namespace 'RicciFlow' is duplicated in the declaration 'RicciFlow.RicciFlow.RicciFlow.covTensor2Deriv_smul_right_eq'

Note: This linter can be disabled with `set_option linter.dupNamespace false`
warning: Poincare/ModelLaplacian.lean:36573:8: The namespace 'RicciFlow' is duplicated in the declaration 'RicciFlow.RicciFlow.RicciFlow.metricBilin_apply_eq'

Note: This linter can be disabled with `set_option linter.dupNamespace false`
warning: Poincare/ModelLaplacian.lean:36578:8: The namespace 'RicciFlow' is duplicated in the declaration 'RicciFlow.RicciFlow.RicciFlow.metricBilin_nondeg_eq'

Note: This linter can be disabled with `set_option linter.dupNamespace false`
warning: Poincare/ModelLaplacian.lean:36583:8: The namespace 'RicciFlow' is duplicated in the declaration 'RicciFlow.RicciFlow.RicciFlow.curvedLaplacian_eq_raised_sum_eq'

Note: This linter can be disabled with `set_option linter.dupNamespace false`
warning: Poincare/ModelLaplacian.lean:36588:8: The namespace 'RicciFlow' is duplicated in the declaration 'RicciFlow.RicciFlow.RicciFlow.curvedLaplacian_eq_raised_hessian_sum_eq'

Note: This linter can be disabled with `set_option linter.dupNamespace false`
warning: Poincare/ModelLaplacian.lean:36593:8: The namespace 'RicciFlow' is duplicated in the declaration 'RicciFlow.RicciFlow.RicciFlow.hasFDerivAt_inverse_raise_eq'

Note: This linter can be disabled with `set_option linter.dupNamespace false`
warning: Poincare/ModelLaplacian.lean:36598:8: The namespace 'RicciFlow' is duplicated in the declaration 'RicciFlow.RicciFlow.RicciFlow.g_inverse_raise_fderiv_eq'

Note: This linter can be disabled with `set_option linter.dupNamespace false`
warning: Poincare/ModelLaplacian.lean:36603:8: The namespace 'RicciFlow' is duplicated in the declaration 'RicciFlow.RicciFlow.RicciFlow.g_inverse_raise_metric_compat_eq'

Note: This linter can be disabled with `set_option linter.dupNamespace false`
warning: Poincare/ModelLaplacian.lean:36608:8: The namespace 'RicciFlow' is duplicated in the declaration 'RicciFlow.RicciFlow.RicciFlow.differentiableAt_coordRicci_family_eq'

Note: This linter can be disabled with `set_option linter.dupNamespace false`
warning: Poincare/ModelLaplacian.lean:36613:8: The namespace 'RicciFlow' is duplicated in the declaration 'RicciFlow.RicciFlow.RicciFlow.sum_coord_eq_trace_eq'

Note: This linter can be disabled with `set_option linter.dupNamespace false`
warning: Poincare/ModelLaplacian.lean:36618:8: The namespace 'RicciFlow' is duplicated in the declaration 'RicciFlow.RicciFlow.RicciFlow.coordCurvatureOp_add_fst_eq'

Note: This linter can be disabled with `set_option linter.dupNamespace false`
warning: Poincare/ModelLaplacian.lean:36623:8: The namespace 'RicciFlow' is duplicated in the declaration 'RicciFlow.RicciFlow.RicciFlow.coordCurvatureOp_smul_fst_eq'

Note: This linter can be disabled with `set_option linter.dupNamespace false`
warning: Poincare/ModelLaplacian.lean:36628:8: The namespace 'RicciFlow' is duplicated in the declaration 'RicciFlow.RicciFlow.RicciFlow.coordRicci_trace_slot_cancel_eq'

Note: This linter can be disabled with `set_option linter.dupNamespace false`
warning: Poincare/ModelLaplacian.lean:36633:8: The namespace 'RicciFlow' is duplicated in the declaration 'RicciFlow.RicciFlow.RicciFlow.covRicciDeriv_eq_tensor_deriv_eq'

Note: This linter can be disabled with `set_option linter.dupNamespace false`
warning: Poincare/ModelLaplacian.lean:36638:8: The namespace 'RicciFlow' is duplicated in the declaration 'RicciFlow.RicciFlow.RicciFlow.coordRicci_christoffel_correction_symm_eq'

Note: This linter can be disabled with `set_option linter.dupNamespace false`
warning: Poincare/ModelLaplacian.lean:36643:8: The namespace 'RicciFlow' is duplicated in the declaration 'RicciFlow.RicciFlow.RicciFlow.coordRicci_eq_sum_first_slot_eq'

Note: This linter can be disabled with `set_option linter.dupNamespace false`
warning: Poincare/ModelLaplacian.lean:36648:8: The namespace 'RicciFlow' is duplicated in the declaration 'RicciFlow.RicciFlow.RicciFlow.fderiv_coordRicci_first_slot_const_eq'

Note: This linter can be disabled with `set_option linter.dupNamespace false`
warning: Poincare/ModelLaplacian.lean:36653:8: The namespace 'RicciFlow' is duplicated in the declaration 'RicciFlow.RicciFlow.RicciFlow.coordRicci_inverse_raise_trace_eq'

Note: This linter can be disabled with `set_option linter.dupNamespace false`
warning: Poincare/ModelLaplacian.lean:36658:8: The namespace 'RicciFlow' is duplicated in the declaration 'RicciFlow.RicciFlow.RicciFlow.differentiableAt_coordRicci_raised_eq'

Note: This linter can be disabled with `set_option linter.dupNamespace false`
warning: Poincare/ModelLaplacian.lean:36663:8: The namespace 'RicciFlow' is duplicated in the declaration 'RicciFlow.RicciFlow.RicciFlow.scalarContractionDeriv_eq_fderiv_coordScalar_eq'

Note: This linter can be disabled with `set_option linter.dupNamespace false`
warning: Poincare/ModelLaplacian.lean:36668:8: The namespace 'RicciFlow' is duplicated in the declaration 'RicciFlow.RicciFlow.RicciFlow.ricciDivergence_eq_half_fderiv_scalar_eq'

Note: This linter can be disabled with `set_option linter.dupNamespace false`
warning: Poincare/ModelLaplacian.lean:36673:8: The namespace 'RicciFlow' is duplicated in the declaration 'RicciFlow.RicciFlow.RicciFlow.ricciDivergence_add_eq'

Note: This linter can be disabled with `set_option linter.dupNamespace false`
warning: Poincare/ModelLaplacian.lean:36678:8: The namespace 'RicciFlow' is duplicated in the declaration 'RicciFlow.RicciFlow.RicciFlow.ricciDivergence_smul_eq'

Note: This linter can be disabled with `set_option linter.dupNamespace false`
warning: Poincare/ModelLaplacian.lean:36683:8: The namespace 'RicciFlow' is duplicated in the declaration 'RicciFlow.RicciFlow.RicciFlow.ricciDivergenceForm_apply_eq'

Note: This linter can be disabled with `set_option linter.dupNamespace false`
warning: Poincare/ModelLaplacian.lean:36688:8: The namespace 'RicciFlow' is duplicated in the declaration 'RicciFlow.RicciFlow.RicciFlow.fderiv_coordScalar_eq_two_ricciDivergenceForm_eq'

Note: This linter can be disabled with `set_option linter.dupNamespace false`
warning: Poincare/ModelLaplacian.lean:36693:8: The namespace 'RicciFlow' is duplicated in the declaration 'RicciFlow.RicciFlow.RicciFlow.hamilton_scalar_evolution_of_bianchi_curved_eq'

Note: This linter can be disabled with `set_option linter.dupNamespace false`
warning: Poincare/ModelLaplacian.lean:36698:8: The namespace 'RicciFlow' is duplicated in the declaration 'RicciFlow.RicciFlow.RicciFlow.g_covDeltaGammaDeriv_lichnerowicz_eq'

Note: This linter can be disabled with `set_option linter.dupNamespace false`
warning: Poincare/ModelLaplacian.lean:36703:8: The namespace 'RicciFlow' is duplicated in the declaration 'RicciFlow.RicciFlow.RicciFlow.differentiableAt_covTensor2Deriv_family_eq'

Note: This linter can be disabled with `set_option linter.dupNamespace false`
warning: Poincare/ModelLaplacian.lean:36708:8: The namespace 'RicciFlow' is duplicated in the declaration 'RicciFlow.RicciFlow.RicciFlow.covTensor2Deriv_const_eq_zero_eq'

Note: This linter can be disabled with `set_option linter.dupNamespace false`
warning: Poincare/ModelLaplacian.lean:36713:8: The namespace 'RicciFlow' is duplicated in the declaration 'RicciFlow.RicciFlow.RicciFlow.covTensor2SndDeriv_const_eq_zero_eq'

Note: This linter can be disabled with `set_option linter.dupNamespace false`
warning: Poincare/ModelLaplacian.lean:36718:8: The namespace 'RicciFlow' is duplicated in the declaration 'RicciFlow.RicciFlow.RicciFlow.fderiv_lichnerowicz_sum_eq'

Note: This linter can be disabled with `set_option linter.dupNamespace false`
warning: Poincare/ModelLaplacian.lean:36723:8: The namespace 'RicciFlow' is duplicated in the declaration 'RicciFlow.RicciFlow.RicciFlow.g_covDeltaGammaDeriv_fderiv_form_eq'

Note: This linter can be disabled with `set_option linter.dupNamespace false`
warning: Poincare/ModelLaplacian.lean:36728:8: The namespace 'RicciFlow' is duplicated in the declaration 'RicciFlow.RicciFlow.RicciFlow.g_covDeltaGammaDeriv_sndDeriv_form_eq'

Note: This linter can be disabled with `set_option linter.dupNamespace false`
warning: Poincare/ModelLaplacian.lean:36733:8: The namespace 'RicciFlow' is duplicated in the declaration 'RicciFlow.RicciFlow.RicciFlow.coordRicciForm_metric_trace_eq'

Note: This linter can be disabled with `set_option linter.dupNamespace false`
warning: Poincare/ModelLaplacian.lean:36738:8: The namespace 'RicciFlow' is duplicated in the declaration 'RicciFlow.RicciFlow.RicciFlow.metricTrace_smul_coordRicciForm_eq'

Note: This linter can be disabled with `set_option linter.dupNamespace false`
warning: Poincare/ModelLaplacian.lean:36743:8: The namespace 'RicciFlow' is duplicated in the declaration 'RicciFlow.RicciFlow.RicciFlow.covTensor1Deriv_const_eq_zero_eq'

Note: This linter can be disabled with `set_option linter.dupNamespace false`
warning: Poincare/ModelLaplacian.lean:36748:8: The namespace 'RicciFlow' is duplicated in the declaration 'RicciFlow.RicciFlow.RicciFlow.covTensor1Deriv_add_test_eq'

Note: This linter can be disabled with `set_option linter.dupNamespace false`
warning: Poincare/ModelLaplacian.lean:36753:8: The namespace 'RicciFlow' is duplicated in the declaration 'RicciFlow.RicciFlow.RicciFlow.covTensor1Deriv_fderiv_eq_covariantHessian_eq'

Note: This linter can be disabled with `set_option linter.dupNamespace false`
warning: Poincare/ModelLaplacian.lean:36758:8: The namespace 'RicciFlow' is duplicated in the declaration 'RicciFlow.RicciFlow.RicciFlow.metricTrace_covTensor1Deriv_fderiv_eq'

Note: This linter can be disabled with `set_option linter.dupNamespace false`
warning: Poincare/ModelLaplacian.lean:36763:8: The namespace 'RicciFlow' is duplicated in the declaration 'RicciFlow.RicciFlow.RicciFlow.covTensor1Deriv_smul_eq'

Note: This linter can be disabled with `set_option linter.dupNamespace false`
warning: Poincare/ModelLaplacian.lean:36768:8: The namespace 'RicciFlow' is duplicated in the declaration 'RicciFlow.RicciFlow.RicciFlow.metricTrace_covTensor1Deriv_half_grad_eq'

Note: This linter can be disabled with `set_option linter.dupNamespace false`
warning: Poincare/ModelLaplacian.lean:36773:8: The namespace 'RicciFlow' is duplicated in the declaration 'RicciFlow.RicciFlow.RicciFlow.deltaGammaDivergence_eq_g_pairing_eq'

Note: This linter can be disabled with `set_option linter.dupNamespace false`
warning: Poincare/ModelLaplacian.lean:36778:8: The namespace 'RicciFlow' is duplicated in the declaration 'RicciFlow.RicciFlow.RicciFlow.deltaGammaContractionDeriv_eq_g_pairing_eq'

Note: This linter can be disabled with `set_option linter.dupNamespace false`
warning: Poincare/ModelLaplacian.lean:36783:8: The namespace 'RicciFlow' is duplicated in the declaration 'RicciFlow.RicciFlow.RicciFlow.covTensor2Deriv_symm_eq'

Note: This linter can be disabled with `set_option linter.dupNamespace false`
warning: Poincare/ModelLaplacian.lean:36788:8: The namespace 'RicciFlow' is duplicated in the declaration 'RicciFlow.RicciFlow.RicciFlow.curvedLaplacian_add_const_eq'

Note: This linter can be disabled with `set_option linter.dupNamespace false`
warning: Poincare/ModelLaplacian.lean:36793:8: The namespace 'RicciFlow' is duplicated in the declaration 'RicciFlow.RicciFlow.RicciFlow.curved_parabolic_min_principle_eq'

Note: This linter can be disabled with `set_option linter.dupNamespace false`
warning: Poincare/ModelLaplacian.lean:36798:8: The namespace 'RicciFlow' is duplicated in the declaration 'RicciFlow.RicciFlow.RicciFlow.curved_parabolic_min_principle_strict_var_eq'

Note: This linter can be disabled with `set_option linter.dupNamespace false`
warning: Poincare/ModelLaplacian.lean:36803:8: The namespace 'RicciFlow' is duplicated in the declaration 'RicciFlow.RicciFlow.RicciFlow.curved_parabolic_min_principle_var_eq'

Note: This linter can be disabled with `set_option linter.dupNamespace false`
warning: Poincare/ModelLaplacian.lean:36808:8: The namespace 'RicciFlow' is duplicated in the declaration 'RicciFlow.RicciFlow.RicciFlow.curved_hamilton_scalar_lower_bound_eq'

Note: This linter can be disabled with `set_option linter.dupNamespace false`
warning: Poincare/ModelLaplacian.lean:36813:8: The namespace 'RicciFlow' is duplicated in the declaration 'RicciFlow.RicciFlow.RicciFlow.curved_hamilton_finite_time_singularity_eq'

Note: This linter can be disabled with `set_option linter.dupNamespace false`
warning: Poincare/ModelLaplacian.lean:36818:8: The namespace 'RicciFlow' is duplicated in the declaration 'RicciFlow.RicciFlow.RicciFlow.curved_parabolic_min_principle_strict_var_tv_eq'

Note: This linter can be disabled with `set_option linter.dupNamespace false`
warning: Poincare/ModelLaplacian.lean:36823:8: The namespace 'RicciFlow' is duplicated in the declaration 'RicciFlow.RicciFlow.RicciFlow.curved_parabolic_min_principle_var_tv_eq'

Note: This linter can be disabled with `set_option linter.dupNamespace false`
warning: Poincare/ModelLaplacian.lean:36828:8: The namespace 'RicciFlow' is duplicated in the declaration 'RicciFlow.RicciFlow.RicciFlow.curved_hamilton_scalar_lower_bound_tv_eq'

Note: This linter can be disabled with `set_option linter.dupNamespace false`
warning: Poincare/ModelLaplacian.lean:36833:8: The namespace 'RicciFlow' is duplicated in the declaration 'RicciFlow.RicciFlow.RicciFlow.curved_hamilton_finite_time_singularity_tv_eq'

Note: This linter can be disabled with `set_option linter.dupNamespace false`
warning: Poincare/ModelLaplacian.lean:36838:8: The namespace 'RicciFlow' is duplicated in the declaration 'RicciFlow.RicciFlow.RicciFlow.curved_hamilton_singularity_of_evolution_eq_tv_eq'

Note: This linter can be disabled with `set_option linter.dupNamespace false`
warning: Poincare/ModelLaplacian.lean:36843:8: The namespace 'RicciFlow' is duplicated in the declaration 'RicciFlow.RicciFlow.RicciFlow.metricBilin_isSymm_eq'

Note: This linter can be disabled with `set_option linter.dupNamespace false`
⚠ [3030/4019] Replayed Poincare.Global.BoundedUniformContinuousHeat
warning: Poincare/Global/BoundedUniformContinuousHeat.lean:40:0: automatically included section variable(s) unused in theorem `Poincare.isClosed_boundedUniformContinuousSubmodule`:
  [InnerProductSpace ℝ E]
  [FiniteDimensional ℝ E]
  [MeasurableSpace E]
  [BorelSpace E]
  [FiniteDimensional ℝ F]
consider restructuring your `variable` declarations so that the variables are not in scope or explicitly omit them:
  omit [InnerProductSpace ℝ
  E] [FiniteDimensional ℝ E] [MeasurableSpace E] [BorelSpace E] [FiniteDimensional ℝ F] in theorem ...

Note: This linter can be disabled with `set_option linter.unusedSectionVars false`
warning: Poincare/Global/BoundedUniformContinuousHeat.lean:55:0: automatically included section variable(s) unused in theorem `Poincare.vectorHeatSolution_apply_data_translate`:
  [FiniteDimensional ℝ F]
consider restructuring your `variable` declarations so that the variables are not in scope or explicitly omit them:
  omit [FiniteDimensional ℝ F] in theorem ...

Note: This linter can be disabled with `set_option linter.unusedSectionVars false`
info: Poincare/Global/BoundedUniformContinuousHeat.lean:154:2: Try this:
  [apply] ring_nf
  
  The `ring` tactic failed to close the goal. Use `ring_nf` to obtain a normal form.
    
  Note that `ring` works primarily in *commutative* rings. If you have a noncommutative ring, abelian group or module, consider using `noncomm_ring`, `abel` or `module` instead.
warning: Poincare/Global/BoundedUniformContinuousHeat.lean:135:0: automatically included section variable(s) unused in theorem `Poincare.heatKernel_sq_smul`:
  [MeasurableSpace E]
  [BorelSpace E]
consider restructuring your `variable` declarations so that the variables are not in scope or explicitly omit them:
  omit [MeasurableSpace E] [BorelSpace E] in theorem ...

Note: This linter can be disabled with `set_option linter.unusedSectionVars false`
⚠ [3034/4019] Replayed Poincare.Global.HeatDuhamelPicard
warning: Poincare/Global/HeatDuhamelPicard.lean:38:0: automatically included section variable(s) unused in theorem `Poincare.vectorHeatSemigroupNonnegative_of_pos`:
  [CompleteSpace F]
consider restructuring your `variable` declarations so that the variables are not in scope or explicitly omit them:
  omit [CompleteSpace F] in theorem ...

Note: This linter can be disabled with `set_option linter.unusedSectionVars false`
warning: Poincare/Global/HeatDuhamelPicard.lean:44:0: automatically included section variable(s) unused in theorem `Poincare.vectorHeatSemigroupNonnegative_of_nonpos`:
  [CompleteSpace F]
consider restructuring your `variable` declarations so that the variables are not in scope or explicitly omit them:
  omit [CompleteSpace F] in theorem ...

Note: This linter can be disabled with `set_option linter.unusedSectionVars false`
warning: Poincare/Global/HeatDuhamelPicard.lean:60:0: automatically included section variable(s) unused in theorem `Poincare.tendsto_vectorHeatSemigroupNonnegative_apply_zero_of_lipschitz`:
  [CompleteSpace F]
consider restructuring your `variable` declarations so that the variables are not in scope or explicitly omit them:
  omit [CompleteSpace F] in theorem ...

Note: This linter can be disabled with `set_option linter.unusedSectionVars false`
⚠ [3035/4019] Replayed Poincare.Global.HeatDuhamelBUCIntrinsic
warning: Poincare/Global/HeatDuhamelBUCIntrinsic.lean:29:0: automatically included section variable(s) unused in theorem `Poincare.norm_vectorHeatSemigroupBUCExtended_le_one`:
  [CompleteSpace F]
consider restructuring your `variable` declarations so that the variables are not in scope or explicitly omit them:
  omit [CompleteSpace F] in theorem ...

Note: This linter can be disabled with `set_option linter.unusedSectionVars false`
warning: Poincare/Global/HeatDuhamelBUCIntrinsic.lean:268:0: automatically included section variable(s) unused in theorem `Poincare.constantDuhamelBUCIntrinsicPath_apply`:
  [InnerProductSpace ℝ E]
  [FiniteDimensional ℝ E]
  [MeasurableSpace E]
  [BorelSpace E]
  [FiniteDimensional ℝ F]
  [CompleteSpace F]
consider restructuring your `variable` declarations so that the variables are not in scope or explicitly omit them:
  omit [InnerProductSpace ℝ
  E] [FiniteDimensional ℝ E] [MeasurableSpace E] [BorelSpace E] [FiniteDimensional ℝ F] [CompleteSpace F] in theorem ...

Note: This linter can be disabled with `set_option linter.unusedSectionVars false`
⚠ [3036/4019] Replayed Poincare.Global.HeatKernelSemigroup
warning: Poincare/Global/HeatKernelSemigroup.lean:23:8: automatically included section variable(s) unused in theorem `_private.Poincare.Global.HeatKernelSemigroup.0.Poincare.heatKernel_completeSquare`:
  [FiniteDimensional ℝ E]
  [MeasurableSpace E]
  [BorelSpace E]
consider restructuring your `variable` declarations so that the variables are not in scope or explicitly omit them:
  omit [FiniteDimensional ℝ E] [MeasurableSpace E] [BorelSpace E] in theorem ...

Note: This linter can be disabled with `set_option linter.unusedSectionVars false`
warning: Poincare/Global/HeatKernelSemigroup.lean:38:8: automatically included section variable(s) unused in theorem `_private.Poincare.Global.HeatKernelSemigroup.0.Poincare.heatKernel_normalization_mul`:
  [FiniteDimensional ℝ E]
  [MeasurableSpace E]
  [BorelSpace E]
consider restructuring your `variable` declarations so that the variables are not in scope or explicitly omit them:
  omit [FiniteDimensional ℝ E] [MeasurableSpace E] [BorelSpace E] in theorem ...

Note: This linter can be disabled with `set_option linter.unusedSectionVars false`
⚠ [3038/4019] Replayed Poincare.Global.SemilinearHeatBUC
warning: Poincare/Global/SemilinearHeatBUC.lean:40:0: automatically included section variable(s) unused in theorem `Poincare.heatLinearBUCPath_apply`:
  [CompleteSpace F]
consider restructuring your `variable` declarations so that the variables are not in scope or explicitly omit them:
  omit [CompleteSpace F] in theorem ...

Note: This linter can be disabled with `set_option linter.unusedSectionVars false`
warning: Poincare/Global/SemilinearHeatBUC.lean:47:0: automatically included section variable(s) unused in theorem `Poincare.heatLinearBUCPath_zero`:
  [CompleteSpace F]
consider restructuring your `variable` declarations so that the variables are not in scope or explicitly omit them:
  omit [CompleteSpace F] in theorem ...

Note: This linter can be disabled with `set_option linter.unusedSectionVars false`
warning: Poincare/Global/SemilinearHeatBUC.lean:208:0: automatically included section variable(s) unused in theorem `Poincare.dist_vectorHeatSemigroupBUCExtended_apply_le`:
  [CompleteSpace F]
consider restructuring your `variable` declarations so that the variables are not in scope or explicitly omit them:
  omit [CompleteSpace F] in theorem ...

Note: This linter can be disabled with `set_option linter.unusedSectionVars false`
⚠ [3039/4019] Replayed Poincare.Global.SemilinearHeatBUCRegularity
warning: Poincare/Global/SemilinearHeatBUCRegularity.lean:120:0: automatically included section variable(s) unused in theorem `Poincare.heatLinearBUC_orbit_solves_heatEquation`:
  [CompleteSpace F]
consider restructuring your `variable` declarations so that the variables are not in scope or explicitly omit them:
  omit [CompleteSpace F] in theorem ...

Note: This linter can be disabled with `set_option linter.unusedSectionVars false`
⚠ [3041/4019] Replayed Poincare.Global.HeatSemigroupBUCGeneratorCore
warning: Poincare/Global/HeatSemigroupBUCGeneratorCore.lean:72:6: try 'simp' instead of 'simpa'

Note: This linter can be disabled with `set_option linter.unnecessarySimpa false`
warning: Poincare/Global/HeatSemigroupBUCGeneratorCore.lean:180:0: automatically included section variable(s) unused in theorem `Poincare.mem_bucHeatGeneratorDomain_iff`:
  [CompleteSpace F]
consider restructuring your `variable` declarations so that the variables are not in scope or explicitly omit them:
  omit [CompleteSpace F] in theorem ...

Note: This linter can be disabled with `set_option linter.unusedSectionVars false`
⚠ [3042/4019] Replayed Poincare.Global.HeatSemigroupBUCGeneratorEvolution
warning: Poincare/Global/HeatSemigroupBUCGeneratorEvolution.lean:31:0: automatically included section variable(s) unused in theorem `Poincare.IsInBUCHeatGeneratorDomain.unique`:
  [CompleteSpace F]
consider restructuring your `variable` declarations so that the variables are not in scope or explicitly omit them:
  omit [CompleteSpace F] in theorem ...

Note: This linter can be disabled with `set_option linter.unusedSectionVars false`
warning: Poincare/Global/HeatSemigroupBUCGeneratorEvolution.lean:127:0: automatically included section variable(s) unused in theorem `Poincare.integratedHeatOrbitBUCCLM_apply`:
  [CompleteSpace F]
consider restructuring your `variable` declarations so that the variables are not in scope or explicitly omit them:
  omit [CompleteSpace F] in theorem ...

Note: This linter can be disabled with `set_option linter.unusedSectionVars false`
warning: Poincare/Global/HeatSemigroupBUCGeneratorEvolution.lean:134:0: automatically included section variable(s) unused in theorem `Poincare.IsInBUCHeatGeneratorDomain.semigroup`:
  [CompleteSpace F]
consider restructuring your `variable` declarations so that the variables are not in scope or explicitly omit them:
  omit [CompleteSpace F] in theorem ...

Note: This linter can be disabled with `set_option linter.unusedSectionVars false`
warning: Poincare/Global/HeatSemigroupBUCGeneratorEvolution.lean:203:0: automatically included section variable(s) unused in theorem `Poincare.IsInBUCHeatGeneratorDomain.hasDerivWithinAt_semigroup_orbit`:
  [CompleteSpace F]
consider restructuring your `variable` declarations so that the variables are not in scope or explicitly omit them:
  omit [CompleteSpace F] in theorem ...

Note: This linter can be disabled with `set_option linter.unusedSectionVars false`
⚠ [3258/4019] Replayed Poincare.Global.LeviCivitaRegularity
warning: Poincare/Global/LeviCivitaRegularity.lean:948:2: Try this: intro σ hσ x₀ _
warning: Poincare/Global/LeviCivitaRegularity.lean:1045:2: Try this: intro σ hσ x₀ _
warning: Poincare/Global/LeviCivitaRegularity.lean:1147:4: Try this: intro σ hσ x₀ _
⚠ [3259/4019] Replayed Poincare.Global.Curvature
warning: Poincare/Global/Curvature.lean:104:0: automatically included section variable(s) unused in theorem `Poincare.ClosedSmoothRiemannianMetric.metricBilinAt_apply`:
  [T2Space M]
consider restructuring your `variable` declarations so that the variables are not in scope or explicitly omit them:
  omit [T2Space M] in theorem ...

Note: This linter can be disabled with `set_option linter.unusedSectionVars false`
warning: Poincare/Global/Curvature.lean:110:0: automatically included section variable(s) unused in theorem `Poincare.ClosedSmoothRiemannianMetric.metricBilinAt_nondegenerate`:
  [T2Space M]
consider restructuring your `variable` declarations so that the variables are not in scope or explicitly omit them:
  omit [T2Space M] in theorem ...

Note: This linter can be disabled with `set_option linter.unusedSectionVars false`
warning: Poincare/Global/Curvature.lean:123:0: automatically included section variable(s) unused in theorem `Poincare.ClosedSmoothRiemannianMetric.metric_pairing_mdiffAt`:
  [T2Space M]
consider restructuring your `variable` declarations so that the variables are not in scope or explicitly omit them:
  omit [T2Space M] in theorem ...

Note: This linter can be disabled with `set_option linter.unusedSectionVars false`
warning: Poincare/Global/Curvature.lean:134:0: automatically included section variable(s) unused in theorem `Poincare.ClosedSmoothRiemannianMetric.metric_pairing_contMDiffAt_two`:
  [T2Space M]
consider restructuring your `variable` declarations so that the variables are not in scope or explicitly omit them:
  omit [T2Space M] in theorem ...

Note: This linter can be disabled with `set_option linter.unusedSectionVars false`
⚠ [3264/4019] Replayed Poincare.Global.RicciNorm
warning: Poincare/Global/RicciNorm.lean:37:0: automatically included section variable(s) unused in theorem `Poincare.ClosedSmoothRiemannianMetric.metricBilinAt_isSymm`:
  [T2Space M]
  [g.leviCivita.ContMDiffCovariantDerivative 1]
consider restructuring your `variable` declarations so that the variables are not in scope or explicitly omit them:
  omit [T2Space M] [g.leviCivita.ContMDiffCovariantDerivative 1] in theorem ...

Note: This linter can be disabled with `set_option linter.unusedSectionVars false`
warning: Poincare/Global/RicciNorm.lean:44:0: automatically included section variable(s) unused in theorem `Poincare.ClosedSmoothRiemannianMetric.metricBilinAt_pos`:
  [T2Space M]
  [g.leviCivita.ContMDiffCovariantDerivative 1]
consider restructuring your `variable` declarations so that the variables are not in scope or explicitly omit them:
  omit [T2Space M] [g.leviCivita.ContMDiffCovariantDerivative 1] in theorem ...

Note: This linter can be disabled with `set_option linter.unusedSectionVars false`
warning: Poincare/Global/RicciNorm.lean:61:2: try 'simp' instead of 'simpa'

Note: This linter can be disabled with `set_option linter.unnecessarySimpa false`
warning: Poincare/Global/RicciNorm.lean:102:0: automatically included section variable(s) unused in theorem `Poincare.ClosedSmoothRiemannianMetric.finrank_tangentSpace_eq`:
  [T2Space M]
  [IsManifold I ∞ M]
consider restructuring your `variable` declarations so that the variables are not in scope or explicitly omit them:
  omit [T2Space M] [IsManifold I ∞ M] in theorem ...

Note: This linter can be disabled with `set_option linter.unusedSectionVars false`
⚠ [3265/4019] Replayed Poincare.Global.ScalarVariation
warning: Poincare/Global/ScalarVariation.lean:693:0: automatically included section variable(s) unused in theorem `Poincare.extend_tangent_add`:
  [T2Space M]
consider restructuring your `variable` declarations so that the variables are not in scope or explicitly omit them:
  omit [T2Space M] in theorem ...

Note: This linter can be disabled with `set_option linter.unusedSectionVars false`
warning: Poincare/Global/ScalarVariation.lean:708:0: automatically included section variable(s) unused in theorem `Poincare.extend_tangent_smul`:
  [T2Space M]
consider restructuring your `variable` declarations so that the variables are not in scope or explicitly omit them:
  omit [T2Space M] in theorem ...

Note: This linter can be disabled with `set_option linter.unusedSectionVars false`
warning: Poincare/Global/ScalarVariation.lean:772:0: automatically included section variable(s) unused in theorem `Poincare.extDerivFun_extDerivFun_extend_eq_fderiv_fderiv_chart`:
  [T2Space M]
consider restructuring your `variable` declarations so that the variables are not in scope or explicitly omit them:
  omit [T2Space M] in theorem ...

Note: This linter can be disabled with `set_option linter.unusedSectionVars false`
warning: Poincare/Global/ScalarVariation.lean:1689:0: automatically included section variable(s) unused in theorem `Poincare.gramMatrix_at_base`:
  [T2Space M]
consider restructuring your `variable` declarations so that the variables are not in scope or explicitly omit them:
  omit [T2Space M] in theorem ...

Note: This linter can be disabled with `set_option linter.unusedSectionVars false`
warning: Poincare/Global/ScalarVariation.lean:2331:21: This simp argument is unused:
  mul_assoc

Hint: Omit it from the simp argument list.
  simp [smul_eq_mul,̵ ̵m̵u̵l̵_̵a̵s̵s̵o̵c̵]

Note: This linter can be disabled with `set_option linter.unusedSimpArgs false`
warning: Poincare/Global/ScalarVariation.lean:2866:10: try 'simp' instead of 'simpa'

Note: This linter can be disabled with `set_option linter.unnecessarySimpa false`
warning: Poincare/Global/ScalarVariation.lean:3011:0: automatically included section variable(s) unused in theorem `Poincare.chartTangentBasisAt_apply`:
  [T2Space M]
consider restructuring your `variable` declarations so that the variables are not in scope or explicitly omit them:
  omit [T2Space M] in theorem ...

Note: This linter can be disabled with `set_option linter.unusedSectionVars false`
warning: Poincare/Global/ScalarVariation.lean:3195:0: automatically included section variable(s) unused in theorem `Poincare.sum_coord_inner_eq_inner`:
  [T2Space M]
consider restructuring your `variable` declarations so that the variables are not in scope or explicitly omit them:
  omit [T2Space M] in theorem ...

Note: This linter can be disabled with `set_option linter.unusedSectionVars false`
warning: Poincare/Global/ScalarVariation.lean:3217:0: automatically included section variable(s) unused in theorem `Poincare.sum_basis_coord_inner_eq_inner`:
  [T2Space M]
consider restructuring your `variable` declarations so that the variables are not in scope or explicitly omit them:
  omit [T2Space M] in theorem ...

Note: This linter can be disabled with `set_option linter.unusedSectionVars false`
warning: Poincare/Global/ScalarVariation.lean:3935:6: try 'simp' instead of 'simpa'

Note: This linter can be disabled with `set_option linter.unnecessarySimpa false`
warning: Poincare/Global/ScalarVariation.lean:3926:8: automatically included section variable(s) unused in theorem `_private.Poincare.Global.ScalarVariation.0.Poincare.extDerivFun_sum_at`:
  [IsManifold I ∞ M]
consider restructuring your `variable` declarations so that the variables are not in scope or explicitly omit them:
  omit [IsManifold I ∞ M] in theorem ...

Note: This linter can be disabled with `set_option linter.unusedSectionVars false`
warning: Poincare/Global/ScalarVariation.lean:4170:2: try 'simp' instead of 'simpa'

Note: This linter can be disabled with `set_option linter.unnecessarySimpa false`
warning: Poincare/Global/ScalarVariation.lean:4158:8: automatically included section variable(s) unused in theorem `_private.Poincare.Global.ScalarVariation.0.Poincare.tensor2_sum_left`:
  [T2Space M]
  [IsManifold I ∞ M]
consider restructuring your `variable` declarations so that the variables are not in scope or explicitly omit them:
  omit [T2Space M] [IsManifold I ∞ M] in theorem ...

Note: This linter can be disabled with `set_option linter.unusedSectionVars false`
warning: Poincare/Global/ScalarVariation.lean:4184:2: try 'simp' instead of 'simpa'

Note: This linter can be disabled with `set_option linter.unnecessarySimpa false`
warning: Poincare/Global/ScalarVariation.lean:4172:8: automatically included section variable(s) unused in theorem `_private.Poincare.Global.ScalarVariation.0.Poincare.tensor2_sum_right`:
  [T2Space M]
  [IsManifold I ∞ M]
consider restructuring your `variable` declarations so that the variables are not in scope or explicitly omit them:
  omit [T2Space M] [IsManifold I ∞ M] in theorem ...

Note: This linter can be disabled with `set_option linter.unusedSectionVars false`
warning: Poincare/Global/ScalarVariation.lean:4210:6: try 'simp' instead of 'simpa'

Note: This linter can be disabled with `set_option linter.unnecessarySimpa false`
warning: Poincare/Global/ScalarVariation.lean:4302:4: try 'simp' instead of 'simpa'

Note: This linter can be disabled with `set_option linter.unnecessarySimpa false`
warning: Poincare/Global/ScalarVariation.lean:4424:24: This simp argument is unused:
  mul_left_comm

Hint: Omit it from the simp argument list.
  simp [ricciVariationField, g.ricciAt_symm y, Finset.mul_sum, mul_comm, m̵u̵l̵_̵l̵e̵f̵t̵_̵c̵o̵m̵m̵,̵ ̵mul_assoc]

Note: This linter can be disabled with `set_option linter.unusedSimpArgs false`
warning: Poincare/Global/ScalarVariation.lean:4457:16: This simp argument is unused:
  Finset.sum_mul

Hint: Omit it from the simp argument list.
  simp [̵F̵i̵n̵s̵e̵t̵.̵s̵u̵m̵_̵m̵u̵l̵,̵ ̵F̵i̵n̵s̵e̵t̵.̵m̵u̵l̵_̵s̵u̵m̵,̵[̲F̲i̲n̲s̲e̲t̲.̲m̲u̲l̲_̲s̲u̲m̲,̲ mul_comm, mul_left_comm, mul_assoc]

Note: This linter can be disabled with `set_option linter.unusedSimpArgs false`
warning: Poincare/Global/ScalarVariation.lean:4458:12: This simp argument is unused:
  mul_assoc

Hint: Omit it from the simp argument list.
  simp [Finset.sum_mul, Finset.mul_sum, mul_comm, mul_left_comm,̵
  ̵ ̵ ̵ ̵ ̵ ̵ ̵ ̵ ̵ ̵ ̵ ̵ ̵m̵u̵l̵_̵a̵s̵s̵o̵c̵]

Note: This linter can be disabled with `set_option linter.unusedSimpArgs false`
warning: Poincare/Global/ScalarVariation.lean:4579:0: automatically included section variable(s) unused in theorem `Poincare.covTensor2ExtDifferentiableAt_of_contMDiffAt_two`:
  [T2Space M]
consider restructuring your `variable` declarations so that the variables are not in scope or explicitly omit them:
  omit [T2Space M] in theorem ...

Note: This linter can be disabled with `set_option linter.unusedSectionVars false`
warning: Poincare/Global/ScalarVariation.lean:4623:0: automatically included section variable(s) unused in theorem `Poincare.covTensor2ExtContMDiffAt_zero`:
  [T2Space M]
consider restructuring your `variable` declarations so that the variables are not in scope or explicitly omit them:
  omit [T2Space M] in theorem ...

Note: This linter can be disabled with `set_option linter.unusedSectionVars false`
warning: Poincare/Global/ScalarVariation.lean:4722:0: automatically included section variable(s) unused in theorem `Poincare.contMDiffAt_two_finset_prod_real`:
  [T2Space M]
  [IsManifold I ∞ M]
consider restructuring your `variable` declarations so that the variables are not in scope or explicitly omit them:
  omit [T2Space M] [IsManifold I ∞ M] in theorem ...

Note: This linter can be disabled with `set_option linter.unusedSectionVars false`
warning: Poincare/Global/ScalarVariation.lean:4744:0: automatically included section variable(s) unused in theorem `Poincare.contMDiffAt_two_finset_sum_real`:
  [T2Space M]
  [IsManifold I ∞ M]
consider restructuring your `variable` declarations so that the variables are not in scope or explicitly omit them:
  omit [T2Space M] [IsManifold I ∞ M] in theorem ...

Note: This linter can be disabled with `set_option linter.unusedSectionVars false`
warning: Poincare/Global/ScalarVariation.lean:4796:0: automatically included section variable(s) unused in theorem `Poincare.gramMatrix_entry_contMDiffAt_two_of_metricExtContMDiffAt`:
  [T2Space M]
consider restructuring your `variable` declarations so that the variables are not in scope or explicitly omit them:
  omit [T2Space M] in theorem ...

Note: This linter can be disabled with `set_option linter.unusedSectionVars false`
warning: Poincare/Global/ScalarVariation.lean:5123:10: try 'simp' instead of 'simpa'

Note: This linter can be disabled with `set_option linter.unnecessarySimpa false`
warning: Poincare/Global/ScalarVariation.lean:5164:8: try 'simp' instead of 'simpa'

Note: This linter can be disabled with `set_option linter.unnecessarySimpa false`
warning: Poincare/Global/ScalarVariation.lean:5179:8: try 'simp' instead of 'simpa'

Note: This linter can be disabled with `set_option linter.unnecessarySimpa false`
warning: Poincare/Global/ScalarVariation.lean:5251:18: try 'simp' instead of 'simpa'

Note: This linter can be disabled with `set_option linter.unnecessarySimpa false`
warning: Poincare/Global/ScalarVariation.lean:5262:10: try 'simp' instead of 'simpa'

Note: This linter can be disabled with `set_option linter.unnecessarySimpa false`
warning: Poincare/Global/ScalarVariation.lean:5762:0: automatically included section variable(s) unused in theorem `Poincare.gramMatrix_extDerivFun_eq_spatialMetricDerivAt`:
  [T2Space M]
consider restructuring your `variable` declarations so that the variables are not in scope or explicitly omit them:
  omit [T2Space M] in theorem ...

Note: This linter can be disabled with `set_option linter.unusedSectionVars false`
warning: Poincare/Global/ScalarVariation.lean:7343:8: automatically included section variable(s) unused in theorem `_private.Poincare.Global.ScalarVariation.0.Poincare.eventually_contMDiffAt_two_extend`:
  [T2Space M]
consider restructuring your `variable` declarations so that the variables are not in scope or explicitly omit them:
  omit [T2Space M] in theorem ...

Note: This linter can be disabled with `set_option linter.unusedSectionVars false`
warning: Poincare/Global/ScalarVariation.lean:8156:4: try 'simp' instead of 'simpa'

Note: This linter can be disabled with `set_option linter.unnecessarySimpa false`
warning: Poincare/Global/ScalarVariation.lean:8241:22: try 'simp' instead of 'simpa'

Note: This linter can be disabled with `set_option linter.unnecessarySimpa false`
warning: Poincare/Global/ScalarVariation.lean:8426:4: try 'simp' instead of 'simpa'

Note: This linter can be disabled with `set_option linter.unnecessarySimpa false`
warning: Poincare/Global/ScalarVariation.lean:8445:12: try 'simp' instead of 'simpa'

Note: This linter can be disabled with `set_option linter.unnecessarySimpa false`
warning: Poincare/Global/ScalarVariation.lean:8488:12: try 'simp' instead of 'simpa'

Note: This linter can be disabled with `set_option linter.unnecessarySimpa false`
warning: Poincare/Global/ScalarVariation.lean:8394:23: This simp argument is unused:
  mul_assoc

Hint: Omit it from the simp argument list.
  simp [smul_eq_mul,̵ ̵m̵u̵l̵_̵a̵s̵s̵o̵c̵]

Note: This linter can be disabled with `set_option linter.unusedSimpArgs false`
warning: Poincare/Global/ScalarVariation.lean:8501:49: This simp argument is unused:
  mul_left_comm

Hint: Omit it from the simp argument list.
  simp [H, sharp, hcoordK i, mul_comm, mul_l̵e̵f̵t̵_̵c̵o̵m̵m̵,̵ ̵m̵u̵l̵_̵assoc]

Note: This linter can be disabled with `set_option linter.unusedSimpArgs false`
warning: Poincare/Global/ScalarVariation.lean:8501:64: This simp argument is unused:
  mul_assoc

Hint: Omit it from the simp argument list.
  simp [H, sharp, hcoordK i, mul_comm, mul_left_comm,̵ ̵m̵u̵l̵_̵a̵s̵s̵o̵c̵]

Note: This linter can be disabled with `set_option linter.unusedSimpArgs false`
warning: Poincare/Global/ScalarVariation.lean:8540:31: This simp argument is unused:
  mul_left_comm

Hint: Omit it from the simp argument list.
  simp [H, mul_comm, mul_l̵e̵f̵t̵_̵c̵o̵m̵m̵,̵ ̵m̵u̵l̵_̵assoc]

Note: This linter can be disabled with `set_option linter.unusedSimpArgs false`
warning: Poincare/Global/ScalarVariation.lean:9180:2: try 'simp' instead of 'simpa'

Note: This linter can be disabled with `set_option linter.unnecessarySimpa false`
warning: Poincare/Global/ScalarVariation.lean:9201:2: try 'simp' instead of 'simpa'

Note: This linter can be disabled with `set_option linter.unnecessarySimpa false`
warning: Poincare/Global/ScalarVariation.lean:9246:8: try 'simp' instead of 'simpa'

Note: This linter can be disabled with `set_option linter.unnecessarySimpa false`
warning: Poincare/Global/ScalarVariation.lean:9725:29: This simp argument is unused:
  extend_apply_self

Hint: Omit it from the simp argument list.
  simp [C, H, coeff,̵ ̵e̵x̵t̵e̵n̵d̵_̵a̵p̵p̵l̵y̵_̵s̵e̵l̵f̵]

Note: This linter can be disabled with `set_option linter.unusedSimpArgs false`
warning: Poincare/Global/ScalarVariation.lean:9769:8: try 'simp' instead of 'simpa'

Note: This linter can be disabled with `set_option linter.unnecessarySimpa false`
warning: Poincare/Global/ScalarVariation.lean:10015:8: automatically included section variable(s) unused in theorem `_private.Poincare.Global.ScalarVariation.0.Poincare.tensor2_sub_left`:
  [T2Space M]
  [IsManifold I ∞ M]
consider restructuring your `variable` declarations so that the variables are not in scope or explicitly omit them:
  omit [T2Space M] [IsManifold I ∞ M] in theorem ...

Note: This linter can be disabled with `set_option linter.unusedSectionVars false`
warning: Poincare/Global/ScalarVariation.lean:10026:8: automatically included section variable(s) unused in theorem `_private.Poincare.Global.ScalarVariation.0.Poincare.tensor2_sub_right`:
  [T2Space M]
  [IsManifold I ∞ M]
consider restructuring your `variable` declarations so that the variables are not in scope or explicitly omit them:
  omit [T2Space M] [IsManifold I ∞ M] in theorem ...

Note: This linter can be disabled with `set_option linter.unusedSectionVars false`
warning: Poincare/Global/ScalarVariation.lean:10242:4: try 'simp' instead of 'simpa'

Note: This linter can be disabled with `set_option linter.unnecessarySimpa false`
warning: Poincare/Global/ScalarVariation.lean:11159:4: try 'simp' instead of 'simpa'

Note: This linter can be disabled with `set_option linter.unnecessarySimpa false`
warning: Poincare/Global/ScalarVariation.lean:12709:63: This simp argument is unused:
  add_mul

Hint: Omit it from the simp argument list.
  simp [g.ricciAt_add_left y, Finset.sum_add_distrib, mul_add, a̵d̵d̵_̵mul,̵
  ̵ ̵ ̵ ̵ ̵m̵u̵l̵_assoc]

Note: This linter can be disabled with `set_option linter.unusedSimpArgs false`
warning: Poincare/Global/ScalarVariation.lean:12721:47: This simp argument is unused:
  mul_comm

Hint: Omit it from the simp argument list.
  simp [g.ricciAt_smul_left y, Finset.mul_sum, mul_c̵o̵m̵m̵,̵ ̵m̵u̵l_̵l̵eft_comm,
  ̵  ̵ ̵ ̵mul_assoc]

Note: This linter can be disabled with `set_option linter.unusedSimpArgs false`
warning: Poincare/Global/ScalarVariation.lean:12738:46: This simp argument is unused:
  add_assoc

Hint: Omit it from the simp argument list.
  simp [covRicciPairingInvFirstContractionTensor,
      covTensor2DerivAt_add_right
  ̵  ̵ ̵ ̵ ̵ ̵(g := g) (h := ricciVariationField g) (x := y)
         ̲ ̲(covTensor2ExtDifferentiableAt_ricciVariationField_canonical
  ̵  ̵ ̵ ̵ ̵ ̵ ̵ ̵(g := g) (x := y))
         ̲ ̲(tensor2AddRight_ricciVariationField g),
      Finset.sum_add_distrib, add_mul, mul_add, a̵d̵d̵_̵a̵s̵s̵o̵c̵,̵ ̵mul_assoc]

Note: This linter can be disabled with `set_option linter.unusedSimpArgs false`
warning: Poincare/Global/ScalarVariation.lean:12754:33: This simp argument is unused:
  mul_comm

Hint: Omit it from the simp argument list.
  simp [covRicciPairingInvFirstContractionTensor,
      covTensor2DerivAt_smul_right
  ̵  ̵ ̵ ̵ ̵ ̵(g := g) (h := ricciVariationField g) (x := y)
         ̲ ̲(covTensor2ExtDifferentiableAt_ricciVariationField_canonical
  ̵  ̵ ̵ ̵ ̵ ̵ ̵ ̵(g := g) (x := y))
         ̲ ̲(tensor2SMulRight_ricciVariationField g),
      Finset.mul_sum, smul_eq_mul, mul_c̵o̵m̵m̵,̵ ̵m̵u̵l_̵l̵eft_comm, mul_assoc]

Note: This linter can be disabled with `set_option linter.unusedSimpArgs false`
warning: Poincare/Global/ScalarVariation.lean:12770:46: This simp argument is unused:
  add_assoc

Hint: Omit it from the simp argument list.
  simp [covRicciPairingInvSecondContractionTensor,
      covTensor2DerivAt_add_left
  ̵  ̵ ̵ ̵ ̵ ̵(g := g) (h := ricciVariationField g) (x := y)
         ̲ ̲(covTensor2ExtDifferentiableAt_ricciVariationField_canonical
  ̵  ̵ ̵ ̵ ̵ ̵ ̵ ̵(g := g) (x := y))
         ̲ ̲(tensor2AddLeft_ricciVariationField g),
      Finset.sum_add_distrib, add_mul, mul_add, a̵d̵d̵_̵a̵s̵s̵o̵c̵,̵ ̵mul_assoc]

Note: This linter can be disabled with `set_option linter.unusedSimpArgs false`
warning: Poincare/Global/ScalarVariation.lean:12786:33: This simp argument is unused:
  mul_comm

Hint: Omit it from the simp argument list.
  simp [covRicciPairingInvSecondContractionTensor,
      covTensor2DerivAt_smul_left
  ̵  ̵ ̵ ̵ ̵ ̵(g := g) (h := ricciVariationField g) (x := y)
         ̲ ̲(covTensor2ExtDifferentiableAt_ricciVariationField_canonical
  ̵  ̵ ̵ ̵ ̵ ̵ ̵ ̵(g := g) (x := y))
         ̲ ̲(tensor2SMulLeft_ricciVariationField g),
      Finset.mul_sum, smul_eq_mul, mul_c̵o̵m̵m̵,̵ ̵m̵u̵l_̵l̵eft_comm, mul_assoc]

Note: This linter can be disabled with `set_option linter.unusedSimpArgs false`
warning: Poincare/Global/ScalarVariation.lean:12797:64: This simp argument is unused:
  add_mul

Hint: Omit it from the simp argument list.
  simp [g.ricciAt_add_right y, Finset.sum_add_distrib, mul_add, a̵d̵d̵_̵mul,̵
  ̵ ̵ ̵ ̵ ̵m̵u̵l̵_assoc]

Note: This linter can be disabled with `set_option linter.unusedSimpArgs false`
warning: Poincare/Global/ScalarVariation.lean:12809:48: This simp argument is unused:
  mul_comm

Hint: Omit it from the simp argument list.
  simp [g.ricciAt_smul_right y, Finset.mul_sum, mul_c̵o̵m̵m̵,̵ ̵m̵u̵l_̵l̵eft_comm,
  ̵  ̵ ̵ ̵mul_assoc]

Note: This linter can be disabled with `set_option linter.unusedSimpArgs false`
warning: Poincare/Global/ScalarVariation.lean:13039:4: try 'simp' instead of 'simpa'

Note: This linter can be disabled with `set_option linter.unnecessarySimpa false`
warning: Poincare/Global/ScalarVariation.lean:13494:21: try 'simp' instead of 'simpa'

Note: This linter can be disabled with `set_option linter.unnecessarySimpa false`
warning: Poincare/Global/ScalarVariation.lean:13520:11: This simp argument is unused:
  B

Hint: Omit it from the simp argument list.
  simp [H, B̵,̵ ̵covRicciSecondDerivativeBilinFormAt, gramFrame]

Note: This linter can be disabled with `set_option linter.unusedSimpArgs false`
warning: Poincare/Global/ScalarVariation.lean:13520:14: This simp argument is unused:
  covRicciSecondDerivativeBilinFormAt

Hint: Omit it from the simp argument list.
  simp [H, B, c̵o̵v̵R̵i̵c̵c̵i̵S̵e̵c̵o̵n̵d̵D̵e̵r̵i̵v̵a̵t̵i̵v̵e̵B̵i̵l̵i̵n̵F̵o̵r̵m̵A̵t̵,̵ ̵gramFrame]

Note: This linter can be disabled with `set_option linter.unusedSimpArgs false`
warning: Poincare/Global/ScalarVariation.lean:13904:47: This simp argument is unused:
  mul_comm

Hint: Omit it from the simp argument list.
  simp [g.ricciAt_smul_left y, Finset.mul_sum, mul_c̵o̵m̵m̵,̵ ̵m̵u̵l_̵l̵eft_comm,
  ̵  ̵ ̵ ̵mul_assoc]

Note: This linter can be disabled with `set_option linter.unusedSimpArgs false`
warning: Poincare/Global/ScalarVariation.lean:13916:63: This simp argument is unused:
  add_mul

Hint: Omit it from the simp argument list.
  simp [g.ricciAt_add_left y, Finset.sum_add_distrib, mul_add, a̵d̵d̵_̵mul,̵
  ̵ ̵ ̵ ̵ ̵m̵u̵l̵_assoc]

Note: This linter can be disabled with `set_option linter.unusedSimpArgs false`
warning: Poincare/Global/ScalarVariation.lean:13928:47: This simp argument is unused:
  mul_comm

Hint: Omit it from the simp argument list.
  simp [g.ricciAt_smul_left y, Finset.mul_sum, mul_c̵o̵m̵m̵,̵ ̵m̵u̵l_̵l̵eft_comm,
  ̵  ̵ ̵ ̵mul_assoc]

Note: This linter can be disabled with `set_option linter.unusedSimpArgs false`
warning: Poincare/Global/ScalarVariation.lean:13952:48: This simp argument is unused:
  mul_comm

Hint: Omit it from the simp argument list.
  simp [g.ricciAt_smul_right y, Finset.mul_sum, mul_c̵o̵m̵m̵,̵ ̵m̵u̵l_̵l̵eft_comm,
  ̵  ̵ ̵ ̵mul_assoc]

Note: This linter can be disabled with `set_option linter.unusedSimpArgs false`
warning: Poincare/Global/ScalarVariation.lean:13964:64: This simp argument is unused:
  add_mul

Hint: Omit it from the simp argument list.
  simp [g.ricciAt_add_right y, Finset.sum_add_distrib, mul_add, a̵d̵d̵_̵mul,̵
  ̵ ̵ ̵ ̵ ̵m̵u̵l̵_assoc]

Note: This linter can be disabled with `set_option linter.unusedSimpArgs false`
warning: Poincare/Global/ScalarVariation.lean:13976:48: This simp argument is unused:
  mul_comm

Hint: Omit it from the simp argument list.
  simp [g.ricciAt_smul_right y, Finset.mul_sum, mul_c̵o̵m̵m̵,̵ ̵m̵u̵l_̵l̵eft_comm,
  ̵  ̵ ̵ ̵mul_assoc]

Note: This linter can be disabled with `set_option linter.unusedSimpArgs false`
warning: Poincare/Global/ScalarVariation.lean:14335:52: This simp argument is unused:
  add_mul

Hint: Omit it from the simp argument list.
  simp [b, Finset.sum_add_distrib, mul_add, add_m̵u̵l̵,̵ ̵ad̵d̵_̵a̵ssoc]

Note: This linter can be disabled with `set_option linter.unusedSimpArgs false`
warning: Poincare/Global/ScalarVariation.lean:14392:4: try 'simp' instead of 'simpa'

Note: This linter can be disabled with `set_option linter.unnecessarySimpa false`
warning: Poincare/Global/ScalarVariation.lean:14710:10: try 'simp' instead of 'simpa'

Note: This linter can be disabled with `set_option linter.unnecessarySimpa false`
warning: Poincare/Global/ScalarVariation.lean:15453:4: try 'simp' instead of 'simpa'

Note: This linter can be disabled with `set_option linter.unnecessarySimpa false`
warning: Poincare/Global/ScalarVariation.lean:15470:4: try 'simp' instead of 'simpa'

Note: This linter can be disabled with `set_option linter.unnecessarySimpa false`
warning: Poincare/Global/ScalarVariation.lean:15707:4: try 'simp' instead of 'simpa'

Note: This linter can be disabled with `set_option linter.unnecessarySimpa false`
warning: Poincare/Global/ScalarVariation.lean:15718:4: try 'simp' instead of 'simpa'

Note: This linter can be disabled with `set_option linter.unnecessarySimpa false`
warning: Poincare/Global/ScalarVariation.lean:21587:20: This simp argument is unused:
  g.ricciAt_add_left

Hint: Omit it from the simp argument list.
  simp [̵g̵.̵r̵i̵c̵c̵i̵A̵t̵_̵a̵d̵d̵_̵l̵e̵f̵t̵,̵ ̵g̵.̵r̵i̵c̵c̵i̵A̵t̵_̵a̵d̵d̵_̵r̵i̵g̵h̵t̵]̵[̲g̲.̲r̲i̲c̲c̲i̲A̲t̲_̲a̲d̲d̲_̲r̲i̲g̲h̲t̲]̲

Note: This linter can be disabled with `set_option linter.unusedSimpArgs false`
warning: Poincare/Global/ScalarVariation.lean:21595:20: This simp argument is unused:
  g.ricciAt_smul_left

Hint: Omit it from the simp argument list.
  simp [̵g̵.̵r̵i̵c̵c̵i̵A̵t̵_̵s̵m̵u̵l̵_̵l̵e̵f̵t̵,̵ ̵g̵.̵r̵i̵c̵c̵i̵A̵t̵_̵s̵m̵u̵l̵_̵r̵i̵g̵h̵t̵,̵[̲g̲.̲r̲i̲c̲c̲i̲A̲t̲_̲s̲m̲u̲l̲_̲r̲i̲g̲h̲t̲,̲ smul_eq_mul]

Note: This linter can be disabled with `set_option linter.unusedSimpArgs false`
warning: Poincare/Global/ScalarVariation.lean:21605:36: This simp argument is unused:
  g.ricciAt_add_right

Hint: Omit it from the simp argument list.
  simp [g.ricciAt_add_left,̵ ̵g̵.̵r̵i̵c̵c̵i̵A̵t̵_̵a̵d̵d̵_̵r̵i̵g̵h̵t̵]

Note: This linter can be disabled with `set_option linter.unusedSimpArgs false`
warning: Poincare/Global/ScalarVariation.lean:21615:37: This simp argument is unused:
  g.ricciAt_smul_right

Hint: Omit it from the simp argument list.
  simp [g.ricciAt_smul_left, g̵.̵r̵i̵c̵c̵i̵A̵t̵_̵s̵m̵u̵l̵_̵r̵i̵g̵h̵t̵,̵ ̵smul_eq_mul]

Note: This linter can be disabled with `set_option linter.unusedSimpArgs false`
warning: Poincare/Global/ScalarVariation.lean:21627:32: This simp argument is unused:
  g.ricciAt_add_right

Hint: Omit it from the simp argument list.
  simp [g.ricciAt_add_left,̵ ̵g̵.̵r̵i̵c̵c̵i̵A̵t̵_̵a̵d̵d̵_̵r̵i̵g̵h̵t̵]

Note: This linter can be disabled with `set_option linter.unusedSimpArgs false`
warning: Poincare/Global/ScalarVariation.lean:21639:33: This simp argument is unused:
  g.ricciAt_smul_right

Hint: Omit it from the simp argument list.
  simp [g.ricciAt_smul_left, g̵.̵r̵i̵c̵c̵i̵A̵t̵_̵s̵m̵u̵l̵_̵r̵i̵g̵h̵t̵,̵ ̵smul_eq_mul]

Note: This linter can be disabled with `set_option linter.unusedSimpArgs false`
warning: Poincare/Global/ScalarVariation.lean:22030:12: This simp argument is unused:
  Finset.sum_mul

Hint: Omit it from the simp argument list.
  simp only [Finset.sum_add_distrib, Finset.sum_sub_distrib, F̵i̵n̵s̵e̵t̵.̵s̵u̵m̵_̵m̵u̵l̵,̵ ̵Finset.mul_sum]

Note: This linter can be disabled with `set_option linter.unusedSimpArgs false`
warning: Poincare/Global/ScalarVariation.lean:22030:28: This simp argument is unused:
  Finset.mul_sum

Hint: Omit it from the simp argument list.
  simp only [Finset.sum_add_distrib, Finset.sum_sub_distrib, F̵i̵n̵s̵e̵t̵.̵s̵u̵m̵_̵m̵u̵l̵,̵ ̵F̵i̵n̵s̵e̵t̵.̵m̵u̵l̵_̵s̵u̵m̵]̵F̲i̲n̲s̲e̲t̲.̲s̲u̲m̲_̲m̲u̲l̲]̲

Note: This linter can be disabled with `set_option linter.unusedSimpArgs false`
warning: Poincare/Global/ScalarVariation.lean:24842:2: try 'simp' instead of 'simpa'

Note: This linter can be disabled with `set_option linter.unnecessarySimpa false`
warning: Poincare/Global/ScalarVariation.lean:25289:0: automatically included section variable(s) unused in theorem `Poincare.ClosedSmoothRiemannianMetric.gradientAt_quotient_eq_of_product_rule`:
  [g.leviCivita.ContMDiffCovariantDerivative 1]
consider restructuring your `variable` declarations so that the variables are not in scope or explicitly omit them:
  omit [g.leviCivita.ContMDiffCovariantDerivative 1] in theorem ...

Note: This linter can be disabled with `set_option linter.unusedSectionVars false`
warning: Poincare/Global/ScalarVariation.lean:25309:0: automatically included section variable(s) unused in theorem `Poincare.ClosedSmoothRiemannianMetric.laplacianAt_quotient_eq_of_product_rule`:
  [g.leviCivita.ContMDiffCovariantDerivative 1]
consider restructuring your `variable` declarations so that the variables are not in scope or explicitly omit them:
  omit [g.leviCivita.ContMDiffCovariantDerivative 1] in theorem ...

Note: This linter can be disabled with `set_option linter.unusedSectionVars false`
⚠ [3266/4019] Replayed Poincare.Global.MetricRaiseTimeDerivative
warning: Poincare/Global/MetricRaiseTimeDerivative.lean:79:6: try 'simp' instead of 'simpa'

Note: This linter can be disabled with `set_option linter.unnecessarySimpa false`
warning: Poincare/Global/MetricRaiseTimeDerivative.lean:106:0: automatically included section variable(s) unused in theorem `Poincare.gramMatrix_time_entry_differentiableAt`:
  [T2Space M]
consider restructuring your `variable` declarations so that the variables are not in scope or explicitly omit them:
  omit [T2Space M] in theorem ...

Note: This linter can be disabled with `set_option linter.unusedSectionVars false`
⚠ [3314/4019] Replayed Poincare.Global.MetricRescale
warning: Poincare/Global/MetricRescale.lean:117:8: automatically included section variable(s) unused in theorem `_private.Poincare.Global.MetricRescale.0.Poincare.ClosedSmoothRiemannianMetric.rescale_extDerivFun_const`:
  [T2Space M]
  [IsManifold I' ∞ M]
consider restructuring your `variable` declarations so that the variables are not in scope or explicitly omit them:
  omit [T2Space M] [IsManifold I' ∞ M] in theorem ...

Note: This linter can be disabled with `set_option linter.unusedSectionVars false`
ℹ [3315/4019] Replayed Poincare.Global.Statement
info: Poincare/Global/Statement.lean:38:0: inferInstance : ChartedSpace (EuclideanSpace ℝ (Fin 3)) ↑(Metric.sphere 0 1)
info: Poincare/Global/Statement.lean:42:0: inferInstance : IsManifold (𝓡 3) ∞ ↑(Metric.sphere 0 1)
⚠ [3322/4019] Replayed Poincare.Global.ConformalChristoffel
warning: Poincare/Global/ConformalChristoffel.lean:180:0: automatically included section variable(s) unused in theorem `Poincare.hasFDerivAt_stereoInvFunAuxConformalFactor`:
  [FiniteDimensional ℝ E]
consider restructuring your `variable` declarations so that the variables are not in scope or explicitly omit them:
  omit [FiniteDimensional ℝ E] in theorem ...

Note: This linter can be disabled with `set_option linter.unusedSectionVars false`
⚠ [3323/4019] Replayed Poincare.Global.ConformalCurvature
warning: Poincare/Global/ConformalCurvature.lean:58:8: automatically included section variable(s) unused in theorem `Poincare.sphereChristoffelCoeffFDeriv_apply`:
  [FiniteDimensional ℝ E]
consider restructuring your `variable` declarations so that the variables are not in scope or explicitly omit them:
  omit [FiniteDimensional ℝ E] in theorem ...

Note: This linter can be disabled with `set_option linter.unusedSectionVars false`
warning: Poincare/Global/ConformalCurvature.lean:61:38: This simp argument is unused:
  innerSL_apply_apply

Hint: Omit it from the simp argument list.
  simp [sphereChristoffelCoeffFDeriv,̵ ̵i̵n̵n̵e̵r̵S̵L̵_̵a̵p̵p̵l̵y̵_̵a̵p̵p̵l̵y̵]

Note: This linter can be disabled with `set_option linter.unusedSimpArgs false`
warning: Poincare/Global/ConformalCurvature.lean:63:0: automatically included section variable(s) unused in theorem `Poincare.hasFDerivAt_sphereChristoffelCoeff`:
  [FiniteDimensional ℝ E]
consider restructuring your `variable` declarations so that the variables are not in scope or explicitly omit them:
  omit [FiniteDimensional ℝ E] in theorem ...

Note: This linter can be disabled with `set_option linter.unusedSectionVars false`
warning: Poincare/Global/ConformalCurvature.lean:86:6: This simp argument is unused:
  innerSL_apply_apply

Hint: Omit it from the simp argument list.
  simp [sphereChristoffelCoeffFDeriv, ContinuousLinearMap.coe_comp',
        ContinuousLinearMap.toSpanSingleton_apply, Function.comp_def,
  ̵  ̵ ̵ ̵ ̵ ̵i̵n̵n̵e̵rS̵L̵_̵a̵p̵p̵l̵y̵_̵a̵p̵p̵l̵y̵,̵ ̵r̵]

Note: This linter can be disabled with `set_option linter.unusedSimpArgs false`
warning: Poincare/Global/ConformalCurvature.lean:111:46: This simp argument is unused:
  smul_sub

Hint: Omit it from the simp argument list.
  simp [sphereChristoffelCoreFormula, s̵m̵u̵l̵_̵s̵u̵b̵,̵ ̵smul_smul, inner_smul_left, inner_smul_right,
  ̲  ̲ ̲ ̲ ̲ ̲ ̲ ̲ ̲ ̲ ̲ ̲sub_eq_add_neg]

Note: This linter can be disabled with `set_option linter.unusedSimpArgs false`
warning: Poincare/Global/ConformalCurvature.lean:116:46: This simp argument is unused:
  inner_add_left

Hint: Omit it from the simp argument list.
  simp [sphereChristoffelCoreFormula, i̵n̵n̵e̵r̵_̵a̵d̵d̵_̵l̵e̵f̵t̵,̵ ̵inner_add_right, add_smul, sub_eq_add_neg]

Note: This linter can be disabled with `set_option linter.unusedSimpArgs false`
warning: Poincare/Global/ConformalCurvature.lean:121:46: This simp argument is unused:
  smul_sub

Hint: Omit it from the simp argument list.
  simp [sphereChristoffelCoreFormula, s̵m̵u̵l̵_̵s̵u̵b̵,̵ ̵smul_smul, inner_smul_left, inner_smul_right,
  ̲  ̲ ̲ ̲ ̲ ̲ ̲ ̲ ̲ ̲ ̲ ̲sub_eq_add_neg]

Note: This linter can be disabled with `set_option linter.unusedSimpArgs false`
warning: Poincare/Global/ConformalCurvature.lean:122:12: This simp argument is unused:
  inner_smul_left

Hint: Omit it from the simp argument list.
  simp [sphereChristoffelCoreFormula, smul_sub, smul_smul, i̵n̵n̵e̵r̵_̵s̵m̵u̵l̵_̵l̵e̵f̵t̵,̵ ̵inner_smul_right, sub_eq_add_neg]

Note: This linter can be disabled with `set_option linter.unusedSimpArgs false`
warning: Poincare/Global/ConformalCurvature.lean:143:61: This simp argument is unused:
  smul_sub

Hint: Omit it from the simp argument list.
  simp [sphereChristoffelCoreFormula, inner_smul_left, s̵m̵u̵l̵_̵s̵u̵b̵,̵smul_smul, sub_eq_add_neg]

Note: This linter can be disabled with `set_option linter.unusedSimpArgs false`
warning: Poincare/Global/ConformalCurvature.lean:221:8: This simp argument is unused:
  inner_sub_left

Hint: Omit it from the simp argument list.
  simp [̵i̵n̵n̵e̵r̵_̵s̵u̵b̵_̵l̵e̵f̵t̵,̵ ̵i̵n̵n̵e̵r̵_̵s̵u̵b̵_̵r̵i̵g̵h̵t̵,̵[̲i̲n̲n̲e̲r̲_̲s̲u̲b̲_̲r̲i̲g̲h̲t̲,̲ inner_add_left, inner_add_right, inner_smul_left, inner_smul_right,
  ̲  ̲ ̲ ̲smul_add, add_smul, smul_sub, sub_smul, smul_smul, sub_eq_add_neg, real_inner_comm]

Note: This linter can be disabled with `set_option linter.unusedSimpArgs false`
warning: Poincare/Global/ConformalCurvature.lean:221:24: This simp argument is unused:
  inner_sub_right

Hint: Omit it from the simp argument list.
  simp [inner_sub_left, i̵n̵n̵e̵r̵_̵s̵u̵b̵_̵r̵i̵g̵h̵t̵,̵ ̵inner_add_left, inner_add_right, inner_smul_left, inner_smul_right,
  ̲  ̲ ̲ ̲smul_add, add_smul, smul_sub, sub_smul, smul_smul, sub_eq_add_neg, real_inner_comm]

Note: This linter can be disabled with `set_option linter.unusedSimpArgs false`
warning: Poincare/Global/ConformalCurvature.lean:222:59: This simp argument is unused:
  smul_sub

Hint: Omit it from the simp argument list.
  simp [inner_sub_left, inner_sub_right, inner_add_left, inner_add_right,
  ̵  ̵ ̵ ̵inner_smul_left,
  ̲  ̲ ̲ ̲inner_smul_right, smul_add, add_smul, sm̵ul̵_̵s̵u̵b,̵
  ̵ ̵ ̵ ̵ ̵s̵u̵b̵_smul, smul_smul, sub_eq_add_neg, real_inner_comm]

Note: This linter can be disabled with `set_option linter.unusedSimpArgs false`
warning: Poincare/Global/ConformalCurvature.lean:223:4: This simp argument is unused:
  sub_smul

Hint: Omit it from the simp argument list.
  simp [inner_sub_left, inner_sub_right, inner_add_left, inner_add_right,
  ̵  ̵ ̵ ̵inner_smul_left,
  ̲  ̲ ̲ ̲inner_smul_right, smul_add, add_smul, smul_sub,
  ̵  ̵ ̵ ̵su̵b̵_̵s̵mul,̵ ̵s̵m̵u̵l̵_smul, sub_eq_add_neg, real_inner_comm]

Note: This linter can be disabled with `set_option linter.unusedSimpArgs false`
warning: Poincare/Global/ConformalCurvature.lean:236:50: This simp argument is unused:
  mul_assoc

Hint: Omit it from the simp argument list.
  simp [inner_sub_left, inner_smul_left, mul_sub,̵ ̵m̵u̵l̵_̵a̵s̵s̵o̵c̵]

Note: This linter can be disabled with `set_option linter.unusedSimpArgs false`
⚠ [3334/4019] Replayed Poincare.Global.PinchedLimitPositiveEinstein
warning: Poincare/Global/PinchedLimitPositiveEinstein.lean:51:25: Used `tac1 <;> tac2` where `(tac1; tac2)` would suffice

Note: This linter can be disabled with `set_option linter.unnecessarySeqFocus false`
⚠ [3335/4019] Replayed Poincare.Global.NormalizedFlowStationaryLimit
warning: Poincare/Global/NormalizedFlowStationaryLimit.lean:44:0: automatically included section variable(s) unused in theorem `Poincare.isEinsteinAt_meanScalar_div_three_of_normalizedRicciStationary`:
  [SecondCountableTopology M]
  [SimplyConnectedSpace M]
consider restructuring your `variable` declarations so that the variables are not in scope or explicitly omit them:
  omit [SecondCountableTopology M] [SimplyConnectedSpace M] in theorem ...

Note: This linter can be disabled with `set_option linter.unusedSectionVars false`
⚠ [3336/4019] Replayed Poincare.Global.NormalizedFlowConvergenceEndpoint
warning: Poincare/Global/NormalizedFlowConvergenceEndpoint.lean:54:0: automatically included section variable(s) unused in theorem `Poincare.tendsto_normalizedRicciFlowRHSAt_of_componentConvergence`:
  [SecondCountableTopology M]
  [SimplyConnectedSpace M]
consider restructuring your `variable` declarations so that the variables are not in scope or explicitly omit them:
  omit [SecondCountableTopology M] [SimplyConnectedSpace M] in theorem ...

Note: This linter can be disabled with `set_option linter.unusedSectionVars false`
⚠ [3338/4019] Replayed Poincare.Global.NormalizedFlowPointwiseConvergence
warning: Poincare/Global/NormalizedFlowPointwiseConvergence.lean:106:0: automatically included section variable(s) unused in theorem `Poincare.normalizedRicciFlowComponentConvergence_of_timeDerivative`:
  [SecondCountableTopology M]
  [SimplyConnectedSpace M]
consider restructuring your `variable` declarations so that the variables are not in scope or explicitly omit them:
  omit [SecondCountableTopology M] [SimplyConnectedSpace M] in theorem ...

Note: This linter can be disabled with `set_option linter.unusedSectionVars false`
warning: Poincare/Global/NormalizedFlowPointwiseConvergence.lean:156:0: automatically included section variable(s) unused in theorem `Poincare.meanScalar_limit_pos_of_tendsto_of_eventually_lower`:
  [SecondCountableTopology M]
  [SimplyConnectedSpace M]
consider restructuring your `variable` declarations so that the variables are not in scope or explicitly omit them:
  omit [SecondCountableTopology M] [SimplyConnectedSpace M] in theorem ...

Note: This linter can be disabled with `set_option linter.unusedSectionVars false`
⚠ [3343/4019] Replayed Poincare.Global.VolumeMeasureOpenPositivity
warning: Poincare/Global/VolumeMeasureOpenPositivity.lean:114:11: unused variable `U`

Note: This linter can be disabled with `set_option linter.unusedVariables false`
⚠ [3344/4019] Replayed Poincare.Global.RicciEnergyRegularity
warning: Poincare/Global/RicciEnergyRegularity.lean:32:8: automatically included section variable(s) unused in theorem `_private.Poincare.Global.RicciEnergyRegularity.0.Poincare.continuousAt_finset_sum_real`:
  [T2Space M]
  [CompactSpace M]
  [ConnectedSpace M]
  [MeasurableSpace M]
  [BorelSpace M]
consider restructuring your `variable` declarations so that the variables are not in scope or explicitly omit them:
  omit [T2Space M] [CompactSpace M] [ConnectedSpace M] [MeasurableSpace M] [BorelSpace M] in theorem ...

Note: This linter can be disabled with `set_option linter.unusedSectionVars false`
⚠ [3350/4019] Replayed Poincare.Global.NormalizedFlowEnergyCriticality
warning: Poincare/Global/NormalizedFlowEnergyCriticality.lean:45:0: automatically included section variable(s) unused in theorem `Poincare.scalarAt_eq_meanScalar_of_centeredScalarSq_integral_eq_zero`:
  [SecondCountableTopology M]
consider restructuring your `variable` declarations so that the variables are not in scope or explicitly omit them:
  omit [SecondCountableTopology M] in theorem ...

Note: This linter can be disabled with `set_option linter.unusedSectionVars false`
warning: Poincare/Global/NormalizedFlowEnergyCriticality.lean:86:0: automatically included section variable(s) unused in theorem `Poincare.normalizedMeanScalarEnergyNumerator_eq_zero_of_meanScalar_deriv_eq_zero`:
  [SecondCountableTopology M]
consider restructuring your `variable` declarations so that the variables are not in scope or explicitly omit them:
  omit [SecondCountableTopology M] in theorem ...

Note: This linter can be disabled with `set_option linter.unusedSectionVars false`
warning: Poincare/Global/NormalizedFlowEnergyCriticality.lean:320:0: automatically included section variable(s) unused in theorem `Poincare.normalizedRicciStationary_of_zero_tracelessRicci_energy`:
  [SecondCountableTopology M]
consider restructuring your `variable` declarations so that the variables are not in scope or explicitly omit them:
  omit [SecondCountableTopology M] in theorem ...

Note: This linter can be disabled with `set_option linter.unusedSectionVars false`
warning: Poincare/Global/NormalizedFlowEnergyCriticality.lean:341:23: Used `tac1 <;> tac2` where `(tac1; tac2)` would suffice

Note: This linter can be disabled with `set_option linter.unnecessarySeqFocus false`
warning: Poincare/Global/NormalizedFlowEnergyCriticality.lean:364:0: automatically included section variable(s) unused in theorem `Poincare.integral_tracelessRicciNormSqAt_limit_eq_zero_of_normalized_energy_extraction`:
  [SecondCountableTopology M]
consider restructuring your `variable` declarations so that the variables are not in scope or explicitly omit them:
  omit [SecondCountableTopology M] in theorem ...

Note: This linter can be disabled with `set_option linter.unusedSectionVars false`
warning: Poincare/Global/NormalizedFlowEnergyCriticality.lean:486:0: automatically included section variable(s) unused in theorem `Poincare.tendsto_normalizedRicciFlowRHSAt_of_three_component_tendsto`:
  [SecondCountableTopology M]
consider restructuring your `variable` declarations so that the variables are not in scope or explicitly omit them:
  omit [SecondCountableTopology M] in theorem ...

Note: This linter can be disabled with `set_option linter.unusedSectionVars false`
warning: Poincare/Global/NormalizedFlowEnergyCriticality.lean:668:0: automatically included section variable(s) unused in theorem `Poincare.centeredScalarSqIntegral_nonneg`:
  [SecondCountableTopology M]
consider restructuring your `variable` declarations so that the variables are not in scope or explicitly omit them:
  omit [SecondCountableTopology M] in theorem ...

Note: This linter can be disabled with `set_option linter.unusedSectionVars false`
⚠ [3365/4019] Replayed Poincare.Global.DeltaGammaFieldRegularity
warning: Poincare/Global/DeltaGammaFieldRegularity.lean:115:0: automatically included section variable(s) unused in theorem `Poincare.eventually_contMDiffAt_two_canonical_extend`:
  [T2Space M]
consider restructuring your `variable` declarations so that the variables are not in scope or explicitly omit them:
  omit [T2Space M] in theorem ...

Note: This linter can be disabled with `set_option linter.unusedSectionVars false`
⚠ [3367/4019] Replayed Poincare.Global.NormalizedFlowAbsoluteDissipationDecay
warning: Poincare/Global/NormalizedFlowAbsoluteDissipationDecay.lean:58:0: automatically included section variable(s) unused in theorem `Poincare.normalizedMeanScalarAbsoluteVarianceDissipation_aestronglyMeasurable_of_continuousOn_scalarVariance`:
  [SecondCountableTopology M]
consider restructuring your `variable` declarations so that the variables are not in scope or explicitly omit them:
  omit [SecondCountableTopology M] in theorem ...

Note: This linter can be disabled with `set_option linter.unusedSectionVars false`
⚠ [3368/4019] Replayed Poincare.Global.ScalarEvolution
warning: Poincare/Global/ScalarEvolution.lean:387:8: automatically included section variable(s) unused in theorem `_private.Poincare.Global.ScalarEvolution.0.Poincare.ClosedSmoothRiemannianMetric.mdifferentiableAt_rpow_const_of_ne`:
  [T2Space M]
  [IsManifold I ∞ M]
consider restructuring your `variable` declarations so that the variables are not in scope or explicitly omit them:
  omit [T2Space M] [IsManifold I ∞ M] in theorem ...

Note: This linter can be disabled with `set_option linter.unusedSectionVars false`
warning: Poincare/Global/ScalarEvolution.lean:396:8: automatically included section variable(s) unused in theorem `_private.Poincare.Global.ScalarEvolution.0.Poincare.ClosedSmoothRiemannianMetric.extDerivFun_rpow_const_of_ne`:
  [T2Space M]
  [IsManifold I ∞ M]
consider restructuring your `variable` declarations so that the variables are not in scope or explicitly omit them:
  omit [T2Space M] [IsManifold I ∞ M] in theorem ...

Note: This linter can be disabled with `set_option linter.unusedSectionVars false`
warning: Poincare/Global/ScalarEvolution.lean:429:0: automatically included section variable(s) unused in theorem `Poincare.ClosedSmoothRiemannianMetric.gradientAt_rpow_const_of_ne`:
  [g.leviCivita.ContMDiffCovariantDerivative 1]
consider restructuring your `variable` declarations so that the variables are not in scope or explicitly omit them:
  omit [g.leviCivita.ContMDiffCovariantDerivative 1] in theorem ...

Note: This linter can be disabled with `set_option linter.unusedSectionVars false`
info: Poincare/Global/ScalarEvolution.lean:471:4: Try this:
  [apply] ring_nf
  
  The `ring` tactic failed to close the goal. Use `ring_nf` to obtain a normal form.
    
  Note that `ring` works primarily in *commutative* rings. If you have a noncommutative ring, abelian group or module, consider using `noncomm_ring`, `abel` or `module` instead.
warning: Poincare/Global/ScalarEvolution.lean:450:8: automatically included section variable(s) unused in theorem `_private.Poincare.Global.ScalarEvolution.0.Poincare.ClosedSmoothRiemannianMetric.extDerivFun_const_mul_rpow_sub_one`:
  [T2Space M]
  [IsManifold I ∞ M]
consider restructuring your `variable` declarations so that the variables are not in scope or explicitly omit them:
  omit [T2Space M] [IsManifold I ∞ M] in theorem ...

Note: This linter can be disabled with `set_option linter.unusedSectionVars false`
warning: Poincare/Global/ScalarEvolution.lean:555:4: try 'simp' instead of 'simpa'

Note: This linter can be disabled with `set_option linter.unnecessarySimpa false`
warning: Poincare/Global/ScalarEvolution.lean:532:8: automatically included section variable(s) unused in theorem `_private.Poincare.Global.ScalarEvolution.0.Poincare.ClosedSmoothRiemannianMetric.extDerivFun_metricDual_trace_eq_inner_gradient`:
  [g.leviCivita.ContMDiffCovariantDerivative 1]
consider restructuring your `variable` declarations so that the variables are not in scope or explicitly omit them:
  omit [g.leviCivita.ContMDiffCovariantDerivative 1] in theorem ...

Note: This linter can be disabled with `set_option linter.unusedSectionVars false`
warning: Poincare/Global/ScalarEvolution.lean:1181:4: try 'simp' instead of 'simpa'

Note: This linter can be disabled with `set_option linter.unnecessarySimpa false`
warning: Poincare/Global/ScalarEvolution.lean:1697:22: Used `tac1 <;> tac2` where `(tac1; tac2)` would suffice

Note: This linter can be disabled with `set_option linter.unnecessarySeqFocus false`
warning: Poincare/Global/ScalarEvolution.lean:1700:22: Used `tac1 <;> tac2` where `(tac1; tac2)` would suffice

Note: This linter can be disabled with `set_option linter.unnecessarySeqFocus false`
warning: Poincare/Global/ScalarEvolution.lean:1852:22: Used `tac1 <;> tac2` where `(tac1; tac2)` would suffice

Note: This linter can be disabled with `set_option linter.unnecessarySeqFocus false`
warning: Poincare/Global/ScalarEvolution.lean:3420:0: automatically included section variable(s) unused in theorem `Poincare.timeDerivAt_const_eq_zero_field`:
  [T2Space M]
consider restructuring your `variable` declarations so that the variables are not in scope or explicitly omit them:
  omit [T2Space M] in theorem ...

Note: This linter can be disabled with `set_option linter.unusedSectionVars false`
warning: Poincare/Global/ScalarEvolution.lean:3515:12: unused variable `Z`

Note: This linter can be disabled with `set_option linter.unusedVariables false`
⚠ [3369/4019] Replayed Poincare.Global.MetricFlowJointRegularity
warning: Poincare/Global/MetricFlowJointRegularity.lean:101:10: This simp argument is unused:
  Btotal

Hint: Omit it from the simp argument list.
  simp [B̵t̵o̵t̵a̵l̵,̵ ̵dx, dt, ContinuousLinearMap.comp_apply]

Note: This linter can be disabled with `set_option linter.unusedSimpArgs false`
warning: Poincare/Global/MetricFlowJointRegularity.lean:204:0: automatically included section variable(s) unused in theorem `Poincare.MetricEntriesJointContDiffAt.of_le`:
  [T2Space M]
consider restructuring your `variable` declarations so that the variables are not in scope or explicitly omit them:
  omit [T2Space M] in theorem ...

Note: This linter can be disabled with `set_option linter.unusedSectionVars false`
warning: Poincare/Global/MetricFlowJointRegularity.lean:212:0: automatically included section variable(s) unused in theorem `Poincare.metricEntriesJointContDiffAt_const`:
  [T2Space M]
consider restructuring your `variable` declarations so that the variables are not in scope or explicitly omit them:
  omit [T2Space M] in theorem ...

Note: This linter can be disabled with `set_option linter.unusedSectionVars false`
warning: Poincare/Global/MetricFlowJointRegularity.lean:256:8: automatically included section variable(s) unused in theorem `_private.Poincare.Global.MetricFlowJointRegularity.0.Poincare.contMDiffAt_of_comp_extChartAt_symm`:
  [T2Space M]
  [IsManifold Iₘ ∞ M]
consider restructuring your `variable` declarations so that the variables are not in scope or explicitly omit them:
  omit [T2Space M] [IsManifold Iₘ ∞ M] in theorem ...

Note: This linter can be disabled with `set_option linter.unusedSectionVars false`
warning: Poincare/Global/MetricFlowJointRegularity.lean:276:0: automatically included section variable(s) unused in theorem `Poincare.timeDifferentiableAt_of_metricEntriesJointContDiffAt_one`:
  [T2Space M]
consider restructuring your `variable` declarations so that the variables are not in scope or explicitly omit them:
  omit [T2Space M] in theorem ...

Note: This linter can be disabled with `set_option linter.unusedSectionVars false`
⚠ [3370/4019] Replayed Poincare.Global.MetricFlowJointConnectionRegularity
warning: Poincare/Global/MetricFlowJointConnectionRegularity.lean:110:8: automatically included section variable(s) unused in theorem `Poincare.connectionKoszulCovectorAt_apply_finBasis`:
  [T2Space M]
consider restructuring your `variable` declarations so that the variables are not in scope or explicitly omit them:
  omit [T2Space M] in theorem ...

Note: This linter can be disabled with `set_option linter.unusedSectionVars false`
⚠ [3375/4019] Replayed Poincare.Global.MetricFlowJointIteratedConnectionRegularity
warning: Poincare/Global/MetricFlowJointIteratedConnectionRegularity.lean:359:0: automatically included section variable(s) unused in theorem `Poincare.anchorChartMetricFlow_jointContDiffAt_of_metricEntries`:
  [T2Space M]
consider restructuring your `variable` declarations so that the variables are not in scope or explicitly omit them:
  omit [T2Space M] in theorem ...

Note: This linter can be disabled with `set_option linter.unusedSectionVars false`
warning: Poincare/Global/MetricFlowJointIteratedConnectionRegularity.lean:694:0: automatically included section variable(s) unused in theorem `Poincare.mdiffAt_tangentField_of_chartTransported_eventuallyEq`:
  [T2Space M]
consider restructuring your `variable` declarations so that the variables are not in scope or explicitly omit them:
  omit [T2Space M] in theorem ...

Note: This linter can be disabled with `set_option linter.unusedSectionVars false`
⚠ [3379/4019] Replayed Poincare.Global.HausdorffFrozenInverseChartAreaFormula
warning: Poincare/Global/HausdorffFrozenInverseChartAreaFormula.lean:49:0: automatically included section variable(s) unused in theorem `Poincare.ClosedSmoothRiemannianMetric.metricMatrixInBasisAt_posDef`:
  [CompactSpace M]
  [ConnectedSpace M]
  [MeasurableSpace M]
  [BorelSpace M]
consider restructuring your `variable` declarations so that the variables are not in scope or explicitly omit them:
  omit [CompactSpace M] [ConnectedSpace M] [MeasurableSpace M] [BorelSpace M] in theorem ...

Note: This linter can be disabled with `set_option linter.unusedSectionVars false`
⚠ [3381/4019] Replayed Poincare.Global.HausdorffInverseChartGramContinuity
warning: Poincare/Global/HausdorffInverseChartGramContinuity.lean:55:0: automatically included section variable(s) unused in theorem `Poincare.inverseChartPullbackGramMatrix_eq_field`:
  [T2Space M]
  [CompactSpace M]
  [ConnectedSpace M]
  [MeasurableSpace M]
  [BorelSpace M]
consider restructuring your `variable` declarations so that the variables are not in scope or explicitly omit them:
  omit [T2Space M] [CompactSpace M] [ConnectedSpace M] [MeasurableSpace M] [BorelSpace M] in theorem ...

Note: This linter can be disabled with `set_option linter.unusedSectionVars false`
warning: Poincare/Global/HausdorffInverseChartGramContinuity.lean:76:0: automatically included section variable(s) unused in theorem `Poincare.contDiffOn_inverseChartPullbackGramMatrixField_entry`:
  [T2Space M]
  [CompactSpace M]
  [ConnectedSpace M]
  [MeasurableSpace M]
  [BorelSpace M]
consider restructuring your `variable` declarations so that the variables are not in scope or explicitly omit them:
  omit [T2Space M] [CompactSpace M] [ConnectedSpace M] [MeasurableSpace M] [BorelSpace M] in theorem ...

Note: This linter can be disabled with `set_option linter.unusedSectionVars false`
⚠ [3382/4019] Replayed Poincare.Global.HausdorffInverseChartGramQuadraticComparison
warning: Poincare/Global/HausdorffInverseChartGramQuadraticComparison.lean:51:0: automatically included section variable(s) unused in theorem `Poincare.inverseChartPullbackQuadraticForm_zero`:
  [T2Space M]
  [CompactSpace M]
  [ConnectedSpace M]
  [MeasurableSpace M]
  [BorelSpace M]
consider restructuring your `variable` declarations so that the variables are not in scope or explicitly omit them:
  omit [T2Space M] [CompactSpace M] [ConnectedSpace M] [MeasurableSpace M] [BorelSpace M] in theorem ...

Note: This linter can be disabled with `set_option linter.unusedSectionVars false`
warning: Poincare/Global/HausdorffInverseChartGramQuadraticComparison.lean:58:0: automatically included section variable(s) unused in theorem `Poincare.inverseChartPullbackQuadraticForm_smul`:
  [T2Space M]
  [CompactSpace M]
  [ConnectedSpace M]
  [MeasurableSpace M]
  [BorelSpace M]
consider restructuring your `variable` declarations so that the variables are not in scope or explicitly omit them:
  omit [T2Space M] [CompactSpace M] [ConnectedSpace M] [MeasurableSpace M] [BorelSpace M] in theorem ...

Note: This linter can be disabled with `set_option linter.unusedSectionVars false`
⚠ [3385/4019] Replayed Poincare.Global.HausdorffRiemannianShortPathConfinement
warning: Poincare/Global/HausdorffRiemannianShortPathConfinement.lean:41:0: automatically included section variable(s) unused in theorem `Poincare.mapsTo_riemannianEDist_sublevel_of_pathELength_lt`:
  [T2Space M]
  [CompactSpace M]
  [ConnectedSpace M]
  [MeasurableSpace M]
  [BorelSpace M]
consider restructuring your `variable` declarations so that the variables are not in scope or explicitly omit them:
  omit [T2Space M] [CompactSpace M] [ConnectedSpace M] [MeasurableSpace M] [BorelSpace M] in theorem ...

Note: This linter can be disabled with `set_option linter.unusedSectionVars false`
warning: Poincare/Global/HausdorffRiemannianShortPathConfinement.lean:44:5: unused variable `hab`

Note: This linter can be disabled with `set_option linter.unusedVariables false`
warning: Poincare/Global/HausdorffRiemannianShortPathConfinement.lean:56:2: Try this: intro hlen t ht
⚠ [3386/4019] Replayed Poincare.Global.HausdorffInverseChartFrozenMetricBridge
warning: Poincare/Global/HausdorffInverseChartFrozenMetricBridge.lean:139:49: This simp argument is unused:
  hG₀

Hint: Omit it from the simp argument list.
  simp only [frozenInverseChartEDist, f, G₀, h̵G̵₀̵,̵ ̵e, map_sub]

Note: This linter can be disabled with `set_option linter.unusedSimpArgs false`
warning: Poincare/Global/HausdorffInverseChartFrozenMetricBridge.lean:193:9: `mul_le_mul_left'` has been deprecated: Use `mul_le_mul_right` instead
⚠ [3396/4019] Replayed Poincare.Global.DuhamelLocalContraction
warning: Poincare/Global/DuhamelLocalContraction.lean:26:0: automatically included section variable(s) unused in theorem `Poincare.constantDuhamelPathGeneric_apply`:
  [NormedSpace ℝ X]
consider restructuring your `variable` declarations so that the variables are not in scope or explicitly omit them:
  omit [NormedSpace ℝ X] in theorem ...

Note: This linter can be disabled with `set_option linter.unusedSectionVars false`
warning: Poincare/Global/DuhamelLocalContraction.lean:33:0: automatically included section variable(s) unused in theorem `Poincare.eval_mem_closedBall_of_path_mem_closedBall`:
  [NormedSpace ℝ X]
consider restructuring your `variable` declarations so that the variables are not in scope or explicitly omit them:
  omit [NormedSpace ℝ X] in theorem ...

Note: This linter can be disabled with `set_option linter.unusedSectionVars false`
⚠ [3397/4019] Replayed Poincare.Global.SemilinearHeatBUCLocalUniform
warning: Poincare/Global/SemilinearHeatBUCLocalUniform.lean:61:0: automatically included section variable(s) unused in theorem `Poincare.semilinearHeatBUCUniformLifespan_pos`:
  [InnerProductSpace ℝ E]
  [FiniteDimensional ℝ E]
  [MeasurableSpace E]
  [BorelSpace E]
  [FiniteDimensional ℝ F]
  [CompleteSpace F]
consider restructuring your `variable` declarations so that the variables are not in scope or explicitly omit them:
  omit [InnerProductSpace ℝ
  E] [FiniteDimensional ℝ E] [MeasurableSpace E] [BorelSpace E] [FiniteDimensional ℝ F] [CompleteSpace F] in theorem ...

Note: This linter can be disabled with `set_option linter.unusedSectionVars false`
warning: Poincare/Global/SemilinearHeatBUCLocalUniform.lean:68:0: automatically included section variable(s) unused in theorem `Poincare.semilinearHeatBUCUniformLifespan_mul_bound_le_one`:
  [InnerProductSpace ℝ E]
  [FiniteDimensional ℝ E]
  [MeasurableSpace E]
  [BorelSpace E]
  [FiniteDimensional ℝ F]
  [CompleteSpace F]
consider restructuring your `variable` declarations so that the variables are not in scope or explicitly omit them:
  omit [InnerProductSpace ℝ
  E] [FiniteDimensional ℝ E] [MeasurableSpace E] [BorelSpace E] [FiniteDimensional ℝ F] [CompleteSpace F] in theorem ...

Note: This linter can be disabled with `set_option linter.unusedSectionVars false`
warning: Poincare/Global/SemilinearHeatBUCLocalUniform.lean:83:0: automatically included section variable(s) unused in theorem `Poincare.semilinearHeatBUCUniformLifespan_mul_lipschitz_lt_one`:
  [InnerProductSpace ℝ E]
  [FiniteDimensional ℝ E]
  [MeasurableSpace E]
  [BorelSpace E]
  [FiniteDimensional ℝ F]
  [CompleteSpace F]
consider restructuring your `variable` declarations so that the variables are not in scope or explicitly omit them:
  omit [InnerProductSpace ℝ
  E] [FiniteDimensional ℝ E] [MeasurableSpace E] [BorelSpace E] [FiniteDimensional ℝ F] [CompleteSpace F] in theorem ...

Note: This linter can be disabled with `set_option linter.unusedSectionVars false`
⚠ [3398/4019] Replayed Poincare.Global.QuadraticNonlinearity
warning: Poincare/Global/QuadraticNonlinearity.lean:87:0: automatically included section variable(s) unused in theorem `Poincare.norm_le_center_add_nnreal_radius`:
  [NormedSpace ℝ X]
consider restructuring your `variable` declarations so that the variables are not in scope or explicitly omit them:
  omit [NormedSpace ℝ X] in theorem ...

Note: This linter can be disabled with `set_option linter.unusedSectionVars false`
⚠ [3399/4019] Replayed Poincare.Global.QuadraticHeatDuhamel
warning: Poincare/Global/QuadraticHeatDuhamel.lean:42:0: automatically included section variable(s) unused in theorem `Poincare.continuous_quadraticOfCLM`:
  [InnerProductSpace ℝ E]
  [FiniteDimensional ℝ E]
  [MeasurableSpace E]
  [BorelSpace E]
  [FiniteDimensional ℝ F]
  [CompleteSpace F]
consider restructuring your `variable` declarations so that the variables are not in scope or explicitly omit them:
  omit [InnerProductSpace ℝ
  E] [FiniteDimensional ℝ E] [MeasurableSpace E] [BorelSpace E] [FiniteDimensional ℝ F] [CompleteSpace F] in theorem ...

Note: This linter can be disabled with `set_option linter.unusedSectionVars false`
warning: Poincare/Global/QuadraticHeatDuhamel.lean:49:0: automatically included section variable(s) unused in theorem `Poincare.norm_quadraticOfCLM_le_of_bound`:
  [InnerProductSpace ℝ E]
  [FiniteDimensional ℝ E]
  [MeasurableSpace E]
  [BorelSpace E]
  [FiniteDimensional ℝ F]
  [CompleteSpace F]
consider restructuring your `variable` declarations so that the variables are not in scope or explicitly omit them:
  omit [InnerProductSpace ℝ
  E] [FiniteDimensional ℝ E] [MeasurableSpace E] [BorelSpace E] [FiniteDimensional ℝ F] [CompleteSpace F] in theorem ...

Note: This linter can be disabled with `set_option linter.unusedSectionVars false`
warning: Poincare/Global/QuadraticHeatDuhamel.lean:61:0: automatically included section variable(s) unused in theorem `Poincare.lipschitzOnWith_quadraticOfCLM_closedBall_center_of_bound`:
  [InnerProductSpace ℝ E]
  [FiniteDimensional ℝ E]
  [MeasurableSpace E]
  [BorelSpace E]
  [FiniteDimensional ℝ F]
  [CompleteSpace F]
consider restructuring your `variable` declarations so that the variables are not in scope or explicitly omit them:
  omit [InnerProductSpace ℝ
  E] [FiniteDimensional ℝ E] [MeasurableSpace E] [BorelSpace E] [FiniteDimensional ℝ F] [CompleteSpace F] in theorem ...

Note: This linter can be disabled with `set_option linter.unusedSectionVars false`
⚠ [3400/4019] Replayed Poincare.Global.SemilinearHeatBUCLocalDataOperations
warning: Poincare/Global/SemilinearHeatBUCLocalDataOperations.lean:144:2: try 'simp' instead of 'simpa'

Note: This linter can be disabled with `set_option linter.unnecessarySimpa false`
warning: Poincare/Global/SemilinearHeatBUCLocalDataOperations.lean:220:6: try 'simp' instead of 'simpa'

Note: This linter can be disabled with `set_option linter.unnecessarySimpa false`
warning: Poincare/Global/SemilinearHeatBUCLocalDataOperations.lean:259:0: automatically included section variable(s) unused in theorem `Poincare.SemilinearHeatBUCLocalData.recenter_apply_zero`:
  [InnerProductSpace ℝ E]
  [FiniteDimensional ℝ E]
  [MeasurableSpace E]
  [BorelSpace E]
  [FiniteDimensional ℝ F]
  [CompleteSpace F]
consider restructuring your `variable` declarations so that the variables are not in scope or explicitly omit them:
  omit [InnerProductSpace ℝ
  E] [FiniteDimensional ℝ E] [MeasurableSpace E] [BorelSpace E] [FiniteDimensional ℝ F] [CompleteSpace F] in theorem ...

Note: This linter can be disabled with `set_option linter.unusedSectionVars false`
⚠ [3401/4019] Replayed Poincare.Global.SemilinearHeatBUCRestart
warning: Poincare/Global/SemilinearHeatBUCRestart.lean:70:0: automatically included section variable(s) unused in theorem `Poincare.restartDuhamelPath_apply`:
  [InnerProductSpace ℝ E]
  [FiniteDimensional ℝ E]
  [MeasurableSpace E]
  [BorelSpace E]
  [FiniteDimensional ℝ F]
  [CompleteSpace F]
consider restructuring your `variable` declarations so that the variables are not in scope or explicitly omit them:
  omit [InnerProductSpace ℝ
  E] [FiniteDimensional ℝ E] [MeasurableSpace E] [BorelSpace E] [FiniteDimensional ℝ F] [CompleteSpace F] in theorem ...

Note: This linter can be disabled with `set_option linter.unusedSectionVars false`
warning: Poincare/Global/SemilinearHeatBUCRestart.lean:135:44: 'ring' tactic does nothing

Note: This linter can be disabled with `set_option linter.unusedTactic false`
warning: Poincare/Global/SemilinearHeatBUCRestart.lean:135:44: this tactic is never executed

Note: This linter can be disabled with `set_option linter.unreachableTactic false`
info: Poincare/Global/SemilinearHeatBUCRestart.lean:224:2: Try this:
  [apply] ring_nf
  
  The `ring` tactic failed to close the goal. Use `ring_nf` to obtain a normal form.
    
  Note that `ring` works primarily in *commutative* rings. If you have a noncommutative ring, abelian group or module, consider using `noncomm_ring`, `abel` or `module` instead.
⚠ [3402/4019] Replayed Poincare.Global.SemilinearHeatBUCRestrictionGluing
warning: Poincare/Global/SemilinearHeatBUCRestrictionGluing.lean:48:0: automatically included section variable(s) unused in theorem `Poincare.restrictDuhamelPath_apply`:
  [InnerProductSpace ℝ E]
  [FiniteDimensional ℝ E]
  [MeasurableSpace E]
  [BorelSpace E]
  [FiniteDimensional ℝ F]
  [CompleteSpace F]
consider restructuring your `variable` declarations so that the variables are not in scope or explicitly omit them:
  omit [InnerProductSpace ℝ
  E] [FiniteDimensional ℝ E] [MeasurableSpace E] [BorelSpace E] [FiniteDimensional ℝ F] [CompleteSpace F] in theorem ...

Note: This linter can be disabled with `set_option linter.unusedSectionVars false`
warning: Poincare/Global/SemilinearHeatBUCRestrictionGluing.lean:55:0: automatically included section variable(s) unused in theorem `Poincare.restrictDuhamelPath_self`:
  [InnerProductSpace ℝ E]
  [FiniteDimensional ℝ E]
  [MeasurableSpace E]
  [BorelSpace E]
  [FiniteDimensional ℝ F]
  [CompleteSpace F]
consider restructuring your `variable` declarations so that the variables are not in scope or explicitly omit them:
  omit [InnerProductSpace ℝ
  E] [FiniteDimensional ℝ E] [MeasurableSpace E] [BorelSpace E] [FiniteDimensional ℝ F] [CompleteSpace F] in theorem ...

Note: This linter can be disabled with `set_option linter.unusedSectionVars false`
warning: Poincare/Global/SemilinearHeatBUCRestrictionGluing.lean:62:0: automatically included section variable(s) unused in theorem `Poincare.restrictDuhamelPath_trans`:
  [InnerProductSpace ℝ E]
  [FiniteDimensional ℝ E]
  [MeasurableSpace E]
  [BorelSpace E]
  [FiniteDimensional ℝ F]
  [CompleteSpace F]
consider restructuring your `variable` declarations so that the variables are not in scope or explicitly omit them:
  omit [InnerProductSpace ℝ
  E] [FiniteDimensional ℝ E] [MeasurableSpace E] [BorelSpace E] [FiniteDimensional ℝ F] [CompleteSpace F] in theorem ...

Note: This linter can be disabled with `set_option linter.unusedSectionVars false`
warning: Poincare/Global/SemilinearHeatBUCRestrictionGluing.lean:165:0: automatically included section variable(s) unused in theorem `Poincare.appendDuhamelPath_apply_of_le`:
  [InnerProductSpace ℝ E]
  [FiniteDimensional ℝ E]
  [MeasurableSpace E]
  [BorelSpace E]
  [FiniteDimensional ℝ F]
  [CompleteSpace F]
consider restructuring your `variable` declarations so that the variables are not in scope or explicitly omit them:
  omit [InnerProductSpace ℝ
  E] [FiniteDimensional ℝ E] [MeasurableSpace E] [BorelSpace E] [FiniteDimensional ℝ F] [CompleteSpace F] in theorem ...

Note: This linter can be disabled with `set_option linter.unusedSectionVars false`
warning: Poincare/Global/SemilinearHeatBUCRestrictionGluing.lean:190:19: try 'simp' instead of 'simpa'

Note: This linter can be disabled with `set_option linter.unnecessarySimpa false`
warning: Poincare/Global/SemilinearHeatBUCRestrictionGluing.lean:178:0: automatically included section variable(s) unused in theorem `Poincare.appendDuhamelPath_apply_of_ge`:
  [InnerProductSpace ℝ E]
  [FiniteDimensional ℝ E]
  [MeasurableSpace E]
  [BorelSpace E]
  [FiniteDimensional ℝ F]
  [CompleteSpace F]
consider restructuring your `variable` declarations so that the variables are not in scope or explicitly omit them:
  omit [InnerProductSpace ℝ
  E] [FiniteDimensional ℝ E] [MeasurableSpace E] [BorelSpace E] [FiniteDimensional ℝ F] [CompleteSpace F] in theorem ...

Note: This linter can be disabled with `set_option linter.unusedSectionVars false`
⚠ [3404/4019] Replayed Poincare.Global.SemilinearHeatBUCLocalMaximal
warning: Poincare/Global/SemilinearHeatBUCLocalMaximal.lean:73:0: automatically included section variable(s) unused in theorem `Poincare.semilinearDuhamelPath_mem_zero_closedBall_of_forall_norm_le`:
  [InnerProductSpace ℝ E]
  [FiniteDimensional ℝ E]
  [MeasurableSpace E]
  [BorelSpace E]
  [FiniteDimensional ℝ F]
  [CompleteSpace F]
consider restructuring your `variable` declarations so that the variables are not in scope or explicitly omit them:
  omit [InnerProductSpace ℝ
  E] [FiniteDimensional ℝ E] [MeasurableSpace E] [BorelSpace E] [FiniteDimensional ℝ F] [CompleteSpace F] in theorem ...

Note: This linter can be disabled with `set_option linter.unusedSectionVars false`
warning: Poincare/Global/SemilinearHeatBUCLocalMaximal.lean:83:0: automatically included section variable(s) unused in theorem `Poincare.restrictSemilinearDuhamelPath_mem_zero_closedBall`:
  [InnerProductSpace ℝ E]
  [FiniteDimensional ℝ E]
  [MeasurableSpace E]
  [BorelSpace E]
  [FiniteDimensional ℝ F]
  [CompleteSpace F]
consider restructuring your `variable` declarations so that the variables are not in scope or explicitly omit them:
  omit [InnerProductSpace ℝ
  E] [FiniteDimensional ℝ E] [MeasurableSpace E] [BorelSpace E] [FiniteDimensional ℝ F] [CompleteSpace F] in theorem ...

Note: This linter can be disabled with `set_option linter.unusedSectionVars false`
⚠ [3405/4019] Replayed Poincare.Global.SemilinearHeatBUCPolynomialLocalData
warning: Poincare/Global/SemilinearHeatBUCPolynomialLocalData.lean:69:0: automatically included section variable(s) unused in theorem `Poincare.SemilinearHeatBUCLocalData.finsetSum_growth`:
  [InnerProductSpace ℝ E]
  [FiniteDimensional ℝ E]
  [MeasurableSpace E]
  [BorelSpace E]
  [FiniteDimensional ℝ F]
  [CompleteSpace F]
consider restructuring your `variable` declarations so that the variables are not in scope or explicitly omit them:
  omit [InnerProductSpace ℝ
  E] [FiniteDimensional ℝ E] [MeasurableSpace E] [BorelSpace E] [FiniteDimensional ℝ F] [CompleteSpace F] in theorem ...

Note: This linter can be disabled with `set_option linter.unusedSectionVars false`
warning: Poincare/Global/SemilinearHeatBUCPolynomialLocalData.lean:75:0: automatically included section variable(s) unused in theorem `Poincare.SemilinearHeatBUCLocalData.finsetSum_lipschitz`:
  [InnerProductSpace ℝ E]
  [FiniteDimensional ℝ E]
  [MeasurableSpace E]
  [BorelSpace E]
  [FiniteDimensional ℝ F]
  [CompleteSpace F]
consider restructuring your `variable` declarations so that the variables are not in scope or explicitly omit them:
  omit [InnerProductSpace ℝ
  E] [FiniteDimensional ℝ E] [MeasurableSpace E] [BorelSpace E] [FiniteDimensional ℝ F] [CompleteSpace F] in theorem ...

Note: This linter can be disabled with `set_option linter.unusedSectionVars false`
warning: Poincare/Global/SemilinearHeatBUCPolynomialLocalData.lean:91:0: automatically included section variable(s) unused in theorem `Poincare.SemilinearHeatBUCLocalData.finsetCompSum_growth`:
  [InnerProductSpace ℝ E]
  [FiniteDimensional ℝ E]
  [MeasurableSpace E]
  [BorelSpace E]
  [FiniteDimensional ℝ F]
  [CompleteSpace F]
consider restructuring your `variable` declarations so that the variables are not in scope or explicitly omit them:
  omit [InnerProductSpace ℝ
  E] [FiniteDimensional ℝ E] [MeasurableSpace E] [BorelSpace E] [FiniteDimensional ℝ F] [CompleteSpace F] in theorem ...

Note: This linter can be disabled with `set_option linter.unusedSectionVars false`
warning: Poincare/Global/SemilinearHeatBUCPolynomialLocalData.lean:100:0: automatically included section variable(s) unused in theorem `Poincare.SemilinearHeatBUCLocalData.finsetCompSum_lipschitz`:
  [InnerProductSpace ℝ E]
  [FiniteDimensional ℝ E]
  [MeasurableSpace E]
  [BorelSpace E]
  [FiniteDimensional ℝ F]
  [CompleteSpace F]
consider restructuring your `variable` declarations so that the variables are not in scope or explicitly omit them:
  omit [InnerProductSpace ℝ
  E] [FiniteDimensional ℝ E] [MeasurableSpace E] [BorelSpace E] [FiniteDimensional ℝ F] [CompleteSpace F] in theorem ...

Note: This linter can be disabled with `set_option linter.unusedSectionVars false`
warning: Poincare/Global/SemilinearHeatBUCPolynomialLocalData.lean:124:0: automatically included section variable(s) unused in theorem `Poincare.SemilinearHeatBUCLocalData.finsetBilinearCompSum_growth`:
  [InnerProductSpace ℝ E]
  [FiniteDimensional ℝ E]
  [MeasurableSpace E]
  [BorelSpace E]
  [FiniteDimensional ℝ F]
  [CompleteSpace F]
consider restructuring your `variable` declarations so that the variables are not in scope or explicitly omit them:
  omit [InnerProductSpace ℝ
  E] [FiniteDimensional ℝ E] [MeasurableSpace E] [BorelSpace E] [FiniteDimensional ℝ F] [CompleteSpace F] in theorem ...

Note: This linter can be disabled with `set_option linter.unusedSectionVars false`
warning: Poincare/Global/SemilinearHeatBUCPolynomialLocalData.lean:135:0: automatically included section variable(s) unused in theorem `Poincare.SemilinearHeatBUCLocalData.finsetBilinearCompSum_lipschitz`:
  [InnerProductSpace ℝ E]
  [FiniteDimensional ℝ E]
  [MeasurableSpace E]
  [BorelSpace E]
  [FiniteDimensional ℝ F]
  [CompleteSpace F]
consider restructuring your `variable` declarations so that the variables are not in scope or explicitly omit them:
  omit [InnerProductSpace ℝ
  E] [FiniteDimensional ℝ E] [MeasurableSpace E] [BorelSpace E] [FiniteDimensional ℝ F] [CompleteSpace F] in theorem ...

Note: This linter can be disabled with `set_option linter.unusedSectionVars false`
⚠ [3406/4019] Replayed Poincare.Global.RecenteredDeTurckSemilinearHeatBUC
warning: Poincare/Global/RecenteredDeTurckSemilinearHeatBUC.lean:56:0: automatically included section variable(s) unused in theorem `Poincare.RecenteredDeTurckShapedBUCRemainderData.nonlinearity_apply_expanded`:
  [InnerProductSpace ℝ E]
  [FiniteDimensional ℝ E]
  [MeasurableSpace E]
  [BorelSpace E]
  [FiniteDimensional ℝ F]
  [CompleteSpace F]
consider restructuring your `variable` declarations so that the variables are not in scope or explicitly omit them:
  omit [InnerProductSpace ℝ
  E] [FiniteDimensional ℝ E] [MeasurableSpace E] [BorelSpace E] [FiniteDimensional ℝ F] [CompleteSpace F] in theorem ...

Note: This linter can be disabled with `set_option linter.unusedSectionVars false`
warning: Poincare/Global/RecenteredDeTurckSemilinearHeatBUC.lean:82:0: automatically included section variable(s) unused in theorem `Poincare.RecenteredDeTurckShapedBUCRemainderData.nonlinearity_zero`:
  [InnerProductSpace ℝ E]
  [FiniteDimensional ℝ E]
  [MeasurableSpace E]
  [BorelSpace E]
  [FiniteDimensional ℝ F]
  [CompleteSpace F]
consider restructuring your `variable` declarations so that the variables are not in scope or explicitly omit them:
  omit [InnerProductSpace ℝ
  E] [FiniteDimensional ℝ E] [MeasurableSpace E] [BorelSpace E] [FiniteDimensional ℝ F] [CompleteSpace F] in theorem ...

Note: This linter can be disabled with `set_option linter.unusedSectionVars false`
warning: Poincare/Global/RecenteredDeTurckSemilinearHeatBUC.lean:112:0: automatically included section variable(s) unused in theorem `Poincare.RecenteredDeTurckShapedBUCRemainderData.nonlinearity_eq_shift_of_stationary`:
  [InnerProductSpace ℝ E]
  [FiniteDimensional ℝ E]
  [MeasurableSpace E]
  [BorelSpace E]
  [FiniteDimensional ℝ F]
  [CompleteSpace F]
consider restructuring your `variable` declarations so that the variables are not in scope or explicitly omit them:
  omit [InnerProductSpace ℝ
  E] [FiniteDimensional ℝ E] [MeasurableSpace E] [BorelSpace E] [FiniteDimensional ℝ F] [CompleteSpace F] in theorem ...

Note: This linter can be disabled with `set_option linter.unusedSectionVars false`
warning: Poincare/Global/RecenteredDeTurckSemilinearHeatBUC.lean:164:5: unused variable `D`

Note: This linter can be disabled with `set_option linter.unusedVariables false`
warning: Poincare/Global/RecenteredDeTurckSemilinearHeatBUC.lean:171:5: unused variable `D`

Note: This linter can be disabled with `set_option linter.unusedVariables false`
warning: Poincare/Global/RecenteredDeTurckSemilinearHeatBUC.lean:176:0: automatically included section variable(s) unused in theorem `Poincare.RecenteredDeTurckShapedBUCRemainderData.zeroPath_apply`:
  [InnerProductSpace ℝ E]
  [FiniteDimensional ℝ E]
  [MeasurableSpace E]
  [BorelSpace E]
  [FiniteDimensional ℝ F]
  [CompleteSpace F]
consider restructuring your `variable` declarations so that the variables are not in scope or explicitly omit them:
  omit [InnerProductSpace ℝ
  E] [FiniteDimensional ℝ E] [MeasurableSpace E] [BorelSpace E] [FiniteDimensional ℝ F] [CompleteSpace F] in theorem ...

Note: This linter can be disabled with `set_option linter.unusedSectionVars false`
⚠ [3407/4019] Replayed Poincare.Global.AffineRecenteredDeTurckSemilinearHeatBUC
warning: Poincare/Global/AffineRecenteredDeTurckSemilinearHeatBUC.lean:108:0: automatically included section variable(s) unused in theorem `Poincare.AffineRecenteredDeTurckShapedBUCRemainderData.ofShiftedBackground_nonlinearity`:
  [InnerProductSpace ℝ E]
  [FiniteDimensional ℝ E]
  [MeasurableSpace E]
  [BorelSpace E]
  [FiniteDimensional ℝ F]
  [CompleteSpace F]
consider restructuring your `variable` declarations so that the variables are not in scope or explicitly omit them:
  omit [InnerProductSpace ℝ
  E] [FiniteDimensional ℝ E] [MeasurableSpace E] [BorelSpace E] [FiniteDimensional ℝ F] [CompleteSpace F] in theorem ...

Note: This linter can be disabled with `set_option linter.unusedSectionVars false`
warning: Poincare/Global/AffineRecenteredDeTurckSemilinearHeatBUC.lean:119:0: automatically included section variable(s) unused in theorem `Poincare.AffineRecenteredDeTurckShapedBUCRemainderData.ofShiftedBackground_forcing_eq_zero_iff`:
  [InnerProductSpace ℝ E]
  [FiniteDimensional ℝ E]
  [MeasurableSpace E]
  [BorelSpace E]
  [FiniteDimensional ℝ F]
  [CompleteSpace F]
consider restructuring your `variable` declarations so that the variables are not in scope or explicitly omit them:
  omit [InnerProductSpace ℝ
  E] [FiniteDimensional ℝ E] [MeasurableSpace E] [BorelSpace E] [FiniteDimensional ℝ F] [CompleteSpace F] in theorem ...

Note: This linter can be disabled with `set_option linter.unusedSectionVars false`
warning: Poincare/Global/AffineRecenteredDeTurckSemilinearHeatBUC.lean:231:0: automatically included section variable(s) unused in theorem `Poincare.AffineRecenteredDeTurckShapedBUCRemainderData.zero_mem_heatGeneratorDomain`:
  [CompleteSpace F]
consider restructuring your `variable` declarations so that the variables are not in scope or explicitly omit them:
  omit [CompleteSpace F] in theorem ...

Note: This linter can be disabled with `set_option linter.unusedSectionVars false`
warning: Poincare/Global/AffineRecenteredDeTurckSemilinearHeatBUC.lean:239:5: unused variable `D`

Note: This linter can be disabled with `set_option linter.unusedVariables false`
warning: Poincare/Global/AffineRecenteredDeTurckSemilinearHeatBUC.lean:246:5: unused variable `D`

Note: This linter can be disabled with `set_option linter.unusedVariables false`
warning: Poincare/Global/AffineRecenteredDeTurckSemilinearHeatBUC.lean:251:0: automatically included section variable(s) unused in theorem `Poincare.AffineRecenteredDeTurckShapedBUCRemainderData.zeroPath_apply`:
  [InnerProductSpace ℝ E]
  [FiniteDimensional ℝ E]
  [MeasurableSpace E]
  [BorelSpace E]
  [FiniteDimensional ℝ F]
  [CompleteSpace F]
consider restructuring your `variable` declarations so that the variables are not in scope or explicitly omit them:
  omit [InnerProductSpace ℝ
  E] [FiniteDimensional ℝ E] [MeasurableSpace E] [BorelSpace E] [FiniteDimensional ℝ F] [CompleteSpace F] in theorem ...

Note: This linter can be disabled with `set_option linter.unusedSectionVars false`
⚠ [3408/4019] Replayed Poincare.Global.DeTurckBUCMetricReconstruction
warning: Poincare/Global/DeTurckBUCMetricReconstruction.lean:72:0: automatically included section variable(s) unused in theorem `Poincare.abs_coordinateTwoTensor_apply_le`:
  [FiniteDimensional ℝ E]
  [MeasurableSpace E]
  [BorelSpace E]
consider restructuring your `variable` declarations so that the variables are not in scope or explicitly omit them:
  omit [FiniteDimensional ℝ E] [MeasurableSpace E] [BorelSpace E] in theorem ...

Note: This linter can be disabled with `set_option linter.unusedSectionVars false`
warning: Poincare/Global/DeTurckBUCMetricReconstruction.lean:96:0: automatically included section variable(s) unused in theorem `Poincare.coordinateMetricValue_add`:
  [FiniteDimensional ℝ E]
  [MeasurableSpace E]
  [BorelSpace E]
consider restructuring your `variable` declarations so that the variables are not in scope or explicitly omit them:
  omit [FiniteDimensional ℝ E] [MeasurableSpace E] [BorelSpace E] in theorem ...

Note: This linter can be disabled with `set_option linter.unusedSectionVars false`
⚠ [3413/4019] Replayed Poincare.Global.DeTurckSummandRegularity
warning: Poincare/Global/DeTurckSummandRegularity.lean:63:8: automatically included section variable(s) unused in theorem `Poincare.deTurckModelBasisField_apply`:
  [T2Space M]
  [IsManifold I ∞ M]
consider restructuring your `variable` declarations so that the variables are not in scope or explicitly omit them:
  omit [T2Space M] [IsManifold I ∞ M] in theorem ...

Note: This linter can be disabled with `set_option linter.unusedSectionVars false`
warning: Poincare/Global/DeTurckSummandRegularity.lean:72:0: automatically included section variable(s) unused in theorem `Poincare.deTurckModelBasisField_apply_eq_model`:
  [T2Space M]
  [IsManifold I ∞ M]
consider restructuring your `variable` declarations so that the variables are not in scope or explicitly omit them:
  omit [T2Space M] [IsManifold I ∞ M] in theorem ...

Note: This linter can be disabled with `set_option linter.unusedSectionVars false`
warning: Poincare/Global/DeTurckSummandRegularity.lean:88:0: automatically included section variable(s) unused in theorem `Poincare.deTurck_finBasis_apply_eq_model`:
  [T2Space M]
  [IsManifold I ∞ M]
consider restructuring your `variable` declarations so that the variables are not in scope or explicitly omit them:
  omit [T2Space M] [IsManifold I ∞ M] in theorem ...

Note: This linter can be disabled with `set_option linter.unusedSectionVars false`
warning: Poincare/Global/DeTurckSummandRegularity.lean:97:0: automatically included section variable(s) unused in theorem `Poincare.deTurck_finBasis_coord_eq_model`:
  [T2Space M]
  [IsManifold I ∞ M]
consider restructuring your `variable` declarations so that the variables are not in scope or explicitly omit them:
  omit [T2Space M] [IsManifold I ∞ M] in theorem ...

Note: This linter can be disabled with `set_option linter.unusedSectionVars false`
⚠ [3414/4019] Replayed Poincare.Global.DeTurckLocalFrameRegularity
warning: Poincare/Global/DeTurckLocalFrameRegularity.lean:40:8: automatically included section variable(s) unused in theorem `_private.Poincare.Global.DeTurckLocalFrameRegularity.0.Poincare.contMDiffAt_three_finset_sum_real`:
  [T2Space M]
  [IsManifold I ∞ M]
consider restructuring your `variable` declarations so that the variables are not in scope or explicitly omit them:
  omit [T2Space M] [IsManifold I ∞ M] in theorem ...

Note: This linter can be disabled with `set_option linter.unusedSectionVars false`
warning: Poincare/Global/DeTurckLocalFrameRegularity.lean:60:8: automatically included section variable(s) unused in theorem `_private.Poincare.Global.DeTurckLocalFrameRegularity.0.Poincare.contMDiffAt_three_finset_prod_real`:
  [T2Space M]
  [IsManifold I ∞ M]
consider restructuring your `variable` declarations so that the variables are not in scope or explicitly omit them:
  omit [T2Space M] [IsManifold I ∞ M] in theorem ...

Note: This linter can be disabled with `set_option linter.unusedSectionVars false`
warning: Poincare/Global/DeTurckLocalFrameRegularity.lean:81:0: automatically included section variable(s) unused in theorem `Poincare.metric_pairing_contMDiffAt_three`:
  [T2Space M]
consider restructuring your `variable` declarations so that the variables are not in scope or explicitly omit them:
  omit [T2Space M] in theorem ...

Note: This linter can be disabled with `set_option linter.unusedSectionVars false`
warning: Poincare/Global/DeTurckLocalFrameRegularity.lean:286:8: try 'simp' instead of 'simpa'

Note: This linter can be disabled with `set_option linter.unnecessarySimpa false`
warning: Poincare/Global/DeTurckLocalFrameRegularity.lean:300:8: try 'simp' instead of 'simpa'

Note: This linter can be disabled with `set_option linter.unnecessarySimpa false`
⚠ [3496/4019] Replayed Poincare.Global.RoundSphereTargetAnchorUniformity
warning: Poincare/Global/RoundSphereTargetAnchorUniformity.lean:132:8: try 'simp' instead of 'simpa'

Note: This linter can be disabled with `set_option linter.unnecessarySimpa false`
⚠ [3513/4019] Replayed Poincare.Global.EinsteinNormalization
warning: Poincare/Global/EinsteinNormalization.lean:32:0: automatically included section variable(s) unused in theorem `Poincare.scalarAt_eq_three_mul_of_forall_isEinsteinAt`:
  [SecondCountableTopology M]
  [CompactSpace M]
  [ConnectedSpace M]
  [SimplyConnectedSpace M]
consider restructuring your `variable` declarations so that the variables are not in scope or explicitly omit them:
  omit [SecondCountableTopology M] [CompactSpace M] [ConnectedSpace M] [SimplyConnectedSpace M] in theorem ...

Note: This linter can be disabled with `set_option linter.unusedSectionVars false`
⚠ [3526/4019] Replayed Poincare.Global.CartanRestrictedOverlapCompatibility
warning: Poincare/Global/CartanRestrictedOverlapCompatibility.lean:74:0: automatically included section variable(s) unused in theorem `Poincare.UnitRecognitionNext.RestrictedCompatibleCartanAtlasData3.diagonalDevelopment_eqOn_domain`:
  [T2Space M]
  [SecondCountableTopology M]
  [CompactSpace M]
  [ConnectedSpace M]
  [SimplyConnectedSpace M]
consider restructuring your `variable` declarations so that the variables are not in scope or explicitly omit them:
  omit [T2Space
  M] [SecondCountableTopology M] [CompactSpace M] [ConnectedSpace M] [SimplyConnectedSpace M] in theorem ...

Note: This linter can be disabled with `set_option linter.unusedSectionVars false`
⚠ [3536/4019] Replayed Poincare.Global.MetricRescaleCurvature
warning: Poincare/Global/MetricRescaleCurvature.lean:59:4: try 'simp' instead of 'simpa'

Note: This linter can be disabled with `set_option linter.unnecessarySimpa false`
warning: Poincare/Global/MetricRescaleCurvature.lean:109:6: try 'simp' instead of 'simpa'

Note: This linter can be disabled with `set_option linter.unnecessarySimpa false`
⚠ [3540/4019] Replayed Poincare.Global.NormalizedFlowEnergyConcentration
warning: Poincare/Global/NormalizedFlowEnergyConcentration.lean:169:0: automatically included section variable(s) unused in theorem `Poincare.mem_closedRiemannianBall_iff`:
  [SecondCountableTopology M]
  [MeasurableSpace M]
  [BorelSpace M]
consider restructuring your `variable` declarations so that the variables are not in scope or explicitly omit them:
  omit [SecondCountableTopology M] [MeasurableSpace M] [BorelSpace M] in theorem ...

Note: This linter can be disabled with `set_option linter.unusedSectionVars false`
warning: Poincare/Global/NormalizedFlowEnergyConcentration.lean:175:0: automatically included section variable(s) unused in theorem `Poincare.closedRiemannianBall_measurableSet`:
  [SecondCountableTopology M]
consider restructuring your `variable` declarations so that the variables are not in scope or explicitly omit them:
  omit [SecondCountableTopology M] in theorem ...

Note: This linter can be disabled with `set_option linter.unusedSectionVars false`
warning: Poincare/Global/NormalizedFlowEnergyConcentration.lean:208:0: automatically included section variable(s) unused in theorem `Poincare.uniformClosedRiemannianBallVolumeLower_of_cubicNoncollapse`:
  [SecondCountableTopology M]
consider restructuring your `variable` declarations so that the variables are not in scope or explicitly omit them:
  omit [SecondCountableTopology M] in theorem ...

Note: This linter can be disabled with `set_option linter.unusedSectionVars false`
⚠ [3541/4019] Replayed Poincare.Global.ClosedRiemannianBallVolumeLower
warning: Poincare/Global/ClosedRiemannianBallVolumeLower.lean:39:0: automatically included section variable(s) unused in theorem `Poincare.exists_pos_uniform_closedRiemannianBall_volume_lower`:
  [SecondCountableTopology M]
consider restructuring your `variable` declarations so that the variables are not in scope or explicitly omit them:
  omit [SecondCountableTopology M] in theorem ...

Note: This linter can be disabled with `set_option linter.unusedSectionVars false`
warning: Poincare/Global/ClosedRiemannianBallVolumeLower.lean:254:0: automatically included section variable(s) unused in theorem `Poincare.UniformClosedRiemannianBallVolumeLower.comp`:
  [SecondCountableTopology M]
  [Nonempty M]
consider restructuring your `variable` declarations so that the variables are not in scope or explicitly omit them:
  omit [SecondCountableTopology M] [Nonempty M] in theorem ...

Note: This linter can be disabled with `set_option linter.unusedSectionVars false`
⚠ [3542/4019] Replayed Poincare.Global.NormalizedFlowEnergyConcentrationLipschitzBridge
warning: Poincare/Global/NormalizedFlowEnergyConcentrationLipschitzBridge.lean:93:0: automatically included section variable(s) unused in theorem `Poincare.uniformClosedRiemannianPathIntegralGradientBound_of_mfderivBound`:
  [T2Space M]
  [SecondCountableTopology M]
  [CompactSpace M]
  [ConnectedSpace M]
consider restructuring your `variable` declarations so that the variables are not in scope or explicitly omit them:
  omit [T2Space M] [SecondCountableTopology M] [CompactSpace M] [ConnectedSpace M] in theorem ...

Note: This linter can be disabled with `set_option linter.unusedSectionVars false`
warning: Poincare/Global/NormalizedFlowEnergyConcentrationLipschitzBridge.lean:181:0: automatically included section variable(s) unused in theorem `Poincare.uniformClosedRiemannianLipschitzBound_of_pathIntegralGradientBound`:
  [SecondCountableTopology M]
consider restructuring your `variable` declarations so that the variables are not in scope or explicitly omit them:
  omit [SecondCountableTopology M] in theorem ...

Note: This linter can be disabled with `set_option linter.unusedSectionVars false`
warning: Poincare/Global/NormalizedFlowEnergyConcentrationLipschitzBridge.lean:242:0: automatically included section variable(s) unused in theorem `Poincare.uniformClosedRiemannianLipschitzBound_centeredScalarSq_of_centeredBound_of_scalarLipschitz`:
  [SecondCountableTopology M]
consider restructuring your `variable` declarations so that the variables are not in scope or explicitly omit them:
  omit [SecondCountableTopology M] in theorem ...

Note: This linter can be disabled with `set_option linter.unusedSectionVars false`
⚠ [3546/4019] Replayed Poincare.Global.ParabolicExponentialMaximum
warning: Poincare/Global/ParabolicExponentialMaximum.lean:71:24: Used `tac1 <;> tac2` where `(tac1; tac2)` would suffice

Note: This linter can be disabled with `set_option linter.unnecessarySeqFocus false`
warning: Poincare/Global/ParabolicExponentialMaximum.lean:71:41: Used `tac1 <;> tac2` where `(tac1; tac2)` would suffice

Note: This linter can be disabled with `set_option linter.unnecessarySeqFocus false`
ℹ [3564/4019] Replayed Poincare.Surgery
info: stderr:
PANIC at _private.Lean.LibrarySuggestions.SymbolFrequency.0.Lean.Environment.unsafeRunMetaM Lean.LibrarySuggestions.SymbolFrequency:71:24: (deterministic) timeout at `whnf`, maximum number of heartbeats (200000) has been reached

Note: Use `set_option maxHeartbeats <num>` to set the limit.(invalid MessageData.lazy, missing context)
backtrace:
0   libleanshared.dylib                 0x000000010f8efe18 _ZN4leanL15print_backtraceEb + 60
1   libleanshared.dylib                 0x000000010f8e6924 _ZN4leanL15lean_panic_implEPKcmb + 176
2   libleanshared.dylib                 0x000000010f8e6a40 lean_panic_fn_borrowed + 64
3   libleanshared.dylib                 0x000000010d1bb934 Lean.LibrarySuggestions.symbolFrequencyExt.unsafe_3 [private] + 176
4   libleanshared.dylib                 0x000000010d1bba0c Lean.LibrarySuggestions.initFn._lam_2 [boxed] + 20
5   libleanshared.dylib                 0x000000010f8f46a4 <apply/2> + 312
6   libleanshared.dylib                 0x000000010d093eb0 Array.mapMUnsafe.map [private] spec at Lean.computeExtEntries + 424
7   libleanshared.dylib                 0x000000010d0940c0 Lean.computeExtEntries [private] + 52
8   libleanshared.dylib                 0x000000010d094f7c Lean.mkModuleData + 124
9   libleanshared.dylib                 0x000000010d095948 Lean.writeModule + 276
10  libleanshared.dylib                 0x000000010f8f3188 <apply/1> + 2864
11  libleanshared.dylib                 0x000000010f7868ec Lean.profileitIOUnsafe [λ, arity↓] + 20
12  libleanshared.dylib                 0x000000010f8f32f4 <apply/1> + 3228
13  libleanshared.dylib                 0x000000010f8f32f4 <apply/1> + 3228
14  libleanshared.dylib                 0x000000010f8c952c lean_profileit + 128
15  libleanshared.dylib                 0x000000010f786ae4 Lean.profileitIOUnsafe [arity↓] + 156
16  libleanshared.dylib                 0x000000010b822d28 Lean.Elab.runFrontend + 2972
17  libleanshared.dylib                 0x000000010f6e7ed8 lean_shell_main + 12672
18  libleanshared.dylib                 0x000000010a151e1c _ZN4lean14run_shell_mainEiPPcRKNS_10object_refE + 364
19  libleanshared.dylib                 0x000000010a152570 lean_main + 488
20  dyld                                0x000000019b687e88 start + 6688
PANIC at _private.Lean.LibrarySuggestions.SymbolFrequency.0.Lean.Environment.unsafeRunMetaM Lean.LibrarySuggestions.SymbolFrequency:71:24: (deterministic) timeout at `whnf`, maximum number of heartbeats (200000) has been reached

Note: Use `set_option maxHeartbeats <num>` to set the limit.(invalid MessageData.lazy, missing context)
backtrace:
0   libleanshared.dylib                 0x000000010f8efe18 _ZN4leanL15print_backtraceEb + 60
1   libleanshared.dylib                 0x000000010f8e6924 _ZN4leanL15lean_panic_implEPKcmb + 176
2   libleanshared.dylib                 0x000000010f8e6a40 lean_panic_fn_borrowed + 64
3   libleanshared.dylib                 0x000000010d19ee34 Lean.LibrarySuggestions.SineQuaNon.sineQuaNonExt.unsafe_3 [private] + 272
4   libleanshared.dylib                 0x000000010d19f6d4 Lean.LibrarySuggestions.SineQuaNon.initFn._lam_2 [boxed] + 20
5   libleanshared.dylib                 0x000000010f8f46a4 <apply/2> + 312
6   libleanshared.dylib                 0x000000010d093eb0 Array.mapMUnsafe.map [private] spec at Lean.computeExtEntries + 424
7   libleanshared.dylib                 0x000000010d0940c0 Lean.computeExtEntries [private] + 52
8   libleanshared.dylib                 0x000000010d094f7c Lean.mkModuleData + 124
9   libleanshared.dylib                 0x000000010d095948 Lean.writeModule + 276
10  libleanshared.dylib                 0x000000010f8f3188 <apply/1> + 2864
11  libleanshared.dylib                 0x000000010f7868ec Lean.profileitIOUnsafe [λ, arity↓] + 20
12  libleanshared.dylib                 0x000000010f8f32f4 <apply/1> + 3228
13  libleanshared.dylib                 0x000000010f8f32f4 <apply/1> + 3228
14  libleanshared.dylib                 0x000000010f8c952c lean_profileit + 128
15  libleanshared.dylib                 0x000000010f786ae4 Lean.profileitIOUnsafe [arity↓] + 156
16  libleanshared.dylib                 0x000000010b822d28 Lean.Elab.runFrontend + 2972
17  libleanshared.dylib                 0x000000010f6e7ed8 lean_shell_main + 12672
18  libleanshared.dylib                 0x000000010a151e1c _ZN4lean14run_shell_mainEiPPcRKNS_10object_refE + 364
19  libleanshared.dylib                 0x000000010a152570 lean_main + 488
20  dyld                                0x000000019b687e88 start + 6688
⚠ [3568/4019] Replayed Poincare.Global.NormalizedFlowScalarVarianceConcentration
warning: Poincare/Global/NormalizedFlowScalarVarianceConcentration.lean:198:0: automatically included section variable(s) unused in theorem `Poincare.scalarAt_eventually_gt_half_of_centeredScalar_uniform_decay_of_meanLower`:
  [SecondCountableTopology M]
consider restructuring your `variable` declarations so that the variables are not in scope or explicitly omit them:
  omit [SecondCountableTopology M] in theorem ...

Note: This linter can be disabled with `set_option linter.unusedSectionVars false`
⚠ [3585/4283] Replayed Poincare.Global.HausdorffInverseChartLocalFrozenLower
warning: Poincare/Global/HausdorffInverseChartLocalFrozenLower.lean:367:8: `mul_le_mul_left'` has been deprecated: Use `mul_le_mul_right` instead
warning: Poincare/Global/HausdorffInverseChartLocalFrozenLower.lean:466:52: This simp argument is unused:
  hG₀

Hint: Omit it from the simp argument list.
  simp only [frozenInverseChartEDist, G₀, h̵G̵₀̵,̵ ̵e, ofReal_norm_eq_enorm]

Note: This linter can be disabled with `set_option linter.unusedSimpArgs false`
warning: Poincare/Global/HausdorffInverseChartLocalFrozenLower.lean:476:46: This simp argument is unused:
  hG₀

Hint: Omit it from the simp argument list.
  simp only [frozenInverseChartEDist, G₀, h̵G̵₀̵,̵ ̵e, ofReal_norm_eq_enorm]

Note: This linter can be disabled with `set_option linter.unusedSimpArgs false`
warning: Poincare/Global/HausdorffInverseChartLocalFrozenLower.lean:593:8: `mul_le_mul_left'` has been deprecated: Use `mul_le_mul_right` instead
⚠ [3586/4283] Replayed Poincare.Global.HausdorffInverseChartLocalFrozenBilipschitz
warning: Poincare/Global/HausdorffInverseChartLocalFrozenBilipschitz.lean:164:8: `mul_le_mul_left'` has been deprecated: Use `mul_le_mul_right` instead
⚠ [3587/4283] Replayed Poincare.Global.HausdorffInverseChartLocalAreaSandwich
warning: Poincare/Global/HausdorffInverseChartLocalAreaSandwich.lean:180:8: `mul_le_mul_left'` has been deprecated: Use `mul_le_mul_right` instead
warning: Poincare/Global/HausdorffInverseChartLocalAreaSandwich.lean:135:59: This simp argument is unused:
  hG₀

Hint: Omit it from the simp argument list.
  simp only [frozenInverseChartEDist, toTarget, φ, G₀, h̵G̵₀̵,̵ ̵e,
  ̵  ̵ ̵ ̵ ̵ ̵ ̵ ̵linearPullbackParametrization,
  ̲  ̲ ̲ ̲ ̲ ̲ ̲ ̲edist_eq_enorm_sub, map_sub]

Note: This linter can be disabled with `set_option linter.unusedSimpArgs false`
⚠ [3588/4283] Replayed Poincare.Global.HausdorffInverseChartLocalVariableDensitySqueeze
warning: Poincare/Global/HausdorffInverseChartLocalVariableDensitySqueeze.lean:230:8: `mul_le_mul_left'` has been deprecated: Use `mul_le_mul_right` instead
warning: Poincare/Global/HausdorffInverseChartLocalVariableDensitySqueeze.lean:187:59: This simp argument is unused:
  hG₀

Hint: Omit it from the simp argument list.
  simp only [frozenInverseChartEDist, toTarget, φ, G₀, h̵G̵₀̵,̵ ̵e,
  ̵  ̵ ̵ ̵ ̵ ̵ ̵ ̵linearPullbackParametrization,
  ̲  ̲ ̲ ̲ ̲ ̲ ̲ ̲edist_eq_enorm_sub, map_sub]

Note: This linter can be disabled with `set_option linter.unusedSimpArgs false`
⚠ [3589/4283] Replayed Poincare.Global.HausdorffInverseChartMeasureTransport
warning: Poincare/Global/HausdorffInverseChartMeasureTransport.lean:106:0: automatically included section variable(s) unused in theorem `Poincare.range_inverseExtendedChartParametrization`:
  [T2Space M]
  [CompactSpace M]
  [ConnectedSpace M]
  [MeasurableSpace M]
  [BorelSpace M]
  [IsManifold I (↑⊤) M]
consider restructuring your `variable` declarations so that the variables are not in scope or explicitly omit them:
  omit [T2Space
  M] [CompactSpace M] [ConnectedSpace M] [MeasurableSpace M] [BorelSpace M] [IsManifold I (↑⊤) M] in theorem ...

Note: This linter can be disabled with `set_option linter.unusedSectionVars false`
⚠ [3590/4283] Replayed Poincare.Global.HausdorffInverseChartLocalRestrictionSqueeze
warning: Poincare/Global/HausdorffInverseChartLocalRestrictionSqueeze.lean:182:8: `mul_le_mul_left'` has been deprecated: Use `mul_le_mul_right` instead
warning: Poincare/Global/HausdorffInverseChartLocalRestrictionSqueeze.lean:187:8: `mul_le_mul_left'` has been deprecated: Use `mul_le_mul_right` instead
warning: Poincare/Global/HausdorffInverseChartLocalRestrictionSqueeze.lean:221:8: `mul_le_mul_left'` has been deprecated: Use `mul_le_mul_right` instead
⚠ [3595/4283] Replayed Poincare.Global.ClosedLaplacianStokesProducer
warning: Poincare/Global/ClosedLaplacianStokesProducer.lean:110:0: automatically included section variable(s) unused in theorem `Poincare.ClosedLaplacianStokesProducer.coordinateScalar_contDiff_two`:
  [T2Space M]
  [ConnectedSpace M]
  [MeasurableSpace M]
  [BorelSpace M]
consider restructuring your `variable` declarations so that the variables are not in scope or explicitly omit them:
  omit [T2Space M] [ConnectedSpace M] [MeasurableSpace M] [BorelSpace M] in theorem ...

Note: This linter can be disabled with `set_option linter.unusedSectionVars false`
⚠ [3598/4283] Replayed Poincare.Global.MetricCoefficientNeighborhoods
warning: Poincare/Global/MetricCoefficientNeighborhoods.lean:27:0: automatically included section variable(s) unused in theorem `Poincare.MetricCoefficientNeighborhoods.gramField_det_ne_zero`:
  [CompactSpace M]
consider restructuring your `variable` declarations so that the variables are not in scope or explicitly omit them:
  omit [CompactSpace M] in theorem ...

Note: This linter can be disabled with `set_option linter.unusedSectionVars false`
⚠ [3601/4283] Replayed Poincare.Global.MetricInverseCoefficientRegularity
warning: Poincare/Global/MetricInverseCoefficientRegularity.lean:28:0: automatically included section variable(s) unused in theorem `Poincare.MetricInverseCoefficientRegularity.inverse_metric_field_posDef`:
  hcompact
consider restructuring your `variable` declarations so that the variables are not in scope or explicitly omit them:
  omit hcompact in theorem ...

Note: This linter can be disabled with `set_option linter.unusedSectionVars false`
⚠ [3623/4283] Replayed Poincare.Global.SourcePackage
warning: Poincare/Global/SourcePackage.lean:427:0: automatically included section variable(s) unused in theorem `Poincare.SourcePackage.hosted_source_target_normalized_sin_sq_eq`:
  [T2Space M]
consider restructuring your `variable` declarations so that the variables are not in scope or explicitly omit them:
  omit [T2Space M] in theorem ...

Note: This linter can be disabled with `set_option linter.unusedSectionVars false`
warning: Poincare/Global/SourcePackage.lean:445:0: automatically included section variable(s) unused in theorem `Poincare.SourcePackage.hosted_endpoint_pairing_feed_of_common_rescaled_anchor_pairings`:
  [T2Space M]
consider restructuring your `variable` declarations so that the variables are not in scope or explicitly omit them:
  omit [T2Space M] in theorem ...

Note: This linter can be disabled with `set_option linter.unusedSectionVars false`
warning: Poincare/Global/SourcePackage.lean:485:0: automatically included section variable(s) unused in theorem `Poincare.SourcePackage.cartanMap_isLocalIsometry_on_normalBall_of_common_rescaled_anchor_pairings`:
  [T2Space M]
consider restructuring your `variable` declarations so that the variables are not in scope or explicitly omit them:
  omit [T2Space M] in theorem ...

Note: This linter can be disabled with `set_option linter.unusedSectionVars false`
⚠ [3628/4283] Replayed Poincare.Global.OrthogonalityFeed
warning: Poincare/Global/OrthogonalityFeed.lean:47:0: automatically included section variable(s) unused in theorem `Poincare.OrthogonalityFeed.chart_initialVelocity_radial_pairing_eq_t_mul_speed_sq_payload`:
  [T2Space M]
consider restructuring your `variable` declarations so that the variables are not in scope or explicitly omit them:
  omit [T2Space M] in theorem ...

Note: This linter can be disabled with `set_option linter.unusedSectionVars false`
warning: Poincare/Global/OrthogonalityFeed.lean:132:0: automatically included section variable(s) unused in theorem `Poincare.OrthogonalityFeed.chart_initialVelocity_integrated_transverse_gauss_payload_orthogonal`:
  [T2Space M]
consider restructuring your `variable` declarations so that the variables are not in scope or explicitly omit them:
  omit [T2Space M] in theorem ...

Note: This linter can be disabled with `set_option linter.unusedSectionVars false`
⚠ [3655/4283] Replayed Poincare.Global.CoefficientShrink
warning: Poincare/Global/CoefficientShrink.lean:220:13: unused variable `rNorm`

Note: This linter can be disabled with `set_option linter.unusedVariables false`
warning: Poincare/Global/CoefficientShrink.lean:220:19: unused variable `LNorm`

Note: This linter can be disabled with `set_option linter.unusedVariables false`
warning: Poincare/Global/CoefficientShrink.lean:220:25: unused variable `KNorm`

Note: This linter can be disabled with `set_option linter.unusedVariables false`
warning: Poincare/Global/CoefficientShrink.lean:220:31: unused variable `B`

Note: This linter can be disabled with `set_option linter.unusedVariables false`
warning: Poincare/Global/CoefficientShrink.lean:293:13: unused variable `rNorm`

Note: This linter can be disabled with `set_option linter.unusedVariables false`
warning: Poincare/Global/CoefficientShrink.lean:293:19: unused variable `LNorm`

Note: This linter can be disabled with `set_option linter.unusedVariables false`
warning: Poincare/Global/CoefficientShrink.lean:293:25: unused variable `KNorm`

Note: This linter can be disabled with `set_option linter.unusedVariables false`
warning: Poincare/Global/CoefficientShrink.lean:293:31: unused variable `B`

Note: This linter can be disabled with `set_option linter.unusedVariables false`
⚠ [3678/4283] Replayed Poincare.Global.DeTurckBUCChartCovariance
warning: Poincare/Global/DeTurckBUCChartCovariance.lean:46:0: automatically included section variable(s) unused in theorem `Poincare.coordinateBilinearFormAt_apply`:
  [FiniteDimensional ℝ E]
  [MeasurableSpace E]
  [BorelSpace E]
consider restructuring your `variable` declarations so that the variables are not in scope or explicitly omit them:
  omit [FiniteDimensional ℝ E] [MeasurableSpace E] [BorelSpace E] in theorem ...

Note: This linter can be disabled with `set_option linter.unusedSectionVars false`
⚠ [3679/4283] Replayed Poincare.Global.DeTurckBUCCoefficientIdentification
warning: Poincare/Global/DeTurckBUCCoefficientIdentification.lean:435:0: automatically included section variable(s) unused in theorem `Poincare.deTurckChartMetric_contDiffAt_two_of_mem_target`:
  [T2Space M]
consider restructuring your `variable` declarations so that the variables are not in scope or explicitly omit them:
  omit [T2Space M] in theorem ...

Note: This linter can be disabled with `set_option linter.unusedSectionVars false`
warning: Poincare/Global/DeTurckBUCCoefficientIdentification.lean:920:41: Used `tac1 <;> tac2` where `(tac1; tac2)` would suffice

Note: This linter can be disabled with `set_option linter.unnecessarySeqFocus false`
⚠ [3683/4283] Replayed Poincare.Global.MetricFlowJointPinchingEvolution
warning: Poincare/Global/MetricFlowJointPinchingEvolution.lean:171:0: automatically included section variable(s) unused in theorem `Poincare.contMDiffAt_two_rpow_const_of_ne`:
  [T2Space M]
  [IsManifold I ∞ M]
consider restructuring your `variable` declarations so that the variables are not in scope or explicitly omit them:
  omit [T2Space M] [IsManifold I ∞ M] in theorem ...

Note: This linter can be disabled with `set_option linter.unusedSectionVars false`
⚠ [3719/4283] Replayed Poincare.Global.DeTurckChartLiftCoordinates
warning: Poincare/Global/DeTurckChartLiftCoordinates.lean:17:0: automatically included section variable(s) unused in theorem `Poincare.DeTurckChartLift.localPullback_apply`:
  [IsManifold I ∞ M]
consider restructuring your `variable` declarations so that the variables are not in scope or explicitly omit them:
  omit [IsManifold I ∞ M] in theorem ...

Note: This linter can be disabled with `set_option linter.unusedSectionVars false`
warning: Poincare/Global/DeTurckChartLiftCoordinates.lean:26:0: automatically included section variable(s) unused in theorem `Poincare.DeTurckChartLift.chartLift_eq_localPullback`:
  [IsManifold I ∞ M]
consider restructuring your `variable` declarations so that the variables are not in scope or explicitly omit them:
  omit [IsManifold I ∞ M] in theorem ...

Note: This linter can be disabled with `set_option linter.unusedSectionVars false`
⚠ [3720/4283] Replayed Poincare.Global.DeTurckCompactCoordinateVariation
warning: Poincare/Global/DeTurckCompactCoordinateVariation.lean:46:0: automatically included section variable(s) unused in theorem `Poincare.DeTurckChartLift.exists_coordinate_variation_radius`:
  [T2Space M]
consider restructuring your `variable` declarations so that the variables are not in scope or explicitly omit them:
  omit [T2Space M] in theorem ...

Note: This linter can be disabled with `set_option linter.unusedSectionVars false`
⚠ [3727/4283] Replayed Poincare.Global.InducedAlignment
warning: Poincare/Global/InducedAlignment.lean:78:4: try 'simp' instead of 'simpa'

Note: This linter can be disabled with `set_option linter.unnecessarySimpa false`
warning: Poincare/Global/InducedAlignment.lean:81:4: try 'simp' instead of 'simpa'

Note: This linter can be disabled with `set_option linter.unnecessarySimpa false`
warning: Poincare/Global/InducedAlignment.lean:109:4: try 'simp' instead of 'simpa'

Note: This linter can be disabled with `set_option linter.unnecessarySimpa false`
warning: Poincare/Global/InducedAlignment.lean:112:4: try 'simp' instead of 'simpa'

Note: This linter can be disabled with `set_option linter.unnecessarySimpa false`
⚠ [3728/4283] Replayed Poincare.Global.DifferentialInducedSuccessor
warning: Poincare/Global/DifferentialInducedSuccessor.lean:592:4: try 'simp' instead of 'simpa'

Note: This linter can be disabled with `set_option linter.unnecessarySimpa false`
warning: Poincare/Global/DifferentialInducedSuccessor.lean:595:4: try 'simp' instead of 'simpa'

Note: This linter can be disabled with `set_option linter.unnecessarySimpa false`
warning: Poincare/Global/DifferentialInducedSuccessor.lean:613:4: try 'simp' instead of 'simpa'

Note: This linter can be disabled with `set_option linter.unnecessarySimpa false`
warning: Poincare/Global/DifferentialInducedSuccessor.lean:618:4: try 'simp' instead of 'simpa'

Note: This linter can be disabled with `set_option linter.unnecessarySimpa false`
warning: Poincare/Global/DifferentialInducedSuccessor.lean:797:6: try 'simp' instead of 'simpa'

Note: This linter can be disabled with `set_option linter.unnecessarySimpa false`
⚠ [3735/4283] Replayed Poincare.Global.SecondVariationEndpointGronwall
warning: Poincare/Global/SecondVariationEndpointGronwall.lean:39:0: automatically included section variable(s) unused in theorem `Poincare.GeodesicTransport.projected_secondVariation_endpoint_clm_lipschitz_of_augmented_base_curves`:
  [T2Space M]
consider restructuring your `variable` declarations so that the variables are not in scope or explicitly omit them:
  omit [T2Space M] in theorem ...

Note: This linter can be disabled with `set_option linter.unusedSectionVars false`
⚠ [3739/4283] Replayed Poincare.Global.UniformAnchoredFTransition
warning: Poincare/Global/UniformAnchoredFTransition.lean:48:0: automatically included section variable(s) unused in theorem `Poincare.UniformAnchoredFTransition.chartMetric_contDiffAt_one_of_mem_target`:
  [T2Space M]
consider restructuring your `variable` declarations so that the variables are not in scope or explicitly omit them:
  omit [T2Space M] in theorem ...

Note: This linter can be disabled with `set_option linter.unusedSectionVars false`
warning: Poincare/Global/UniformAnchoredFTransition.lean:92:0: automatically included section variable(s) unused in theorem `Poincare.UniformAnchoredFTransition.chartMetricBilin_nondegenerate_of_mem_target`:
  [T2Space M]
consider restructuring your `variable` declarations so that the variables are not in scope or explicitly omit them:
  omit [T2Space M] in theorem ...

Note: This linter can be disabled with `set_option linter.unusedSectionVars false`
⚠ [3750/4283] Replayed Poincare.Global.DifferentialSuccessorZero
warning: Poincare/Global/DifferentialSuccessorZero.lean:80:4: try 'simp' instead of 'simpa'

Note: This linter can be disabled with `set_option linter.unnecessarySimpa false`
warning: Poincare/Global/DifferentialSuccessorZero.lean:86:4: try 'simp' instead of 'simpa'

Note: This linter can be disabled with `set_option linter.unnecessarySimpa false`
warning: Poincare/Global/DifferentialSuccessorZero.lean:208:6: try 'simp' instead of 'simpa'

Note: This linter can be disabled with `set_option linter.unnecessarySimpa false`
warning: Poincare/Global/DifferentialSuccessorZero.lean:256:4: try 'simp' instead of 'simpa'

Note: This linter can be disabled with `set_option linter.unnecessarySimpa false`
warning: Poincare/Global/DifferentialSuccessorZero.lean:278:4: try 'simp' instead of 'simpa'

Note: This linter can be disabled with `set_option linter.unnecessarySimpa false`
warning: Poincare/Global/DifferentialSuccessorZero.lean:327:10: try 'simp' instead of 'simpa'

Note: This linter can be disabled with `set_option linter.unnecessarySimpa false`
⚠ [3761/4283] Replayed Poincare.Global.DifferentialSuccessorAdjacentContinuation
warning: Poincare/Global/DifferentialSuccessorAdjacentContinuation.lean:62:0: automatically included section variable(s) unused in theorem `Poincare.DifferentialSuccessorAdjacentContinuation.coordinateControlledCommonSource_isOpen`:
  [T2Space M]
consider restructuring your `variable` declarations so that the variables are not in scope or explicitly omit them:
  omit [T2Space M] in theorem ...

Note: This linter can be disabled with `set_option linter.unusedSectionVars false`
warning: Poincare/Global/DifferentialSuccessorAdjacentContinuation.lean:154:0: automatically included section variable(s) unused in theorem `Poincare.DifferentialSuccessorAdjacentContinuation.successor_eq_of_crossHistoryAgreement`:
  [T2Space M]
consider restructuring your `variable` declarations so that the variables are not in scope or explicitly omit them:
  omit [T2Space M] in theorem ...

Note: This linter can be disabled with `set_option linter.unusedSectionVars false`
warning: Poincare/Global/DifferentialSuccessorAdjacentContinuation.lean:169:0: automatically included section variable(s) unused in theorem `Poincare.DifferentialSuccessorAdjacentContinuation.crossHistorySuccessorAgreement_refl`:
  [T2Space M]
consider restructuring your `variable` declarations so that the variables are not in scope or explicitly omit them:
  omit [T2Space M] in theorem ...

Note: This linter can be disabled with `set_option linter.unusedSectionVars false`
warning: Poincare/Global/DifferentialSuccessorAdjacentContinuation.lean:177:0: automatically included section variable(s) unused in theorem `Poincare.DifferentialSuccessorAdjacentContinuation.CrossHistorySuccessorAgreement.symm`:
  [T2Space M]
consider restructuring your `variable` declarations so that the variables are not in scope or explicitly omit them:
  omit [T2Space M] in theorem ...

Note: This linter can be disabled with `set_option linter.unusedSectionVars false`
warning: Poincare/Global/DifferentialSuccessorAdjacentContinuation.lean:188:0: automatically included section variable(s) unused in theorem `Poincare.DifferentialSuccessorAdjacentContinuation.CrossHistorySuccessorAgreement.trans`:
  [T2Space M]
consider restructuring your `variable` declarations so that the variables are not in scope or explicitly omit them:
  omit [T2Space M] in theorem ...

Note: This linter can be disabled with `set_option linter.unusedSectionVars false`
warning: Poincare/Global/DifferentialSuccessorAdjacentContinuation.lean:217:0: automatically included section variable(s) unused in theorem `Poincare.DifferentialSuccessorAdjacentContinuation.successorOfNonempty_eq_of_crossHistoryAgreement`:
  [T2Space M]
consider restructuring your `variable` declarations so that the variables are not in scope or explicitly omit them:
  omit [T2Space M] in theorem ...

Note: This linter can be disabled with `set_option linter.unusedSectionVars false`
warning: Poincare/Global/DifferentialSuccessorAdjacentContinuation.lean:237:0: automatically included section variable(s) unused in theorem `Poincare.DifferentialSuccessorAdjacentContinuation.crossHistorySuccessorAgreement_of_eqOn_open`:
  [T2Space M]
consider restructuring your `variable` declarations so that the variables are not in scope or explicitly omit them:
  omit [T2Space M] in theorem ...

Note: This linter can be disabled with `set_option linter.unusedSectionVars false`
warning: Poincare/Global/DifferentialSuccessorAdjacentContinuation.lean:254:0: automatically included section variable(s) unused in theorem `Poincare.DifferentialSuccessorAdjacentContinuation.crossHistorySuccessorAgreement_at_successor_anchor`:
  [T2Space M]
consider restructuring your `variable` declarations so that the variables are not in scope or explicitly omit them:
  omit [T2Space M] in theorem ...

Note: This linter can be disabled with `set_option linter.unusedSectionVars false`
warning: Poincare/Global/DifferentialSuccessorAdjacentContinuation.lean:280:0: automatically included section variable(s) unused in theorem `Poincare.DifferentialSuccessorAdjacentContinuation.differentialChain_chainState_succ_anchor`:
  [T2Space M]
consider restructuring your `variable` declarations so that the variables are not in scope or explicitly omit them:
  omit [T2Space M] in theorem ...

Note: This linter can be disabled with `set_option linter.unusedSectionVars false`
warning: Poincare/Global/DifferentialSuccessorAdjacentContinuation.lean:293:0: automatically included section variable(s) unused in theorem `Poincare.DifferentialSuccessorAdjacentContinuation.reachableChain_state_succ_anchor`:
  [T2Space M]
consider restructuring your `variable` declarations so that the variables are not in scope or explicitly omit them:
  omit [T2Space M] in theorem ...

Note: This linter can be disabled with `set_option linter.unusedSectionVars false`
warning: Poincare/Global/DifferentialSuccessorAdjacentContinuation.lean:352:10: try 'simp' instead of 'simpa'

Note: This linter can be disabled with `set_option linter.unnecessarySimpa false`
warning: Poincare/Global/DifferentialSuccessorAdjacentContinuation.lean:384:4: try 'simp' instead of 'simpa'

Note: This linter can be disabled with `set_option linter.unnecessarySimpa false`
warning: Poincare/Global/DifferentialSuccessorAdjacentContinuation.lean:484:10: try 'simp' instead of 'simpa'

Note: This linter can be disabled with `set_option linter.unnecessarySimpa false`
warning: Poincare/Global/DifferentialSuccessorAdjacentContinuation.lean:791:0: automatically included section variable(s) unused in theorem `Poincare.DifferentialSuccessorAdjacentContinuation.successor_anchor_mem_coordinateControlledCommonSource`:
  [T2Space M]
consider restructuring your `variable` declarations so that the variables are not in scope or explicitly omit them:
  omit [T2Space M] in theorem ...

Note: This linter can be disabled with `set_option linter.unusedSectionVars false`
⚠ [3763/4283] Replayed Poincare.Global.DifferentialSuccessorAdaptiveHomotopyGrid
warning: Poincare/Global/DifferentialSuccessorAdaptiveHomotopyGrid.lean:133:10: try 'simp' instead of 'simpa'

Note: This linter can be disabled with `set_option linter.unnecessarySimpa false`
warning: Poincare/Global/DifferentialSuccessorAdaptiveHomotopyGrid.lean:585:10: try 'simp' instead of 'simpa'

Note: This linter can be disabled with `set_option linter.unnecessarySimpa false`
⚠ [3766/4283] Replayed Poincare.Global.DifferentialSuccessorReachableChainRefinement
warning: Poincare/Global/DifferentialSuccessorReachableChainRefinement.lean:43:0: automatically included section variable(s) unused in theorem `Poincare.DifferentialSuccessorReachableChainRefinement.Data.successor_eq_of_state_eq_of_anchor_eq`:
  [T2Space M]
consider restructuring your `variable` declarations so that the variables are not in scope or explicitly omit them:
  omit [T2Space M] in theorem ...

Note: This linter can be disabled with `set_option linter.unusedSectionVars false`
warning: Poincare/Global/DifferentialSuccessorReachableChainRefinement.lean:182:8: try 'simp' instead of 'simpa'

Note: This linter can be disabled with `set_option linter.unnecessarySimpa false`
⚠ [3770/4283] Replayed Poincare.Global.DifferentialSuccessorFiniteRealizedHomotopyGrid
warning: Poincare/Global/DifferentialSuccessorFiniteRealizedHomotopyGrid.lean:103:10: try 'simp' instead of 'simpa'

Note: This linter can be disabled with `set_option linter.unnecessarySimpa false`
⚠ [3780/4283] Replayed Poincare.Global.CartanAtlasRootedPathSkeleton
warning: Poincare/Global/CartanAtlasRootedPathSkeleton.lean:69:0: automatically included section variable(s) unused in theorem `Poincare.CartanAtlasRootedPathSkeleton.nonempty_rootedCartanPathSkeleton`:
  [T2Space M]
consider restructuring your `variable` declarations so that the variables are not in scope or explicitly omit them:
  omit [T2Space M] in theorem ...

Note: This linter can be disabled with `set_option linter.unusedSectionVars false`
⚠ [3781/4283] Replayed Poincare.Global.CartanTargetExponentialFamily
warning: Poincare/Global/CartanTargetExponentialFamily.lean:125:4: try 'simp' instead of 'simpa'

Note: This linter can be disabled with `set_option linter.unnecessarySimpa false`
warning: Poincare/Global/CartanTargetExponentialFamily.lean:817:4: try 'simp' instead of 'simpa'

Note: This linter can be disabled with `set_option linter.unnecessarySimpa false`
warning: Poincare/Global/CartanTargetExponentialFamily.lean:820:4: try 'simp' instead of 'simpa'

Note: This linter can be disabled with `set_option linter.unnecessarySimpa false`
warning: Poincare/Global/CartanTargetExponentialFamily.lean:845:4: try 'simp' instead of 'simpa'

Note: This linter can be disabled with `set_option linter.unnecessarySimpa false`
warning: Poincare/Global/CartanTargetExponentialFamily.lean:848:4: try 'simp' instead of 'simpa'

Note: This linter can be disabled with `set_option linter.unnecessarySimpa false`
warning: Poincare/Global/CartanTargetExponentialFamily.lean:1054:4: try 'simp' instead of 'simpa'

Note: This linter can be disabled with `set_option linter.unnecessarySimpa false`
warning: Poincare/Global/CartanTargetExponentialFamily.lean:1086:6: try 'simp' instead of 'simpa'

Note: This linter can be disabled with `set_option linter.unnecessarySimpa false`
warning: Poincare/Global/CartanTargetExponentialFamily.lean:1225:0: automatically included section variable(s) unused in theorem `Poincare.CartanTargetExponential.isCompact_successorParameterDiagonal`:
  [ChartedSpace E M]
  [IsManifold I ∞ M]
  [T2Space M]
  [ConnectedSpace M]
consider restructuring your `variable` declarations so that the variables are not in scope or explicitly omit them:
  omit [ChartedSpace E M] [IsManifold I ∞ M] [T2Space M] [ConnectedSpace M] in theorem ...

Note: This linter can be disabled with `set_option linter.unusedSectionVars false`
warning: Poincare/Global/CartanTargetExponentialFamily.lean:1230:0: automatically included section variable(s) unused in theorem `Poincare.CartanTargetExponential.successorParameterDiagonal_subset_universalSuccessorDataLocus`:
  [T2Space M]
  [CompactSpace M]
  [ConnectedSpace M]
consider restructuring your `variable` declarations so that the variables are not in scope or explicitly omit them:
  omit [T2Space M] [CompactSpace M] [ConnectedSpace M] in theorem ...

Note: This linter can be disabled with `set_option linter.unusedSectionVars false`
⚠ [3782/4283] Replayed Poincare.Global.CartanSourceExponentialFamily
warning: Poincare/Global/CartanSourceExponentialFamily.lean:140:0: automatically included section variable(s) unused in theorem `Poincare.CartanSourceExponential.isCompact_sourceParameterDiagonal`:
  [ChartedSpace E M]
  [IsManifold I ∞ M]
consider restructuring your `variable` declarations so that the variables are not in scope or explicitly omit them:
  omit [ChartedSpace E M] [IsManifold I ∞ M] in theorem ...

Note: This linter can be disabled with `set_option linter.unusedSectionVars false`
⚠ [3787/4283] Replayed Poincare.Global.HeatGeneratorLocality
warning: Poincare/Global/HeatGeneratorLocality.lean:41:0: automatically included section variable(s) unused in theorem `Poincare.heatKernelTwoTimeGaussianRatio_eq`:
  [FiniteDimensional ℝ E]
  [MeasurableSpace E]
  [BorelSpace E]
consider restructuring your `variable` declarations so that the variables are not in scope or explicitly omit them:
  omit [FiniteDimensional ℝ E] [MeasurableSpace E] [BorelSpace E] in theorem ...

Note: This linter can be disabled with `set_option linter.unusedSectionVars false`
warning: Poincare/Global/HeatGeneratorLocality.lean:67:0: automatically included section variable(s) unused in theorem `Poincare.heatKernel_eq_twoTimeGaussianRatio_mul`:
  [MeasurableSpace E]
  [BorelSpace E]
consider restructuring your `variable` declarations so that the variables are not in scope or explicitly omit them:
  omit [MeasurableSpace E] [BorelSpace E] in theorem ...

Note: This linter can be disabled with `set_option linter.unusedSectionVars false`
warning: Poincare/Global/HeatGeneratorLocality.lean:87:8: 'ring' tactic does nothing

Note: This linter can be disabled with `set_option linter.unusedTactic false`
warning: Poincare/Global/HeatGeneratorLocality.lean:87:8: this tactic is never executed

Note: This linter can be disabled with `set_option linter.unreachableTactic false`
warning: Poincare/Global/HeatGeneratorLocality.lean:145:6: 'ring' tactic does nothing

Note: This linter can be disabled with `set_option linter.unusedTactic false`
warning: Poincare/Global/HeatGeneratorLocality.lean:145:6: this tactic is never executed

Note: This linter can be disabled with `set_option linter.unreachableTactic false`
warning: Poincare/Global/HeatGeneratorLocality.lean:407:0: automatically included section variable(s) unused in theorem `Poincare.exists_compactlySupported_scalarBUC_eventuallyEq_of_contDiffAt_two`:
  [MeasurableSpace E]
  [BorelSpace E]
consider restructuring your `variable` declarations so that the variables are not in scope or explicitly omit them:
  omit [MeasurableSpace E] [BorelSpace E] in theorem ...

Note: This linter can be disabled with `set_option linter.unusedSectionVars false`
warning: Poincare/Global/HeatGeneratorLocality.lean:462:0: automatically included section variable(s) unused in theorem `Poincare.exists_fderiv_bound_of_contDiff_one_compactSupport`:
  [FiniteDimensional ℝ E]
  [MeasurableSpace E]
  [BorelSpace E]
consider restructuring your `variable` declarations so that the variables are not in scope or explicitly omit them:
  omit [FiniteDimensional ℝ E] [MeasurableSpace E] [BorelSpace E] in theorem ...

Note: This linter can be disabled with `set_option linter.unusedSectionVars false`
warning: Poincare/Global/HeatGeneratorLocality.lean:516:10: `continuous_finset_sum` has been deprecated: Use `continuous_finsetSum` instead
warning: Poincare/Global/HeatGeneratorLocality.lean:498:0: automatically included section variable(s) unused in theorem `Poincare.exists_scalarBUC_laplacian_of_contDiff_two_compactSupport`:
  [MeasurableSpace E]
  [BorelSpace E]
consider restructuring your `variable` declarations so that the variables are not in scope or explicitly omit them:
  omit [MeasurableSpace E] [BorelSpace E] in theorem ...

Note: This linter can be disabled with `set_option linter.unusedSectionVars false`
⚠ [3790/4283] Replayed Poincare.Global.DeTurckBUCMovingEvaluation
warning: Poincare/Global/DeTurckBUCMovingEvaluation.lean:37:0: automatically included section variable(s) unused in theorem `Poincare.coordinateTensorBilinearFormCLM_apply`:
  [FiniteDimensional ℝ E]
  [MeasurableSpace E]
  [BorelSpace E]
consider restructuring your `variable` declarations so that the variables are not in scope or explicitly omit them:
  omit [FiniteDimensional ℝ E] [MeasurableSpace E] [BorelSpace E] in theorem ...

Note: This linter can be disabled with `set_option linter.unusedSectionVars false`
warning: Poincare/Global/DeTurckBUCMovingEvaluation.lean:46:0: automatically included section variable(s) unused in theorem `Poincare.hasDerivWithinAt_coordinateBilinearFormAt_moving_of_tensor_fderiv`:
  [FiniteDimensional ℝ E]
  [MeasurableSpace E]
  [BorelSpace E]
consider restructuring your `variable` declarations so that the variables are not in scope or explicitly omit them:
  omit [FiniteDimensional ℝ E] [MeasurableSpace E] [BorelSpace E] in theorem ...

Note: This linter can be disabled with `set_option linter.unusedSectionVars false`
warning: Poincare/Global/DeTurckBUCMovingEvaluation.lean:87:0: automatically included section variable(s) unused in theorem `Poincare.hasDerivWithinAt_coordinateBilinearFormAt_moving`:
  [FiniteDimensional ℝ E]
  [MeasurableSpace E]
  [BorelSpace E]
consider restructuring your `variable` declarations so that the variables are not in scope or explicitly omit them:
  omit [FiniteDimensional ℝ E] [MeasurableSpace E] [BorelSpace E] in theorem ...

Note: This linter can be disabled with `set_option linter.unusedSectionVars false`
⚠ [3791/4283] Replayed Poincare.Global.DeTurckCoordinateJointRegularityOverlap
warning: Poincare/Global/DeTurckCoordinateJointRegularityOverlap.lean:34:0: automatically included section variable(s) unused in theorem `Poincare.DeTurckCoordinateJointRegularityOverlap.chartTransition_contDiffAt_three_of_mem_source`:
  [T2Space M]
consider restructuring your `variable` declarations so that the variables are not in scope or explicitly omit them:
  omit [T2Space M] in theorem ...

Note: This linter can be disabled with `set_option linter.unusedSectionVars false`
warning: Poincare/Global/DeTurckCoordinateJointRegularityOverlap.lean:102:4: try 'simp' instead of 'simpa'

Note: This linter can be disabled with `set_option linter.unnecessarySimpa false`
⚠ [3800/4283] Replayed Poincare.Global.DeTurckBUCScalarEvolutionBridge
warning: Poincare/Global/DeTurckBUCScalarEvolutionBridge.lean:245:0: automatically included section variable(s) unused in theorem `Poincare.scalarEvolution_regularities_of_coordinateMetric_tensorField_charts`:
  [T2Space M]
consider restructuring your `variable` declarations so that the variables are not in scope or explicitly omit them:
  omit [T2Space M] in theorem ...

Note: This linter can be disabled with `set_option linter.unusedSectionVars false`
⚠ [3807/4283] Replayed Poincare.Global.DeTurckBUCSuppliedPhysicalFlowChristoffelRegularityAssembly
warning: Poincare/Global/DeTurckBUCSuppliedPhysicalFlowChristoffelRegularityAssembly.lean:35:0: automatically included section variable(s) unused in theorem `Poincare.anchorChartChristoffelFieldFlow_hasFDerivAt`:
  [T2Space M]
consider restructuring your `variable` declarations so that the variables are not in scope or explicitly omit them:
  omit [T2Space M] in theorem ...

Note: This linter can be disabled with `set_option linter.unusedSectionVars false`
⚠ [3808/4283] Replayed Poincare.Global.DeTurckBUCSuppliedPhysicalFlowSpatialC3Assembly
warning: Poincare/Global/DeTurckBUCSuppliedPhysicalFlowSpatialC3Assembly.lean:60:15: This simp argument is unused:
  ContinuousLinearMap.add_apply

Hint: Omit it from the simp argument list.
  simp only [̵C̵o̵n̵t̵i̵n̵u̵o̵u̵s̵L̵i̵n̵e̵a̵r̵M̵a̵p̵.̵a̵d̵d̵_̵a̵p̵p̵l̵y̵,̵ ̵C̵o̵n̵t̵i̵n̵u̵o̵u̵s̵L̵i̵n̵e̵a̵r̵M̵a̵p̵.̵c̵o̵m̵p̵_̵a̵p̵p̵l̵y̵,̵[̲C̲o̲n̲t̲i̲n̲u̲o̲u̲s̲L̲i̲n̲e̲a̲r̲M̲a̲p̲.̲c̲o̲m̲p̲_̲a̲p̲p̲l̲y̲,̲ ContinuousLinearMap.comp_zero,
  ̲  ̲ ̲ ̲ ̲ ̲ContinuousLinearMap.flip_apply, ContinuousLinearMap.zero_apply, map_zero, add_zero, zero_add]

Note: This linter can be disabled with `set_option linter.unusedSimpArgs false`
warning: Poincare/Global/DeTurckBUCSuppliedPhysicalFlowSpatialC3Assembly.lean:60:46: This simp argument is unused:
  ContinuousLinearMap.comp_apply

Hint: Omit it from the simp argument list.
  simp only [ContinuousLinearMap.add_apply, C̵o̵n̵t̵i̵n̵u̵o̵u̵s̵L̵i̵n̵e̵a̵r̵M̵a̵p̵.̵c̵o̵m̵p̵_̵a̵p̵p̵l̵y̵,̵ContinuousLinearMap.comp_zero,
        ContinuousLinearMap.flip_apply, ContinuousLinearMap.zero_apply, map_zero, add_zero, zero_add]

Note: This linter can be disabled with `set_option linter.unusedSimpArgs false`
warning: Poincare/Global/DeTurckBUCSuppliedPhysicalFlowSpatialC3Assembly.lean:62:6: This simp argument is unused:
  ContinuousLinearMap.zero_apply

Hint: Omit it from the simp argument list.
  simp only [ContinuousLinearMap.add_apply, ContinuousLinearMap.comp_apply,
        ContinuousLinearMap.comp_zero, ContinuousLinearMap.flip_apply, C̵o̵n̵t̵i̵n̵u̵o̵u̵s̵L̵i̵n̵e̵a̵r̵M̵a̵p̵.̵z̵e̵r̵o̵_̵a̵p̵p̵l̵y̵,̵ ̵map_zero, add_zero, zero_add]

Note: This linter can be disabled with `set_option linter.unusedSimpArgs false`
warning: Poincare/Global/DeTurckBUCSuppliedPhysicalFlowSpatialC3Assembly.lean:62:38: This simp argument is unused:
  map_zero

Hint: Omit it from the simp argument list.
  simp only [ContinuousLinearMap.add_apply, ContinuousLinearMap.comp_apply,
        ContinuousLinearMap.comp_zero, ContinuousLinearMap.flip_apply,
  ̵  ̵ ̵ ̵ ̵ ̵ContinuousLinearMap.zero_apply,
  ̲ m̵a̵p̵_̵z̵e̵r̵o̵,̵  ̲ ̲ ̲ ̲add_zero, zero_add]

Note: This linter can be disabled with `set_option linter.unusedSimpArgs false`
warning: Poincare/Global/DeTurckBUCSuppliedPhysicalFlowSpatialC3Assembly.lean:62:48: This simp argument is unused:
  add_zero

Hint: Omit it from the simp argument list.
  simp only [ContinuousLinearMap.add_apply, ContinuousLinearMap.comp_apply,
        ContinuousLinearMap.comp_zero, ContinuousLinearMap.flip_apply,
  ̵  ̵ ̵ ̵ ̵ ̵ContinuousLinearMap.zero_apply,
  ̲  ̲ ̲ ̲ ̲ ̲map_zero, a̵d̵d̵_̵zero,̵ ̵z̵e̵r̵o̵_add]

Note: This linter can be disabled with `set_option linter.unusedSimpArgs false`
⚠ [3814/4283] Replayed Poincare.Global.DeTurckBUCTwoRestartPointFlowCore
warning: Poincare/Global/DeTurckBUCTwoRestartPointFlowCore.lean:245:8: try 'simp' instead of 'simpa'

Note: This linter can be disabled with `set_option linter.unnecessarySimpa false`
⚠ [3820/4283] Replayed Poincare.Global.PicardLindelofRegularSelectorProjection
warning: Poincare/Global/PicardLindelofRegularSelectorProjection.lean:113:27: Used `tac1 <;> tac2` where `(tac1; tac2)` would suffice

Note: This linter can be disabled with `set_option linter.unnecessarySeqFocus false`
⚠ [3821/4283] Replayed Poincare.Global.PointFlowCoherentVariationalSelectorTower
warning: Poincare/Global/PointFlowCoherentVariationalSelectorTower.lean:184:25: Used `tac1 <;> tac2` where `(tac1; tac2)` would suffice

Note: This linter can be disabled with `set_option linter.unnecessarySeqFocus false`
warning: Poincare/Global/PointFlowCoherentVariationalSelectorTower.lean:234:25: Used `tac1 <;> tac2` where `(tac1; tac2)` would suffice

Note: This linter can be disabled with `set_option linter.unnecessarySeqFocus false`
warning: Poincare/Global/PointFlowCoherentVariationalSelectorTower.lean:279:25: Used `tac1 <;> tac2` where `(tac1; tac2)` would suffice

Note: This linter can be disabled with `set_option linter.unnecessarySeqFocus false`
⚠ [3824/4283] Replayed Poincare.Global.RegularVariationalSelectorEndpointDerivative
warning: Poincare/Global/RegularVariationalSelectorEndpointDerivative.lean:137:29: Used `tac1 <;> tac2` where `(tac1; tac2)` would suffice

Note: This linter can be disabled with `set_option linter.unnecessarySeqFocus false`
⚠ [3827/4283] Replayed Poincare.Global.RegularVariationalSelectorJointC1
warning: Poincare/Global/RegularVariationalSelectorJointC1.lean:62:8: automatically included section variable(s) unused in theorem `_private.Poincare.Global.RegularVariationalSelectorJointC1.0.Poincare.LocalRegularControlledContinuousAutonomousSelector.identityTimeEmbedding_continuous`:
  [FiniteDimensional ℝ X]
consider restructuring your `variable` declarations so that the variables are not in scope or explicitly omit them:
  omit [FiniteDimensional ℝ X] in theorem ...

Note: This linter can be disabled with `set_option linter.unusedSectionVars false`
warning: Poincare/Global/RegularVariationalSelectorJointC1.lean:67:8: automatically included section variable(s) unused in theorem `_private.Poincare.Global.RegularVariationalSelectorJointC1.0.Poincare.LocalRegularControlledContinuousAutonomousSelector.identityEmbedding_mem_ball`:
  [FiniteDimensional ℝ X]
consider restructuring your `variable` declarations so that the variables are not in scope or explicitly omit them:
  omit [FiniteDimensional ℝ X] in theorem ...

Note: This linter can be disabled with `set_option linter.unusedSectionVars false`
⚠ [3828/4283] Replayed Poincare.Global.CartanSourceExponentialLocalChartSelector
warning: Poincare/Global/CartanSourceExponentialLocalChartSelector.lean:57:0: automatically included section variable(s) unused in theorem `Poincare.CartanSourceExponentialLocalChartSelector.anchorEndpointShear_apply`:
  [CompleteSpace X]
consider restructuring your `variable` declarations so that the variables are not in scope or explicitly omit them:
  omit [CompleteSpace X] in theorem ...

Note: This linter can be disabled with `set_option linter.unusedSectionVars false`
warning: Poincare/Global/CartanSourceExponentialLocalChartSelector.lean:62:0: automatically included section variable(s) unused in theorem `Poincare.CartanSourceExponentialLocalChartSelector.anchorEndpointShear_symm_apply`:
  [CompleteSpace X]
consider restructuring your `variable` declarations so that the variables are not in scope or explicitly omit them:
  omit [CompleteSpace X] in theorem ...

Note: This linter can be disabled with `set_option linter.unusedSectionVars false`
warning: Poincare/Global/CartanSourceExponentialLocalChartSelector.lean:71:0: automatically included section variable(s) unused in theorem `Poincare.CartanSourceExponentialLocalChartSelector.hasStrictFDerivAt_anchorEndpoint_of_slice_derivatives`:
  [CompleteSpace X]
consider restructuring your `variable` declarations so that the variables are not in scope or explicitly omit them:
  omit [CompleteSpace X] in theorem ...

Note: This linter can be disabled with `set_option linter.unusedSectionVars false`
⚠ [3831/4283] Replayed Poincare.Global.CartanSourceExponentialLocalFamilyTransport
warning: Poincare/Global/CartanSourceExponentialLocalFamilyTransport.lean:60:0: automatically included section variable(s) unused in theorem `Poincare.CartanSourceExponentialLocalFamilyTransport.isOpen_anchorSet`:
  [IsManifold I ∞ M]
consider restructuring your `variable` declarations so that the variables are not in scope or explicitly omit them:
  omit [IsManifold I ∞ M] in theorem ...

Note: This linter can be disabled with `set_option linter.unusedSectionVars false`
warning: Poincare/Global/CartanSourceExponentialLocalFamilyTransport.lean:64:0: automatically included section variable(s) unused in theorem `Poincare.CartanSourceExponentialLocalFamilyTransport.coordinatePair_continuousOn`:
  [IsManifold I ∞ M]
consider restructuring your `variable` declarations so that the variables are not in scope or explicitly omit them:
  omit [IsManifold I ∞ M] in theorem ...

Note: This linter can be disabled with `set_option linter.unusedSectionVars false`
⚠ [3835/4283] Replayed Poincare.Global.CartanSourceExponentialLocalFamilyTransitionAgreement
warning: Poincare/Global/CartanSourceExponentialLocalFamilyTransitionAgreement.lean:53:0: automatically included section variable(s) unused in theorem `Poincare.CartanSourceExponentialLocalFamilyTransport.fixedToAnchorVelocity_zero`:
  [IsManifold I ∞ M]
consider restructuring your `variable` declarations so that the variables are not in scope or explicitly omit them:
  omit [IsManifold I ∞ M] in theorem ...

Note: This linter can be disabled with `set_option linter.unusedSectionVars false`
warning: Poincare/Global/CartanSourceExponentialLocalFamilyTransitionAgreement.lean:65:0: automatically included section variable(s) unused in theorem `Poincare.CartanSourceExponentialLocalFamilyTransport.continuous_fixedToAnchorVelocity_fixedAnchor`:
  [IsManifold I ∞ M]
consider restructuring your `variable` declarations so that the variables are not in scope or explicitly omit them:
  omit [IsManifold I ∞ M] in theorem ...

Note: This linter can be disabled with `set_option linter.unusedSectionVars false`
warning: Poincare/Global/CartanSourceExponentialLocalFamilyTransitionAgreement.lean:73:0: automatically included section variable(s) unused in theorem `Poincare.CartanSourceExponentialLocalFamilyTransport.fixedToAnchorVelocity_self`:
  [IsManifold I ∞ M]
consider restructuring your `variable` declarations so that the variables are not in scope or explicitly omit them:
  omit [IsManifold I ∞ M] in theorem ...

Note: This linter can be disabled with `set_option linter.unusedSectionVars false`
⚠ [3836/4283] Replayed Poincare.Global.CartanAtlasRootedAdaptiveClosenessTransport
warning: Poincare/Global/CartanAtlasRootedAdaptiveClosenessTransport.lean:52:0: automatically included section variable(s) unused in theorem `Poincare.CartanAtlasRootedAdaptiveClosenessTransport.RootedOverlapStrictFactorSchedule.factor_le_factor_of_le`:
  [T2Space M]
consider restructuring your `variable` declarations so that the variables are not in scope or explicitly omit them:
  omit [T2Space M] in theorem ...

Note: This linter can be disabled with `set_option linter.unusedSectionVars false`
warning: Poincare/Global/CartanAtlasRootedAdaptiveClosenessTransport.lean:66:0: automatically included section variable(s) unused in theorem `Poincare.CartanAtlasRootedAdaptiveClosenessTransport.RootedOverlapStrictFactorSchedule.insertedNode_eq_refined`:
  [T2Space M]
consider restructuring your `variable` declarations so that the variables are not in scope or explicitly omit them:
  omit [T2Space M] in theorem ...

Note: This linter can be disabled with `set_option linter.unusedSectionVars false`
warning: Poincare/Global/CartanAtlasRootedAdaptiveClosenessTransport.lean:83:0: automatically included section variable(s) unused in theorem `Poincare.CartanAtlasRootedAdaptiveClosenessTransport.RootedOverlapStrictFactorSchedule.oldNextNode_eq_seed_succ`:
  [T2Space M]
consider restructuring your `variable` declarations so that the variables are not in scope or explicitly omit them:
  omit [T2Space M] in theorem ...

Note: This linter can be disabled with `set_option linter.unusedSectionVars false`
warning: Poincare/Global/CartanAtlasRootedAdaptiveClosenessTransport.lean:120:0: automatically included section variable(s) unused in theorem `Poincare.CartanAtlasRootedAdaptiveClosenessTransport.RootedOverlapStrictFactorSchedule.insertionPredecessorNode_eq_refined`:
  [T2Space M]
consider restructuring your `variable` declarations so that the variables are not in scope or explicitly omit them:
  omit [T2Space M] in theorem ...

Note: This linter can be disabled with `set_option linter.unusedSectionVars false`
warning: Poincare/Global/CartanAtlasRootedAdaptiveClosenessTransport.lean:168:10: This simp argument is unused:
  Nat.add_left_comm

Hint: Omit it from the simp argument list.
  simp [gap, factorGapNodes, Nat.add_assoc, Nat.add_comm,̵
  ̵ ̵ ̵ ̵ ̵ ̵ ̵ ̵ ̵ ̵ ̵N̵a̵t̵.̵a̵d̵d̵_̵l̵e̵f̵t̵_̵c̵o̵m̵m̵]

Note: This linter can be disabled with `set_option linter.unusedSimpArgs false`
⚠ [3837/4283] Replayed Poincare.Global.CartanAtlasRootedPathAdaptiveMeshRealization
warning: Poincare/Global/CartanAtlasRootedPathAdaptiveMeshRealization.lean:320:8: try 'simp' instead of 'simpa'

Note: This linter can be disabled with `set_option linter.unnecessarySimpa false`
⚠ [3838/4283] Replayed Poincare.Global.CartanAtlasRootedPathCurvatureSuccessorRadius
warning: Poincare/Global/CartanAtlasRootedPathCurvatureSuccessorRadius.lean:176:0: automatically included section variable(s) unused in theorem `Poincare.CartanAtlasRootedPathCurvatureSuccessorRadius.exists_normal_successor_data_radius_all_alignments_fixed_anchors_of_curvature`:
  [CompactSpace M]
  [ConnectedSpace M]
consider restructuring your `variable` declarations so that the variables are not in scope or explicitly omit them:
  omit [CompactSpace M] [ConnectedSpace M] in theorem ...

Note: This linter can be disabled with `set_option linter.unusedSectionVars false`
warning: Poincare/Global/CartanAtlasRootedPathCurvatureSuccessorRadius.lean:526:0: automatically included section variable(s) unused in theorem `Poincare.CartanAtlasRootedPathCurvatureSuccessorRadius.universalSuccessorDataLocus_diagonal`:
  [T2Space M]
  [CompactSpace M]
  [ConnectedSpace M]
consider restructuring your `variable` declarations so that the variables are not in scope or explicitly omit them:
  omit [T2Space M] [CompactSpace M] [ConnectedSpace M] in theorem ...

Note: This linter can be disabled with `set_option linter.unusedSectionVars false`
warning: Poincare/Global/CartanAtlasRootedPathCurvatureSuccessorRadius.lean:540:0: automatically included section variable(s) unused in theorem `Poincare.CartanAtlasRootedPathCurvatureSuccessorRadius.isCompact_successorParameterDiagonal`:
  [T2Space M]
  [ChartedSpace E M]
  [IsManifold I ∞ M]
  [ConnectedSpace M]
consider restructuring your `variable` declarations so that the variables are not in scope or explicitly omit them:
  omit [T2Space M] [ChartedSpace E M] [IsManifold I ∞ M] [ConnectedSpace M] in theorem ...

Note: This linter can be disabled with `set_option linter.unusedSectionVars false`
warning: Poincare/Global/CartanAtlasRootedPathCurvatureSuccessorRadius.lean:593:2: Try this: intro z hz L
warning: Poincare/Global/CartanAtlasRootedPathCurvatureSuccessorRadius.lean:689:0: automatically included section variable(s) unused in theorem `Poincare.CartanAtlasRootedPathCurvatureSuccessorRadius.exists_positive_lowerSemicontinuous_source_minorant_of_compact_target`:
  [T2Space M]
  [ChartedSpace E M]
  [IsManifold I ∞ M]
  [CompactSpace M]
  [ConnectedSpace M]
consider restructuring your `variable` declarations so that the variables are not in scope or explicitly omit them:
  omit [T2Space M] [ChartedSpace E M] [IsManifold I ∞ M] [CompactSpace M] [ConnectedSpace M] in theorem ...

Note: This linter can be disabled with `set_option linter.unusedSectionVars false`
⚠ [3844/4283] Replayed Poincare.Global.CartanCanonicalFamilySuccessorProvenance
warning: Poincare/Global/CartanCanonicalFamilySuccessorProvenance.lean:85:6: try 'simp' instead of 'simpa'

Note: This linter can be disabled with `set_option linter.unnecessarySimpa false`
warning: Poincare/Global/CartanCanonicalFamilySuccessorProvenance.lean:88:6: try 'simp' instead of 'simpa'

Note: This linter can be disabled with `set_option linter.unnecessarySimpa false`
warning: Poincare/Global/CartanCanonicalFamilySuccessorProvenance.lean:110:6: try 'simp' instead of 'simpa'

Note: This linter can be disabled with `set_option linter.unnecessarySimpa false`
warning: Poincare/Global/CartanCanonicalFamilySuccessorProvenance.lean:113:6: try 'simp' instead of 'simpa'

Note: This linter can be disabled with `set_option linter.unnecessarySimpa false`
warning: Poincare/Global/CartanCanonicalFamilySuccessorProvenance.lean:135:6: try 'simp' instead of 'simpa'

Note: This linter can be disabled with `set_option linter.unnecessarySimpa false`
warning: Poincare/Global/CartanCanonicalFamilySuccessorProvenance.lean:138:6: try 'simp' instead of 'simpa'

Note: This linter can be disabled with `set_option linter.unnecessarySimpa false`
⚠ [3845/4283] Replayed Poincare.Global.CartanCanonicalFamilyProvenanceLocalUniformData
warning: Poincare/Global/CartanCanonicalFamilyProvenanceLocalUniformData.lean:152:0: automatically included section variable(s) unused in theorem `Poincare.CartanCanonicalFamilyProvenanceLocalUniformData.TransferredNormalRadiusAdmissible.mono`:
  [T2Space M]
  [CompactSpace M]
  [ConnectedSpace M]
consider restructuring your `variable` declarations so that the variables are not in scope or explicitly omit them:
  omit [T2Space M] [CompactSpace M] [ConnectedSpace M] in theorem ...

Note: This linter can be disabled with `set_option linter.unusedSectionVars false`
warning: Poincare/Global/CartanCanonicalFamilyProvenanceLocalUniformData.lean:262:0: automatically included section variable(s) unused in theorem `Poincare.CartanCanonicalFamilyProvenanceLocalUniformData.preferredToFixedTransitionDerivative_self`:
  [T2Space M]
  [CompactSpace M]
  [ConnectedSpace M]
consider restructuring your `variable` declarations so that the variables are not in scope or explicitly omit them:
  omit [T2Space M] [CompactSpace M] [ConnectedSpace M] in theorem ...

Note: This linter can be disabled with `set_option linter.unusedSectionVars false`
warning: Poincare/Global/CartanCanonicalFamilyProvenanceLocalUniformData.lean:352:0: automatically included section variable(s) unused in theorem `Poincare.CartanCanonicalFamilyProvenanceLocalUniformData.continuousAt_fixedChartMetric_center`:
  [T2Space M]
  [CompactSpace M]
  [ConnectedSpace M]
consider restructuring your `variable` declarations so that the variables are not in scope or explicitly omit them:
  omit [T2Space M] [CompactSpace M] [ConnectedSpace M] in theorem ...

Note: This linter can be disabled with `set_option linter.unusedSectionVars false`
warning: Poincare/Global/CartanCanonicalFamilyProvenanceLocalUniformData.lean:502:0: automatically included section variable(s) unused in theorem `Poincare.CartanCanonicalFamilyProvenanceLocalUniformData.sourceAnchorChartMetricLocalEuclideanUpperBound_of_continuous`:
  [T2Space M]
  [CompactSpace M]
  [ConnectedSpace M]
consider restructuring your `variable` declarations so that the variables are not in scope or explicitly omit them:
  omit [T2Space M] [CompactSpace M] [ConnectedSpace M] in theorem ...

Note: This linter can be disabled with `set_option linter.unusedSectionVars false`
warning: Poincare/Global/CartanCanonicalFamilyProvenanceLocalUniformData.lean:550:0: automatically included section variable(s) unused in theorem `Poincare.CartanCanonicalFamilyProvenanceLocalUniformData.tangentAlignmentOperatorNormLocalBound_of_sourceAnchorChartMetricLocalEuclideanUpperBound`:
  [T2Space M]
  [CompactSpace M]
  [ConnectedSpace M]
consider restructuring your `variable` declarations so that the variables are not in scope or explicitly omit them:
  omit [T2Space M] [CompactSpace M] [ConnectedSpace M] in theorem ...

Note: This linter can be disabled with `set_option linter.unusedSectionVars false`
warning: Poincare/Global/CartanCanonicalFamilyProvenanceLocalUniformData.lean:581:0: automatically included section variable(s) unused in theorem `Poincare.CartanCanonicalFamilyProvenanceLocalUniformData.exists_pointwise_tangentAlignmentOperatorNorm_bound`:
  [T2Space M]
  [CompactSpace M]
  [ConnectedSpace M]
consider restructuring your `variable` declarations so that the variables are not in scope or explicitly omit them:
  omit [T2Space M] [CompactSpace M] [ConnectedSpace M] in theorem ...

Note: This linter can be disabled with `set_option linter.unusedSectionVars false`
warning: Poincare/Global/CartanCanonicalFamilyProvenanceLocalUniformData.lean:596:0: automatically included section variable(s) unused in theorem `Poincare.CartanCanonicalFamilyProvenanceLocalUniformData.exists_genericSourceNormal_endpoint_control_of_jointRegularity`:
  [T2Space M]
  [CompactSpace M]
  [ConnectedSpace M]
consider restructuring your `variable` declarations so that the variables are not in scope or explicitly omit them:
  omit [T2Space M] [CompactSpace M] [ConnectedSpace M] in theorem ...

Note: This linter can be disabled with `set_option linter.unusedSectionVars false`
warning: Poincare/Global/CartanCanonicalFamilyProvenanceLocalUniformData.lean:793:0: automatically included section variable(s) unused in theorem `Poincare.CartanCanonicalFamilyProvenanceLocalUniformData.transferredNormalRadiusLocalStability_of_source_target_package_stability`:
  [T2Space M]
  [CompactSpace M]
  [ConnectedSpace M]
consider restructuring your `variable` declarations so that the variables are not in scope or explicitly omit them:
  omit [T2Space M] [CompactSpace M] [ConnectedSpace M] in theorem ...

Note: This linter can be disabled with `set_option linter.unusedSectionVars false`
warning: Poincare/Global/CartanCanonicalFamilyProvenanceLocalUniformData.lean:890:8: automatically included section variable(s) unused in theorem `_private.Poincare.Global.CartanCanonicalFamilyProvenanceLocalUniformData.0.Poincare.CartanCanonicalFamilyProvenanceLocalUniformData.locallyUniformTransferredNormalRadiusCandidates_bddAbove`:
  [T2Space M]
  [CompactSpace M]
  [ConnectedSpace M]
consider restructuring your `variable` declarations so that the variables are not in scope or explicitly omit them:
  omit [T2Space M] [CompactSpace M] [ConnectedSpace M] in theorem ...

Note: This linter can be disabled with `set_option linter.unusedSectionVars false`
⚠ [3846/4283] Replayed Poincare.Global.CartanCanonicalFamilyProvenanceRootedAssembly
warning: Poincare/Global/CartanCanonicalFamilyProvenanceRootedAssembly.lean:54:0: automatically included section variable(s) unused in theorem `Poincare.CartanCanonicalFamilyProvenanceRootedAssembly.controlledSuccessorLocus_subset_compared`:
  [T2Space M]
consider restructuring your `variable` declarations so that the variables are not in scope or explicitly omit them:
  omit [T2Space M] in theorem ...

Note: This linter can be disabled with `set_option linter.unusedSectionVars false`
⚠ [3848/4283] Replayed Poincare.Global.CartanCanonicalRootedEndpointAssembly
warning: Poincare/Global/CartanCanonicalRootedEndpointAssembly.lean:154:0: automatically included section variable(s) unused in theorem `Poincare.CartanCanonicalRootedEndpointAssembly.CanonicalRootedRealizationPackage.endpoint_nodes_eq_realization_path`:
  [T2Space M]
consider restructuring your `variable` declarations so that the variables are not in scope or explicitly omit them:
  omit [T2Space M] in theorem ...

Note: This linter can be disabled with `set_option linter.unusedSectionVars false`
warning: Poincare/Global/CartanCanonicalRootedEndpointAssembly.lean:221:2: Try this: intro skeleton package x z schedule hv hmetric
warning: Poincare/Global/CartanCanonicalRootedEndpointAssembly.lean:365:0: automatically included section variable(s) unused in theorem `Poincare.CartanCanonicalRootedEndpointAssembly.CanonicalRootedRealizationPackage.exists_anchorChartGeodesicMetric_euclideanUpperBound`:
  [T2Space M]
consider restructuring your `variable` declarations so that the variables are not in scope or explicitly omit them:
  omit [T2Space M] in theorem ...

Note: This linter can be disabled with `set_option linter.unusedSectionVars false`
warning: Poincare/Global/CartanCanonicalRootedEndpointAssembly.lean:419:2: Try this: intro skeleton package x z schedule hv
warning: Poincare/Global/CartanCanonicalRootedEndpointAssembly.lean:471:9: unused variable `schedule`

Note: This linter can be disabled with `set_option linter.unusedVariables false`
⚠ [3860/4283] Replayed Poincare.Global.DifferentialUniformSuccessorMesh
warning: Poincare/Global/DifferentialUniformSuccessorMesh.lean:137:12: try 'simp' instead of 'simpa'

Note: This linter can be disabled with `set_option linter.unnecessarySimpa false`
⚠ [3865/4283] Replayed Poincare.Global.DifferentialSuccessorJointEqualityNeighborhood
warning: Poincare/Global/DifferentialSuccessorJointEqualityNeighborhood.lean:71:0: automatically included section variable(s) unused in theorem `Poincare.DifferentialSuccessorJointEqualityNeighborhood.isCompact_successorEqualityParameterDiagonal`:
  [T2Space M]
  [ChartedSpace E M]
  [IsManifold I ∞ M]
  [ConnectedSpace M]
consider restructuring your `variable` declarations so that the variables are not in scope or explicitly omit them:
  omit [T2Space M] [ChartedSpace E M] [IsManifold I ∞ M] [ConnectedSpace M] in theorem ...

Note: This linter can be disabled with `set_option linter.unusedSectionVars false`
warning: Poincare/Global/DifferentialSuccessorJointEqualityNeighborhood.lean:80:0: automatically included section variable(s) unused in theorem `Poincare.DifferentialSuccessorJointEqualityNeighborhood.successorEqualityParameterDiagonal_subset_universalSuccessorEqualityLocus`:
  [T2Space M]
  [CompactSpace M]
  [ConnectedSpace M]
consider restructuring your `variable` declarations so that the variables are not in scope or explicitly omit them:
  omit [T2Space M] [CompactSpace M] [ConnectedSpace M] in theorem ...

Note: This linter can be disabled with `set_option linter.unusedSectionVars false`
⚠ [3879/4283] Replayed Poincare.Global.CartanFixedChartGenericInverseEndpointODEPrimitive
warning: Poincare/Global/CartanFixedChartGenericInverseEndpointODEPrimitive.lean:123:4: try 'simp' instead of 'simpa'

Note: This linter can be disabled with `set_option linter.unnecessarySimpa false`
⚠ [3900/4283] Replayed Poincare.Global.ClosedRiemannianDistanceComparison
warning: Poincare/Global/ClosedRiemannianDistanceComparison.lean:50:0: automatically included section variable(s) unused in theorem `Poincare.closedRiemannianTangentNorm_nonneg`:
  [T2Space M]
  [SecondCountableTopology M]
  [CompactSpace M]
  [ConnectedSpace M]
  [Nonempty M]
  [MeasurableSpace M]
  [BorelSpace M]
consider restructuring your `variable` declarations so that the variables are not in scope or explicitly omit them:
  omit [T2Space
  M] [SecondCountableTopology
  M] [CompactSpace M] [ConnectedSpace M] [Nonempty M] [MeasurableSpace M] [BorelSpace M] in theorem ...

Note: This linter can be disabled with `set_option linter.unusedSectionVars false`
warning: Poincare/Global/ClosedRiemannianDistanceComparison.lean:58:0: automatically included section variable(s) unused in theorem `Poincare.closedRiemannianTangentEnorm_eq_ofReal_norm`:
  [T2Space M]
  [SecondCountableTopology M]
  [CompactSpace M]
  [ConnectedSpace M]
  [Nonempty M]
  [MeasurableSpace M]
  [BorelSpace M]
consider restructuring your `variable` declarations so that the variables are not in scope or explicitly omit them:
  omit [T2Space
  M] [SecondCountableTopology
  M] [CompactSpace M] [ConnectedSpace M] [Nonempty M] [MeasurableSpace M] [BorelSpace M] in theorem ...

Note: This linter can be disabled with `set_option linter.unusedSectionVars false`
warning: Poincare/Global/ClosedRiemannianDistanceComparison.lean:67:0: automatically included section variable(s) unused in theorem `Poincare.closedRiemannianTangentNorm_sq`:
  [T2Space M]
  [SecondCountableTopology M]
  [CompactSpace M]
  [ConnectedSpace M]
  [Nonempty M]
  [MeasurableSpace M]
  [BorelSpace M]
consider restructuring your `variable` declarations so that the variables are not in scope or explicitly omit them:
  omit [T2Space
  M] [SecondCountableTopology
  M] [CompactSpace M] [ConnectedSpace M] [Nonempty M] [MeasurableSpace M] [BorelSpace M] in theorem ...

Note: This linter can be disabled with `set_option linter.unusedSectionVars false`
warning: Poincare/Global/ClosedRiemannianDistanceComparison.lean:84:0: automatically included section variable(s) unused in theorem `Poincare.closedRiemannianEDistance_eq_iInf_pathDerivativeIntegral`:
  [SecondCountableTopology M]
  [ConnectedSpace M]
  [Nonempty M]
  [MeasurableSpace M]
  [BorelSpace M]
consider restructuring your `variable` declarations so that the variables are not in scope or explicitly omit them:
  omit [SecondCountableTopology M] [ConnectedSpace M] [Nonempty M] [MeasurableSpace M] [BorelSpace M] in theorem ...

Note: This linter can be disabled with `set_option linter.unusedSectionVars false`
warning: Poincare/Global/ClosedRiemannianDistanceComparison.lean:105:0: automatically included section variable(s) unused in theorem `Poincare.closedRiemannianEDistance_eq_ofReal_distance`:
  [SecondCountableTopology M]
  [Nonempty M]
  [MeasurableSpace M]
  [BorelSpace M]
consider restructuring your `variable` declarations so that the variables are not in scope or explicitly omit them:
  omit [SecondCountableTopology M] [Nonempty M] [MeasurableSpace M] [BorelSpace M] in theorem ...

Note: This linter can be disabled with `set_option linter.unusedSectionVars false`
warning: Poincare/Global/ClosedRiemannianDistanceComparison.lean:173:0: automatically included section variable(s) unused in theorem `Poincare.uniformClosedRiemannianPathLengthUpperComparison_of_tangentEnorm`:
  [T2Space M]
  [SecondCountableTopology M]
  [CompactSpace M]
  [ConnectedSpace M]
  [Nonempty M]
  [MeasurableSpace M]
  [BorelSpace M]
consider restructuring your `variable` declarations so that the variables are not in scope or explicitly omit them:
  omit [T2Space
  M] [SecondCountableTopology
  M] [CompactSpace M] [ConnectedSpace M] [Nonempty M] [MeasurableSpace M] [BorelSpace M] in theorem ...

Note: This linter can be disabled with `set_option linter.unusedSectionVars false`
⚠ [3901/4283] Replayed Poincare.Global.NormalizedFlowEnergyConcentrationCurvatureDerivative
warning: Poincare/Global/NormalizedFlowEnergyConcentrationCurvatureDerivative.lean:66:0: automatically included section variable(s) unused in theorem `Poincare.tracelessRicciNormSqAt_mdifferentiableAt`:
  [SecondCountableTopology M]
consider restructuring your `variable` declarations so that the variables are not in scope or explicitly omit them:
  omit [SecondCountableTopology M] in theorem ...

Note: This linter can be disabled with `set_option linter.unusedSectionVars false`
warning: Poincare/Global/NormalizedFlowEnergyConcentrationCurvatureDerivative.lean:90:8: automatically included section variable(s) unused in theorem `_private.Poincare.Global.NormalizedFlowEnergyConcentrationCurvatureDerivative.0.Poincare.extDerivFun_const_smul_curvatureDerivative`:
  [SecondCountableTopology M]
consider restructuring your `variable` declarations so that the variables are not in scope or explicitly omit them:
  omit [SecondCountableTopology M] in theorem ...

Note: This linter can be disabled with `set_option linter.unusedSectionVars false`
warning: Poincare/Global/NormalizedFlowEnergyConcentrationCurvatureDerivative.lean:174:0: automatically included section variable(s) unused in theorem `Poincare.tracelessCovRicciNormSqAt_nonneg`:
  [SecondCountableTopology M]
  [CompactSpace M]
  [ConnectedSpace M]
consider restructuring your `variable` declarations so that the variables are not in scope or explicitly omit them:
  omit [SecondCountableTopology M] [CompactSpace M] [ConnectedSpace M] in theorem ...

Note: This linter can be disabled with `set_option linter.unusedSectionVars false`
warning: Poincare/Global/NormalizedFlowEnergyConcentrationCurvatureDerivative.lean:273:31: This simp argument is unused:
  add_mul

Hint: Omit it from the simp argument list.
  simp only [sub_mul, mul_sub, a̵d̵d̵_̵m̵u̵l̵,̵ ̵Finset.sum_add_distrib,
  ̵  ̵ ̵ ̵Finset.sum_sub_distrib]

Note: This linter can be disabled with `set_option linter.unusedSimpArgs false`
warning: Poincare/Global/NormalizedFlowEnergyConcentrationCurvatureDerivative.lean:273:40: This simp argument is unused:
  Finset.sum_add_distrib

Hint: Omit it from the simp argument list.
  simp only [sub_mul, mul_sub, add_mul, F̵i̵n̵s̵e̵t̵.̵s̵u̵m̵_̵a̵d̵d̵_̵d̵i̵s̵t̵r̵i̵b̵,̵Finset.sum_sub_distrib]

Note: This linter can be disabled with `set_option linter.unusedSimpArgs false`
warning: Poincare/Global/NormalizedFlowEnergyConcentrationCurvatureDerivative.lean:610:4: try 'simp' instead of 'simpa'

Note: This linter can be disabled with `set_option linter.unnecessarySimpa false`
warning: Poincare/Global/NormalizedFlowEnergyConcentrationCurvatureDerivative.lean:531:0: automatically included section variable(s) unused in theorem `Poincare.TracelessRicciCovariantDerivativeCauchySchwarz`:
  [SecondCountableTopology M]
  [CompactSpace M]
  [ConnectedSpace M]
consider restructuring your `variable` declarations so that the variables are not in scope or explicitly omit them:
  omit [SecondCountableTopology M] [CompactSpace M] [ConnectedSpace M] in theorem ...

Note: This linter can be disabled with `set_option linter.unusedSectionVars false`
warning: Poincare/Global/NormalizedFlowEnergyConcentrationCurvatureDerivative.lean:751:0: automatically included section variable(s) unused in theorem `Poincare.uniformTracelessRicciAndCovariantDerivativeNormBound_of_tracelessRicci_of_covariantRicciDerivative`:
  [SecondCountableTopology M]
  [CompactSpace M]
  [ConnectedSpace M]
consider restructuring your `variable` declarations so that the variables are not in scope or explicitly omit them:
  omit [SecondCountableTopology M] [CompactSpace M] [ConnectedSpace M] in theorem ...

Note: This linter can be disabled with `set_option linter.unusedSectionVars false`
warning: Poincare/Global/NormalizedFlowEnergyConcentrationCurvatureDerivative.lean:781:0: automatically included section variable(s) unused in theorem `Poincare.abs_extDerivFun_scalarAt_le_of_covariantRicciDerivativeNormBound`:
  [SecondCountableTopology M]
  [CompactSpace M]
  [ConnectedSpace M]
consider restructuring your `variable` declarations so that the variables are not in scope or explicitly omit them:
  omit [SecondCountableTopology M] [CompactSpace M] [ConnectedSpace M] in theorem ...

Note: This linter can be disabled with `set_option linter.unusedSectionVars false`
⚠ [3903/4283] Replayed Poincare.Global.CompactReferenceMetricTensorFamilyLowerComparison
warning: Poincare/Global/CompactReferenceMetricTensorFamilyLowerComparison.lean:64:0: automatically included section variable(s) unused in theorem `Poincare.inverseChart_rawHausdorffCoordinateDensityMeasure_lower`:
  [SecondCountableTopology M]
  [Nonempty M]
consider restructuring your `variable` declarations so that the variables are not in scope or explicitly omit them:
  omit [SecondCountableTopology M] [Nonempty M] in theorem ...

Note: This linter can be disabled with `set_option linter.unusedSectionVars false`
warning: Poincare/Global/CompactReferenceMetricTensorFamilyLowerComparison.lean:298:6: try 'simp' instead of 'simpa'

Note: This linter can be disabled with `set_option linter.unnecessarySimpa false`
warning: Poincare/Global/CompactReferenceMetricTensorFamilyLowerComparison.lean:300:4: try 'simp' instead of 'simpa'

Note: This linter can be disabled with `set_option linter.unnecessarySimpa false`
warning: Poincare/Global/CompactReferenceMetricTensorFamilyLowerComparison.lean:418:0: automatically included section variable(s) unused in theorem `Poincare.uniformClosedRiemannianMetricLowerComparison_of_inverseChartDensity`:
  [SecondCountableTopology M]
  [Nonempty M]
consider restructuring your `variable` declarations so that the variables are not in scope or explicitly omit them:
  omit [SecondCountableTopology M] [Nonempty M] in theorem ...

Note: This linter can be disabled with `set_option linter.unusedSectionVars false`
⚠ [3916/4283] Replayed Poincare.Global.NormalizedFlowRicciTensorEvolution
warning: Poincare/Global/NormalizedFlowRicciTensorEvolution.lean:40:0: automatically included section variable(s) unused in theorem `Poincare.covTensor2DerivAt_add_fields`:
  [CompactSpace M]
  [ConnectedSpace M]
  [MeasurableSpace M]
  [BorelSpace M]
consider restructuring your `variable` declarations so that the variables are not in scope or explicitly omit them:
  omit [CompactSpace M] [ConnectedSpace M] [MeasurableSpace M] [BorelSpace M] in theorem ...

Note: This linter can be disabled with `set_option linter.unusedSectionVars false`
warning: Poincare/Global/NormalizedFlowRicciTensorEvolution.lean:62:0: automatically included section variable(s) unused in theorem `Poincare.covTensor2DerivAt_const_smul_metric_eq_zero`:
  [CompactSpace M]
  [ConnectedSpace M]
  [MeasurableSpace M]
  [BorelSpace M]
consider restructuring your `variable` declarations so that the variables are not in scope or explicitly omit them:
  omit [CompactSpace M] [ConnectedSpace M] [MeasurableSpace M] [BorelSpace M] in theorem ...

Note: This linter can be disabled with `set_option linter.unusedSectionVars false`
warning: Poincare/Global/NormalizedFlowRicciTensorEvolution.lean:73:0: automatically included section variable(s) unused in theorem `Poincare.covTensor2ExtDifferentiableAt_const_smul_metric`:
  [CompactSpace M]
  [ConnectedSpace M]
  [MeasurableSpace M]
  [BorelSpace M]
consider restructuring your `variable` declarations so that the variables are not in scope or explicitly omit them:
  omit [CompactSpace M] [ConnectedSpace M] [MeasurableSpace M] [BorelSpace M] in theorem ...

Note: This linter can be disabled with `set_option linter.unusedSectionVars false`
warning: Poincare/Global/NormalizedFlowRicciTensorEvolution.lean:133:6: This simp argument is unused:
  ricciVariationField

Hint: Omit it from the simp argument list.
  simp [normalizedRicciFlowRHSAt, negTwoRicciVariationField, r̵i̵c̵c̵i̵V̵a̵r̵i̵a̵t̵i̵o̵n̵F̵i̵e̵l̵d̵,̵ ̵c]

Note: This linter can be disabled with `set_option linter.unusedSimpArgs false`
⚠ [3917/4283] Replayed Poincare.Global.NormalizedFlowScalarLowerProfile
warning: Poincare/Global/NormalizedFlowScalarLowerProfile.lean:52:0: automatically included section variable(s) unused in theorem `Poincare.satisfiesNormalizedHamiltonScalarEvolutionAt_of_normalizedFlow_of_globalLichnerowicz`:
  [SecondCountableTopology M]
consider restructuring your `variable` declarations so that the variables are not in scope or explicitly omit them:
  omit [SecondCountableTopology M] in theorem ...

Note: This linter can be disabled with `set_option linter.unusedSectionVars false`
warning: Poincare/Global/NormalizedFlowScalarLowerProfile.lean:75:0: automatically included section variable(s) unused in theorem `Poincare.exists_pos_scalar_floor_of_forall_scalarAt_pos`:
  [SecondCountableTopology M]
  [ConnectedSpace M]
  [MeasurableSpace M]
  [BorelSpace M]
consider restructuring your `variable` declarations so that the variables are not in scope or explicitly omit them:
  omit [SecondCountableTopology M] [ConnectedSpace M] [MeasurableSpace M] [BorelSpace M] in theorem ...

Note: This linter can be disabled with `set_option linter.unusedSectionVars false`
warning: Poincare/Global/NormalizedFlowScalarLowerProfile.lean:92:0: automatically included section variable(s) unused in theorem `Poincare.normalizedFlow_scalarAt_gt_of_normalization_profile`:
  [SecondCountableTopology M]
consider restructuring your `variable` declarations so that the variables are not in scope or explicitly omit them:
  omit [SecondCountableTopology M] in theorem ...

Note: This linter can be disabled with `set_option linter.unusedSectionVars false`
warning: Poincare/Global/NormalizedFlowScalarLowerProfile.lean:98:5: unused variable `hT`

Note: This linter can be disabled with `set_option linter.unusedVariables false`
warning: Poincare/Global/NormalizedFlowScalarLowerProfile.lean:249:27: Used `tac1 <;> tac2` where `(tac1; tac2)` would suffice

Note: This linter can be disabled with `set_option linter.unnecessarySeqFocus false`
⚠ [3923/4283] Replayed Poincare.Global.NormalizedFlowPinchingLimit
warning: Poincare/Global/NormalizedFlowPinchingLimit.lean:61:0: automatically included section variable(s) unused in theorem `Poincare.le_scalarMinimumAt_of_forall_le_scalarAt`:
  [SecondCountableTopology M]
  [MeasurableSpace M]
  [BorelSpace M]
  [CompactSpace M]
  [ConnectedSpace M]
consider restructuring your `variable` declarations so that the variables are not in scope or explicitly omit them:
  omit [SecondCountableTopology M] [MeasurableSpace M] [BorelSpace M] [CompactSpace M] [ConnectedSpace M] in theorem ...

Note: This linter can be disabled with `set_option linter.unusedSectionVars false`
warning: Poincare/Global/NormalizedFlowPinchingLimit.lean:77:0: automatically included section variable(s) unused in theorem `Poincare.scalarMinimumAt_le_scalarAt_of_continuous`:
  [SecondCountableTopology M]
  [MeasurableSpace M]
  [BorelSpace M]
  [ConnectedSpace M]
consider restructuring your `variable` declarations so that the variables are not in scope or explicitly omit them:
  omit [SecondCountableTopology M] [MeasurableSpace M] [BorelSpace M] [ConnectedSpace M] in theorem ...

Note: This linter can be disabled with `set_option linter.unusedSectionVars false`
warning: Poincare/Global/NormalizedFlowPinchingLimit.lean:90:0: automatically included section variable(s) unused in theorem `Poincare.tracelessRicciMaximumAt_eq_of_isMaxOn`:
  [SecondCountableTopology M]
  [MeasurableSpace M]
  [BorelSpace M]
  [CompactSpace M]
  [ConnectedSpace M]
consider restructuring your `variable` declarations so that the variables are not in scope or explicitly omit them:
  omit [SecondCountableTopology M] [MeasurableSpace M] [BorelSpace M] [CompactSpace M] [ConnectedSpace M] in theorem ...

Note: This linter can be disabled with `set_option linter.unusedSectionVars false`
warning: Poincare/Global/NormalizedFlowPinchingLimit.lean:151:0: automatically included section variable(s) unused in theorem `Poincare.ClosedSmoothRiemannianMetric.relativeTracelessRicciAt_eq_tracelessPinchingAt_zero`:
  [SecondCountableTopology M]
  [MeasurableSpace M]
  [BorelSpace M]
  [CompactSpace M]
  [ConnectedSpace M]
consider restructuring your `variable` declarations so that the variables are not in scope or explicitly omit them:
  omit [SecondCountableTopology M] [MeasurableSpace M] [BorelSpace M] [CompactSpace M] [ConnectedSpace M] in theorem ...

Note: This linter can be disabled with `set_option linter.unusedSectionVars false`
⚠ [3924/4283] Replayed Poincare.Global.NormalizedFlowInvariantPairJointContinuity
warning: Poincare/Global/NormalizedFlowInvariantPairJointContinuity.lean:41:0: automatically included section variable(s) unused in theorem `Poincare.continuous_joint_scalarAt_and_tracelessRicciNormSqAt_of_global_metricEntriesJointContDiffAt_three`:
  [SecondCountableTopology M]
  [CompactSpace M]
  [ConnectedSpace M]
  [Nonempty M]
  [MeasurableSpace M]
  [BorelSpace M]
consider restructuring your `variable` declarations so that the variables are not in scope or explicitly omit them:
  omit [SecondCountableTopology
  M] [CompactSpace M] [ConnectedSpace M] [Nonempty M] [MeasurableSpace M] [BorelSpace M] in theorem ...

Note: This linter can be disabled with `set_option linter.unusedSectionVars false`
warning: Poincare/Global/NormalizedFlowInvariantPairJointContinuity.lean:67:0: automatically included section variable(s) unused in theorem `Poincare.continuous_scalarMinimumAt_comp_of_joint_scalarAt`:
  [SecondCountableTopology M]
  [ConnectedSpace M]
  [Nonempty M]
  [MeasurableSpace M]
  [BorelSpace M]
consider restructuring your `variable` declarations so that the variables are not in scope or explicitly omit them:
  omit [SecondCountableTopology M] [ConnectedSpace M] [Nonempty M] [MeasurableSpace M] [BorelSpace M] in theorem ...

Note: This linter can be disabled with `set_option linter.unusedSectionVars false`
warning: Poincare/Global/NormalizedFlowInvariantPairJointContinuity.lean:76:0: automatically included section variable(s) unused in theorem `Poincare.continuous_tracelessRicciMaximumAt_comp_of_joint_tracelessRicciNormSqAt`:
  [SecondCountableTopology M]
  [ConnectedSpace M]
  [Nonempty M]
  [MeasurableSpace M]
  [BorelSpace M]
consider restructuring your `variable` declarations so that the variables are not in scope or explicitly omit them:
  omit [SecondCountableTopology M] [ConnectedSpace M] [Nonempty M] [MeasurableSpace M] [BorelSpace M] in theorem ...

Note: This linter can be disabled with `set_option linter.unusedSectionVars false`
warning: Poincare/Global/NormalizedFlowInvariantPairJointContinuity.lean:101:0: automatically included section variable(s) unused in theorem `Poincare.continuous_tracelessPinchingMaximumAt_zero_comp_of_joint`:
  [SecondCountableTopology M]
  [ConnectedSpace M]
  [Nonempty M]
  [MeasurableSpace M]
  [BorelSpace M]
consider restructuring your `variable` declarations so that the variables are not in scope or explicitly omit them:
  omit [SecondCountableTopology M] [ConnectedSpace M] [Nonempty M] [MeasurableSpace M] [BorelSpace M] in theorem ...

Note: This linter can be disabled with `set_option linter.unusedSectionVars false`
warning: Poincare/Global/NormalizedFlowInvariantPairJointContinuity.lean:126:0: automatically included section variable(s) unused in theorem `Poincare.continuous_joint_tracelessPinchingAt_zero_of_joint_scalarAt_of_joint_tracelessRicciNormSqAt_of_pos`:
  [SecondCountableTopology M]
  [CompactSpace M]
  [ConnectedSpace M]
  [Nonempty M]
  [MeasurableSpace M]
  [BorelSpace M]
consider restructuring your `variable` declarations so that the variables are not in scope or explicitly omit them:
  omit [SecondCountableTopology
  M] [CompactSpace M] [ConnectedSpace M] [Nonempty M] [MeasurableSpace M] [BorelSpace M] in theorem ...

Note: This linter can be disabled with `set_option linter.unusedSectionVars false`
⚠ [3925/4283] Replayed Poincare.Global.NormalizedFlowForwardPointwiseTracelessEnergyParabolicDecay
warning: Poincare/Global/NormalizedFlowForwardPointwiseTracelessEnergyParabolicDecay.lean:149:4: Try this: intro T hT p hp
⚠ [3926/4283] Replayed Poincare.Global.NormalizedFlowForwardPointwiseTracelessEnergyReactionDecay
warning: Poincare/Global/NormalizedFlowForwardPointwiseTracelessEnergyReactionDecay.lean:38:0: automatically included section variable(s) unused in theorem `Poincare.tracelessRicci_parabolic_inequality_of_reaction_domination_Ici`:
  [SecondCountableTopology M]
  [CompactSpace M]
  [ConnectedSpace M]
  [MeasurableSpace M]
  [BorelSpace M]
consider restructuring your `variable` declarations so that the variables are not in scope or explicitly omit them:
  omit [SecondCountableTopology M] [CompactSpace M] [ConnectedSpace M] [MeasurableSpace M] [BorelSpace M] in theorem ...

Note: This linter can be disabled with `set_option linter.unusedSectionVars false`
⚠ [3927/4283] Replayed Poincare.Global.NormalizedFlowForwardPointwiseTracelessEnergyActualReactionDecay
warning: Poincare/Global/NormalizedFlowForwardPointwiseTracelessEnergyActualReactionDecay.lean:45:0: automatically included section variable(s) unused in theorem `Poincare.trace_metricRaiseDeriv_ricciDual_comp_ricciEndo_eq_two_cubic_sub_normalization`:
  [SecondCountableTopology M]
consider restructuring your `variable` declarations so that the variables are not in scope or explicitly omit them:
  omit [SecondCountableTopology M] in theorem ...

Note: This linter can be disabled with `set_option linter.unusedSectionVars false`
warning: Poincare/Global/NormalizedFlowForwardPointwiseTracelessEnergyActualReactionDecay.lean:206:0: automatically included section variable(s) unused in theorem `Poincare.hasDerivAt_scalarAt_sq_of_satisfiesNormalizedHamiltonScalarEvolutionAt`:
  [SecondCountableTopology M]
consider restructuring your `variable` declarations so that the variables are not in scope or explicitly omit them:
  omit [SecondCountableTopology M] in theorem ...

Note: This linter can be disabled with `set_option linter.unusedSectionVars false`
warning: Poincare/Global/NormalizedFlowForwardPointwiseTracelessEnergyActualReactionDecay.lean:271:0: automatically included section variable(s) unused in theorem `Poincare.normalizedTracelessRicciEvolutionReactionAt_le_neg_rate_mul_of_cubic_domination`:
  [SecondCountableTopology M]
consider restructuring your `variable` declarations so that the variables are not in scope or explicitly omit them:
  omit [SecondCountableTopology M] in theorem ...

Note: This linter can be disabled with `set_option linter.unusedSectionVars false`
⚠ [3933/4283] Replayed Poincare.Global.HausdorffScalarVarianceContinuity
warning: Poincare/Global/HausdorffScalarVarianceContinuity.lean:49:0: automatically included section variable(s) unused in theorem `Poincare.centeredScalarVarianceIntegral_eq_sum_coordinateScalarVarianceDensity`:
  [SecondCountableTopology M]
consider restructuring your `variable` declarations so that the variables are not in scope or explicitly omit them:
  omit [SecondCountableTopology M] in theorem ...

Note: This linter can be disabled with `set_option linter.unusedSectionVars false`
warning: Poincare/Global/HausdorffScalarVarianceContinuity.lean:260:0: automatically included section variable(s) unused in theorem `Poincare.continuous_scalarAt_joint_of_metricEntriesJointContDiffAt_three`:
  [SecondCountableTopology M]
  [CompactSpace M]
  [ConnectedSpace M]
  [MeasurableSpace M]
  [BorelSpace M]
consider restructuring your `variable` declarations so that the variables are not in scope or explicitly omit them:
  omit [SecondCountableTopology M] [CompactSpace M] [ConnectedSpace M] [MeasurableSpace M] [BorelSpace M] in theorem ...

Note: This linter can be disabled with `set_option linter.unusedSectionVars false`
warning: Poincare/Global/HausdorffScalarVarianceContinuity.lean:393:0: automatically included section variable(s) unused in theorem `Poincare.continuousAt_chartScalarVarianceDensityIntegral_of_dominated`:
  [SecondCountableTopology M]
consider restructuring your `variable` declarations so that the variables are not in scope or explicitly omit them:
  omit [SecondCountableTopology M] in theorem ...

Note: This linter can be disabled with `set_option linter.unusedSectionVars false`
⚠ [3946/4283] Replayed Poincare.Global.NormalizedFlowImprovedPinchingSubsequenceDecay
warning: Poincare/Global/NormalizedFlowImprovedPinchingSubsequenceDecay.lean:64:0: automatically included section variable(s) unused in theorem `Poincare.tracelessPinchingMaximumTrack_tendsto_zero_of_uniform_tracelessRicci_sample`:
  [SecondCountableTopology M]
  [ConnectedSpace M]
  [MeasurableSpace M]
  [BorelSpace M]
consider restructuring your `variable` declarations so that the variables are not in scope or explicitly omit them:
  omit [SecondCountableTopology M] [ConnectedSpace M] [MeasurableSpace M] [BorelSpace M] in theorem ...

Note: This linter can be disabled with `set_option linter.unusedSectionVars false`
⚠ [3947/4283] Replayed Poincare.Global.NormalizedFlowImprovedPinchingSampleScalarFloorDecay
warning: Poincare/Global/NormalizedFlowImprovedPinchingSampleScalarFloorDecay.lean:44:0: automatically included section variable(s) unused in theorem `Poincare.shiftedSample_tracelessPinchingMaximumTrack_tendsto_zero_of_uniform_tracelessRicci_of_eventual_scalar_floor`:
  [SecondCountableTopology M]
  [ConnectedSpace M]
  [MeasurableSpace M]
  [BorelSpace M]
consider restructuring your `variable` declarations so that the variables are not in scope or explicitly omit them:
  omit [SecondCountableTopology M] [ConnectedSpace M] [MeasurableSpace M] [BorelSpace M] in theorem ...

Note: This linter can be disabled with `set_option linter.unusedSectionVars false`
⚠ [3948/4283] Replayed Poincare.Global.NormalizedFlowFiniteTimePositiveEinstein
warning: Poincare/Global/NormalizedFlowFiniteTimePositiveEinstein.lean:48:0: automatically included section variable(s) unused in theorem `Poincare.globalRicciEigenvalueFloor_one_sixth_forward_of_global_one_fourth_initial_floor`:
  [SecondCountableTopology M]
  [ConnectedSpace M]
  [MeasurableSpace M]
  [BorelSpace M]
consider restructuring your `variable` declarations so that the variables are not in scope or explicitly omit them:
  omit [SecondCountableTopology M] [ConnectedSpace M] [MeasurableSpace M] [BorelSpace M] in theorem ...

Note: This linter can be disabled with `set_option linter.unusedSectionVars false`
⚠ [3950/4283] Replayed Poincare.Global.NormalizedFlowFiniteTimePositiveEinsteinMeanScalarGradient
warning: Poincare/Global/NormalizedFlowFiniteTimePositiveEinsteinMeanScalarGradient.lean:42:0: automatically included section variable(s) unused in theorem `Poincare.exists_pos_uniform_abs_scalarAt_bound_of_compact_joint_scalar`:
  [SecondCountableTopology M]
  [ConnectedSpace M]
  [MeasurableSpace M]
  [BorelSpace M]
consider restructuring your `variable` declarations so that the variables are not in scope or explicitly omit them:
  omit [SecondCountableTopology M] [ConnectedSpace M] [MeasurableSpace M] [BorelSpace M] in theorem ...

Note: This linter can be disabled with `set_option linter.unusedSectionVars false`
warning: Poincare/Global/NormalizedFlowFiniteTimePositiveEinsteinMeanScalarGradient.lean:95:0: automatically included section variable(s) unused in theorem `Poincare.exists_pos_uniform_tracelessRicciNormSqAt_bound_of_compact_joint`:
  [SecondCountableTopology M]
  [ConnectedSpace M]
  [MeasurableSpace M]
  [BorelSpace M]
consider restructuring your `variable` declarations so that the variables are not in scope or explicitly omit them:
  omit [SecondCountableTopology M] [ConnectedSpace M] [MeasurableSpace M] [BorelSpace M] in theorem ...

Note: This linter can be disabled with `set_option linter.unusedSectionVars false`
⚠ [3973/4283] Replayed Poincare.Global.NormalizedFlowHausdorffScalarDominationJointC1Reduction
warning: Poincare/Global/NormalizedFlowHausdorffScalarDominationJointC1Reduction.lean:99:0: automatically included section variable(s) unused in theorem `Poincare.FiniteHausdorffChartDensityDecomposition.hasIntrinsicDensityFirstVariationAt_restrictTimeSet`:
  [SecondCountableTopology M]
consider restructuring your `variable` declarations so that the variables are not in scope or explicitly omit them:
  omit [SecondCountableTopology M] in theorem ...

Note: This linter can be disabled with `set_option linter.unusedSectionVars false`
warning: Poincare/Global/NormalizedFlowHausdorffScalarDominationJointC1Reduction.lean:117:15: unused variable `hS`

Note: This linter can be disabled with `set_option linter.unusedVariables false`
warning: Poincare/Global/NormalizedFlowHausdorffScalarDominationJointC1Reduction.lean:117:28: unused variable `hQ`

Note: This linter can be disabled with `set_option linter.unusedVariables false`
⚠ [3987/4283] Replayed Poincare.Global.NormalizedFlowForwardPointwiseTracelessEnergyPinchingDomination
warning: Poincare/Global/NormalizedFlowForwardPointwiseTracelessEnergyPinchingDomination.lean:42:0: automatically included section variable(s) unused in theorem `Poincare.pinchingTracelessRicciReactionTrace3At_le_two_mul_two_sub_delta_mul_ricciNorm_div_scalar_mul_traceless`:
  [SecondCountableTopology M]
  [CompactSpace M]
  [ConnectedSpace M]
  [MeasurableSpace M]
  [BorelSpace M]
consider restructuring your `variable` declarations so that the variables are not in scope or explicitly omit them:
  omit [SecondCountableTopology M] [CompactSpace M] [ConnectedSpace M] [MeasurableSpace M] [BorelSpace M] in theorem ...

Note: This linter can be disabled with `set_option linter.unusedSectionVars false`
⚠ [4014/4283] Replayed Poincare.Global.NormalizedFlowHausdorffScalarVariationJointContinuityReduction
warning: Poincare/Global/NormalizedFlowHausdorffScalarVariationJointContinuityReduction.lean:47:0: automatically included section variable(s) unused in theorem `Poincare.scalarTimeDerivativeJointContinuous_of_lichnerowicz_of_scalarVariationStokesBoundaryJointContinuous`:
  [SecondCountableTopology M]
  [CompactSpace M]
  [ConnectedSpace M]
  [MeasurableSpace M]
  [BorelSpace M]
consider restructuring your `variable` declarations so that the variables are not in scope or explicitly omit them:
  omit [SecondCountableTopology M] [CompactSpace M] [ConnectedSpace M] [MeasurableSpace M] [BorelSpace M] in theorem ...

Note: This linter can be disabled with `set_option linter.unusedSectionVars false`
⚠ [4048/4283] Replayed Poincare.Global.CartanFixedTargetMovingGenericInverseEndpointPrimitiveProviderReduction
warning: Poincare/Global/CartanFixedTargetMovingGenericInverseEndpointPrimitiveProviderReduction.lean:50:0: automatically included section variable(s) unused in theorem `Poincare.CartanFixedTargetMovingGenericInverseEndpointPrimitiveProviderReduction.fixedToPreferredTransitionDerivativeContinuousAtCenters_of_pointwiseGenericInverseEndpointData`:
  [T2Space M]
  [CompactSpace M]
  [ConnectedSpace M]
consider restructuring your `variable` declarations so that the variables are not in scope or explicitly omit them:
  omit [T2Space M] [CompactSpace M] [ConnectedSpace M] in theorem ...

Note: This linter can be disabled with `set_option linter.unusedSectionVars false`
⚠ [4062/4283] Replayed Poincare.Global.CartanFixedChartGenericInverseEndpointODEOverlapReduction
warning: Poincare/Global/CartanFixedChartGenericInverseEndpointODEOverlapReduction.lean:46:0: automatically included section variable(s) unused in theorem `Poincare.IsometryInstantiate.isOpen_cutoffOneLocus`:
  [T2Space M]
consider restructuring your `variable` declarations so that the variables are not in scope or explicitly omit them:
  omit [T2Space M] in theorem ...

Note: This linter can be disabled with `set_option linter.unusedSectionVars false`
warning: Poincare/Global/CartanFixedChartGenericInverseEndpointODEOverlapReduction.lean:171:0: automatically included section variable(s) unused in theorem `Poincare.CartanSourceExponentialLocalFamilyTransport.FixedChartAnchorEndpointPackage.GenericInverseEndpointODEPointwiseOverlapData.sourceChart_mem_zero_of_anchor`:
  [T2Space M]
consider restructuring your `variable` declarations so that the variables are not in scope or explicitly omit them:
  omit [T2Space M] in theorem ...

Note: This linter can be disabled with `set_option linter.unusedSectionVars false`
warning: Poincare/Global/CartanFixedChartGenericInverseEndpointODEOverlapReduction.lean:186:0: automatically included section variable(s) unused in theorem `Poincare.CartanSourceExponentialLocalFamilyTransport.FixedChartAnchorEndpointPackage.GenericInverseEndpointODEPointwiseOverlapData.targetChart_mem_zero_of_anchor`:
  [T2Space M]
consider restructuring your `variable` declarations so that the variables are not in scope or explicitly omit them:
  omit [T2Space M] in theorem ...

Note: This linter can be disabled with `set_option linter.unusedSectionVars false`
warning: Poincare/Global/CartanFixedChartGenericInverseEndpointODEOverlapReduction.lean:200:0: automatically included section variable(s) unused in theorem `Poincare.CartanSourceExponentialLocalFamilyTransport.FixedChartAnchorEndpointPackage.GenericInverseEndpointODEPointwiseOverlapData.targetCutoffOne_mem_zero_of_anchor`:
  [T2Space M]
consider restructuring your `variable` declarations so that the variables are not in scope or explicitly omit them:
  omit [T2Space M] in theorem ...

Note: This linter can be disabled with `set_option linter.unusedSectionVars false`
warning: Poincare/Global/CartanFixedChartGenericInverseEndpointODEOverlapReduction.lean:223:0: automatically included section variable(s) unused in theorem `Poincare.CartanSourceExponentialLocalFamilyTransport.FixedChartAnchorEndpointPackage.GenericInverseEndpointODEPointwiseOverlapData.normalizedSelectorPosition_continuousOn`:
  [T2Space M]
consider restructuring your `variable` declarations so that the variables are not in scope or explicitly omit them:
  omit [T2Space M] in theorem ...

Note: This linter can be disabled with `set_option linter.unusedSectionVars false`
warning: Poincare/Global/CartanFixedChartGenericInverseEndpointODEOverlapReduction.lean:251:0: automatically included section variable(s) unused in theorem `Poincare.CartanSourceExponentialLocalFamilyTransport.FixedChartAnchorEndpointPackage.GenericInverseEndpointODEPointwiseOverlapData.normalizedSelectorPosition_image_subset_goodLocus`:
  [T2Space M]
consider restructuring your `variable` declarations so that the variables are not in scope or explicitly omit them:
  omit [T2Space M] in theorem ...

Note: This linter can be disabled with `set_option linter.unusedSectionVars false`
warning: Poincare/Global/CartanFixedChartGenericInverseEndpointODEOverlapReduction.lean:295:0: automatically included section variable(s) unused in theorem `Poincare.CartanSourceExponentialLocalFamilyTransport.FixedChartAnchorEndpointPackage.genericInverseEndpointODEPrimitiveProvider_of_pointwiseOverlap`:
  [T2Space M]
consider restructuring your `variable` declarations so that the variables are not in scope or explicitly omit them:
  omit [T2Space M] in theorem ...

Note: This linter can be disabled with `set_option linter.unusedSectionVars false`
⚠ [4063/4283] Replayed Poincare.Global.CartanFixedChartGenericInverseEndpointODEPositiveTimeOverlapReduction
warning: Poincare/Global/CartanFixedChartGenericInverseEndpointODEPositiveTimeOverlapReduction.lean:60:0: automatically included section variable(s) unused in theorem `Poincare.CartanSourceExponentialLocalFamilyTransport.FixedChartAnchorEndpointPackage.center_mem_fixedAnchorCutoffOneNeighborhood`:
  [T2Space M]
consider restructuring your `variable` declarations so that the variables are not in scope or explicitly omit them:
  omit [T2Space M] in theorem ...

Note: This linter can be disabled with `set_option linter.unusedSectionVars false`
warning: Poincare/Global/CartanFixedChartGenericInverseEndpointODEPositiveTimeOverlapReduction.lean:154:0: automatically included section variable(s) unused in theorem `Poincare.CartanSourceExponentialLocalFamilyTransport.FixedChartAnchorEndpointPackage.GenericInverseEndpointODEPositiveTimeOverlapData.selectorInitial`:
  [T2Space M]
consider restructuring your `variable` declarations so that the variables are not in scope or explicitly omit them:
  omit [T2Space M] in theorem ...

Note: This linter can be disabled with `set_option linter.unusedSectionVars false`
⚠ [4064/4283] Replayed Poincare.Global.CartanFixedTargetMovingGenericInverseEndpointODEPositiveTimeOverlapProviderReduction
warning: Poincare/Global/CartanFixedTargetMovingGenericInverseEndpointODEPositiveTimeOverlapProviderReduction.lean:63:0: automatically included section variable(s) unused in theorem `Poincare.CartanFixedTargetMovingGenericInverseEndpointODEPositiveTimeOverlapProviderReduction.pointwiseFixedChartGenericInverseEndpointODEData_of_positiveTimeOverlap`:
  [CompactSpace M]
  [ConnectedSpace M]
consider restructuring your `variable` declarations so that the variables are not in scope or explicitly omit them:
  omit [CompactSpace M] [ConnectedSpace M] in theorem ...

Note: This linter can be disabled with `set_option linter.unusedSectionVars false`
⚠ [4065/4283] Replayed Poincare.Global.CartanFixedChartGenericInverseEndpointODETailOverlapReduction
warning: Poincare/Global/CartanFixedChartGenericInverseEndpointODETailOverlapReduction.lean:65:0: automatically included section variable(s) unused in theorem `Poincare.CartanSourceExponentialLocalFamilyTransport.FixedChartAnchorEndpointPackage.GenericInverseEndpointODEAdmissibilityData.selectorInitial`:
  [T2Space M]
consider restructuring your `variable` declarations so that the variables are not in scope or explicitly omit them:
  omit [T2Space M] in theorem ...

Note: This linter can be disabled with `set_option linter.unusedSectionVars false`
warning: Poincare/Global/CartanFixedChartGenericInverseEndpointODETailOverlapReduction.lean:79:0: automatically included section variable(s) unused in theorem `Poincare.CartanSourceExponentialLocalFamilyTransport.FixedChartAnchorEndpointPackage.GenericInverseEndpointODEAdmissibilityData.normalizedSelectorPosition_continuousAt_zero`:
  [T2Space M]
consider restructuring your `variable` declarations so that the variables are not in scope or explicitly omit them:
  omit [T2Space M] in theorem ...

Note: This linter can be disabled with `set_option linter.unusedSectionVars false`
warning: Poincare/Global/CartanFixedChartGenericInverseEndpointODETailOverlapReduction.lean:103:0: automatically included section variable(s) unused in theorem `Poincare.CartanSourceExponentialLocalFamilyTransport.FixedChartAnchorEndpointPackage.nonempty_reparameterized_admissibility_of_velocity_budget`:
  [T2Space M]
consider restructuring your `variable` declarations so that the variables are not in scope or explicitly omit them:
  omit [T2Space M] in theorem ...

Note: This linter can be disabled with `set_option linter.unusedSectionVars false`
warning: Poincare/Global/CartanFixedChartGenericInverseEndpointODETailOverlapReduction.lean:437:0: automatically included section variable(s) unused in theorem `Poincare.CartanSourceExponentialLocalFamilyTransport.FixedChartAnchorEndpointPackage.moving_memberships_of_pulledback_position_eq`:
  [T2Space M]
consider restructuring your `variable` declarations so that the variables are not in scope or explicitly omit them:
  omit [T2Space M] in theorem ...

Note: This linter can be disabled with `set_option linter.unusedSectionVars false`
warning: Poincare/Global/CartanFixedChartGenericInverseEndpointODETailOverlapReduction.lean:456:0: automatically included section variable(s) unused in theorem `Poincare.CartanSourceExponentialLocalFamilyTransport.FixedChartAnchorEndpointPackage.preferredTransportedSelectorTrajectory_continuousAt_of_good`:
  [T2Space M]
consider restructuring your `variable` declarations so that the variables are not in scope or explicitly omit them:
  omit [T2Space M] in theorem ...

Note: This linter can be disabled with `set_option linter.unusedSectionVars false`
warning: Poincare/Global/CartanFixedChartGenericInverseEndpointODETailOverlapReduction.lean:511:0: automatically included section variable(s) unused in theorem `Poincare.CartanSourceExponentialLocalFamilyTransport.FixedChartAnchorEndpointPackage.preferredTransportedSelectorTrajectory_eventuallyEq_of_good_and_eq`:
  [T2Space M]
consider restructuring your `variable` declarations so that the variables are not in scope or explicitly omit them:
  omit [T2Space M] in theorem ...

Note: This linter can be disabled with `set_option linter.unusedSectionVars false`
⚠ [4066/4283] Replayed Poincare.Global.CartanFixedTargetMovingGenericInverseEndpointODETailOverlapProviderReduction
warning: Poincare/Global/CartanFixedTargetMovingGenericInverseEndpointODETailOverlapProviderReduction.lean:59:0: automatically included section variable(s) unused in theorem `Poincare.CartanFixedTargetMovingGenericInverseEndpointODETailOverlapProviderReduction.pointwiseFixedChartGenericInverseEndpointODEPositiveTimeOverlapData_of_tail`:
  [CompactSpace M]
  [ConnectedSpace M]
consider restructuring your `variable` declarations so that the variables are not in scope or explicitly omit them:
  omit [CompactSpace M] [ConnectedSpace M] in theorem ...

Note: This linter can be disabled with `set_option linter.unusedSectionVars false`
⚠ [4119/4283] Replayed Poincare.Global.AnchoredSecondDerivativeAssembly
warning: Poincare/Global/AnchoredSecondDerivativeAssembly.lean:54:0: automatically included section variable(s) unused in theorem `Poincare.AnchoredSecondDerivativeAssembly.anchoredAugmentedInitialization_hasFDerivAt`:
  [IsManifold I ∞ M]
consider restructuring your `variable` declarations so that the variables are not in scope or explicitly omit them:
  omit [IsManifold I ∞ M] in theorem ...

Note: This linter can be disabled with `set_option linter.unusedSectionVars false`
⚠ [4128/4283] Replayed Poincare.Global.CartanPreferredBudgetLocusReduction
warning: Poincare/Global/CartanPreferredBudgetLocusReduction.lean:564:0: automatically included section variable(s) unused in theorem `Poincare.CartanSourceExponentialLocalFamilyTransport.FixedChartAnchorEndpointPackage.genericInverseEndpointAgreementOn_restrictToOpenAnchorSet`:
  [T2Space M]
consider restructuring your `variable` declarations so that the variables are not in scope or explicitly omit them:
  omit [T2Space M] in theorem ...

Note: This linter can be disabled with `set_option linter.unusedSectionVars false`
⚠ [4129/4283] Replayed Poincare.Global.CartanUniformMovingPreferredChartFlow
warning: Poincare/Global/CartanUniformMovingPreferredChartFlow.lean:54:0: automatically included section variable(s) unused in theorem `Poincare.CartanSourceExponentialLocalFamilyTransport.FixedChartAnchorEndpointPackage.uniformPreferredChartTransportNeighborhood_iff_jointGoodLocus_mem_nhds`:
  [T2Space M]
consider restructuring your `variable` declarations so that the variables are not in scope or explicitly omit them:
  omit [T2Space M] in theorem ...

Note: This linter can be disabled with `set_option linter.unusedSectionVars false`
warning: Poincare/Global/CartanUniformMovingPreferredChartFlow.lean:76:0: automatically included section variable(s) unused in theorem `Poincare.CartanSourceExponentialLocalFamilyTransport.FixedChartAnchorEndpointPackage.center_mem_preferredChartTransportGoodLocus`:
  [T2Space M]
consider restructuring your `variable` declarations so that the variables are not in scope or explicitly omit them:
  omit [T2Space M] in theorem ...

Note: This linter can be disabled with `set_option linter.unusedSectionVars false`
warning: Poincare/Global/CartanUniformMovingPreferredChartFlow.lean:115:0: automatically included section variable(s) unused in theorem `Poincare.CartanSourceExponentialLocalFamilyTransport.FixedChartAnchorEndpointPackage.fixedToAnchorVelocity_movingToFixedVelocity`:
  [T2Space M]
consider restructuring your `variable` declarations so that the variables are not in scope or explicitly omit them:
  omit [T2Space M] in theorem ...

Note: This linter can be disabled with `set_option linter.unusedSectionVars false`
warning: Poincare/Global/CartanUniformMovingPreferredChartFlow.lean:229:0: automatically included section variable(s) unused in theorem `Poincare.CartanSourceExponentialLocalFamilyTransport.FixedChartAnchorEndpointPackage.exists_uniformFixedVelocityPreferredChartFlowPackage`:
  [T2Space M]
consider restructuring your `variable` declarations so that the variables are not in scope or explicitly omit them:
  omit [T2Space M] in theorem ...

Note: This linter can be disabled with `set_option linter.unusedSectionVars false`
warning: Poincare/Global/CartanUniformMovingPreferredChartFlow.lean:386:0: automatically included section variable(s) unused in theorem `Poincare.CartanSourceExponentialLocalFamilyTransport.FixedChartAnchorEndpointPackage.uniformMovingToFixedVelocityBound_of_continuousAt`:
  [T2Space M]
  [IsManifold I ∞ M]
consider restructuring your `variable` declarations so that the variables are not in scope or explicitly omit them:
  omit [T2Space M] [IsManifold I ∞ M] in theorem ...

Note: This linter can be disabled with `set_option linter.unusedSectionVars false`
⚠ [4135/4283] Replayed Poincare.Global.PointwiseBUCBilinear
warning: Poincare/Global/PointwiseBUCBilinear.lean:28:8: automatically included section variable(s) unused in theorem `_private.Poincare.Global.PointwiseBUCBilinear.0.Poincare.pointwise_bilinear_norm_le`:
  [NormedSpace ℝ E]
  [FiniteDimensional ℝ F]
consider restructuring your `variable` declarations so that the variables are not in scope or explicitly omit them:
  omit [NormedSpace ℝ E] [FiniteDimensional ℝ F] in theorem ...

Note: This linter can be disabled with `set_option linter.unusedSectionVars false`
⚠ [4138/4283] Replayed Poincare.Global.HeatDuhamelBUCPicard
warning: Poincare/Global/HeatDuhamelBUCPicard.lean:29:0: automatically included section variable(s) unused in theorem `Poincare.tendsto_vectorHeatSemigroupNonnegative_apply_zero_of_uniformContinuous`:
  [CompleteSpace F]
consider restructuring your `variable` declarations so that the variables are not in scope or explicitly omit them:
  omit [CompleteSpace F] in theorem ...

Note: This linter can be disabled with `set_option linter.unusedSectionVars false`
⚠ [4139/4283] Replayed Poincare.Global.QuadraticHeatLocalExistence
warning: Poincare/Global/QuadraticHeatLocalExistence.lean:33:0: automatically included section variable(s) unused in theorem `Poincare.quadraticBUCLifespan_pos`:
  [InnerProductSpace ℝ E]
  [FiniteDimensional ℝ E]
  [MeasurableSpace E]
  [BorelSpace E]
  [FiniteDimensional ℝ F]
  [CompleteSpace F]
consider restructuring your `variable` declarations so that the variables are not in scope or explicitly omit them:
  omit [InnerProductSpace ℝ
  E] [FiniteDimensional ℝ E] [MeasurableSpace E] [BorelSpace E] [FiniteDimensional ℝ F] [CompleteSpace F] in theorem ...

Note: This linter can be disabled with `set_option linter.unusedSectionVars false`
warning: Poincare/Global/QuadraticHeatLocalExistence.lean:39:0: automatically included section variable(s) unused in theorem `Poincare.quadraticBUCLifespan_mul_bound_le_one`:
  [InnerProductSpace ℝ E]
  [FiniteDimensional ℝ E]
  [MeasurableSpace E]
  [BorelSpace E]
  [FiniteDimensional ℝ F]
  [CompleteSpace F]
consider restructuring your `variable` declarations so that the variables are not in scope or explicitly omit them:
  omit [InnerProductSpace ℝ
  E] [FiniteDimensional ℝ E] [MeasurableSpace E] [BorelSpace E] [FiniteDimensional ℝ F] [CompleteSpace F] in theorem ...

Note: This linter can be disabled with `set_option linter.unusedSectionVars false`
warning: Poincare/Global/QuadraticHeatLocalExistence.lean:53:0: automatically included section variable(s) unused in theorem `Poincare.quadraticBUCLifespan_mul_lipschitz_lt_one`:
  [InnerProductSpace ℝ E]
  [FiniteDimensional ℝ E]
  [MeasurableSpace E]
  [BorelSpace E]
  [FiniteDimensional ℝ F]
  [CompleteSpace F]
consider restructuring your `variable` declarations so that the variables are not in scope or explicitly omit them:
  omit [InnerProductSpace ℝ
  E] [FiniteDimensional ℝ E] [MeasurableSpace E] [BorelSpace E] [FiniteDimensional ℝ F] [CompleteSpace F] in theorem ...

Note: This linter can be disabled with `set_option linter.unusedSectionVars false`
⚠ [4141/4283] Replayed Poincare.Global.PointwiseQuadraticSemilinearHeatBUC
warning: Poincare/Global/PointwiseQuadraticSemilinearHeatBUC.lean:34:0: automatically included section variable(s) unused in theorem `Poincare.quadraticOfCLM_pointwiseBUCBilinear_apply`:
  [FiniteDimensional ℝ E]
  [MeasurableSpace E]
  [BorelSpace E]
  [CompleteSpace F]
consider restructuring your `variable` declarations so that the variables are not in scope or explicitly omit them:
  omit [FiniteDimensional ℝ E] [MeasurableSpace E] [BorelSpace E] [CompleteSpace F] in theorem ...

Note: This linter can be disabled with `set_option linter.unusedSectionVars false`
⚠ [4142/4283] Replayed Poincare.Global.QuadraticSemilinearHeatBUCUniform
warning: Poincare/Global/QuadraticSemilinearHeatBUCUniform.lean:49:0: automatically included section variable(s) unused in theorem `Poincare.quadraticBUCBallBound_le_uniform`:
  [InnerProductSpace ℝ E]
  [FiniteDimensional ℝ E]
  [MeasurableSpace E]
  [BorelSpace E]
  [FiniteDimensional ℝ F]
  [CompleteSpace F]
consider restructuring your `variable` declarations so that the variables are not in scope or explicitly omit them:
  omit [InnerProductSpace ℝ
  E] [FiniteDimensional ℝ E] [MeasurableSpace E] [BorelSpace E] [FiniteDimensional ℝ F] [CompleteSpace F] in theorem ...

Note: This linter can be disabled with `set_option linter.unusedSectionVars false`
warning: Poincare/Global/QuadraticSemilinearHeatBUCUniform.lean:58:0: automatically included section variable(s) unused in theorem `Poincare.quadraticBUCBallLipschitzConstant_le_uniform`:
  [InnerProductSpace ℝ E]
  [FiniteDimensional ℝ E]
  [MeasurableSpace E]
  [BorelSpace E]
  [FiniteDimensional ℝ F]
  [CompleteSpace F]
consider restructuring your `variable` declarations so that the variables are not in scope or explicitly omit them:
  omit [InnerProductSpace ℝ
  E] [FiniteDimensional ℝ E] [MeasurableSpace E] [BorelSpace E] [FiniteDimensional ℝ F] [CompleteSpace F] in theorem ...

Note: This linter can be disabled with `set_option linter.unusedSectionVars false`
warning: Poincare/Global/QuadraticSemilinearHeatBUCUniform.lean:221:7: `mul_le_mul_left'` has been deprecated: Use `mul_le_mul_right` instead
warning: Poincare/Global/QuadraticSemilinearHeatBUCUniform.lean:289:26: This simp argument is unused:
  hN

Hint: Omit it from the simp argument list.
  simp only [Φu, Φv, N, h̵N̵,̵ ̵semilinearHeatBUCPicard_apply]

Note: This linter can be disabled with `set_option linter.unusedSimpArgs false`
warning: Poincare/Global/QuadraticSemilinearHeatBUCUniform.lean:296:30: This simp argument is unused:
  hN

Hint: Omit it from the simp argument list.
  simp only [Φu, Φv, N,̵ ̵h̵N̵]

Note: This linter can be disabled with `set_option linter.unusedSimpArgs false`
⚠ [4144/4283] Replayed Poincare.Global.QuadraticSemilinearHeatBUCMaximal
warning: Poincare/Global/QuadraticSemilinearHeatBUCMaximal.lean:77:0: automatically included section variable(s) unused in theorem `Poincare.DuhamelPath_mem_zero_closedBall_of_forall_norm_le`:
  [InnerProductSpace ℝ E]
  [FiniteDimensional ℝ E]
  [MeasurableSpace E]
  [BorelSpace E]
  [FiniteDimensional ℝ F]
  [CompleteSpace F]
consider restructuring your `variable` declarations so that the variables are not in scope or explicitly omit them:
  omit [InnerProductSpace ℝ
  E] [FiniteDimensional ℝ E] [MeasurableSpace E] [BorelSpace E] [FiniteDimensional ℝ F] [CompleteSpace F] in theorem ...

Note: This linter can be disabled with `set_option linter.unusedSectionVars false`
warning: Poincare/Global/QuadraticSemilinearHeatBUCMaximal.lean:87:0: automatically included section variable(s) unused in theorem `Poincare.restrictDuhamelPath_mem_zero_closedBall`:
  [InnerProductSpace ℝ E]
  [FiniteDimensional ℝ E]
  [MeasurableSpace E]
  [BorelSpace E]
  [FiniteDimensional ℝ F]
  [CompleteSpace F]
consider restructuring your `variable` declarations so that the variables are not in scope or explicitly omit them:
  omit [InnerProductSpace ℝ
  E] [FiniteDimensional ℝ E] [MeasurableSpace E] [BorelSpace E] [FiniteDimensional ℝ F] [CompleteSpace F] in theorem ...

Note: This linter can be disabled with `set_option linter.unusedSectionVars false`
warning: Poincare/Global/QuadraticSemilinearHeatBUCMaximal.lean:304:11: `mul_le_mul_right'` has been deprecated: Use `mul_le_mul_left` instead
⚠ [4145/4283] Replayed Poincare.Global.PointwiseQuadraticSemilinearHeatBUCMaximal
warning: Poincare/Global/PointwiseQuadraticSemilinearHeatBUCMaximal.lean:37:0: automatically included section variable(s) unused in theorem `Poincare.coe_pointwiseBUCFiberBilinearNorm`:
  [FiniteDimensional ℝ F]
  [CompleteSpace F]
consider restructuring your `variable` declarations so that the variables are not in scope or explicitly omit them:
  omit [FiniteDimensional ℝ F] [CompleteSpace F] in theorem ...

Note: This linter can be disabled with `set_option linter.unusedSectionVars false`
warning: Poincare/Global/PointwiseQuadraticSemilinearHeatBUCMaximal.lean:44:0: automatically included section variable(s) unused in theorem `Poincare.norm_pointwiseBUCBilinear_apply_le_fiberNorm`:
  [FiniteDimensional ℝ E]
  [MeasurableSpace E]
  [BorelSpace E]
  [CompleteSpace F]
consider restructuring your `variable` declarations so that the variables are not in scope or explicitly omit them:
  omit [FiniteDimensional ℝ E] [MeasurableSpace E] [BorelSpace E] [CompleteSpace F] in theorem ...

Note: This linter can be disabled with `set_option linter.unusedSectionVars false`
warning: Poincare/Global/PointwiseQuadraticSemilinearHeatBUCMaximal.lean:63:0: automatically included section variable(s) unused in theorem `Poincare.pointwiseQuadraticBUCUniformLifespan_pos`:
  [FiniteDimensional ℝ F]
  [CompleteSpace F]
consider restructuring your `variable` declarations so that the variables are not in scope or explicitly omit them:
  omit [FiniteDimensional ℝ F] [CompleteSpace F] in theorem ...

Note: This linter can be disabled with `set_option linter.unusedSectionVars false`
⚠ [4146/4283] Replayed Poincare.Global.DeTurckFlowSymmetricPhysicalEndpoint
warning: Poincare/Global/DeTurckFlowSymmetricPhysicalEndpoint.lean:46:8: automatically included section variable(s) unused in theorem `Poincare.inverseGaugePhysicalBaseTrajectory_apply`:
  [NormedAddCommGroup E]
  [NormedSpace ℝ E]
consider restructuring your `variable` declarations so that the variables are not in scope or explicitly omit them:
  omit [NormedAddCommGroup E] [NormedSpace ℝ E] in theorem ...

Note: This linter can be disabled with `set_option linter.unusedSectionVars false`
warning: Poincare/Global/DeTurckFlowSymmetricPhysicalEndpoint.lean:53:0: automatically included section variable(s) unused in theorem `Poincare.inverseGaugePhysicalPointFlow_base_eventuallyEq`:
  [NormedAddCommGroup E]
  [NormedSpace ℝ E]
consider restructuring your `variable` declarations so that the variables are not in scope or explicitly omit them:
  omit [NormedAddCommGroup E] [NormedSpace ℝ E] in theorem ...

Note: This linter can be disabled with `set_option linter.unusedSectionVars false`
⚠ [4149/4283] Replayed Poincare.Global.DeTurckCoordinateJointRegularityThree
warning: Poincare/Global/DeTurckCoordinateJointRegularityThree.lean:80:0: automatically included section variable(s) unused in theorem `Poincare.DeTurckCoordinateJointRegularityThree.metricEntriesJointContDiffAt_const_four`:
  [T2Space M]
consider restructuring your `variable` declarations so that the variables are not in scope or explicitly omit them:
  omit [T2Space M] in theorem ...

Note: This linter can be disabled with `set_option linter.unusedSectionVars false`
⚠ [4150/4283] Replayed Poincare.Global.DeTurckCoordinateJointRegularityFour
warning: Poincare/Global/DeTurckCoordinateJointRegularityFour.lean:80:0: automatically included section variable(s) unused in theorem `Poincare.DeTurckCoordinateJointRegularityFour.metricEntriesJointContDiffAt_const_five`:
  [T2Space M]
consider restructuring your `variable` declarations so that the variables are not in scope or explicitly omit them:
  omit [T2Space M] in theorem ...

Note: This linter can be disabled with `set_option linter.unusedSectionVars false`
⚠ [4153/4283] Replayed Poincare.Global.DeTurckBUCUniformSolutionEquivariance
warning: Poincare/Global/DeTurckBUCUniformSolutionEquivariance.lean:72:0: automatically included section variable(s) unused in theorem `Poincare.castDuhamelPath_rfl`:
  [NormedSpace ℝ X]
consider restructuring your `variable` declarations so that the variables are not in scope or explicitly omit them:
  omit [NormedSpace ℝ X] in theorem ...

Note: This linter can be disabled with `set_option linter.unusedSectionVars false`
warning: Poincare/Global/DeTurckBUCUniformSolutionEquivariance.lean:96:0: automatically included section variable(s) unused in theorem `Poincare.castDuhamelPath_apply_castDuhamelTime`:
  [NormedSpace ℝ X]
consider restructuring your `variable` declarations so that the variables are not in scope or explicitly omit them:
  omit [NormedSpace ℝ X] in theorem ...

Note: This linter can be disabled with `set_option linter.unusedSectionVars false`
warning: Poincare/Global/DeTurckBUCUniformSolutionEquivariance.lean:103:0: automatically included section variable(s) unused in theorem `Poincare.castDuhamelPath_mem_closedBall_iff`:
  [NormedSpace ℝ X]
consider restructuring your `variable` declarations so that the variables are not in scope or explicitly omit them:
  omit [NormedSpace ℝ X] in theorem ...

Note: This linter can be disabled with `set_option linter.unusedSectionVars false`
warning: Poincare/Global/DeTurckBUCUniformSolutionEquivariance.lean:163:0: automatically included section variable(s) unused in theorem `Poincare.mapDuhamelPath_heatLinearBUCPath`:
  [CompleteSpace F]
consider restructuring your `variable` declarations so that the variables are not in scope or explicitly omit them:
  omit [CompleteSpace F] in theorem ...

Note: This linter can be disabled with `set_option linter.unusedSectionVars false`
warning: Poincare/Global/DeTurckBUCUniformSolutionEquivariance.lean:177:0: automatically included section variable(s) unused in theorem `Poincare.castDuhamelPath_heatLinearBUCPath`:
  [CompleteSpace F]
consider restructuring your `variable` declarations so that the variables are not in scope or explicitly omit them:
  omit [CompleteSpace F] in theorem ...

Note: This linter can be disabled with `set_option linter.unusedSectionVars false`
⚠ [4158/4283] Replayed Poincare.Global.NonautonomousTwoRestartPointFlowCore
warning: Poincare/Global/NonautonomousTwoRestartPointFlowCore.lean:205:10: unused variable `C`

Note: This linter can be disabled with `set_option linter.unusedVariables false`
⚠ [4161/4283] Replayed Poincare.Global.DeTurckBUCRegularSelectorTwoRestartPointFlowCore
warning: Poincare/Global/DeTurckBUCRegularSelectorTwoRestartPointFlowCore.lean:178:8: try 'simp' instead of 'simpa'

Note: This linter can be disabled with `set_option linter.unnecessarySimpa false`
warning: Poincare/Global/DeTurckBUCRegularSelectorTwoRestartPointFlowCore.lean:39:0: automatically included section variable(s) unused in theorem `Poincare.LocalRegularControlledContinuousAutonomousSelector.exists_twoRestartPointFlowCoreWithSelector_eq`:
  [CompleteSpace E]
consider restructuring your `variable` declarations so that the variables are not in scope or explicitly omit them:
  omit [CompleteSpace E] in theorem ...

Note: This linter can be disabled with `set_option linter.unusedSectionVars false`
⚠ [4163/4283] Replayed Poincare.Global.RegularVariationalSelectorJointC3
warning: Poincare/Global/RegularVariationalSelectorJointC3.lean:35:8: automatically included section variable(s) unused in theorem `_private.Poincare.Global.RegularVariationalSelectorJointC3.0.Poincare.LocalRegularControlledContinuousAutonomousSelector.endpoint_mem_tube`:
  [FiniteDimensional ℝ X]
consider restructuring your `variable` declarations so that the variables are not in scope or explicitly omit them:
  omit [FiniteDimensional ℝ X] in theorem ...

Note: This linter can be disabled with `set_option linter.unusedSectionVars false`
⚠ [4164/4283] Replayed Poincare.Global.RegularCoherentVariationalTwoRestartBridge
warning: Poincare/Global/RegularCoherentVariationalTwoRestartBridge.lean:142:14: unused variable `B`

Note: This linter can be disabled with `set_option linter.unusedVariables false`
⚠ [4167/4283] Replayed Poincare.Global.DeTurckBUCReconstructedMetricJointFiveBoundary
warning: Poincare/Global/DeTurckBUCReconstructedMetricJointFiveBoundary.lean:42:0: automatically included section variable(s) unused in theorem `Poincare.metricEntriesJointContDiffAt_of_anchorChartMetricFlow_contDiffAt`:
  [T2Space M]
consider restructuring your `variable` declarations so that the variables are not in scope or explicitly omit them:
  omit [T2Space M] in theorem ...

Note: This linter can be disabled with `set_option linter.unusedSectionVars false`
⚠ [4168/4283] Replayed Poincare.Global.InverseGaugePointVariationalSelectorTower
warning: Poincare/Global/InverseGaugePointVariationalSelectorTower.lean:24:0: automatically included section variable(s) unused in theorem `Poincare.contDiffAt_four_inverseGaugePointExtendedField`:
  [CompleteSpace E]
consider restructuring your `variable` declarations so that the variables are not in scope or explicitly omit them:
  omit [CompleteSpace E] in theorem ...

Note: This linter can be disabled with `set_option linter.unusedSectionVars false`
⚠ [4171/4283] Replayed Poincare.Global.RegularCoherentVariationalEndpointTower
warning: Poincare/Global/RegularCoherentVariationalEndpointTower.lean:99:8: automatically included section variable(s) unused in theorem `_private.Poincare.Global.RegularCoherentVariationalEndpointTower.0.Poincare.RegularCoherentThreeLevelVariationalSelectorTower.canonicalFirst_hasFDerivAt`:
  [FiniteDimensional ℝ X]
consider restructuring your `variable` declarations so that the variables are not in scope or explicitly omit them:
  omit [FiniteDimensional ℝ X] in theorem ...

Note: This linter can be disabled with `set_option linter.unusedSectionVars false`
warning: Poincare/Global/RegularCoherentVariationalEndpointTower.lean:176:24: This simp argument is unused:
  max_eq_left (dist_nonneg : 0 ≤ dist q x)

Hint: Omit it from the simp argument list.
  simp [canonicalSecondVariationalInitial, coherentSecondCenter,
            canonicalFirstVariationalInitial, coherentFirstCenter, P̵r̵o̵d̵.̵d̵i̵s̵t̵_̵e̵q̵,̵ ̵m̵a̵x̵_̵e̵q̵_̵l̵e̵f̵t̵ ̵(̵d̵i̵s̵t̵_̵n̵o̵n̵n̵e̵g̵ ̵:̵ ̵0̵ ̵≤̵ ̵d̵i̵s̵t̵ ̵q̵ ̵x̵)̵]̵P̲r̲o̲d̲.̲d̲i̲s̲t̲_̲e̲q̲]̲

Note: This linter can be disabled with `set_option linter.unusedSimpArgs false`
⚠ [4181/4283] Replayed Poincare.Global.ScalarCurvatureBarrier
warning: Poincare/Global/ScalarCurvatureBarrier.lean:35:34: Used `tac1 <;> tac2` where `(tac1; tac2)` would suffice

Note: This linter can be disabled with `set_option linter.unnecessarySeqFocus false`
warning: Poincare/Global/ScalarCurvatureBarrier.lean:74:17: unused variable `hab`

Note: This linter can be disabled with `set_option linter.unusedVariables false`
warning: Poincare/Global/ScalarCurvatureBarrier.lean:197:52: 'ring' tactic does nothing

Note: This linter can be disabled with `set_option linter.unusedTactic false`
warning: Poincare/Global/ScalarCurvatureBarrier.lean:198:42: 'ring' tactic does nothing

Note: This linter can be disabled with `set_option linter.unusedTactic false`
warning: Poincare/Global/ScalarCurvatureBarrier.lean:197:52: this tactic is never executed

Note: This linter can be disabled with `set_option linter.unreachableTactic false`
warning: Poincare/Global/ScalarCurvatureBarrier.lean:198:42: this tactic is never executed

Note: This linter can be disabled with `set_option linter.unreachableTactic false`
warning: Poincare/Global/ScalarCurvatureBarrier.lean:197:33: Used `tac1 <;> tac2` where `(tac1; tac2)` would suffice

Note: This linter can be disabled with `set_option linter.unnecessarySeqFocus false`
warning: Poincare/Global/ScalarCurvatureBarrier.lean:198:23: Used `tac1 <;> tac2` where `(tac1; tac2)` would suffice

Note: This linter can be disabled with `set_option linter.unnecessarySeqFocus false`
warning: Poincare/Global/ScalarCurvatureBarrier.lean:216:52: 'ring' tactic does nothing

Note: This linter can be disabled with `set_option linter.unusedTactic false`
warning: Poincare/Global/ScalarCurvatureBarrier.lean:217:42: 'ring' tactic does nothing

Note: This linter can be disabled with `set_option linter.unusedTactic false`
warning: Poincare/Global/ScalarCurvatureBarrier.lean:216:52: this tactic is never executed

Note: This linter can be disabled with `set_option linter.unreachableTactic false`
warning: Poincare/Global/ScalarCurvatureBarrier.lean:217:42: this tactic is never executed

Note: This linter can be disabled with `set_option linter.unreachableTactic false`
warning: Poincare/Global/ScalarCurvatureBarrier.lean:216:33: Used `tac1 <;> tac2` where `(tac1; tac2)` would suffice

Note: This linter can be disabled with `set_option linter.unnecessarySeqFocus false`
warning: Poincare/Global/ScalarCurvatureBarrier.lean:217:23: Used `tac1 <;> tac2` where `(tac1; tac2)` would suffice

Note: This linter can be disabled with `set_option linter.unnecessarySeqFocus false`
warning: Poincare/Global/ScalarCurvatureBarrier.lean:347:52: 'ring' tactic does nothing

Note: This linter can be disabled with `set_option linter.unusedTactic false`
warning: Poincare/Global/ScalarCurvatureBarrier.lean:348:42: 'ring' tactic does nothing

Note: This linter can be disabled with `set_option linter.unusedTactic false`
warning: Poincare/Global/ScalarCurvatureBarrier.lean:347:52: this tactic is never executed

Note: This linter can be disabled with `set_option linter.unreachableTactic false`
warning: Poincare/Global/ScalarCurvatureBarrier.lean:348:42: this tactic is never executed

Note: This linter can be disabled with `set_option linter.unreachableTactic false`
warning: Poincare/Global/ScalarCurvatureBarrier.lean:347:33: Used `tac1 <;> tac2` where `(tac1; tac2)` would suffice

Note: This linter can be disabled with `set_option linter.unnecessarySeqFocus false`
warning: Poincare/Global/ScalarCurvatureBarrier.lean:348:23: Used `tac1 <;> tac2` where `(tac1; tac2)` would suffice

Note: This linter can be disabled with `set_option linter.unnecessarySeqFocus false`
warning: Poincare/Global/ScalarCurvatureBarrier.lean:407:27: Used `tac1 <;> tac2` where `(tac1; tac2)` would suffice

Note: This linter can be disabled with `set_option linter.unnecessarySeqFocus false`
warning: Poincare/Global/ScalarCurvatureBarrier.lean:445:34: Used `tac1 <;> tac2` where `(tac1; tac2)` would suffice

Note: This linter can be disabled with `set_option linter.unnecessarySeqFocus false`
warning: Poincare/Global/ScalarCurvatureBarrier.lean:467:27: Used `tac1 <;> tac2` where `(tac1; tac2)` would suffice

Note: This linter can be disabled with `set_option linter.unnecessarySeqFocus false`
warning: Poincare/Global/ScalarCurvatureBarrier.lean:494:52: 'ring' tactic does nothing

Note: This linter can be disabled with `set_option linter.unusedTactic false`
warning: Poincare/Global/ScalarCurvatureBarrier.lean:497:39: 'ring' tactic does nothing

Note: This linter can be disabled with `set_option linter.unusedTactic false`
warning: Poincare/Global/ScalarCurvatureBarrier.lean:494:52: this tactic is never executed

Note: This linter can be disabled with `set_option linter.unreachableTactic false`
warning: Poincare/Global/ScalarCurvatureBarrier.lean:497:39: this tactic is never executed

Note: This linter can be disabled with `set_option linter.unreachableTactic false`
warning: Poincare/Global/ScalarCurvatureBarrier.lean:494:33: Used `tac1 <;> tac2` where `(tac1; tac2)` would suffice

Note: This linter can be disabled with `set_option linter.unnecessarySeqFocus false`
warning: Poincare/Global/ScalarCurvatureBarrier.lean:497:20: Used `tac1 <;> tac2` where `(tac1; tac2)` would suffice

Note: This linter can be disabled with `set_option linter.unnecessarySeqFocus false`
warning: Poincare/Global/ScalarCurvatureBarrier.lean:520:52: 'ring' tactic does nothing

Note: This linter can be disabled with `set_option linter.unusedTactic false`
warning: Poincare/Global/ScalarCurvatureBarrier.lean:523:39: 'ring' tactic does nothing

Note: This linter can be disabled with `set_option linter.unusedTactic false`
warning: Poincare/Global/ScalarCurvatureBarrier.lean:520:52: this tactic is never executed

Note: This linter can be disabled with `set_option linter.unreachableTactic false`
warning: Poincare/Global/ScalarCurvatureBarrier.lean:523:39: this tactic is never executed

Note: This linter can be disabled with `set_option linter.unreachableTactic false`
warning: Poincare/Global/ScalarCurvatureBarrier.lean:520:33: Used `tac1 <;> tac2` where `(tac1; tac2)` would suffice

Note: This linter can be disabled with `set_option linter.unnecessarySeqFocus false`
warning: Poincare/Global/ScalarCurvatureBarrier.lean:523:20: Used `tac1 <;> tac2` where `(tac1; tac2)` would suffice

Note: This linter can be disabled with `set_option linter.unnecessarySeqFocus false`
⚠ [4182/4283] Replayed Poincare.Global.FiniteExtinctionScalarWidth
warning: Poincare/Global/FiniteExtinctionScalarWidth.lean:52:52: 'ring' tactic does nothing

Note: This linter can be disabled with `set_option linter.unusedTactic false`
warning: Poincare/Global/FiniteExtinctionScalarWidth.lean:52:52: this tactic is never executed

Note: This linter can be disabled with `set_option linter.unreachableTactic false`
warning: Poincare/Global/FiniteExtinctionScalarWidth.lean:52:23: Used `tac1 <;> tac2` where `(tac1; tac2)` would suffice

Note: This linter can be disabled with `set_option linter.unnecessarySeqFocus false`
⚠ [4227/4283] Replayed Poincare.ProofProgress.TopologyProductionPackageNextField
warning: Poincare/ProofProgress/TopologyProductionPackageNextField.lean:20487:4: Try this: intro finalHomeomorphism M _top _t2 _charted _simple _compact extinction decomposition
⚠ [4241/4283] Replayed Poincare.Global.DeTurckChartLiftOverlapJets
warning: Poincare/Global/DeTurckChartLiftOverlapJets.lean:28:0: automatically included section variable(s) unused in theorem `Poincare.DeTurckChartLiftOverlapJets.overlap_open`:
  [T2Space M]
  [IsManifold 𝓙 ∞ M]
consider restructuring your `variable` declarations so that the variables are not in scope or explicitly omit them:
  omit [T2Space M] [IsManifold 𝓙 ∞ M] in theorem ...

Note: This linter can be disabled with `set_option linter.unusedSectionVars false`
warning: Poincare/Global/DeTurckChartLiftOverlapJets.lean:52:0: automatically included section variable(s) unused in theorem `Poincare.DeTurckChartLiftOverlapJets.chartTransition_contDiffAt_three`:
  [T2Space M]
consider restructuring your `variable` declarations so that the variables are not in scope or explicitly omit them:
  omit [T2Space M] in theorem ...

Note: This linter can be disabled with `set_option linter.unusedSectionVars false`
⚠ [4254/4283] Replayed Poincare.Global.CartanSuppliedBufferedPairAgreement
warning: Poincare/Global/CartanSuppliedBufferedPairAgreement.lean:350:7: unused variable `hcurv`

Note: This linter can be disabled with `set_option linter.unusedVariables false`
⚠ [4261/4283] Replayed Poincare.Global.CartanSuppliedUnitRecognition
warning: Poincare/Global/CartanSuppliedUnitRecognition.lean:31:0: automatically included section variable(s) unused in theorem `Poincare.CartanSuppliedUnitRecognition.controlled_globalLocalDevelopment`:
  [SecondCountableTopology M]
consider restructuring your `variable` declarations so that the variables are not in scope or explicitly omit them:
  omit [SecondCountableTopology M] in theorem ...

Note: This linter can be disabled with `set_option linter.unusedSectionVars false`
⚠ [4268/4283] Replayed Poincare.Global.HamiltonFamilyVolumeMeasureContinuity
warning: Poincare/Global/HamiltonFamilyVolumeMeasureContinuity.lean:283:0: automatically included section variable(s) unused in theorem `Poincare.HamiltonFamilyVolumeMeasureContinuity.continuous_closedMetricFiniteVolumeMeasure_of_thirdJetProfiles_continuous`:
  [SecondCountableTopology M]
  [SimplyConnectedSpace M]
consider restructuring your `variable` declarations so that the variables are not in scope or explicitly omit them:
  omit [SecondCountableTopology M] [SimplyConnectedSpace M] in theorem ...

Note: This linter can be disabled with `set_option linter.unusedSectionVars false`
⚠ [4270/4283] Replayed Poincare.Global.HamiltonMeanFloorReduction
warning: Poincare/Global/HamiltonMeanFloorReduction.lean:31:0: automatically included section variable(s) unused in theorem `Poincare.exists_continuous_meanScalar_extension_of_normalizedRicciFlow`:
  [SecondCountableTopology M]
  [SimplyConnectedSpace M]
consider restructuring your `variable` declarations so that the variables are not in scope or explicitly omit them:
  omit [SecondCountableTopology M] [SimplyConnectedSpace M] in theorem ...

Note: This linter can be disabled with `set_option linter.unusedSectionVars false`
warning: Poincare/Global/HamiltonMeanFloorReduction.lean:139:0: automatically included section variable(s) unused in theorem `Poincare.normalizationPrimitive_unbounded_of_meanScalar_floor`:
  [SecondCountableTopology M]
  [SimplyConnectedSpace M]
consider restructuring your `variable` declarations so that the variables are not in scope or explicitly omit them:
  omit [SecondCountableTopology M] [SimplyConnectedSpace M] in theorem ...

Note: This linter can be disabled with `set_option linter.unusedSectionVars false`
⚠ [4272/4283] Replayed Poincare.Global.HamiltonMeanFloorFromEnergyDomination
warning: Poincare/Global/HamiltonMeanFloorFromEnergyDomination.lean:29:0: automatically included section variable(s) unused in theorem `Poincare.HamiltonMeanFloorFromEnergyDomination.movingDerivatives`:
  [SimplyConnectedSpace M]
consider restructuring your `variable` declarations so that the variables are not in scope or explicitly omit them:
  omit [SimplyConnectedSpace M] in theorem ...

Note: This linter can be disabled with `set_option linter.unusedSectionVars false`
Build completed successfully (4283 jobs).
